experiment,dataset,endpoint,permutation,iteration,n_train,n_test,roc_auc,pr_auc
pooled_fixed,ALL_core_os_3yr_event_top94_no_cancer_feature,os_3yr,global,0,1151,247,0.5817444219066936,0.4768553491895657
pooled_fixed,ALL_core_os_3yr_event_top94_no_cancer_feature,os_3yr,within_cancer,0,1151,247,0.6640973630831644,0.5270207262831119
pooled_fixed,ALL_core_os_3yr_event_top94_no_cancer_feature,os_3yr,global,1,1151,247,0.4993914807302231,0.4178678765565931
pooled_fixed,ALL_core_os_3yr_event_top94_no_cancer_feature,os_3yr,within_cancer,1,1151,247,0.6883029073698446,0.5690170540359503
pooled_fixed,ALL_core_os_3yr_event_top94_no_cancer_feature,os_3yr,global,2,1151,247,0.4835023664638269,0.4201721660733295
pooled_fixed,ALL_core_os_3yr_event_top94_no_cancer_feature,os_3yr,within_cancer,2,1151,247,0.6890466531440163,0.5491710246552269
pooled_fixed,ALL_core_os_3yr_event_top94_no_cancer_feature,os_3yr,global,3,1151,247,0.5344151453684922,0.4516642713607863
pooled_fixed,ALL_core_os_3yr_event_top94_no_cancer_feature,os_3yr,within_cancer,3,1151,247,0.6720757268424611,0.5538468224644952
pooled_fixed,ALL_core_os_3yr_event_top94_no_cancer_feature,os_3yr,global,4,1151,247,0.4728870858688302,0.4091012929158776
pooled_fixed,ALL_core_os_3yr_event_top94_no_cancer_feature,os_3yr,within_cancer,4,1151,247,0.6626098715348208,0.5083854833223411
pooled_fixed,ALL_core_os_3yr_event_top94_no_cancer_feature,os_3yr,global,5,1151,247,0.5275862068965518,0.444283982137437
pooled_fixed,ALL_core_os_3yr_event_top94_no_cancer_feature,os_3yr,within_cancer,5,1151,247,0.6534144692359702,0.5262733211616764
pooled_fixed,ALL_core_os_3yr_event_top94_no_cancer_feature,os_3yr,global,6,1151,247,0.5302231237322514,0.4511436429373336
pooled_fixed,ALL_core_os_3yr_event_top94_no_cancer_feature,os_3yr,within_cancer,6,1151,247,0.6530087897227858,0.5201876697355076
pooled_fixed,ALL_core_os_3yr_event_top94_no_cancer_feature,os_3yr,global,7,1151,247,0.4540906017579446,0.4073346642601483
pooled_fixed,ALL_core_os_3yr_event_top94_no_cancer_feature,os_3yr,within_cancer,7,1151,247,0.6645706558485462,0.5266595781303431
pooled_fixed,ALL_core_os_3yr_event_top94_no_cancer_feature,os_3yr,global,8,1151,247,0.4802569303583502,0.4265178327223948
pooled_fixed,ALL_core_os_3yr_event_top94_no_cancer_feature,os_3yr,within_cancer,8,1151,247,0.692156862745098,0.5359264575201014
pooled_fixed,ALL_core_os_3yr_event_top94_no_cancer_feature,os_3yr,global,9,1151,247,0.4797836375929682,0.4048539813351763
pooled_fixed,ALL_core_os_3yr_event_top94_no_cancer_feature,os_3yr,within_cancer,9,1151,247,0.6794455713319811,0.5603150136442908
pooled_fixed,ALL_core_os_3yr_event_top94_no_cancer_feature,os_3yr,global,10,1151,247,0.4645706558485463,0.3869614472898025
pooled_fixed,ALL_core_os_3yr_event_top94_no_cancer_feature,os_3yr,within_cancer,10,1151,247,0.6952670723461798,0.585080845148203
pooled_fixed,ALL_core_os_3yr_event_top94_no_cancer_feature,os_3yr,global,11,1151,247,0.4962136578769438,0.4230880282275436
pooled_fixed,ALL_core_os_3yr_event_top94_no_cancer_feature,os_3yr,within_cancer,11,1151,247,0.6548343475321163,0.5180975736458749
pooled_fixed,ALL_core_os_3yr_event_top94_no_cancer_feature,os_3yr,global,12,1151,247,0.5269776876267748,0.4334653288124059
pooled_fixed,ALL_core_os_3yr_event_top94_no_cancer_feature,os_3yr,within_cancer,12,1151,247,0.6639283299526707,0.5162634683383434
pooled_fixed,ALL_core_os_3yr_event_top94_no_cancer_feature,os_3yr,global,13,1151,247,0.4603110209601082,0.3995088959303661
pooled_fixed,ALL_core_os_3yr_event_top94_no_cancer_feature,os_3yr,within_cancer,13,1151,247,0.6870182555780933,0.5406816495656086
pooled_fixed,ALL_core_os_3yr_event_top94_no_cancer_feature,os_3yr,global,14,1151,247,0.5912778904665313,0.4989277295020268
pooled_fixed,ALL_core_os_3yr_event_top94_no_cancer_feature,os_3yr,within_cancer,14,1151,247,0.6736984448951994,0.5341241791683586
pooled_fixed,ALL_core_os_3yr_event_top94_no_cancer_feature,os_3yr,global,15,1151,247,0.4960108181203516,0.4176932791507659
pooled_fixed,ALL_core_os_3yr_event_top94_no_cancer_feature,os_3yr,within_cancer,15,1151,247,0.7047667342799188,0.5617246022267923
pooled_fixed,ALL_core_os_3yr_event_top94_no_cancer_feature,os_3yr,global,16,1151,247,0.5352265043948613,0.4492520039493588
pooled_fixed,ALL_core_os_3yr_event_top94_no_cancer_feature,os_3yr,within_cancer,16,1151,247,0.6286004056795133,0.4855929370801733
pooled_fixed,ALL_core_os_3yr_event_top94_no_cancer_feature,os_3yr,global,17,1151,247,0.473630831643002,0.4123038915318436
pooled_fixed,ALL_core_os_3yr_event_top94_no_cancer_feature,os_3yr,within_cancer,17,1151,247,0.6181879648411087,0.4838746032894994
pooled_fixed,ALL_core_os_3yr_event_top94_no_cancer_feature,os_3yr,global,18,1151,247,0.4749830966869507,0.3988593412931921
pooled_fixed,ALL_core_os_3yr_event_top94_no_cancer_feature,os_3yr,within_cancer,18,1151,247,0.6752535496957404,0.5352447110621812
pooled_fixed,ALL_core_os_3yr_event_top94_no_cancer_feature,os_3yr,global,19,1151,247,0.5411088573360379,0.4475960384118481
pooled_fixed,ALL_core_os_3yr_event_top94_no_cancer_feature,os_3yr,within_cancer,19,1151,247,0.6457065584854631,0.5034488488310016
pooled_fixed,ALL_core_os_3yr_event_top94_no_cancer_feature,os_3yr,global,20,1151,247,0.5245436105476673,0.4243045017933508
pooled_fixed,ALL_core_os_3yr_event_top94_no_cancer_feature,os_3yr,within_cancer,20,1151,247,0.6773495605138607,0.5496855772184266
pooled_fixed,ALL_core_os_3yr_event_top94_no_cancer_feature,os_3yr,global,21,1151,247,0.490736984448952,0.4211149711420625
pooled_fixed,ALL_core_os_3yr_event_top94_no_cancer_feature,os_3yr,within_cancer,21,1151,247,0.6641987829614605,0.5427574049261795
pooled_fixed,ALL_core_os_3yr_event_top94_no_cancer_feature,os_3yr,global,22,1151,247,0.4590939824205544,0.3865139440797375
pooled_fixed,ALL_core_os_3yr_event_top94_no_cancer_feature,os_3yr,within_cancer,22,1151,247,0.6595672751859365,0.5342877859064349
pooled_fixed,ALL_core_os_3yr_event_top94_no_cancer_feature,os_3yr,global,23,1151,247,0.4368492224475997,0.3717222517456877
pooled_fixed,ALL_core_os_3yr_event_top94_no_cancer_feature,os_3yr,within_cancer,23,1151,247,0.6626098715348208,0.5238067274703474
pooled_fixed,ALL_core_os_3yr_event_top94_no_cancer_feature,os_3yr,global,24,1151,247,0.4620689655172413,0.3905255796000826
pooled_fixed,ALL_core_os_3yr_event_top94_no_cancer_feature,os_3yr,within_cancer,24,1151,247,0.659601081812035,0.5128630293269971
pooled_fixed,ALL_core_os_3yr_event_top94_no_cancer_feature,os_3yr,global,25,1151,247,0.6202163624070317,0.5058662685013818
pooled_fixed,ALL_core_os_3yr_event_top94_no_cancer_feature,os_3yr,within_cancer,25,1151,247,0.6474306964164976,0.4988688645989616
pooled_fixed,ALL_core_os_3yr_event_top94_no_cancer_feature,os_3yr,global,26,1151,247,0.4935091277890466,0.4370629985114975
pooled_fixed,ALL_core_os_3yr_event_top94_no_cancer_feature,os_3yr,within_cancer,26,1151,247,0.6517241379310345,0.5110846779995928
pooled_fixed,ALL_core_os_3yr_event_top94_no_cancer_feature,os_3yr,global,27,1151,247,0.4145368492224476,0.371304029512619
pooled_fixed,ALL_core_os_3yr_event_top94_no_cancer_feature,os_3yr,within_cancer,27,1151,247,0.6685598377281947,0.5212386839826066
pooled_fixed,ALL_core_os_3yr_event_top94_no_cancer_feature,os_3yr,global,28,1151,247,0.5323867478025693,0.4447103050630836
pooled_fixed,ALL_core_os_3yr_event_top94_no_cancer_feature,os_3yr,within_cancer,28,1151,247,0.6724814063556458,0.5478202348850643
pooled_fixed,ALL_core_os_3yr_event_top94_no_cancer_feature,os_3yr,global,29,1151,247,0.5536173089925626,0.4366253973595893
pooled_fixed,ALL_core_os_3yr_event_top94_no_cancer_feature,os_3yr,within_cancer,29,1151,247,0.6842461122379987,0.5590506002727136
pooled_fixed,ALL_core_os_3yr_event_top94_no_cancer_feature,os_3yr,global,30,1151,247,0.4817444219066937,0.3960909495321456
pooled_fixed,ALL_core_os_3yr_event_top94_no_cancer_feature,os_3yr,within_cancer,30,1151,247,0.6851250845165652,0.5806607094200655
pooled_fixed,ALL_core_os_3yr_event_top94_no_cancer_feature,os_3yr,global,31,1151,247,0.5225152129817444,0.4447935367594914
pooled_fixed,ALL_core_os_3yr_event_top94_no_cancer_feature,os_3yr,within_cancer,31,1151,247,0.6941514536849221,0.5738219098150823
pooled_fixed,ALL_core_os_3yr_event_top94_no_cancer_feature,os_3yr,global,32,1151,247,0.5332657200811358,0.4360138030756088
pooled_fixed,ALL_core_os_3yr_event_top94_no_cancer_feature,os_3yr,within_cancer,32,1151,247,0.6539553752535497,0.4988128356140572
pooled_fixed,ALL_core_os_3yr_event_top94_no_cancer_feature,os_3yr,global,33,1151,247,0.5279918864097364,0.4468752099981459
pooled_fixed,ALL_core_os_3yr_event_top94_no_cancer_feature,os_3yr,within_cancer,33,1151,247,0.6492224475997296,0.5055366719690839
pooled_fixed,ALL_core_os_3yr_event_top94_no_cancer_feature,os_3yr,global,34,1151,247,0.5118999323867478,0.4263283601864472
pooled_fixed,ALL_core_os_3yr_event_top94_no_cancer_feature,os_3yr,within_cancer,34,1151,247,0.682657200811359,0.5377035348084652
pooled_fixed,ALL_core_os_3yr_event_top94_no_cancer_feature,os_3yr,global,35,1151,247,0.5411088573360379,0.4604538785391366
pooled_fixed,ALL_core_os_3yr_event_top94_no_cancer_feature,os_3yr,within_cancer,35,1151,247,0.6987829614604463,0.6032423587979839
pooled_fixed,ALL_core_os_3yr_event_top94_no_cancer_feature,os_3yr,global,36,1151,247,0.4768762677484787,0.4100061270584125
pooled_fixed,ALL_core_os_3yr_event_top94_no_cancer_feature,os_3yr,within_cancer,36,1151,247,0.6596348884381339,0.5253541284780072
pooled_fixed,ALL_core_os_3yr_event_top94_no_cancer_feature,os_3yr,global,37,1151,247,0.4792427315753888,0.4197882550646242
pooled_fixed,ALL_core_os_3yr_event_top94_no_cancer_feature,os_3yr,within_cancer,37,1151,247,0.6668695064232588,0.5530720748292137
pooled_fixed,ALL_core_os_3yr_event_top94_no_cancer_feature,os_3yr,global,38,1151,247,0.4983772819472616,0.4333777409364931
pooled_fixed,ALL_core_os_3yr_event_top94_no_cancer_feature,os_3yr,within_cancer,38,1151,247,0.6930696416497633,0.5445743117122468
pooled_fixed,ALL_core_os_3yr_event_top94_no_cancer_feature,os_3yr,global,39,1151,247,0.4626774847870182,0.3981940638523118
pooled_fixed,ALL_core_os_3yr_event_top94_no_cancer_feature,os_3yr,within_cancer,39,1151,247,0.6563894523326572,0.5080292835905842
pooled_fixed,ALL_core_os_3yr_event_top94_no_cancer_feature,os_3yr,global,40,1151,247,0.466734279918864,0.407978384732261
pooled_fixed,ALL_core_os_3yr_event_top94_no_cancer_feature,os_3yr,within_cancer,40,1151,247,0.6293779580797836,0.4757419334275304
pooled_fixed,ALL_core_os_3yr_event_top94_no_cancer_feature,os_3yr,global,41,1151,247,0.4980392156862745,0.4181031904137676
pooled_fixed,ALL_core_os_3yr_event_top94_no_cancer_feature,os_3yr,within_cancer,41,1151,247,0.6523326572008113,0.5376055478929105
pooled_fixed,ALL_core_os_3yr_event_top94_no_cancer_feature,os_3yr,global,42,1151,247,0.5602434077079108,0.4580376082059877
pooled_fixed,ALL_core_os_3yr_event_top94_no_cancer_feature,os_3yr,within_cancer,42,1151,247,0.6765720081135902,0.5161175996353928
pooled_fixed,ALL_core_os_3yr_event_top94_no_cancer_feature,os_3yr,global,43,1151,247,0.5392832995267072,0.4577584346213548
pooled_fixed,ALL_core_os_3yr_event_top94_no_cancer_feature,os_3yr,within_cancer,43,1151,247,0.7054090601757945,0.5799833084201533
pooled_fixed,ALL_core_os_3yr_event_top94_no_cancer_feature,os_3yr,global,44,1151,247,0.5963488843813387,0.5205547939045068
pooled_fixed,ALL_core_os_3yr_event_top94_no_cancer_feature,os_3yr,within_cancer,44,1151,247,0.7018255578093306,0.5665258273892129
pooled_fixed,ALL_core_os_3yr_event_top94_no_cancer_feature,os_3yr,global,45,1151,247,0.5132521974306965,0.4457265318943647
pooled_fixed,ALL_core_os_3yr_event_top94_no_cancer_feature,os_3yr,within_cancer,45,1151,247,0.7076402974983096,0.5861800725189856
pooled_fixed,ALL_core_os_3yr_event_top94_no_cancer_feature,os_3yr,global,46,1151,247,0.4281947261663286,0.3771862148185731
pooled_fixed,ALL_core_os_3yr_event_top94_no_cancer_feature,os_3yr,within_cancer,46,1151,247,0.6751183231913456,0.5349289881926562
pooled_fixed,ALL_core_os_3yr_event_top94_no_cancer_feature,os_3yr,global,47,1151,247,0.4778904665314401,0.4059110097906108
pooled_fixed,ALL_core_os_3yr_event_top94_no_cancer_feature,os_3yr,within_cancer,47,1151,247,0.6451994590939824,0.5020899111749713
pooled_fixed,ALL_core_os_3yr_event_top94_no_cancer_feature,os_3yr,global,48,1151,247,0.5915483434753213,0.500707237708063
pooled_fixed,ALL_core_os_3yr_event_top94_no_cancer_feature,os_3yr,within_cancer,48,1151,247,0.6530764029749832,0.5263404210015171
pooled_fixed,ALL_core_os_3yr_event_top94_no_cancer_feature,os_3yr,global,49,1151,247,0.500946585530764,0.4392816926788253
pooled_fixed,ALL_core_os_3yr_event_top94_no_cancer_feature,os_3yr,within_cancer,49,1151,247,0.6687626774847869,0.5420231684936969
pooled_fixed,ALL_core_os_3yr_event_top94_no_cancer_feature,os_3yr,global,50,1151,247,0.533603786342123,0.4525020373888644
pooled_fixed,ALL_core_os_3yr_event_top94_no_cancer_feature,os_3yr,within_cancer,50,1151,247,0.619945909398242,0.4682329707671645
pooled_fixed,ALL_core_os_3yr_event_top94_no_cancer_feature,os_3yr,global,51,1151,247,0.4899256254225828,0.411810413348717
pooled_fixed,ALL_core_os_3yr_event_top94_no_cancer_feature,os_3yr,within_cancer,51,1151,247,0.6668018931710614,0.5329541815537193
pooled_fixed,ALL_core_os_3yr_event_top94_no_cancer_feature,os_3yr,global,52,1151,247,0.3992562542258283,0.3776249602909923
pooled_fixed,ALL_core_os_3yr_event_top94_no_cancer_feature,os_3yr,within_cancer,52,1151,247,0.6610209601081812,0.5098852044178745
pooled_fixed,ALL_core_os_3yr_event_top94_no_cancer_feature,os_3yr,global,53,1151,247,0.5753887762001353,0.4585868950376804
pooled_fixed,ALL_core_os_3yr_event_top94_no_cancer_feature,os_3yr,within_cancer,53,1151,247,0.6512170385395537,0.5203592370580766
pooled_fixed,ALL_core_os_3yr_event_top94_no_cancer_feature,os_3yr,global,54,1151,247,0.5572008113590264,0.4476509484221392
pooled_fixed,ALL_core_os_3yr_event_top94_no_cancer_feature,os_3yr,within_cancer,54,1151,247,0.6577755240027046,0.5242040918535927
pooled_fixed,ALL_core_os_3yr_event_top94_no_cancer_feature,os_3yr,global,55,1151,247,0.5764029749830967,0.4771061428010139
pooled_fixed,ALL_core_os_3yr_event_top94_no_cancer_feature,os_3yr,within_cancer,55,1151,247,0.6652129817444219,0.517594032547876
pooled_fixed,ALL_core_os_3yr_event_top94_no_cancer_feature,os_3yr,global,56,1151,247,0.4889790398918188,0.4272342067404576
pooled_fixed,ALL_core_os_3yr_event_top94_no_cancer_feature,os_3yr,within_cancer,56,1151,247,0.6762001352265044,0.55244474526757
pooled_fixed,ALL_core_os_3yr_event_top94_no_cancer_feature,os_3yr,global,57,1151,247,0.4862745098039215,0.4193839055843025
pooled_fixed,ALL_core_os_3yr_event_top94_no_cancer_feature,os_3yr,within_cancer,57,1151,247,0.6622041920216363,0.5268578783967831
pooled_fixed,ALL_core_os_3yr_event_top94_no_cancer_feature,os_3yr,global,58,1151,247,0.487762001352265,0.4190857949001111
pooled_fixed,ALL_core_os_3yr_event_top94_no_cancer_feature,os_3yr,within_cancer,58,1151,247,0.7012846517917511,0.5893644767039119
pooled_fixed,ALL_core_os_3yr_event_top94_no_cancer_feature,os_3yr,global,59,1151,247,0.4908722109533468,0.4194539777333162
pooled_fixed,ALL_core_os_3yr_event_top94_no_cancer_feature,os_3yr,within_cancer,59,1151,247,0.6261663286004057,0.4811396558774654
pooled_fixed,ALL_core_os_3yr_event_top94_no_cancer_feature,os_3yr,global,60,1151,247,0.4714672075726843,0.4080274251063521
pooled_fixed,ALL_core_os_3yr_event_top94_no_cancer_feature,os_3yr,within_cancer,60,1151,247,0.67079107505071,0.5571157333795325
pooled_fixed,ALL_core_os_3yr_event_top94_no_cancer_feature,os_3yr,global,61,1151,247,0.5292765382014876,0.4568659673319493
pooled_fixed,ALL_core_os_3yr_event_top94_no_cancer_feature,os_3yr,within_cancer,61,1151,247,0.6113590263691684,0.4799554682914787
pooled_fixed,ALL_core_os_3yr_event_top94_no_cancer_feature,os_3yr,global,62,1151,247,0.5567951318458418,0.4698182165927338
pooled_fixed,ALL_core_os_3yr_event_top94_no_cancer_feature,os_3yr,within_cancer,62,1151,247,0.667342799188641,0.5424633342938154
pooled_fixed,ALL_core_os_3yr_event_top94_no_cancer_feature,os_3yr,global,63,1151,247,0.5908722109533469,0.5091802238674997
pooled_fixed,ALL_core_os_3yr_event_top94_no_cancer_feature,os_3yr,within_cancer,63,1151,247,0.6910412440838405,0.5751500213065854
pooled_fixed,ALL_core_os_3yr_event_top94_no_cancer_feature,os_3yr,global,64,1151,247,0.4870858688302907,0.4223463182798714
pooled_fixed,ALL_core_os_3yr_event_top94_no_cancer_feature,os_3yr,within_cancer,64,1151,247,0.668762677484787,0.5353355917183549
pooled_fixed,ALL_core_os_3yr_event_top94_no_cancer_feature,os_3yr,global,65,1151,247,0.3934415145368491,0.3715808179837552
pooled_fixed,ALL_core_os_3yr_event_top94_no_cancer_feature,os_3yr,within_cancer,65,1151,247,0.7024678837052063,0.5867591884238093
pooled_fixed,ALL_core_os_3yr_event_top94_no_cancer_feature,os_3yr,global,66,1151,247,0.4772143340094659,0.4184576992405926
pooled_fixed,ALL_core_os_3yr_event_top94_no_cancer_feature,os_3yr,within_cancer,66,1151,247,0.647870182555781,0.5368063104766345
pooled_fixed,ALL_core_os_3yr_event_top94_no_cancer_feature,os_3yr,global,67,1151,247,0.4820148749154835,0.420051348542776
pooled_fixed,ALL_core_os_3yr_event_top94_no_cancer_feature,os_3yr,within_cancer,67,1151,247,0.6527721433400946,0.5046237177633413
pooled_fixed,ALL_core_os_3yr_event_top94_no_cancer_feature,os_3yr,global,68,1151,247,0.452738336713996,0.3915820304706036
pooled_fixed,ALL_core_os_3yr_event_top94_no_cancer_feature,os_3yr,within_cancer,68,1151,247,0.6636916835699797,0.5209255442825869
pooled_fixed,ALL_core_os_3yr_event_top94_no_cancer_feature,os_3yr,global,69,1151,247,0.4756592292089248,0.4094183287590272
pooled_fixed,ALL_core_os_3yr_event_top94_no_cancer_feature,os_3yr,within_cancer,69,1151,247,0.6863083164300202,0.5509375480344452
pooled_fixed,ALL_core_os_3yr_event_top94_no_cancer_feature,os_3yr,global,70,1151,247,0.4799188640973631,0.4038949676537908
pooled_fixed,ALL_core_os_3yr_event_top94_no_cancer_feature,os_3yr,within_cancer,70,1151,247,0.6734279918864098,0.535348383883574
pooled_fixed,ALL_core_os_3yr_event_top94_no_cancer_feature,os_3yr,global,71,1151,247,0.5135226504394861,0.4485635850615519
pooled_fixed,ALL_core_os_3yr_event_top94_no_cancer_feature,os_3yr,within_cancer,71,1151,247,0.667816091954023,0.5379117849730526
pooled_fixed,ALL_core_os_3yr_event_top94_no_cancer_feature,os_3yr,global,72,1151,247,0.4207572684246112,0.359553407547554
pooled_fixed,ALL_core_os_3yr_event_top94_no_cancer_feature,os_3yr,within_cancer,72,1151,247,0.693103448275862,0.5504313694328264
pooled_fixed,ALL_core_os_3yr_event_top94_no_cancer_feature,os_3yr,global,73,1151,247,0.6258282623394185,0.4985129362489452
pooled_fixed,ALL_core_os_3yr_event_top94_no_cancer_feature,os_3yr,within_cancer,73,1151,247,0.6839080459770115,0.5460901392815576
pooled_fixed,ALL_core_os_3yr_event_top94_no_cancer_feature,os_3yr,global,74,1151,247,0.4659229208924949,0.4072347936151528
pooled_fixed,ALL_core_os_3yr_event_top94_no_cancer_feature,os_3yr,within_cancer,74,1151,247,0.6245436105476674,0.484604321682057
pooled_fixed,ALL_core_os_3yr_event_top94_no_cancer_feature,os_3yr,global,75,1151,247,0.5162271805273834,0.4602051072262275
pooled_fixed,ALL_core_os_3yr_event_top94_no_cancer_feature,os_3yr,within_cancer,75,1151,247,0.7105476673427993,0.560548669382857
pooled_fixed,ALL_core_os_3yr_event_top94_no_cancer_feature,os_3yr,global,76,1151,247,0.5033130493576742,0.4548469314031806
pooled_fixed,ALL_core_os_3yr_event_top94_no_cancer_feature,os_3yr,within_cancer,76,1151,247,0.6564908722109533,0.5345121242938453
pooled_fixed,ALL_core_os_3yr_event_top94_no_cancer_feature,os_3yr,global,77,1151,247,0.5032454361054767,0.4339472451648841
pooled_fixed,ALL_core_os_3yr_event_top94_no_cancer_feature,os_3yr,within_cancer,77,1151,247,0.6576741041244083,0.520262019885095
pooled_fixed,ALL_core_os_3yr_event_top94_no_cancer_feature,os_3yr,global,78,1151,247,0.5311020960108181,0.4852122790614083
pooled_fixed,ALL_core_os_3yr_event_top94_no_cancer_feature,os_3yr,within_cancer,78,1151,247,0.6621703853955375,0.527191236939474
pooled_fixed,ALL_core_os_3yr_event_top94_no_cancer_feature,os_3yr,global,79,1151,247,0.5209601081812035,0.4393331108234397
pooled_fixed,ALL_core_os_3yr_event_top94_no_cancer_feature,os_3yr,within_cancer,79,1151,247,0.69763353617309,0.5911024318279638
pooled_fixed,ALL_core_os_3yr_event_top94_no_cancer_feature,os_3yr,global,80,1151,247,0.4828262339418526,0.3977343302996398
pooled_fixed,ALL_core_os_3yr_event_top94_no_cancer_feature,os_3yr,within_cancer,80,1151,247,0.6764029749830966,0.5421006984438842
pooled_fixed,ALL_core_os_3yr_event_top94_no_cancer_feature,os_3yr,global,81,1151,247,0.447261663286004,0.3825335861109322
pooled_fixed,ALL_core_os_3yr_event_top94_no_cancer_feature,os_3yr,within_cancer,81,1151,247,0.6778566599053415,0.5355821658065008
pooled_fixed,ALL_core_os_3yr_event_top94_no_cancer_feature,os_3yr,global,82,1151,247,0.4574712643678161,0.3779799485644395
pooled_fixed,ALL_core_os_3yr_event_top94_no_cancer_feature,os_3yr,within_cancer,82,1151,247,0.6790398918187964,0.5454065662149314
pooled_fixed,ALL_core_os_3yr_event_top94_no_cancer_feature,os_3yr,global,83,1151,247,0.5471264367816092,0.4590945040621972
pooled_fixed,ALL_core_os_3yr_event_top94_no_cancer_feature,os_3yr,within_cancer,83,1151,247,0.6486477349560514,0.5064439057880362
pooled_fixed,ALL_core_os_3yr_event_top94_no_cancer_feature,os_3yr,global,84,1151,247,0.3893171061528059,0.355674348222092
pooled_fixed,ALL_core_os_3yr_event_top94_no_cancer_feature,os_3yr,within_cancer,84,1151,247,0.6459432048681542,0.5000371480193185
pooled_fixed,ALL_core_os_3yr_event_top94_no_cancer_feature,os_3yr,global,85,1151,247,0.5064908722109533,0.4167805948075953
pooled_fixed,ALL_core_os_3yr_event_top94_no_cancer_feature,os_3yr,within_cancer,85,1151,247,0.6542258282623394,0.526964175305262
pooled_fixed,ALL_core_os_3yr_event_top94_no_cancer_feature,os_3yr,global,86,1151,247,0.4811359026369168,0.4052190259379544
pooled_fixed,ALL_core_os_3yr_event_top94_no_cancer_feature,os_3yr,within_cancer,86,1151,247,0.6435767410412441,0.5071600485926098
pooled_fixed,ALL_core_os_3yr_event_top94_no_cancer_feature,os_3yr,global,87,1151,247,0.5716700473292766,0.4920993066462475
pooled_fixed,ALL_core_os_3yr_event_top94_no_cancer_feature,os_3yr,within_cancer,87,1151,247,0.6526707234617983,0.5122104748275329
pooled_fixed,ALL_core_os_3yr_event_top94_no_cancer_feature,os_3yr,global,88,1151,247,0.4871534820824882,0.4452449164196966
pooled_fixed,ALL_core_os_3yr_event_top94_no_cancer_feature,os_3yr,within_cancer,88,1151,247,0.675659229208925,0.5411570817543683
pooled_fixed,ALL_core_os_3yr_event_top94_no_cancer_feature,os_3yr,global,89,1151,247,0.4963488843813387,0.4405430677782853
pooled_fixed,ALL_core_os_3yr_event_top94_no_cancer_feature,os_3yr,within_cancer,89,1151,247,0.6962812711291413,0.5648509614014017
pooled_fixed,ALL_core_os_3yr_event_top94_no_cancer_feature,os_3yr,global,90,1151,247,0.4377958079783638,0.3908861459887216
pooled_fixed,ALL_core_os_3yr_event_top94_no_cancer_feature,os_3yr,within_cancer,90,1151,247,0.6767410412440837,0.5406473774415486
pooled_fixed,ALL_core_os_3yr_event_top94_no_cancer_feature,os_3yr,global,91,1151,247,0.454158215010142,0.3877882167787252
pooled_fixed,ALL_core_os_3yr_event_top94_no_cancer_feature,os_3yr,within_cancer,91,1151,247,0.6546653144016227,0.5218593282297741
pooled_fixed,ALL_core_os_3yr_event_top94_no_cancer_feature,os_3yr,global,92,1151,247,0.4469235970250169,0.3809396408463536
pooled_fixed,ALL_core_os_3yr_event_top94_no_cancer_feature,os_3yr,within_cancer,92,1151,247,0.667579445571332,0.5420450172138193
pooled_fixed,ALL_core_os_3yr_event_top94_no_cancer_feature,os_3yr,global,93,1151,247,0.5839756592292089,0.4744481472805156
pooled_fixed,ALL_core_os_3yr_event_top94_no_cancer_feature,os_3yr,within_cancer,93,1151,247,0.6885733603786341,0.5769970419468117
pooled_fixed,ALL_core_os_3yr_event_top94_no_cancer_feature,os_3yr,global,94,1151,247,0.5173766058147397,0.4254363651230498
pooled_fixed,ALL_core_os_3yr_event_top94_no_cancer_feature,os_3yr,within_cancer,94,1151,247,0.6098039215686274,0.463233189654956
pooled_fixed,ALL_core_os_3yr_event_top94_no_cancer_feature,os_3yr,global,95,1151,247,0.4924273157538878,0.4266298512169921
pooled_fixed,ALL_core_os_3yr_event_top94_no_cancer_feature,os_3yr,within_cancer,95,1151,247,0.6580121703853955,0.5222766416998004
pooled_fixed,ALL_core_os_3yr_event_top94_no_cancer_feature,os_3yr,global,96,1151,247,0.4277214334009466,0.393706545932302
pooled_fixed,ALL_core_os_3yr_event_top94_no_cancer_feature,os_3yr,within_cancer,96,1151,247,0.6786342123056119,0.5473548064403781
pooled_fixed,ALL_core_os_3yr_event_top94_no_cancer_feature,os_3yr,global,97,1151,247,0.628397565922921,0.539598587540113
pooled_fixed,ALL_core_os_3yr_event_top94_no_cancer_feature,os_3yr,within_cancer,97,1151,247,0.6825557809330629,0.5512824005788336
pooled_fixed,ALL_core_os_3yr_event_top94_no_cancer_feature,os_3yr,global,98,1151,247,0.4539553752535497,0.384337051794524
pooled_fixed,ALL_core_os_3yr_event_top94_no_cancer_feature,os_3yr,within_cancer,98,1151,247,0.675659229208925,0.5766341560980797
pooled_fixed,ALL_core_os_3yr_event_top94_no_cancer_feature,os_3yr,global,99,1151,247,0.5565922920892495,0.4554757439004196
pooled_fixed,ALL_core_os_3yr_event_top94_no_cancer_feature,os_3yr,within_cancer,99,1151,247,0.6570993914807303,0.5165514082466514
pooled_fixed,ALL_core_os_3yr_event_top94_no_cancer_feature,os_3yr,global,100,1151,247,0.4855983772819472,0.4379669315417497
pooled_fixed,ALL_core_os_3yr_event_top94_no_cancer_feature,os_3yr,within_cancer,100,1151,247,0.7318458417849898,0.610060096198345
pooled_fixed,ALL_core_os_3yr_event_top94_no_cancer_feature,os_3yr,global,101,1151,247,0.4804597701149425,0.4089200098580464
pooled_fixed,ALL_core_os_3yr_event_top94_no_cancer_feature,os_3yr,within_cancer,101,1151,247,0.6132860040567951,0.4736113689943368
pooled_fixed,ALL_core_os_3yr_event_top94_no_cancer_feature,os_3yr,global,102,1151,247,0.4528735632183908,0.3855524174050621
pooled_fixed,ALL_core_os_3yr_event_top94_no_cancer_feature,os_3yr,within_cancer,102,1151,247,0.6562204192021636,0.5117313573813822
pooled_fixed,ALL_core_os_3yr_event_top94_no_cancer_feature,os_3yr,global,103,1151,247,0.4618661257606491,0.3956652007504108
pooled_fixed,ALL_core_os_3yr_event_top94_no_cancer_feature,os_3yr,within_cancer,103,1151,247,0.652738336713996,0.5043013198838934
pooled_fixed,ALL_core_os_3yr_event_top94_no_cancer_feature,os_3yr,global,104,1151,247,0.4445571331981068,0.3753720136113709
pooled_fixed,ALL_core_os_3yr_event_top94_no_cancer_feature,os_3yr,within_cancer,104,1151,247,0.6818796484110885,0.5442738113092016
pooled_fixed,ALL_core_os_3yr_event_top94_no_cancer_feature,os_3yr,global,105,1151,247,0.4546315077755239,0.3848971920673708
pooled_fixed,ALL_core_os_3yr_event_top94_no_cancer_feature,os_3yr,within_cancer,105,1151,247,0.6397565922920893,0.5019084719388126
pooled_fixed,ALL_core_os_3yr_event_top94_no_cancer_feature,os_3yr,global,106,1151,247,0.4795807978363759,0.3981076333583984
pooled_fixed,ALL_core_os_3yr_event_top94_no_cancer_feature,os_3yr,within_cancer,106,1151,247,0.6590263691683569,0.5294815552968308
pooled_fixed,ALL_core_os_3yr_event_top94_no_cancer_feature,os_3yr,global,107,1151,247,0.5363759296822177,0.4415373288837387
pooled_fixed,ALL_core_os_3yr_event_top94_no_cancer_feature,os_3yr,within_cancer,107,1151,247,0.6410074374577417,0.4972863094074425
pooled_fixed,ALL_core_os_3yr_event_top94_no_cancer_feature,os_3yr,global,108,1151,247,0.5017579445571332,0.4499450829349418
pooled_fixed,ALL_core_os_3yr_event_top94_no_cancer_feature,os_3yr,within_cancer,108,1151,247,0.5872210953346857,0.4597386425073135
pooled_fixed,ALL_core_os_3yr_event_top94_no_cancer_feature,os_3yr,global,109,1151,247,0.4972278566599053,0.422147902687583
pooled_fixed,ALL_core_os_3yr_event_top94_no_cancer_feature,os_3yr,within_cancer,109,1151,247,0.6846517917511834,0.571209858848144
pooled_fixed,ALL_core_os_3yr_event_top94_no_cancer_feature,os_3yr,global,110,1151,247,0.4670047329276538,0.4128443056698864
pooled_fixed,ALL_core_os_3yr_event_top94_no_cancer_feature,os_3yr,within_cancer,110,1151,247,0.7237998647734956,0.6106274920662693
pooled_fixed,ALL_core_os_3yr_event_top94_no_cancer_feature,os_3yr,global,111,1151,247,0.5079783637592968,0.4527274966475973
pooled_fixed,ALL_core_os_3yr_event_top94_no_cancer_feature,os_3yr,within_cancer,111,1151,247,0.6532792427315754,0.5175948731072817
pooled_fixed,ALL_core_os_3yr_event_top94_no_cancer_feature,os_3yr,global,112,1151,247,0.4799864773495604,0.4078494177799749
pooled_fixed,ALL_core_os_3yr_event_top94_no_cancer_feature,os_3yr,within_cancer,112,1151,247,0.6670723461798512,0.5393763687848099
pooled_fixed,ALL_core_os_3yr_event_top94_no_cancer_feature,os_3yr,global,113,1151,247,0.4818120351588911,0.4281900909571138
pooled_fixed,ALL_core_os_3yr_event_top94_no_cancer_feature,os_3yr,within_cancer,113,1151,247,0.6706558485463151,0.5304604008219287
pooled_fixed,ALL_core_os_3yr_event_top94_no_cancer_feature,os_3yr,global,114,1151,247,0.4761325219743069,0.4155966128768826
pooled_fixed,ALL_core_os_3yr_event_top94_no_cancer_feature,os_3yr,within_cancer,114,1151,247,0.6653482082488167,0.5198002799279448
pooled_fixed,ALL_core_os_3yr_event_top94_no_cancer_feature,os_3yr,global,115,1151,247,0.4140635564570656,0.3781539175970402
pooled_fixed,ALL_core_os_3yr_event_top94_no_cancer_feature,os_3yr,within_cancer,115,1151,247,0.6834347532116294,0.5525223372217114
pooled_fixed,ALL_core_os_3yr_event_top94_no_cancer_feature,os_3yr,global,116,1151,247,0.5237998647734956,0.4431252044868721
pooled_fixed,ALL_core_os_3yr_event_top94_no_cancer_feature,os_3yr,within_cancer,116,1151,247,0.6888100067613252,0.5555776803188139
pooled_fixed,ALL_core_os_3yr_event_top94_no_cancer_feature,os_3yr,global,117,1151,247,0.5189317106152805,0.4375270272953722
pooled_fixed,ALL_core_os_3yr_event_top94_no_cancer_feature,os_3yr,within_cancer,117,1151,247,0.6841108857336038,0.547714141814789
pooled_fixed,ALL_core_os_3yr_event_top94_no_cancer_feature,os_3yr,global,118,1151,247,0.4429344151453684,0.3838028385027054
pooled_fixed,ALL_core_os_3yr_event_top94_no_cancer_feature,os_3yr,within_cancer,118,1151,247,0.6405679513184583,0.4835959475716613
pooled_fixed,ALL_core_os_3yr_event_top94_no_cancer_feature,os_3yr,global,119,1151,247,0.4628127112914131,0.3866959253641434
pooled_fixed,ALL_core_os_3yr_event_top94_no_cancer_feature,os_3yr,within_cancer,119,1151,247,0.6944557133198107,0.5634276584150866
pooled_fixed,ALL_core_os_3yr_event_top94_no_cancer_feature,os_3yr,global,120,1151,247,0.5149425287356322,0.4169734168308507
pooled_fixed,ALL_core_os_3yr_event_top94_no_cancer_feature,os_3yr,within_cancer,120,1151,247,0.6589587559161596,0.5285517566221578
pooled_fixed,ALL_core_os_3yr_event_top94_no_cancer_feature,os_3yr,global,121,1151,247,0.5327248140635564,0.4526651537147503
pooled_fixed,ALL_core_os_3yr_event_top94_no_cancer_feature,os_3yr,within_cancer,121,1151,247,0.6860716700473293,0.5769782645127475
pooled_fixed,ALL_core_os_3yr_event_top94_no_cancer_feature,os_3yr,global,122,1151,247,0.5443542934415146,0.4354521396159574
pooled_fixed,ALL_core_os_3yr_event_top94_no_cancer_feature,os_3yr,within_cancer,122,1151,247,0.6181879648411088,0.4726838677338855
pooled_fixed,ALL_core_os_3yr_event_top94_no_cancer_feature,os_3yr,global,123,1151,247,0.5060175794455714,0.4399078864710912
pooled_fixed,ALL_core_os_3yr_event_top94_no_cancer_feature,os_3yr,within_cancer,123,1151,247,0.7185260311020959,0.5867631169944565
pooled_fixed,ALL_core_os_3yr_event_top94_no_cancer_feature,os_3yr,global,124,1151,247,0.4710615280594996,0.3987813907806163
pooled_fixed,ALL_core_os_3yr_event_top94_no_cancer_feature,os_3yr,within_cancer,124,1151,247,0.6549695740365111,0.5117823094142588
pooled_fixed,ALL_core_os_3yr_event_top94_no_cancer_feature,os_3yr,global,125,1151,247,0.5438810006761325,0.4292860575771973
pooled_fixed,ALL_core_os_3yr_event_top94_no_cancer_feature,os_3yr,within_cancer,125,1151,247,0.6739350912778905,0.5300297523976636
pooled_fixed,ALL_core_os_3yr_event_top94_no_cancer_feature,os_3yr,global,126,1151,247,0.5140635564570655,0.4571218948696808
pooled_fixed,ALL_core_os_3yr_event_top94_no_cancer_feature,os_3yr,within_cancer,126,1151,247,0.686342123056119,0.5598441642560643
pooled_fixed,ALL_core_os_3yr_event_top94_no_cancer_feature,os_3yr,global,127,1151,247,0.4614604462474645,0.4092945504134945
pooled_fixed,ALL_core_os_3yr_event_top94_no_cancer_feature,os_3yr,within_cancer,127,1151,247,0.6771129141311697,0.5523049884530351
pooled_fixed,ALL_core_os_3yr_event_top94_no_cancer_feature,os_3yr,global,128,1151,247,0.4355645706558486,0.3899199856193801
pooled_fixed,ALL_core_os_3yr_event_top94_no_cancer_feature,os_3yr,within_cancer,128,1151,247,0.6845165652467883,0.5661642519869001
pooled_fixed,ALL_core_os_3yr_event_top94_no_cancer_feature,os_3yr,global,129,1151,247,0.5481406355645706,0.4927326355712869
pooled_fixed,ALL_core_os_3yr_event_top94_no_cancer_feature,os_3yr,within_cancer,129,1151,247,0.6764705882352942,0.5480479869409516
pooled_fixed,ALL_core_os_3yr_event_top94_no_cancer_feature,os_3yr,global,130,1151,247,0.4212981744421907,0.3670209681302454
pooled_fixed,ALL_core_os_3yr_event_top94_no_cancer_feature,os_3yr,within_cancer,130,1151,247,0.6433739012846518,0.5080764937127994
pooled_fixed,ALL_core_os_3yr_event_top94_no_cancer_feature,os_3yr,global,131,1151,247,0.4407707910750507,0.3788991084976449
pooled_fixed,ALL_core_os_3yr_event_top94_no_cancer_feature,os_3yr,within_cancer,131,1151,247,0.6851250845165652,0.5503678599915329
pooled_fixed,ALL_core_os_3yr_event_top94_no_cancer_feature,os_3yr,global,132,1151,247,0.5312373225152129,0.4286750329537544
pooled_fixed,ALL_core_os_3yr_event_top94_no_cancer_feature,os_3yr,within_cancer,132,1151,247,0.7125760649087222,0.5988020644615202
pooled_fixed,ALL_core_os_3yr_event_top94_no_cancer_feature,os_3yr,global,133,1151,247,0.611866125760649,0.5179143659577528
pooled_fixed,ALL_core_os_3yr_event_top94_no_cancer_feature,os_3yr,within_cancer,133,1151,247,0.6163624070317782,0.4778784138912642
pooled_fixed,ALL_core_os_3yr_event_top94_no_cancer_feature,os_3yr,global,134,1151,247,0.4985125084516565,0.432315185213214
pooled_fixed,ALL_core_os_3yr_event_top94_no_cancer_feature,os_3yr,within_cancer,134,1151,247,0.6348884381338743,0.4825364818501487
pooled_fixed,ALL_core_os_3yr_event_top94_no_cancer_feature,os_3yr,global,135,1151,247,0.4525354969574036,0.3817367840540224
pooled_fixed,ALL_core_os_3yr_event_top94_no_cancer_feature,os_3yr,within_cancer,135,1151,247,0.6772819472616634,0.5353546781133105
pooled_fixed,ALL_core_os_3yr_event_top94_no_cancer_feature,os_3yr,global,136,1151,247,0.5540906017579447,0.478706207880606
pooled_fixed,ALL_core_os_3yr_event_top94_no_cancer_feature,os_3yr,within_cancer,136,1151,247,0.6227856659905342,0.4889926689217493
pooled_fixed,ALL_core_os_3yr_event_top94_no_cancer_feature,os_3yr,global,137,1151,247,0.4734279918864097,0.3989893841447071
pooled_fixed,ALL_core_os_3yr_event_top94_no_cancer_feature,os_3yr,within_cancer,137,1151,247,0.6979716024340771,0.5535969472392016
pooled_fixed,ALL_core_os_3yr_event_top94_no_cancer_feature,os_3yr,global,138,1151,247,0.3329276538201487,0.334175681394686
pooled_fixed,ALL_core_os_3yr_event_top94_no_cancer_feature,os_3yr,within_cancer,138,1151,247,0.655814739688979,0.5107081821056707
pooled_fixed,ALL_core_os_3yr_event_top94_no_cancer_feature,os_3yr,global,139,1151,247,0.4961460446247465,0.4039677746124316
pooled_fixed,ALL_core_os_3yr_event_top94_no_cancer_feature,os_3yr,within_cancer,139,1151,247,0.6442190669371196,0.5155648644394333
pooled_fixed,ALL_core_os_3yr_event_top94_no_cancer_feature,os_3yr,global,140,1151,247,0.5229208924949289,0.4339389551461509
pooled_fixed,ALL_core_os_3yr_event_top94_no_cancer_feature,os_3yr,within_cancer,140,1151,247,0.6472278566599052,0.5001483519691317
pooled_fixed,ALL_core_os_3yr_event_top94_no_cancer_feature,os_3yr,global,141,1151,247,0.451183231913455,0.3979638839934533
pooled_fixed,ALL_core_os_3yr_event_top94_no_cancer_feature,os_3yr,within_cancer,141,1151,247,0.6264367816091954,0.4949394092976025
pooled_fixed,ALL_core_os_3yr_event_top94_no_cancer_feature,os_3yr,global,142,1151,247,0.4250169033130493,0.3690759467764574
pooled_fixed,ALL_core_os_3yr_event_top94_no_cancer_feature,os_3yr,within_cancer,142,1151,247,0.6478025693035835,0.5033634926952424
pooled_fixed,ALL_core_os_3yr_event_top94_no_cancer_feature,os_3yr,global,143,1151,247,0.4360378634212306,0.3646439583799737
pooled_fixed,ALL_core_os_3yr_event_top94_no_cancer_feature,os_3yr,within_cancer,143,1151,247,0.6936443542934415,0.5635886162836323
pooled_fixed,ALL_core_os_3yr_event_top94_no_cancer_feature,os_3yr,global,144,1151,247,0.462947937795808,0.392111825155472
pooled_fixed,ALL_core_os_3yr_event_top94_no_cancer_feature,os_3yr,within_cancer,144,1151,247,0.6474306964164975,0.4938479665113263
pooled_fixed,ALL_core_os_3yr_event_top94_no_cancer_feature,os_3yr,global,145,1151,247,0.4208248816768086,0.3764512441278444
pooled_fixed,ALL_core_os_3yr_event_top94_no_cancer_feature,os_3yr,within_cancer,145,1151,247,0.6749830966869507,0.5588642403086099
pooled_fixed,ALL_core_os_3yr_event_top94_no_cancer_feature,os_3yr,global,146,1151,247,0.4365111561866125,0.390184529882314
pooled_fixed,ALL_core_os_3yr_event_top94_no_cancer_feature,os_3yr,within_cancer,146,1151,247,0.6277214334009467,0.4973593845524916
pooled_fixed,ALL_core_os_3yr_event_top94_no_cancer_feature,os_3yr,global,147,1151,247,0.4330290736984449,0.3854101033654669
pooled_fixed,ALL_core_os_3yr_event_top94_no_cancer_feature,os_3yr,within_cancer,147,1151,247,0.642156862745098,0.5035045195384314
pooled_fixed,ALL_core_os_3yr_event_top94_no_cancer_feature,os_3yr,global,148,1151,247,0.5876943881000676,0.4716102178720446
pooled_fixed,ALL_core_os_3yr_event_top94_no_cancer_feature,os_3yr,within_cancer,148,1151,247,0.6628465179175118,0.5320122333142566
pooled_fixed,ALL_core_os_3yr_event_top94_no_cancer_feature,os_3yr,global,149,1151,247,0.5261663286004057,0.4571612743261751
pooled_fixed,ALL_core_os_3yr_event_top94_no_cancer_feature,os_3yr,within_cancer,149,1151,247,0.6727518593644354,0.5351181662406895
pooled_fixed,ALL_core_os_3yr_event_top94_no_cancer_feature,os_3yr,global,150,1151,247,0.5524678837052063,0.4782098743284512
pooled_fixed,ALL_core_os_3yr_event_top94_no_cancer_feature,os_3yr,within_cancer,150,1151,247,0.6798850574712643,0.5374104051497168
pooled_fixed,ALL_core_os_3yr_event_top94_no_cancer_feature,os_3yr,global,151,1151,247,0.4248816768086545,0.3903018625424121
pooled_fixed,ALL_core_os_3yr_event_top94_no_cancer_feature,os_3yr,within_cancer,151,1151,247,0.6544286680189317,0.5085818412380432
pooled_fixed,ALL_core_os_3yr_event_top94_no_cancer_feature,os_3yr,global,152,1151,247,0.5436105476673428,0.4600325473897684
pooled_fixed,ALL_core_os_3yr_event_top94_no_cancer_feature,os_3yr,within_cancer,152,1151,247,0.644421906693712,0.53295581559982
pooled_fixed,ALL_core_os_3yr_event_top94_no_cancer_feature,os_3yr,global,153,1151,247,0.462474645030426,0.4017211938959474
pooled_fixed,ALL_core_os_3yr_event_top94_no_cancer_feature,os_3yr,within_cancer,153,1151,247,0.6673089925625423,0.5215698621464249
pooled_fixed,ALL_core_os_3yr_event_top94_no_cancer_feature,os_3yr,global,154,1151,247,0.5959432048681542,0.4753983454368639
pooled_fixed,ALL_core_os_3yr_event_top94_no_cancer_feature,os_3yr,within_cancer,154,1151,247,0.6607167004732929,0.5363369698297268
pooled_fixed,ALL_core_os_3yr_event_top94_no_cancer_feature,os_3yr,global,155,1151,247,0.5480054090601758,0.493732297867407
pooled_fixed,ALL_core_os_3yr_event_top94_no_cancer_feature,os_3yr,within_cancer,155,1151,247,0.6142663962136579,0.4738491049636649
pooled_fixed,ALL_core_os_3yr_event_top94_no_cancer_feature,os_3yr,global,156,1151,247,0.4031778228532793,0.3639038750469204
pooled_fixed,ALL_core_os_3yr_event_top94_no_cancer_feature,os_3yr,within_cancer,156,1151,247,0.6672751859364435,0.5297920669149359
pooled_fixed,ALL_core_os_3yr_event_top94_no_cancer_feature,os_3yr,global,157,1151,247,0.4395537525354969,0.4062622833300438
pooled_fixed,ALL_core_os_3yr_event_top94_no_cancer_feature,os_3yr,within_cancer,157,1151,247,0.6590939824205544,0.5378457909633851
pooled_fixed,ALL_core_os_3yr_event_top94_no_cancer_feature,os_3yr,global,158,1151,247,0.5246788370520622,0.4570507093990025
pooled_fixed,ALL_core_os_3yr_event_top94_no_cancer_feature,os_3yr,within_cancer,158,1151,247,0.6303583502366464,0.4829478782235852
pooled_fixed,ALL_core_os_3yr_event_top94_no_cancer_feature,os_3yr,global,159,1151,247,0.5770114942528736,0.4825876956867365
pooled_fixed,ALL_core_os_3yr_event_top94_no_cancer_feature,os_3yr,within_cancer,159,1151,247,0.6401960784313724,0.5045053750089242
pooled_fixed,ALL_core_os_3yr_event_top94_no_cancer_feature,os_3yr,global,160,1151,247,0.424340770791075,0.3810347604590567
pooled_fixed,ALL_core_os_3yr_event_top94_no_cancer_feature,os_3yr,within_cancer,160,1151,247,0.6392156862745098,0.5082505936518701
pooled_fixed,ALL_core_os_3yr_event_top94_no_cancer_feature,os_3yr,global,161,1151,247,0.5778228532792428,0.4693771282649942
pooled_fixed,ALL_core_os_3yr_event_top94_no_cancer_feature,os_3yr,within_cancer,161,1151,247,0.6290060851926977,0.4921418377226626
pooled_fixed,ALL_core_os_3yr_event_top94_no_cancer_feature,os_3yr,global,162,1151,247,0.4239350912778905,0.407840707907841
pooled_fixed,ALL_core_os_3yr_event_top94_no_cancer_feature,os_3yr,within_cancer,162,1151,247,0.6659229208924949,0.5482926720991884
pooled_fixed,ALL_core_os_3yr_event_top94_no_cancer_feature,os_3yr,global,163,1151,247,0.5488843813387424,0.4510813998832955
pooled_fixed,ALL_core_os_3yr_event_top94_no_cancer_feature,os_3yr,within_cancer,163,1151,247,0.6681541582150101,0.5361551302560874
pooled_fixed,ALL_core_os_3yr_event_top94_no_cancer_feature,os_3yr,global,164,1151,247,0.452603110209601,0.4038260122972038
pooled_fixed,ALL_core_os_3yr_event_top94_no_cancer_feature,os_3yr,within_cancer,164,1151,247,0.6596348884381338,0.5449961402594781
pooled_fixed,ALL_core_os_3yr_event_top94_no_cancer_feature,os_3yr,global,165,1151,247,0.5563894523326572,0.4696649621988855
pooled_fixed,ALL_core_os_3yr_event_top94_no_cancer_feature,os_3yr,within_cancer,165,1151,247,0.6596686950642325,0.5122461884925444
pooled_fixed,ALL_core_os_3yr_event_top94_no_cancer_feature,os_3yr,global,166,1151,247,0.5973630831643002,0.4825336013782845
pooled_fixed,ALL_core_os_3yr_event_top94_no_cancer_feature,os_3yr,within_cancer,166,1151,247,0.6779580797836375,0.5444366618447538
pooled_fixed,ALL_core_os_3yr_event_top94_no_cancer_feature,os_3yr,global,167,1151,247,0.513184584178499,0.4338007554856578
pooled_fixed,ALL_core_os_3yr_event_top94_no_cancer_feature,os_3yr,within_cancer,167,1151,247,0.6728870858688302,0.529665805563367
pooled_fixed,ALL_core_os_3yr_event_top94_no_cancer_feature,os_3yr,global,168,1151,247,0.4581473968897904,0.3908731837866749
pooled_fixed,ALL_core_os_3yr_event_top94_no_cancer_feature,os_3yr,within_cancer,168,1151,247,0.6571670047329277,0.523980369611448
pooled_fixed,ALL_core_os_3yr_event_top94_no_cancer_feature,os_3yr,global,169,1151,247,0.4674780256930358,0.3895830013665732
pooled_fixed,ALL_core_os_3yr_event_top94_no_cancer_feature,os_3yr,within_cancer,169,1151,247,0.6439486139283299,0.5101793457189325
pooled_fixed,ALL_core_os_3yr_event_top94_no_cancer_feature,os_3yr,global,170,1151,247,0.4417173766058147,0.396128484007062
pooled_fixed,ALL_core_os_3yr_event_top94_no_cancer_feature,os_3yr,within_cancer,170,1151,247,0.6644354293441513,0.5491103233503531
pooled_fixed,ALL_core_os_3yr_event_top94_no_cancer_feature,os_3yr,global,171,1151,247,0.4549019607843136,0.3775449992575012
pooled_fixed,ALL_core_os_3yr_event_top94_no_cancer_feature,os_3yr,within_cancer,171,1151,247,0.6462474645030426,0.5088239166928203
pooled_fixed,ALL_core_os_3yr_event_top94_no_cancer_feature,os_3yr,global,172,1151,247,0.5741717376605815,0.4784058836709084
pooled_fixed,ALL_core_os_3yr_event_top94_no_cancer_feature,os_3yr,within_cancer,172,1151,247,0.6716024340770792,0.5569380934932007
pooled_fixed,ALL_core_os_3yr_event_top94_no_cancer_feature,os_3yr,global,173,1151,247,0.5630831643002028,0.4487556670557509
pooled_fixed,ALL_core_os_3yr_event_top94_no_cancer_feature,os_3yr,within_cancer,173,1151,247,0.6653820148749156,0.5352611543073194
pooled_fixed,ALL_core_os_3yr_event_top94_no_cancer_feature,os_3yr,global,174,1151,247,0.4987153482082488,0.4125263799073643
pooled_fixed,ALL_core_os_3yr_event_top94_no_cancer_feature,os_3yr,within_cancer,174,1151,247,0.6551048005409059,0.5476444858585889
pooled_fixed,ALL_core_os_3yr_event_top94_no_cancer_feature,os_3yr,global,175,1151,247,0.525287356321839,0.4387869474482729
pooled_fixed,ALL_core_os_3yr_event_top94_no_cancer_feature,os_3yr,within_cancer,175,1151,247,0.6913116970926301,0.5653276478016851
pooled_fixed,ALL_core_os_3yr_event_top94_no_cancer_feature,os_3yr,global,176,1151,247,0.5805273833671399,0.4933520516471154
pooled_fixed,ALL_core_os_3yr_event_top94_no_cancer_feature,os_3yr,within_cancer,176,1151,247,0.6403651115618662,0.512203180020314
pooled_fixed,ALL_core_os_3yr_event_top94_no_cancer_feature,os_3yr,global,177,1151,247,0.4645030425963489,0.3991147243478276
pooled_fixed,ALL_core_os_3yr_event_top94_no_cancer_feature,os_3yr,within_cancer,177,1151,247,0.6693035835023664,0.5431972051434779
pooled_fixed,ALL_core_os_3yr_event_top94_no_cancer_feature,os_3yr,global,178,1151,247,0.5015551048005409,0.4596497328821097
pooled_fixed,ALL_core_os_3yr_event_top94_no_cancer_feature,os_3yr,within_cancer,178,1151,247,0.652603110209601,0.5138208624420636
pooled_fixed,ALL_core_os_3yr_event_top94_no_cancer_feature,os_3yr,global,179,1151,247,0.484922244759973,0.3935851107855695
pooled_fixed,ALL_core_os_3yr_event_top94_no_cancer_feature,os_3yr,within_cancer,179,1151,247,0.6626774847870183,0.5211559185065282
pooled_fixed,ALL_core_os_3yr_event_top94_no_cancer_feature,os_3yr,global,180,1151,247,0.5104800540906018,0.4375430168454738
pooled_fixed,ALL_core_os_3yr_event_top94_no_cancer_feature,os_3yr,within_cancer,180,1151,247,0.6983772819472617,0.5580060497674436
pooled_fixed,ALL_core_os_3yr_event_top94_no_cancer_feature,os_3yr,global,181,1151,247,0.5288032454361054,0.4345576896208697
pooled_fixed,ALL_core_os_3yr_event_top94_no_cancer_feature,os_3yr,within_cancer,181,1151,247,0.6885733603786343,0.5895560767767933
pooled_fixed,ALL_core_os_3yr_event_top94_no_cancer_feature,os_3yr,global,182,1151,247,0.4762677484787018,0.4076963611790377
pooled_fixed,ALL_core_os_3yr_event_top94_no_cancer_feature,os_3yr,within_cancer,182,1151,247,0.6552738336713997,0.5073093247052773
pooled_fixed,ALL_core_os_3yr_event_top94_no_cancer_feature,os_3yr,global,183,1151,247,0.618052738336714,0.5386175156255394
pooled_fixed,ALL_core_os_3yr_event_top94_no_cancer_feature,os_3yr,within_cancer,183,1151,247,0.6454361054766734,0.5072858350216342
pooled_fixed,ALL_core_os_3yr_event_top94_no_cancer_feature,os_3yr,global,184,1151,247,0.5614604462474645,0.464592033058061
pooled_fixed,ALL_core_os_3yr_event_top94_no_cancer_feature,os_3yr,within_cancer,184,1151,247,0.6154834347532117,0.4836766583831191
pooled_fixed,ALL_core_os_3yr_event_top94_no_cancer_feature,os_3yr,global,185,1151,247,0.4559837728194726,0.3869418976380916
pooled_fixed,ALL_core_os_3yr_event_top94_no_cancer_feature,os_3yr,within_cancer,185,1151,247,0.6963826910074374,0.5454393602186547
pooled_fixed,ALL_core_os_3yr_event_top94_no_cancer_feature,os_3yr,global,186,1151,247,0.5267748478701826,0.4432559562931533
pooled_fixed,ALL_core_os_3yr_event_top94_no_cancer_feature,os_3yr,within_cancer,186,1151,247,0.6639621365787696,0.540071202057141
pooled_fixed,ALL_core_os_3yr_event_top94_no_cancer_feature,os_3yr,global,187,1151,247,0.4265043948613927,0.3636415502933341
pooled_fixed,ALL_core_os_3yr_event_top94_no_cancer_feature,os_3yr,within_cancer,187,1151,247,0.6723799864773495,0.5424789579310172
pooled_fixed,ALL_core_os_3yr_event_top94_no_cancer_feature,os_3yr,global,188,1151,247,0.4789046653144016,0.4275257702476867
pooled_fixed,ALL_core_os_3yr_event_top94_no_cancer_feature,os_3yr,within_cancer,188,1151,247,0.6543948613928329,0.5069849107838803
pooled_fixed,ALL_core_os_3yr_event_top94_no_cancer_feature,os_3yr,global,189,1151,247,0.5929006085192697,0.5070234918880622
pooled_fixed,ALL_core_os_3yr_event_top94_no_cancer_feature,os_3yr,within_cancer,189,1151,247,0.6524002704530087,0.5433101561589573
pooled_fixed,ALL_core_os_3yr_event_top94_no_cancer_feature,os_3yr,global,190,1151,247,0.4777552400270453,0.4037549699931292
pooled_fixed,ALL_core_os_3yr_event_top94_no_cancer_feature,os_3yr,within_cancer,190,1151,247,0.6715348208248817,0.5169264971181466
pooled_fixed,ALL_core_os_3yr_event_top94_no_cancer_feature,os_3yr,global,191,1151,247,0.4732251521298175,0.4112532300017277
pooled_fixed,ALL_core_os_3yr_event_top94_no_cancer_feature,os_3yr,within_cancer,191,1151,247,0.661528059499662,0.5359522311606016
pooled_fixed,ALL_core_os_3yr_event_top94_no_cancer_feature,os_3yr,global,192,1151,247,0.5118323191345504,0.4385476316514042
pooled_fixed,ALL_core_os_3yr_event_top94_no_cancer_feature,os_3yr,within_cancer,192,1151,247,0.7051386071670047,0.5778537134131163
pooled_fixed,ALL_core_os_3yr_event_top94_no_cancer_feature,os_3yr,global,193,1151,247,0.5223123732251522,0.4211108927954814
pooled_fixed,ALL_core_os_3yr_event_top94_no_cancer_feature,os_3yr,within_cancer,193,1151,247,0.6917173766058148,0.5577857742637299
pooled_fixed,ALL_core_os_3yr_event_top94_no_cancer_feature,os_3yr,global,194,1151,247,0.5615956727518593,0.4871962938357171
pooled_fixed,ALL_core_os_3yr_event_top94_no_cancer_feature,os_3yr,within_cancer,194,1151,247,0.6981744421906693,0.5759149873852306
pooled_fixed,ALL_core_os_3yr_event_top94_no_cancer_feature,os_3yr,global,195,1151,247,0.4230561189993239,0.3807669732376006
pooled_fixed,ALL_core_os_3yr_event_top94_no_cancer_feature,os_3yr,within_cancer,195,1151,247,0.6732251521298175,0.5328044928633446
pooled_fixed,ALL_core_os_3yr_event_top94_no_cancer_feature,os_3yr,global,196,1151,247,0.5084516565246788,0.4344195049183128
pooled_fixed,ALL_core_os_3yr_event_top94_no_cancer_feature,os_3yr,within_cancer,196,1151,247,0.6515889114266397,0.5030061197388462
pooled_fixed,ALL_core_os_3yr_event_top94_no_cancer_feature,os_3yr,global,197,1151,247,0.503448275862069,0.4137175869833533
pooled_fixed,ALL_core_os_3yr_event_top94_no_cancer_feature,os_3yr,within_cancer,197,1151,247,0.6519607843137255,0.5191270013381979
pooled_fixed,ALL_core_os_3yr_event_top94_no_cancer_feature,os_3yr,global,198,1151,247,0.4544286680189317,0.3930793846085909
pooled_fixed,ALL_core_os_3yr_event_top94_no_cancer_feature,os_3yr,within_cancer,198,1151,247,0.6964164976335362,0.576407909449189
pooled_fixed,ALL_core_os_3yr_event_top94_no_cancer_feature,os_3yr,global,199,1151,247,0.4461122379986477,0.4128666570886101
pooled_fixed,ALL_core_os_3yr_event_top94_no_cancer_feature,os_3yr,within_cancer,199,1151,247,0.6709263015551048,0.5315586203172413
pooled_fixed,ALL_core_os_3yr_event_top94_no_cancer_feature,os_3yr,global,200,1151,247,0.4388100067613252,0.3664601220156843
pooled_fixed,ALL_core_os_3yr_event_top94_no_cancer_feature,os_3yr,within_cancer,200,1151,247,0.6521974306964166,0.5276031599384197
pooled_fixed,ALL_core_os_3yr_event_top94_no_cancer_feature,os_3yr,global,201,1151,247,0.4783637592968221,0.4027778560096404
pooled_fixed,ALL_core_os_3yr_event_top94_no_cancer_feature,os_3yr,within_cancer,201,1151,247,0.666734279918864,0.5478508488644686
pooled_fixed,ALL_core_os_3yr_event_top94_no_cancer_feature,os_3yr,global,202,1151,247,0.5848546315077755,0.4673975526606718
pooled_fixed,ALL_core_os_3yr_event_top94_no_cancer_feature,os_3yr,within_cancer,202,1151,247,0.662576064908722,0.5342997668411126
pooled_fixed,ALL_core_os_3yr_event_top94_no_cancer_feature,os_3yr,global,203,1151,247,0.5365111561866125,0.466414794302103
pooled_fixed,ALL_core_os_3yr_event_top94_no_cancer_feature,os_3yr,within_cancer,203,1151,247,0.6602434077079107,0.5195027652176791
pooled_fixed,ALL_core_os_3yr_event_top94_no_cancer_feature,os_3yr,global,204,1151,247,0.5944557133198107,0.4701634051643744
pooled_fixed,ALL_core_os_3yr_event_top94_no_cancer_feature,os_3yr,within_cancer,204,1151,247,0.6573360378634212,0.5282496591644774
pooled_fixed,ALL_core_os_3yr_event_top94_no_cancer_feature,os_3yr,global,205,1151,247,0.5619337390128465,0.4666850226467121
pooled_fixed,ALL_core_os_3yr_event_top94_no_cancer_feature,os_3yr,within_cancer,205,1151,247,0.7316430020283974,0.608752447918752
pooled_fixed,ALL_core_os_3yr_event_top94_no_cancer_feature,os_3yr,global,206,1151,247,0.4196754563894523,0.3736575428686227
pooled_fixed,ALL_core_os_3yr_event_top94_no_cancer_feature,os_3yr,within_cancer,206,1151,247,0.6863421230561191,0.5364315614958068
pooled_fixed,ALL_core_os_3yr_event_top94_no_cancer_feature,os_3yr,global,207,1151,247,0.4340770791075051,0.3811337540683128
pooled_fixed,ALL_core_os_3yr_event_top94_no_cancer_feature,os_3yr,within_cancer,207,1151,247,0.6567613252197431,0.5146066158384794
pooled_fixed,ALL_core_os_3yr_event_top94_no_cancer_feature,os_3yr,global,208,1151,247,0.5250169033130493,0.432524473227836
pooled_fixed,ALL_core_os_3yr_event_top94_no_cancer_feature,os_3yr,within_cancer,208,1151,247,0.6832319134550371,0.5469352286765086
pooled_fixed,ALL_core_os_3yr_event_top94_no_cancer_feature,os_3yr,global,209,1151,247,0.412576064908722,0.3861227341494818
pooled_fixed,ALL_core_os_3yr_event_top94_no_cancer_feature,os_3yr,within_cancer,209,1151,247,0.6593982420554428,0.5477024628220794
pooled_fixed,ALL_core_os_3yr_event_top94_no_cancer_feature,os_3yr,global,210,1151,247,0.4757944557133198,0.4105789174169205
pooled_fixed,ALL_core_os_3yr_event_top94_no_cancer_feature,os_3yr,within_cancer,210,1151,247,0.6552738336713997,0.5124870472655194
pooled_fixed,ALL_core_os_3yr_event_top94_no_cancer_feature,os_3yr,global,211,1151,247,0.4847870182555781,0.3999948293505047
pooled_fixed,ALL_core_os_3yr_event_top94_no_cancer_feature,os_3yr,within_cancer,211,1151,247,0.7144354293441515,0.5909648714185445
pooled_fixed,ALL_core_os_3yr_event_top94_no_cancer_feature,os_3yr,global,212,1151,247,0.5316430020283975,0.4739308876921729
pooled_fixed,ALL_core_os_3yr_event_top94_no_cancer_feature,os_3yr,within_cancer,212,1151,247,0.6509127789046654,0.4991329794344299
pooled_fixed,ALL_core_os_3yr_event_top94_no_cancer_feature,os_3yr,global,213,1151,247,0.4607167004732927,0.390276450910721
pooled_fixed,ALL_core_os_3yr_event_top94_no_cancer_feature,os_3yr,within_cancer,213,1151,247,0.6881000676132522,0.5523224170496065
pooled_fixed,ALL_core_os_3yr_event_top94_no_cancer_feature,os_3yr,global,214,1151,247,0.5187964841108857,0.4278490565968305
pooled_fixed,ALL_core_os_3yr_event_top94_no_cancer_feature,os_3yr,within_cancer,214,1151,247,0.6656186612576065,0.5089931380080266
pooled_fixed,ALL_core_os_3yr_event_top94_no_cancer_feature,os_3yr,global,215,1151,247,0.5133874239350913,0.4227688567631187
pooled_fixed,ALL_core_os_3yr_event_top94_no_cancer_feature,os_3yr,within_cancer,215,1151,247,0.656524678837052,0.506654352208576
pooled_fixed,ALL_core_os_3yr_event_top94_no_cancer_feature,os_3yr,global,216,1151,247,0.5470588235294118,0.474961815317696
pooled_fixed,ALL_core_os_3yr_event_top94_no_cancer_feature,os_3yr,within_cancer,216,1151,247,0.6682217714672076,0.5337161331152348
pooled_fixed,ALL_core_os_3yr_event_top94_no_cancer_feature,os_3yr,global,217,1151,247,0.543813387423935,0.4629797947970282
pooled_fixed,ALL_core_os_3yr_event_top94_no_cancer_feature,os_3yr,within_cancer,217,1151,247,0.6489519945909399,0.4928756408055415
pooled_fixed,ALL_core_os_3yr_event_top94_no_cancer_feature,os_3yr,global,218,1151,247,0.6141987829614604,0.48836667226011
pooled_fixed,ALL_core_os_3yr_event_top94_no_cancer_feature,os_3yr,within_cancer,218,1151,247,0.6432724814063555,0.4936814486759158
pooled_fixed,ALL_core_os_3yr_event_top94_no_cancer_feature,os_3yr,global,219,1151,247,0.4531440162271805,0.3938666388174402
pooled_fixed,ALL_core_os_3yr_event_top94_no_cancer_feature,os_3yr,within_cancer,219,1151,247,0.6711291413116971,0.5311470823830531
pooled_fixed,ALL_core_os_3yr_event_top94_no_cancer_feature,os_3yr,global,220,1151,247,0.4847194050033807,0.4166852140859389
pooled_fixed,ALL_core_os_3yr_event_top94_no_cancer_feature,os_3yr,within_cancer,220,1151,247,0.6509465855307641,0.5153706351800453
pooled_fixed,ALL_core_os_3yr_event_top94_no_cancer_feature,os_3yr,global,221,1151,247,0.4991886409736308,0.4276421341787538
pooled_fixed,ALL_core_os_3yr_event_top94_no_cancer_feature,os_3yr,within_cancer,221,1151,247,0.7085192697768763,0.5723519206003459
pooled_fixed,ALL_core_os_3yr_event_top94_no_cancer_feature,os_3yr,global,222,1151,247,0.5017579445571332,0.416301024338936
pooled_fixed,ALL_core_os_3yr_event_top94_no_cancer_feature,os_3yr,within_cancer,222,1151,247,0.6769438810006762,0.5338412005315435
pooled_fixed,ALL_core_os_3yr_event_top94_no_cancer_feature,os_3yr,global,223,1151,247,0.4782285327924274,0.4085822027333708
pooled_fixed,ALL_core_os_3yr_event_top94_no_cancer_feature,os_3yr,within_cancer,223,1151,247,0.7054766734279918,0.5766307530838131
pooled_fixed,ALL_core_os_3yr_event_top94_no_cancer_feature,os_3yr,global,224,1151,247,0.5705882352941177,0.4815624886213754
pooled_fixed,ALL_core_os_3yr_event_top94_no_cancer_feature,os_3yr,within_cancer,224,1151,247,0.6536849222447599,0.5065885981047806
pooled_fixed,ALL_core_os_3yr_event_top94_no_cancer_feature,os_3yr,global,225,1151,247,0.5195402298850575,0.4569386967022271
pooled_fixed,ALL_core_os_3yr_event_top94_no_cancer_feature,os_3yr,within_cancer,225,1151,247,0.6720757268424611,0.5511327378574137
pooled_fixed,ALL_core_os_3yr_event_top94_no_cancer_feature,os_3yr,global,226,1151,247,0.4729546991210277,0.4123697625856795
pooled_fixed,ALL_core_os_3yr_event_top94_no_cancer_feature,os_3yr,within_cancer,226,1151,247,0.6384043272481407,0.4963315217483609
pooled_fixed,ALL_core_os_3yr_event_top94_no_cancer_feature,os_3yr,global,227,1151,247,0.4801893171061527,0.4004610225574331
pooled_fixed,ALL_core_os_3yr_event_top94_no_cancer_feature,os_3yr,within_cancer,227,1151,247,0.698444895199459,0.5589208877679118
pooled_fixed,ALL_core_os_3yr_event_top94_no_cancer_feature,os_3yr,global,228,1151,247,0.3695064232589587,0.3422917408361797
pooled_fixed,ALL_core_os_3yr_event_top94_no_cancer_feature,os_3yr,within_cancer,228,1151,247,0.6815415821501014,0.540746840517763
pooled_fixed,ALL_core_os_3yr_event_top94_no_cancer_feature,os_3yr,global,229,1151,247,0.5325219743069642,0.453030872164421
pooled_fixed,ALL_core_os_3yr_event_top94_no_cancer_feature,os_3yr,within_cancer,229,1151,247,0.6639621365787695,0.5245582039886143
pooled_fixed,ALL_core_os_3yr_event_top94_no_cancer_feature,os_3yr,global,230,1151,247,0.5517917511832319,0.4629566196457984
pooled_fixed,ALL_core_os_3yr_event_top94_no_cancer_feature,os_3yr,within_cancer,230,1151,247,0.6541582150101419,0.5308112983924822
pooled_fixed,ALL_core_os_3yr_event_top94_no_cancer_feature,os_3yr,global,231,1151,247,0.4469912102772143,0.3908459261782583
pooled_fixed,ALL_core_os_3yr_event_top94_no_cancer_feature,os_3yr,within_cancer,231,1151,247,0.6584178498985801,0.536248572266284
pooled_fixed,ALL_core_os_3yr_event_top94_no_cancer_feature,os_3yr,global,232,1151,247,0.5084516565246788,0.4248679864229892
pooled_fixed,ALL_core_os_3yr_event_top94_no_cancer_feature,os_3yr,within_cancer,232,1151,247,0.6957065584854633,0.5588462998502218
pooled_fixed,ALL_core_os_3yr_event_top94_no_cancer_feature,os_3yr,global,233,1151,247,0.5484787018255578,0.4438166743184727
pooled_fixed,ALL_core_os_3yr_event_top94_no_cancer_feature,os_3yr,within_cancer,233,1151,247,0.682420554428668,0.5459818873030573
pooled_fixed,ALL_core_os_3yr_event_top94_no_cancer_feature,os_3yr,global,234,1151,247,0.4374577417173766,0.3914962972187115
pooled_fixed,ALL_core_os_3yr_event_top94_no_cancer_feature,os_3yr,within_cancer,234,1151,247,0.7061528059499662,0.5845994299239862
pooled_fixed,ALL_core_os_3yr_event_top94_no_cancer_feature,os_3yr,global,235,1151,247,0.4630155510480053,0.4020138656476034
pooled_fixed,ALL_core_os_3yr_event_top94_no_cancer_feature,os_3yr,within_cancer,235,1151,247,0.6653820148749154,0.530140318890677
pooled_fixed,ALL_core_os_3yr_event_top94_no_cancer_feature,os_3yr,global,236,1151,247,0.5114942528735632,0.4477663481209542
pooled_fixed,ALL_core_os_3yr_event_top94_no_cancer_feature,os_3yr,within_cancer,236,1151,247,0.6681203515889115,0.5410176345339033
pooled_fixed,ALL_core_os_3yr_event_top94_no_cancer_feature,os_3yr,global,237,1151,247,0.5434753211629479,0.4618547474409637
pooled_fixed,ALL_core_os_3yr_event_top94_no_cancer_feature,os_3yr,within_cancer,237,1151,247,0.6746112237998648,0.5534101535755562
pooled_fixed,ALL_core_os_3yr_event_top94_no_cancer_feature,os_3yr,global,238,1151,247,0.4678160919540229,0.4049393266244849
pooled_fixed,ALL_core_os_3yr_event_top94_no_cancer_feature,os_3yr,within_cancer,238,1151,247,0.6881000676132523,0.5480766705866995
pooled_fixed,ALL_core_os_3yr_event_top94_no_cancer_feature,os_3yr,global,239,1151,247,0.4970926301555105,0.4506226681213191
pooled_fixed,ALL_core_os_3yr_event_top94_no_cancer_feature,os_3yr,within_cancer,239,1151,247,0.6918187964841108,0.571132606136611
pooled_fixed,ALL_core_os_3yr_event_top94_no_cancer_feature,os_3yr,global,240,1151,247,0.5020283975659229,0.4321913369181575
pooled_fixed,ALL_core_os_3yr_event_top94_no_cancer_feature,os_3yr,within_cancer,240,1151,247,0.6375253549695741,0.5110522950518086
pooled_fixed,ALL_core_os_3yr_event_top94_no_cancer_feature,os_3yr,global,241,1151,247,0.4640973630831643,0.3955908656419064
pooled_fixed,ALL_core_os_3yr_event_top94_no_cancer_feature,os_3yr,within_cancer,241,1151,247,0.6945233265720081,0.5729336802168843
pooled_fixed,ALL_core_os_3yr_event_top94_no_cancer_feature,os_3yr,global,242,1151,247,0.5584854631507774,0.4656258240758342
pooled_fixed,ALL_core_os_3yr_event_top94_no_cancer_feature,os_3yr,within_cancer,242,1151,247,0.6649087221095336,0.5111053224956399
pooled_fixed,ALL_core_os_3yr_event_top94_no_cancer_feature,os_3yr,global,243,1151,247,0.4912102772143339,0.4257024120113248
pooled_fixed,ALL_core_os_3yr_event_top94_no_cancer_feature,os_3yr,within_cancer,243,1151,247,0.6306288032454361,0.4902135779754279
pooled_fixed,ALL_core_os_3yr_event_top94_no_cancer_feature,os_3yr,global,244,1151,247,0.4140635564570656,0.3727695180248788
pooled_fixed,ALL_core_os_3yr_event_top94_no_cancer_feature,os_3yr,within_cancer,244,1151,247,0.612237998647735,0.4636442151162891
pooled_fixed,ALL_core_os_3yr_event_top94_no_cancer_feature,os_3yr,global,245,1151,247,0.5153482082488168,0.4283023787067312
pooled_fixed,ALL_core_os_3yr_event_top94_no_cancer_feature,os_3yr,within_cancer,245,1151,247,0.6650101419878296,0.5115303966234505
pooled_fixed,ALL_core_os_3yr_event_top94_no_cancer_feature,os_3yr,global,246,1151,247,0.5100743745774172,0.4308986180909202
pooled_fixed,ALL_core_os_3yr_event_top94_no_cancer_feature,os_3yr,within_cancer,246,1151,247,0.6572008113590264,0.515742835924663
pooled_fixed,ALL_core_os_3yr_event_top94_no_cancer_feature,os_3yr,global,247,1151,247,0.5323191345503719,0.4311155824821668
pooled_fixed,ALL_core_os_3yr_event_top94_no_cancer_feature,os_3yr,within_cancer,247,1151,247,0.6780594996619338,0.5608282902646717
pooled_fixed,ALL_core_os_3yr_event_top94_no_cancer_feature,os_3yr,global,248,1151,247,0.4306964164976335,0.3815982087242883
pooled_fixed,ALL_core_os_3yr_event_top94_no_cancer_feature,os_3yr,within_cancer,248,1151,247,0.6634888438133875,0.5325407980718253
pooled_fixed,ALL_core_os_3yr_event_top94_no_cancer_feature,os_3yr,global,249,1151,247,0.4128465179175118,0.3655111288998777
pooled_fixed,ALL_core_os_3yr_event_top94_no_cancer_feature,os_3yr,within_cancer,249,1151,247,0.6582150101419878,0.5227307680684585
pooled_fixed,ALL_core_os_3yr_event_top94_no_cancer_feature,os_3yr,global,250,1151,247,0.4665314401622717,0.410844745679583
pooled_fixed,ALL_core_os_3yr_event_top94_no_cancer_feature,os_3yr,within_cancer,250,1151,247,0.6755240027045301,0.5754663417769357
pooled_fixed,ALL_core_os_3yr_event_top94_no_cancer_feature,os_3yr,global,251,1151,247,0.5058823529411764,0.4207178370026943
pooled_fixed,ALL_core_os_3yr_event_top94_no_cancer_feature,os_3yr,within_cancer,251,1151,247,0.6569303583502366,0.5334170244188988
pooled_fixed,ALL_core_os_3yr_event_top94_no_cancer_feature,os_3yr,global,252,1151,247,0.5068965517241378,0.4384201857738793
pooled_fixed,ALL_core_os_3yr_event_top94_no_cancer_feature,os_3yr,within_cancer,252,1151,247,0.6860716700473293,0.5556676820775482
pooled_fixed,ALL_core_os_3yr_event_top94_no_cancer_feature,os_3yr,global,253,1151,247,0.5137931034482759,0.4364274112279258
pooled_fixed,ALL_core_os_3yr_event_top94_no_cancer_feature,os_3yr,within_cancer,253,1151,247,0.674340770791075,0.5293503163491724
pooled_fixed,ALL_core_os_3yr_event_top94_no_cancer_feature,os_3yr,global,254,1151,247,0.4118999323867479,0.364045939423277
pooled_fixed,ALL_core_os_3yr_event_top94_no_cancer_feature,os_3yr,within_cancer,254,1151,247,0.6663286004056794,0.530670298029768
pooled_fixed,ALL_core_os_3yr_event_top94_no_cancer_feature,os_3yr,global,255,1151,247,0.4221095334685598,0.3817821022815403
pooled_fixed,ALL_core_os_3yr_event_top94_no_cancer_feature,os_3yr,within_cancer,255,1151,247,0.6556457065584855,0.5319979762149945
pooled_fixed,ALL_core_os_3yr_event_top94_no_cancer_feature,os_3yr,global,256,1151,247,0.4439486139283299,0.3985162838221313
pooled_fixed,ALL_core_os_3yr_event_top94_no_cancer_feature,os_3yr,within_cancer,256,1151,247,0.6875591615956728,0.5582551712884352
pooled_fixed,ALL_core_os_3yr_event_top94_no_cancer_feature,os_3yr,global,257,1151,247,0.497498309668695,0.4242514715301079
pooled_fixed,ALL_core_os_3yr_event_top94_no_cancer_feature,os_3yr,within_cancer,257,1151,247,0.6768762677484786,0.5349325904296018
pooled_fixed,ALL_core_os_3yr_event_top94_no_cancer_feature,os_3yr,global,258,1151,247,0.5183908045977011,0.4539861137234973
pooled_fixed,ALL_core_os_3yr_event_top94_no_cancer_feature,os_3yr,within_cancer,258,1151,247,0.7077755240027046,0.5923895591894328
pooled_fixed,ALL_core_os_3yr_event_top94_no_cancer_feature,os_3yr,global,259,1151,247,0.4753211629479377,0.4058728422024788
pooled_fixed,ALL_core_os_3yr_event_top94_no_cancer_feature,os_3yr,within_cancer,259,1151,247,0.6862068965517241,0.5598316973579258
pooled_fixed,ALL_core_os_3yr_event_top94_no_cancer_feature,os_3yr,global,260,1151,247,0.5890466531440162,0.521992009701917
pooled_fixed,ALL_core_os_3yr_event_top94_no_cancer_feature,os_3yr,within_cancer,260,1151,247,0.7299526707234617,0.6092766303158677
pooled_fixed,ALL_core_os_3yr_event_top94_no_cancer_feature,os_3yr,global,261,1151,247,0.5673427991886411,0.4617233270121411
pooled_fixed,ALL_core_os_3yr_event_top94_no_cancer_feature,os_3yr,within_cancer,261,1151,247,0.6370182555780933,0.4879396141210238
pooled_fixed,ALL_core_os_3yr_event_top94_no_cancer_feature,os_3yr,global,262,1151,247,0.4932386747802569,0.4165188782143713
pooled_fixed,ALL_core_os_3yr_event_top94_no_cancer_feature,os_3yr,within_cancer,262,1151,247,0.6691683569979715,0.5404770213656291
pooled_fixed,ALL_core_os_3yr_event_top94_no_cancer_feature,os_3yr,global,263,1151,247,0.4592292089249493,0.3910488361516446
pooled_fixed,ALL_core_os_3yr_event_top94_no_cancer_feature,os_3yr,within_cancer,263,1151,247,0.6414131169709263,0.4932849865610171
pooled_fixed,ALL_core_os_3yr_event_top94_no_cancer_feature,os_3yr,global,264,1151,247,0.5086544962812711,0.4266537691750965
pooled_fixed,ALL_core_os_3yr_event_top94_no_cancer_feature,os_3yr,within_cancer,264,1151,247,0.6579107505070994,0.525103929205081
pooled_fixed,ALL_core_os_3yr_event_top94_no_cancer_feature,os_3yr,global,265,1151,247,0.5179175118323192,0.4514619460415089
pooled_fixed,ALL_core_os_3yr_event_top94_no_cancer_feature,os_3yr,within_cancer,265,1151,247,0.7010480054090601,0.5801748148830053
pooled_fixed,ALL_core_os_3yr_event_top94_no_cancer_feature,os_3yr,global,266,1151,247,0.4576064908722109,0.3959724968924714
pooled_fixed,ALL_core_os_3yr_event_top94_no_cancer_feature,os_3yr,within_cancer,266,1151,247,0.6799864773495605,0.5824944881537779
pooled_fixed,ALL_core_os_3yr_event_top94_no_cancer_feature,os_3yr,global,267,1151,247,0.4659229208924949,0.386150764814504
pooled_fixed,ALL_core_os_3yr_event_top94_no_cancer_feature,os_3yr,within_cancer,267,1151,247,0.6861730899256254,0.5544532304511955
pooled_fixed,ALL_core_os_3yr_event_top94_no_cancer_feature,os_3yr,global,268,1151,247,0.5363759296822177,0.4380388003741001
pooled_fixed,ALL_core_os_3yr_event_top94_no_cancer_feature,os_3yr,within_cancer,268,1151,247,0.6880662609871535,0.552891253927196
pooled_fixed,ALL_core_os_3yr_event_top94_no_cancer_feature,os_3yr,global,269,1151,247,0.4494929006085193,0.3989263928175045
pooled_fixed,ALL_core_os_3yr_event_top94_no_cancer_feature,os_3yr,within_cancer,269,1151,247,0.6703853955375253,0.5369464759664053
pooled_fixed,ALL_core_os_3yr_event_top94_no_cancer_feature,os_3yr,global,270,1151,247,0.5872210953346856,0.4675388788352395
pooled_fixed,ALL_core_os_3yr_event_top94_no_cancer_feature,os_3yr,within_cancer,270,1151,247,0.6341784989858011,0.5095761859549303
pooled_fixed,ALL_core_os_3yr_event_top94_no_cancer_feature,os_3yr,global,271,1151,247,0.5409060175794456,0.4652981149016072
pooled_fixed,ALL_core_os_3yr_event_top94_no_cancer_feature,os_3yr,within_cancer,271,1151,247,0.6671399594320486,0.5448028753618601
pooled_fixed,ALL_core_os_3yr_event_top94_no_cancer_feature,os_3yr,global,272,1151,247,0.4691007437457741,0.4072827285597007
pooled_fixed,ALL_core_os_3yr_event_top94_no_cancer_feature,os_3yr,within_cancer,272,1151,247,0.6538201487491548,0.5118619347419413
pooled_fixed,ALL_core_os_3yr_event_top94_no_cancer_feature,os_3yr,global,273,1151,247,0.4686950642325896,0.4047887518729051
pooled_fixed,ALL_core_os_3yr_event_top94_no_cancer_feature,os_3yr,within_cancer,273,1151,247,0.6649425287356323,0.5341205962270046
pooled_fixed,ALL_core_os_3yr_event_top94_no_cancer_feature,os_3yr,global,274,1151,247,0.5213657876943881,0.4492094594100161
pooled_fixed,ALL_core_os_3yr_event_top94_no_cancer_feature,os_3yr,within_cancer,274,1151,247,0.6704530087897228,0.5280465000193928
pooled_fixed,ALL_core_os_3yr_event_top94_no_cancer_feature,os_3yr,global,275,1151,247,0.4291413116970926,0.3797297677293881
pooled_fixed,ALL_core_os_3yr_event_top94_no_cancer_feature,os_3yr,within_cancer,275,1151,247,0.684787018255578,0.5635044451877563
pooled_fixed,ALL_core_os_3yr_event_top94_no_cancer_feature,os_3yr,global,276,1151,247,0.5592292089249493,0.4849109576635015
pooled_fixed,ALL_core_os_3yr_event_top94_no_cancer_feature,os_3yr,within_cancer,276,1151,247,0.6652467883705205,0.5328120739901955
pooled_fixed,ALL_core_os_3yr_event_top94_no_cancer_feature,os_3yr,global,277,1151,247,0.4530764029749831,0.380292204154987
pooled_fixed,ALL_core_os_3yr_event_top94_no_cancer_feature,os_3yr,within_cancer,277,1151,247,0.6548343475321163,0.5392954841014218
pooled_fixed,ALL_core_os_3yr_event_top94_no_cancer_feature,os_3yr,global,278,1151,247,0.4768762677484787,0.4052976322820996
pooled_fixed,ALL_core_os_3yr_event_top94_no_cancer_feature,os_3yr,within_cancer,278,1151,247,0.6908722109533468,0.5829935226947043
pooled_fixed,ALL_core_os_3yr_event_top94_no_cancer_feature,os_3yr,global,279,1151,247,0.5248816768086545,0.4441008607618134
pooled_fixed,ALL_core_os_3yr_event_top94_no_cancer_feature,os_3yr,within_cancer,279,1151,247,0.6741717376605814,0.5378778018963034
pooled_fixed,ALL_core_os_3yr_event_top94_no_cancer_feature,os_3yr,global,280,1151,247,0.5496281271129142,0.4520072965499304
pooled_fixed,ALL_core_os_3yr_event_top94_no_cancer_feature,os_3yr,within_cancer,280,1151,247,0.6497971602434077,0.501544906589698
pooled_fixed,ALL_core_os_3yr_event_top94_no_cancer_feature,os_3yr,global,281,1151,247,0.4269776876267748,0.3938475350928876
pooled_fixed,ALL_core_os_3yr_event_top94_no_cancer_feature,os_3yr,within_cancer,281,1151,247,0.6793103448275862,0.5527717700946799
pooled_fixed,ALL_core_os_3yr_event_top94_no_cancer_feature,os_3yr,global,282,1151,247,0.4576064908722109,0.4046877498484001
pooled_fixed,ALL_core_os_3yr_event_top94_no_cancer_feature,os_3yr,within_cancer,282,1151,247,0.6873225152129817,0.5436680768871154
pooled_fixed,ALL_core_os_3yr_event_top94_no_cancer_feature,os_3yr,global,283,1151,247,0.4310344827586207,0.3776346871993784
pooled_fixed,ALL_core_os_3yr_event_top94_no_cancer_feature,os_3yr,within_cancer,283,1151,247,0.6540906017579445,0.5389737362760201
pooled_fixed,ALL_core_os_3yr_event_top94_no_cancer_feature,os_3yr,global,284,1151,247,0.4342799188640973,0.369729067102614
pooled_fixed,ALL_core_os_3yr_event_top94_no_cancer_feature,os_3yr,within_cancer,284,1151,247,0.735158891142664,0.6191901302730449
pooled_fixed,ALL_core_os_3yr_event_top94_no_cancer_feature,os_3yr,global,285,1151,247,0.4160919540229885,0.366996082238048
pooled_fixed,ALL_core_os_3yr_event_top94_no_cancer_feature,os_3yr,within_cancer,285,1151,247,0.6849898580121704,0.5736513377732155
pooled_fixed,ALL_core_os_3yr_event_top94_no_cancer_feature,os_3yr,global,286,1151,247,0.4699121027721433,0.4104946162844713
pooled_fixed,ALL_core_os_3yr_event_top94_no_cancer_feature,os_3yr,within_cancer,286,1151,247,0.6476673427991887,0.4869017771436723
pooled_fixed,ALL_core_os_3yr_event_top94_no_cancer_feature,os_3yr,global,287,1151,247,0.4700473292765382,0.4109409794857567
pooled_fixed,ALL_core_os_3yr_event_top94_no_cancer_feature,os_3yr,within_cancer,287,1151,247,0.67315753887762,0.5401995569776811
pooled_fixed,ALL_core_os_3yr_event_top94_no_cancer_feature,os_3yr,global,288,1151,247,0.4832319134550372,0.4267178493046201
pooled_fixed,ALL_core_os_3yr_event_top94_no_cancer_feature,os_3yr,within_cancer,288,1151,247,0.6723123732251521,0.5375885100050048
pooled_fixed,ALL_core_os_3yr_event_top94_no_cancer_feature,os_3yr,global,289,1151,247,0.5022988505747126,0.4315813966776518
pooled_fixed,ALL_core_os_3yr_event_top94_no_cancer_feature,os_3yr,within_cancer,289,1151,247,0.6473292765382015,0.5010692342119285
pooled_fixed,ALL_core_os_3yr_event_top94_no_cancer_feature,os_3yr,global,290,1151,247,0.5167004732927654,0.4333826848259698
pooled_fixed,ALL_core_os_3yr_event_top94_no_cancer_feature,os_3yr,within_cancer,290,1151,247,0.6768762677484788,0.5406678897731704
pooled_fixed,ALL_core_os_3yr_event_top94_no_cancer_feature,os_3yr,global,291,1151,247,0.4538201487491549,0.4287752074966218
pooled_fixed,ALL_core_os_3yr_event_top94_no_cancer_feature,os_3yr,within_cancer,291,1151,247,0.6271805273833672,0.4839275657370927
pooled_fixed,ALL_core_os_3yr_event_top94_no_cancer_feature,os_3yr,global,292,1151,247,0.5858012170385395,0.4961608927779469
pooled_fixed,ALL_core_os_3yr_event_top94_no_cancer_feature,os_3yr,within_cancer,292,1151,247,0.7019607843137254,0.5830190238758501
pooled_fixed,ALL_core_os_3yr_event_top94_no_cancer_feature,os_3yr,global,293,1151,247,0.4363083164300202,0.3713731179389382
pooled_fixed,ALL_core_os_3yr_event_top94_no_cancer_feature,os_3yr,within_cancer,293,1151,247,0.6308992562542258,0.5023912468382095
pooled_fixed,ALL_core_os_3yr_event_top94_no_cancer_feature,os_3yr,global,294,1151,247,0.4729546991210278,0.4133379756143616
pooled_fixed,ALL_core_os_3yr_event_top94_no_cancer_feature,os_3yr,within_cancer,294,1151,247,0.6469912102772144,0.5398571546385378
pooled_fixed,ALL_core_os_3yr_event_top94_no_cancer_feature,os_3yr,global,295,1151,247,0.4630831643002028,0.3922111791893142
pooled_fixed,ALL_core_os_3yr_event_top94_no_cancer_feature,os_3yr,within_cancer,295,1151,247,0.6943204868154158,0.5760158635647856
pooled_fixed,ALL_core_os_3yr_event_top94_no_cancer_feature,os_3yr,global,296,1151,247,0.4313725490196078,0.3929007537507486
pooled_fixed,ALL_core_os_3yr_event_top94_no_cancer_feature,os_3yr,within_cancer,296,1151,247,0.6259634888438134,0.4798609975730322
pooled_fixed,ALL_core_os_3yr_event_top94_no_cancer_feature,os_3yr,global,297,1151,247,0.4954699121027721,0.4146381276225682
pooled_fixed,ALL_core_os_3yr_event_top94_no_cancer_feature,os_3yr,within_cancer,297,1151,247,0.6720419202163624,0.5376693008136875
pooled_fixed,ALL_core_os_3yr_event_top94_no_cancer_feature,os_3yr,global,298,1151,247,0.5766734279918865,0.4924616312908634
pooled_fixed,ALL_core_os_3yr_event_top94_no_cancer_feature,os_3yr,within_cancer,298,1151,247,0.6585192697768762,0.4933383899251793
pooled_fixed,ALL_core_os_3yr_event_top94_no_cancer_feature,os_3yr,global,299,1151,247,0.5228532792427316,0.4315765192866692
pooled_fixed,ALL_core_os_3yr_event_top94_no_cancer_feature,os_3yr,within_cancer,299,1151,247,0.6603448275862068,0.507437875163169
pooled_fixed,ALL_core_os_3yr_event_top94_no_cancer_feature,os_3yr,global,300,1151,247,0.5193373901284652,0.4320817660756303
pooled_fixed,ALL_core_os_3yr_event_top94_no_cancer_feature,os_3yr,within_cancer,300,1151,247,0.6638269100743746,0.5235440421492947
pooled_fixed,ALL_core_os_3yr_event_top94_no_cancer_feature,os_3yr,global,301,1151,247,0.4672075726842461,0.3815831449350929
pooled_fixed,ALL_core_os_3yr_event_top94_no_cancer_feature,os_3yr,within_cancer,301,1151,247,0.6374915483434753,0.4992862411582152
pooled_fixed,ALL_core_os_3yr_event_top94_no_cancer_feature,os_3yr,global,302,1151,247,0.4421906693711968,0.4017794701963093
pooled_fixed,ALL_core_os_3yr_event_top94_no_cancer_feature,os_3yr,within_cancer,302,1151,247,0.6954699121027721,0.5462789382288532
pooled_fixed,ALL_core_os_3yr_event_top94_no_cancer_feature,os_3yr,global,303,1151,247,0.4773495605138607,0.4386432115007016
pooled_fixed,ALL_core_os_3yr_event_top94_no_cancer_feature,os_3yr,within_cancer,303,1151,247,0.6836375929682218,0.537313752640306
pooled_fixed,ALL_core_os_3yr_event_top94_no_cancer_feature,os_3yr,global,304,1151,247,0.5716024340770791,0.4709349090190604
pooled_fixed,ALL_core_os_3yr_event_top94_no_cancer_feature,os_3yr,within_cancer,304,1151,247,0.6902974983096686,0.5358750169327565
pooled_fixed,ALL_core_os_3yr_event_top94_no_cancer_feature,os_3yr,global,305,1151,247,0.4367139959432048,0.4344424772779601
pooled_fixed,ALL_core_os_3yr_event_top94_no_cancer_feature,os_3yr,within_cancer,305,1151,247,0.6672075726842461,0.5504590560106594
pooled_fixed,ALL_core_os_3yr_event_top94_no_cancer_feature,os_3yr,global,306,1151,247,0.4633536173089925,0.4136211838532208
pooled_fixed,ALL_core_os_3yr_event_top94_no_cancer_feature,os_3yr,within_cancer,306,1151,247,0.6627789046653144,0.5473367879729146
pooled_fixed,ALL_core_os_3yr_event_top94_no_cancer_feature,os_3yr,global,307,1151,247,0.4720757268424611,0.4264466684503204
pooled_fixed,ALL_core_os_3yr_event_top94_no_cancer_feature,os_3yr,within_cancer,307,1151,247,0.7100743745774172,0.5856690370727499
pooled_fixed,ALL_core_os_3yr_event_top94_no_cancer_feature,os_3yr,global,308,1151,247,0.5842461122379987,0.4660974615536404
pooled_fixed,ALL_core_os_3yr_event_top94_no_cancer_feature,os_3yr,within_cancer,308,1151,247,0.6798174442190669,0.5516328861454589
pooled_fixed,ALL_core_os_3yr_event_top94_no_cancer_feature,os_3yr,global,309,1151,247,0.4542258282623394,0.4110689510314453
pooled_fixed,ALL_core_os_3yr_event_top94_no_cancer_feature,os_3yr,within_cancer,309,1151,247,0.6782285327924275,0.542376154584575
pooled_fixed,ALL_core_os_3yr_event_top94_no_cancer_feature,os_3yr,global,310,1151,247,0.5219743069641649,0.43909317788788
pooled_fixed,ALL_core_os_3yr_event_top94_no_cancer_feature,os_3yr,within_cancer,310,1151,247,0.6544624746450304,0.5210775340621852
pooled_fixed,ALL_core_os_3yr_event_top94_no_cancer_feature,os_3yr,global,311,1151,247,0.4885733603786342,0.4066138296259208
pooled_fixed,ALL_core_os_3yr_event_top94_no_cancer_feature,os_3yr,within_cancer,311,1151,247,0.7083840432724813,0.5852121434715729
pooled_fixed,ALL_core_os_3yr_event_top94_no_cancer_feature,os_3yr,global,312,1151,247,0.4657200811359027,0.4089278833951463
pooled_fixed,ALL_core_os_3yr_event_top94_no_cancer_feature,os_3yr,within_cancer,312,1151,247,0.6776200135226503,0.527383515418165
pooled_fixed,ALL_core_os_3yr_event_top94_no_cancer_feature,os_3yr,global,313,1151,247,0.6220419202163624,0.5165973092468878
pooled_fixed,ALL_core_os_3yr_event_top94_no_cancer_feature,os_3yr,within_cancer,313,1151,247,0.6819810682893847,0.5334722692733176
pooled_fixed,ALL_core_os_3yr_event_top94_no_cancer_feature,os_3yr,global,314,1151,247,0.4985125084516565,0.4182630896395884
pooled_fixed,ALL_core_os_3yr_event_top94_no_cancer_feature,os_3yr,within_cancer,314,1151,247,0.6643002028397565,0.5208884843880083
pooled_fixed,ALL_core_os_3yr_event_top94_no_cancer_feature,os_3yr,global,315,1151,247,0.6268424611223801,0.514932321982072
pooled_fixed,ALL_core_os_3yr_event_top94_no_cancer_feature,os_3yr,within_cancer,315,1151,247,0.6402298850574712,0.5207628493951504
pooled_fixed,ALL_core_os_3yr_event_top94_no_cancer_feature,os_3yr,global,316,1151,247,0.4700473292765382,0.4145838961664448
pooled_fixed,ALL_core_os_3yr_event_top94_no_cancer_feature,os_3yr,within_cancer,316,1151,247,0.6699797160243406,0.5313884384624197
pooled_fixed,ALL_core_os_3yr_event_top94_no_cancer_feature,os_3yr,global,317,1151,247,0.5341446923597024,0.4587324570672656
pooled_fixed,ALL_core_os_3yr_event_top94_no_cancer_feature,os_3yr,within_cancer,317,1151,247,0.6567275185936443,0.5159077123288474
pooled_fixed,ALL_core_os_3yr_event_top94_no_cancer_feature,os_3yr,global,318,1151,247,0.5192697768762677,0.4469616397197873
pooled_fixed,ALL_core_os_3yr_event_top94_no_cancer_feature,os_3yr,within_cancer,318,1151,247,0.6978363759296823,0.5589680298435914
pooled_fixed,ALL_core_os_3yr_event_top94_no_cancer_feature,os_3yr,global,319,1151,247,0.404868154158215,0.356369447199767
pooled_fixed,ALL_core_os_3yr_event_top94_no_cancer_feature,os_3yr,within_cancer,319,1151,247,0.6812711291413116,0.5535567367405712
pooled_fixed,ALL_core_os_3yr_event_top94_no_cancer_feature,os_3yr,global,320,1151,247,0.5523326572008114,0.4555487849987656
pooled_fixed,ALL_core_os_3yr_event_top94_no_cancer_feature,os_3yr,within_cancer,320,1151,247,0.6801217038539554,0.5633137699237356
pooled_fixed,ALL_core_os_3yr_event_top94_no_cancer_feature,os_3yr,global,321,1151,247,0.5121703853955375,0.4385325761302069
pooled_fixed,ALL_core_os_3yr_event_top94_no_cancer_feature,os_3yr,within_cancer,321,1151,247,0.6325895875591617,0.5030665170620653
pooled_fixed,ALL_core_os_3yr_event_top94_no_cancer_feature,os_3yr,global,322,1151,247,0.4789046653144016,0.4053264408556308
pooled_fixed,ALL_core_os_3yr_event_top94_no_cancer_feature,os_3yr,within_cancer,322,1151,247,0.7374577417173767,0.6534360978262387
pooled_fixed,ALL_core_os_3yr_event_top94_no_cancer_feature,os_3yr,global,323,1151,247,0.4939824205544287,0.4021115175138479
pooled_fixed,ALL_core_os_3yr_event_top94_no_cancer_feature,os_3yr,within_cancer,323,1151,247,0.6480730223123732,0.51071255979944
pooled_fixed,ALL_core_os_3yr_event_top94_no_cancer_feature,os_3yr,global,324,1151,247,0.4368492224475997,0.3755967079336209
pooled_fixed,ALL_core_os_3yr_event_top94_no_cancer_feature,os_3yr,within_cancer,324,1151,247,0.6870182555780934,0.5595755722916798
pooled_fixed,ALL_core_os_3yr_event_top94_no_cancer_feature,os_3yr,global,325,1151,247,0.4841784989858012,0.4086501769603367
pooled_fixed,ALL_core_os_3yr_event_top94_no_cancer_feature,os_3yr,within_cancer,325,1151,247,0.6612237998647734,0.5466588356139146
pooled_fixed,ALL_core_os_3yr_event_top94_no_cancer_feature,os_3yr,global,326,1151,247,0.4993914807302231,0.4134918046910499
pooled_fixed,ALL_core_os_3yr_event_top94_no_cancer_feature,os_3yr,within_cancer,326,1151,247,0.6792427315753887,0.5610424526979763
pooled_fixed,ALL_core_os_3yr_event_top94_no_cancer_feature,os_3yr,global,327,1151,247,0.5840432724814064,0.4795454314188359
pooled_fixed,ALL_core_os_3yr_event_top94_no_cancer_feature,os_3yr,within_cancer,327,1151,247,0.6714672075726842,0.5155634059914067
pooled_fixed,ALL_core_os_3yr_event_top94_no_cancer_feature,os_3yr,global,328,1151,247,0.4999323867478025,0.4410939568606553
pooled_fixed,ALL_core_os_3yr_event_top94_no_cancer_feature,os_3yr,within_cancer,328,1151,247,0.6156862745098038,0.4789534227443316
pooled_fixed,ALL_core_os_3yr_event_top94_no_cancer_feature,os_3yr,global,329,1151,247,0.5569303583502366,0.4909516634426319
pooled_fixed,ALL_core_os_3yr_event_top94_no_cancer_feature,os_3yr,within_cancer,329,1151,247,0.7308316430020283,0.6037370006880433
pooled_fixed,ALL_core_os_3yr_event_top94_no_cancer_feature,os_3yr,global,330,1151,247,0.4622041920216362,0.4096218921671983
pooled_fixed,ALL_core_os_3yr_event_top94_no_cancer_feature,os_3yr,within_cancer,330,1151,247,0.6715686274509804,0.5611932028732772
pooled_fixed,ALL_core_os_3yr_event_top94_no_cancer_feature,os_3yr,global,331,1151,247,0.4738336713995942,0.3998228639417162
pooled_fixed,ALL_core_os_3yr_event_top94_no_cancer_feature,os_3yr,within_cancer,331,1151,247,0.6456727518593645,0.5036594554653638
pooled_fixed,ALL_core_os_3yr_event_top94_no_cancer_feature,os_3yr,global,332,1151,247,0.437390128465179,0.379383230704153
pooled_fixed,ALL_core_os_3yr_event_top94_no_cancer_feature,os_3yr,within_cancer,332,1151,247,0.6206558485463152,0.4738612994923036
pooled_fixed,ALL_core_os_3yr_event_top94_no_cancer_feature,os_3yr,global,333,1151,247,0.5078431372549019,0.4471372707933249
pooled_fixed,ALL_core_os_3yr_event_top94_no_cancer_feature,os_3yr,within_cancer,333,1151,247,0.6160919540229886,0.4819512155196811
pooled_fixed,ALL_core_os_3yr_event_top94_no_cancer_feature,os_3yr,global,334,1151,247,0.4881676808654496,0.4241728073659995
pooled_fixed,ALL_core_os_3yr_event_top94_no_cancer_feature,os_3yr,within_cancer,334,1151,247,0.6538877620013522,0.5040800301351389
pooled_fixed,ALL_core_os_3yr_event_top94_no_cancer_feature,os_3yr,global,335,1151,247,0.6006761325219743,0.492883878153411
pooled_fixed,ALL_core_os_3yr_event_top94_no_cancer_feature,os_3yr,within_cancer,335,1151,247,0.6767410412440839,0.5411339249625163
pooled_fixed,ALL_core_os_3yr_event_top94_no_cancer_feature,os_3yr,global,336,1151,247,0.5549695740365111,0.438974217626605
pooled_fixed,ALL_core_os_3yr_event_top94_no_cancer_feature,os_3yr,within_cancer,336,1151,247,0.6262001352265044,0.481846189097264
pooled_fixed,ALL_core_os_3yr_event_top94_no_cancer_feature,os_3yr,global,337,1151,247,0.3961798512508451,0.3591766555462694
pooled_fixed,ALL_core_os_3yr_event_top94_no_cancer_feature,os_3yr,within_cancer,337,1151,247,0.6626098715348209,0.5243777773030127
pooled_fixed,ALL_core_os_3yr_event_top94_no_cancer_feature,os_3yr,global,338,1151,247,0.4811359026369169,0.4195118643666544
pooled_fixed,ALL_core_os_3yr_event_top94_no_cancer_feature,os_3yr,within_cancer,338,1151,247,0.6793103448275863,0.5569475528093867
pooled_fixed,ALL_core_os_3yr_event_top94_no_cancer_feature,os_3yr,global,339,1151,247,0.4862068965517241,0.4283563293728512
pooled_fixed,ALL_core_os_3yr_event_top94_no_cancer_feature,os_3yr,within_cancer,339,1151,247,0.6622041920216362,0.5367493366330992
pooled_fixed,ALL_core_os_3yr_event_top94_no_cancer_feature,os_3yr,global,340,1151,247,0.4574712643678161,0.3885470977680025
pooled_fixed,ALL_core_os_3yr_event_top94_no_cancer_feature,os_3yr,within_cancer,340,1151,247,0.6627450980392158,0.5087099357146789
pooled_fixed,ALL_core_os_3yr_event_top94_no_cancer_feature,os_3yr,global,341,1151,247,0.4499661933739013,0.4042411758292191
pooled_fixed,ALL_core_os_3yr_event_top94_no_cancer_feature,os_3yr,within_cancer,341,1151,247,0.69263015551048,0.5470784498005697
pooled_fixed,ALL_core_os_3yr_event_top94_no_cancer_feature,os_3yr,global,342,1151,247,0.4873563218390804,0.4053997629147416
pooled_fixed,ALL_core_os_3yr_event_top94_no_cancer_feature,os_3yr,within_cancer,342,1151,247,0.6822177146720757,0.564621806837794
pooled_fixed,ALL_core_os_3yr_event_top94_no_cancer_feature,os_3yr,global,343,1151,247,0.4279918864097363,0.3728233111812772
pooled_fixed,ALL_core_os_3yr_event_top94_no_cancer_feature,os_3yr,within_cancer,343,1151,247,0.6804935767410413,0.5344229304366127
pooled_fixed,ALL_core_os_3yr_event_top94_no_cancer_feature,os_3yr,global,344,1151,247,0.4899256254225828,0.4304597697969563
pooled_fixed,ALL_core_os_3yr_event_top94_no_cancer_feature,os_3yr,within_cancer,344,1151,247,0.6668018931710614,0.5257927115743332
pooled_fixed,ALL_core_os_3yr_event_top94_no_cancer_feature,os_3yr,global,345,1151,247,0.4419202163624071,0.3969475039533872
pooled_fixed,ALL_core_os_3yr_event_top94_no_cancer_feature,os_3yr,within_cancer,345,1151,247,0.6581135902636917,0.5032794444679577
pooled_fixed,ALL_core_os_3yr_event_top94_no_cancer_feature,os_3yr,global,346,1151,247,0.5150101419878297,0.4248196542625615
pooled_fixed,ALL_core_os_3yr_event_top94_no_cancer_feature,os_3yr,within_cancer,346,1151,247,0.6809330628803244,0.5618825619133381
pooled_fixed,ALL_core_os_3yr_event_top94_no_cancer_feature,os_3yr,global,347,1151,247,0.5357674104124408,0.4493997948183026
pooled_fixed,ALL_core_os_3yr_event_top94_no_cancer_feature,os_3yr,within_cancer,347,1151,247,0.6951994590939825,0.5769859401184972
pooled_fixed,ALL_core_os_3yr_event_top94_no_cancer_feature,os_3yr,global,348,1151,247,0.5088573360378634,0.424070847509005
pooled_fixed,ALL_core_os_3yr_event_top94_no_cancer_feature,os_3yr,within_cancer,348,1151,247,0.6494252873563219,0.5066407235451765
pooled_fixed,ALL_core_os_3yr_event_top94_no_cancer_feature,os_3yr,global,349,1151,247,0.5442190669371196,0.4324367426231735
pooled_fixed,ALL_core_os_3yr_event_top94_no_cancer_feature,os_3yr,within_cancer,349,1151,247,0.6420892494929007,0.498065310115471
pooled_fixed,ALL_core_os_3yr_event_top94_no_cancer_feature,os_3yr,global,350,1151,247,0.5206896551724137,0.4503721259219392
pooled_fixed,ALL_core_os_3yr_event_top94_no_cancer_feature,os_3yr,within_cancer,350,1151,247,0.6536849222447599,0.5283475112135203
pooled_fixed,ALL_core_os_3yr_event_top94_no_cancer_feature,os_3yr,global,351,1151,247,0.5265720081135903,0.4500998887814013
pooled_fixed,ALL_core_os_3yr_event_top94_no_cancer_feature,os_3yr,within_cancer,351,1151,247,0.6997971602434077,0.5643030857552629
pooled_fixed,ALL_core_os_3yr_event_top94_no_cancer_feature,os_3yr,global,352,1151,247,0.5670723461798512,0.5091746617095348
pooled_fixed,ALL_core_os_3yr_event_top94_no_cancer_feature,os_3yr,within_cancer,352,1151,247,0.6811359026369168,0.5882718813296304
pooled_fixed,ALL_core_os_3yr_event_top94_no_cancer_feature,os_3yr,global,353,1151,247,0.4417173766058147,0.3828818974050069
pooled_fixed,ALL_core_os_3yr_event_top94_no_cancer_feature,os_3yr,within_cancer,353,1151,247,0.6753211629479378,0.5499289905350762
pooled_fixed,ALL_core_os_3yr_event_top94_no_cancer_feature,os_3yr,global,354,1151,247,0.4996619337390128,0.4319299901025957
pooled_fixed,ALL_core_os_3yr_event_top94_no_cancer_feature,os_3yr,within_cancer,354,1151,247,0.6549357674104125,0.5219224333223728
pooled_fixed,ALL_core_os_3yr_event_top94_no_cancer_feature,os_3yr,global,355,1151,247,0.4214334009465855,0.3762155273656919
pooled_fixed,ALL_core_os_3yr_event_top94_no_cancer_feature,os_3yr,within_cancer,355,1151,247,0.6408045977011494,0.4950230815490651
pooled_fixed,ALL_core_os_3yr_event_top94_no_cancer_feature,os_3yr,global,356,1151,247,0.4393509127789046,0.3698175075323326
pooled_fixed,ALL_core_os_3yr_event_top94_no_cancer_feature,os_3yr,within_cancer,356,1151,247,0.6569979716024341,0.5151295387275885
pooled_fixed,ALL_core_os_3yr_event_top94_no_cancer_feature,os_3yr,global,357,1151,247,0.55841784989858,0.4990390471150617
pooled_fixed,ALL_core_os_3yr_event_top94_no_cancer_feature,os_3yr,within_cancer,357,1151,247,0.6384043272481406,0.5055820038227394
pooled_fixed,ALL_core_os_3yr_event_top94_no_cancer_feature,os_3yr,global,358,1151,247,0.4846517917511832,0.4432686712089764
pooled_fixed,ALL_core_os_3yr_event_top94_no_cancer_feature,os_3yr,within_cancer,358,1151,247,0.6832995267072345,0.5403221932182316
pooled_fixed,ALL_core_os_3yr_event_top94_no_cancer_feature,os_3yr,global,359,1151,247,0.4755240027045301,0.4182209538235819
pooled_fixed,ALL_core_os_3yr_event_top94_no_cancer_feature,os_3yr,within_cancer,359,1151,247,0.6088235294117648,0.4658574928407328
pooled_fixed,ALL_core_os_3yr_event_top94_no_cancer_feature,os_3yr,global,360,1151,247,0.388235294117647,0.3596090723224521
pooled_fixed,ALL_core_os_3yr_event_top94_no_cancer_feature,os_3yr,within_cancer,360,1151,247,0.6862745098039216,0.548709063471786
pooled_fixed,ALL_core_os_3yr_event_top94_no_cancer_feature,os_3yr,global,361,1151,247,0.4522650439486139,0.3910168796114706
pooled_fixed,ALL_core_os_3yr_event_top94_no_cancer_feature,os_3yr,within_cancer,361,1151,247,0.6849222447599729,0.5396705459643643
pooled_fixed,ALL_core_os_3yr_event_top94_no_cancer_feature,os_3yr,global,362,1151,247,0.5881000676132522,0.4984927897845911
pooled_fixed,ALL_core_os_3yr_event_top94_no_cancer_feature,os_3yr,within_cancer,362,1151,247,0.6536849222447599,0.5210133508119505
pooled_fixed,ALL_core_os_3yr_event_top94_no_cancer_feature,os_3yr,global,363,1151,247,0.4455037187288709,0.3860798361263223
pooled_fixed,ALL_core_os_3yr_event_top94_no_cancer_feature,os_3yr,within_cancer,363,1151,247,0.7133874239350914,0.588542652716608
pooled_fixed,ALL_core_os_3yr_event_top94_no_cancer_feature,os_3yr,global,364,1151,247,0.5350236646382691,0.4768455884070984
pooled_fixed,ALL_core_os_3yr_event_top94_no_cancer_feature,os_3yr,within_cancer,364,1151,247,0.6662271805273834,0.5466496063940747
pooled_fixed,ALL_core_os_3yr_event_top94_no_cancer_feature,os_3yr,global,365,1151,247,0.4969574036511157,0.4185627779939559
pooled_fixed,ALL_core_os_3yr_event_top94_no_cancer_feature,os_3yr,within_cancer,365,1151,247,0.643813387423935,0.4889088237657385
pooled_fixed,ALL_core_os_3yr_event_top94_no_cancer_feature,os_3yr,global,366,1151,247,0.4622718052738336,0.4090681700765558
pooled_fixed,ALL_core_os_3yr_event_top94_no_cancer_feature,os_3yr,within_cancer,366,1151,247,0.6294793779580798,0.4948797391046813
pooled_fixed,ALL_core_os_3yr_event_top94_no_cancer_feature,os_3yr,global,367,1151,247,0.4202839756592292,0.3598480413812479
pooled_fixed,ALL_core_os_3yr_event_top94_no_cancer_feature,os_3yr,within_cancer,367,1151,247,0.6834347532116294,0.5364857868090445
pooled_fixed,ALL_core_os_3yr_event_top94_no_cancer_feature,os_3yr,global,368,1151,247,0.5491548343475321,0.463151142692386
pooled_fixed,ALL_core_os_3yr_event_top94_no_cancer_feature,os_3yr,within_cancer,368,1151,247,0.6889790398918187,0.5559286276633919
pooled_fixed,ALL_core_os_3yr_event_top94_no_cancer_feature,os_3yr,global,369,1151,247,0.490601757944557,0.4190970017868788
pooled_fixed,ALL_core_os_3yr_event_top94_no_cancer_feature,os_3yr,within_cancer,369,1151,247,0.6644354293441515,0.5344157782722593
pooled_fixed,ALL_core_os_3yr_event_top94_no_cancer_feature,os_3yr,global,370,1151,247,0.4112914131169708,0.36855957731241
pooled_fixed,ALL_core_os_3yr_event_top94_no_cancer_feature,os_3yr,within_cancer,370,1151,247,0.6764367816091954,0.5377729752348026
pooled_fixed,ALL_core_os_3yr_event_top94_no_cancer_feature,os_3yr,global,371,1151,247,0.5142663962136579,0.4473464219166259
pooled_fixed,ALL_core_os_3yr_event_top94_no_cancer_feature,os_3yr,within_cancer,371,1151,247,0.6344151453684922,0.495994553046305
pooled_fixed,ALL_core_os_3yr_event_top94_no_cancer_feature,os_3yr,global,372,1151,247,0.5862068965517242,0.4804869847462611
pooled_fixed,ALL_core_os_3yr_event_top94_no_cancer_feature,os_3yr,within_cancer,372,1151,247,0.6886409736308317,0.5467499909636498
pooled_fixed,ALL_core_os_3yr_event_top94_no_cancer_feature,os_3yr,global,373,1151,247,0.4834347532116294,0.4261858599316399
pooled_fixed,ALL_core_os_3yr_event_top94_no_cancer_feature,os_3yr,within_cancer,373,1151,247,0.662474645030426,0.5192775112843848
pooled_fixed,ALL_core_os_3yr_event_top94_no_cancer_feature,os_3yr,global,374,1151,247,0.5521974306964165,0.4734837499544075
pooled_fixed,ALL_core_os_3yr_event_top94_no_cancer_feature,os_3yr,within_cancer,374,1151,247,0.6675456389452332,0.543492963644387
pooled_fixed,ALL_core_os_3yr_event_top94_no_cancer_feature,os_3yr,global,375,1151,247,0.5223123732251521,0.4405215122746563
pooled_fixed,ALL_core_os_3yr_event_top94_no_cancer_feature,os_3yr,within_cancer,375,1151,247,0.6425287356321839,0.4963965353924141
pooled_fixed,ALL_core_os_3yr_event_top94_no_cancer_feature,os_3yr,global,376,1151,247,0.4868830290736984,0.4441351060486573
pooled_fixed,ALL_core_os_3yr_event_top94_no_cancer_feature,os_3yr,within_cancer,376,1151,247,0.6980392156862745,0.5800844204239788
pooled_fixed,ALL_core_os_3yr_event_top94_no_cancer_feature,os_3yr,global,377,1151,247,0.5632860040567951,0.4981112209273794
pooled_fixed,ALL_core_os_3yr_event_top94_no_cancer_feature,os_3yr,within_cancer,377,1151,247,0.6831643002028398,0.5568647517213928
pooled_fixed,ALL_core_os_3yr_event_top94_no_cancer_feature,os_3yr,global,378,1151,247,0.4832319134550371,0.4186102815872011
pooled_fixed,ALL_core_os_3yr_event_top94_no_cancer_feature,os_3yr,within_cancer,378,1151,247,0.6295469912102772,0.4859592958547675
pooled_fixed,ALL_core_os_3yr_event_top94_no_cancer_feature,os_3yr,global,379,1151,247,0.4283299526707235,0.3883849242055507
pooled_fixed,ALL_core_os_3yr_event_top94_no_cancer_feature,os_3yr,within_cancer,379,1151,247,0.6552062204192022,0.5142870428096458
pooled_fixed,ALL_core_os_3yr_event_top94_no_cancer_feature,os_3yr,global,380,1151,247,0.5020960108181203,0.4569012620590543
pooled_fixed,ALL_core_os_3yr_event_top94_no_cancer_feature,os_3yr,within_cancer,380,1151,247,0.6449290060851927,0.4970279885373088
pooled_fixed,ALL_core_os_3yr_event_top94_no_cancer_feature,os_3yr,global,381,1151,247,0.4561189993238674,0.403413825360304
pooled_fixed,ALL_core_os_3yr_event_top94_no_cancer_feature,os_3yr,within_cancer,381,1151,247,0.6858012170385396,0.5371236516250394
pooled_fixed,ALL_core_os_3yr_event_top94_no_cancer_feature,os_3yr,global,382,1151,247,0.5859364435429344,0.4816878441103752
pooled_fixed,ALL_core_os_3yr_event_top94_no_cancer_feature,os_3yr,within_cancer,382,1151,247,0.6927315753887762,0.5483252932804517
pooled_fixed,ALL_core_os_3yr_event_top94_no_cancer_feature,os_3yr,global,383,1151,247,0.5223123732251521,0.4320787177836409
pooled_fixed,ALL_core_os_3yr_event_top94_no_cancer_feature,os_3yr,within_cancer,383,1151,247,0.6269100743745776,0.5032678483287323
pooled_fixed,ALL_core_os_3yr_event_top94_no_cancer_feature,os_3yr,global,384,1151,247,0.4531440162271805,0.3930786643964321
pooled_fixed,ALL_core_os_3yr_event_top94_no_cancer_feature,os_3yr,within_cancer,384,1151,247,0.6665990534144691,0.516625932352085
pooled_fixed,ALL_core_os_3yr_event_top94_no_cancer_feature,os_3yr,global,385,1151,247,0.381000676132522,0.376726328101581
pooled_fixed,ALL_core_os_3yr_event_top94_no_cancer_feature,os_3yr,within_cancer,385,1151,247,0.6649087221095334,0.5146921087731724
pooled_fixed,ALL_core_os_3yr_event_top94_no_cancer_feature,os_3yr,global,386,1151,247,0.4787018255578094,0.3955473584829088
pooled_fixed,ALL_core_os_3yr_event_top94_no_cancer_feature,os_3yr,within_cancer,386,1151,247,0.6698106828938472,0.5368066783499688
pooled_fixed,ALL_core_os_3yr_event_top94_no_cancer_feature,os_3yr,global,387,1151,247,0.5573360378634212,0.4492206661996524
pooled_fixed,ALL_core_os_3yr_event_top94_no_cancer_feature,os_3yr,within_cancer,387,1151,247,0.6758620689655173,0.5366539228654283
pooled_fixed,ALL_core_os_3yr_event_top94_no_cancer_feature,os_3yr,global,388,1151,247,0.4269776876267749,0.3806689356209238
pooled_fixed,ALL_core_os_3yr_event_top94_no_cancer_feature,os_3yr,within_cancer,388,1151,247,0.6578093306288033,0.5183611904702856
pooled_fixed,ALL_core_os_3yr_event_top94_no_cancer_feature,os_3yr,global,389,1151,247,0.4801217038539554,0.4085929548382666
pooled_fixed,ALL_core_os_3yr_event_top94_no_cancer_feature,os_3yr,within_cancer,389,1151,247,0.681338742393509,0.546274381238234
pooled_fixed,ALL_core_os_3yr_event_top94_no_cancer_feature,os_3yr,global,390,1151,247,0.4498985801217038,0.3968928950955789
pooled_fixed,ALL_core_os_3yr_event_top94_no_cancer_feature,os_3yr,within_cancer,390,1151,247,0.6590939824205545,0.5081415601764888
pooled_fixed,ALL_core_os_3yr_event_top94_no_cancer_feature,os_3yr,global,391,1151,247,0.5093982420554428,0.433261836535619
pooled_fixed,ALL_core_os_3yr_event_top94_no_cancer_feature,os_3yr,within_cancer,391,1151,247,0.6855983772819473,0.5526707309070322
pooled_fixed,ALL_core_os_3yr_event_top94_no_cancer_feature,os_3yr,global,392,1151,247,0.5417849898580123,0.4466354417245683
pooled_fixed,ALL_core_os_3yr_event_top94_no_cancer_feature,os_3yr,within_cancer,392,1151,247,0.6702839756592291,0.5275947129872768
pooled_fixed,ALL_core_os_3yr_event_top94_no_cancer_feature,os_3yr,global,393,1151,247,0.5415145368492225,0.4638731337759764
pooled_fixed,ALL_core_os_3yr_event_top94_no_cancer_feature,os_3yr,within_cancer,393,1151,247,0.6419540229885058,0.4827227367586311
pooled_fixed,ALL_core_os_3yr_event_top94_no_cancer_feature,os_3yr,global,394,1151,247,0.4025693035835024,0.358583502468992
pooled_fixed,ALL_core_os_3yr_event_top94_no_cancer_feature,os_3yr,within_cancer,394,1151,247,0.6450980392156863,0.5177955718115568
pooled_fixed,ALL_core_os_3yr_event_top94_no_cancer_feature,os_3yr,global,395,1151,247,0.4212981744421907,0.3828291866732623
pooled_fixed,ALL_core_os_3yr_event_top94_no_cancer_feature,os_3yr,within_cancer,395,1151,247,0.6330628803245437,0.5111362592156299
pooled_fixed,ALL_core_os_3yr_event_top94_no_cancer_feature,os_3yr,global,396,1151,247,0.6022988505747126,0.5042453953432275
pooled_fixed,ALL_core_os_3yr_event_top94_no_cancer_feature,os_3yr,within_cancer,396,1151,247,0.676741041244084,0.5443614141355363
pooled_fixed,ALL_core_os_3yr_event_top94_no_cancer_feature,os_3yr,global,397,1151,247,0.5011494252873563,0.414749152008032
pooled_fixed,ALL_core_os_3yr_event_top94_no_cancer_feature,os_3yr,within_cancer,397,1151,247,0.6458417849898579,0.5110756559014497
pooled_fixed,ALL_core_os_3yr_event_top94_no_cancer_feature,os_3yr,global,398,1151,247,0.5289384719405004,0.4483548785030874
pooled_fixed,ALL_core_os_3yr_event_top94_no_cancer_feature,os_3yr,within_cancer,398,1151,247,0.6686274509803922,0.5342956783062773
pooled_fixed,ALL_core_os_3yr_event_top94_no_cancer_feature,os_3yr,global,399,1151,247,0.6149425287356322,0.5028371390591377
pooled_fixed,ALL_core_os_3yr_event_top94_no_cancer_feature,os_3yr,within_cancer,399,1151,247,0.6645706558485462,0.525855756682181
pooled_fixed,ALL_core_os_3yr_event_top94_no_cancer_feature,os_3yr,global,400,1151,247,0.5647058823529411,0.4743999016139407
pooled_fixed,ALL_core_os_3yr_event_top94_no_cancer_feature,os_3yr,within_cancer,400,1151,247,0.6537863421230561,0.5367330697383197
pooled_fixed,ALL_core_os_3yr_event_top94_no_cancer_feature,os_3yr,global,401,1151,247,0.5537525354969575,0.4409635343791837
pooled_fixed,ALL_core_os_3yr_event_top94_no_cancer_feature,os_3yr,within_cancer,401,1151,247,0.6839080459770115,0.5449158606914777
pooled_fixed,ALL_core_os_3yr_event_top94_no_cancer_feature,os_3yr,global,402,1151,247,0.5319810682893847,0.436677689989046
pooled_fixed,ALL_core_os_3yr_event_top94_no_cancer_feature,os_3yr,within_cancer,402,1151,247,0.7144692359702501,0.595007995376909
pooled_fixed,ALL_core_os_3yr_event_top94_no_cancer_feature,os_3yr,global,403,1151,247,0.4659905341446923,0.4101134684490238
pooled_fixed,ALL_core_os_3yr_event_top94_no_cancer_feature,os_3yr,within_cancer,403,1151,247,0.6658553076402975,0.5548970900059502
pooled_fixed,ALL_core_os_3yr_event_top94_no_cancer_feature,os_3yr,global,404,1151,247,0.3905341446923597,0.3515919450850757
pooled_fixed,ALL_core_os_3yr_event_top94_no_cancer_feature,os_3yr,within_cancer,404,1151,247,0.6212981744421907,0.4811444237131179
pooled_fixed,ALL_core_os_3yr_event_top94_no_cancer_feature,os_3yr,global,405,1151,247,0.57552400270453,0.4728154500459587
pooled_fixed,ALL_core_os_3yr_event_top94_no_cancer_feature,os_3yr,within_cancer,405,1151,247,0.6507437457741717,0.5175508873899235
pooled_fixed,ALL_core_os_3yr_event_top94_no_cancer_feature,os_3yr,global,406,1151,247,0.5426639621365789,0.428833377776548
pooled_fixed,ALL_core_os_3yr_event_top94_no_cancer_feature,os_3yr,within_cancer,406,1151,247,0.6980392156862745,0.5721419443789505
pooled_fixed,ALL_core_os_3yr_event_top94_no_cancer_feature,os_3yr,global,407,1151,247,0.5041244083840433,0.4382272667676603
pooled_fixed,ALL_core_os_3yr_event_top94_no_cancer_feature,os_3yr,within_cancer,407,1151,247,0.6181879648411088,0.4702110914433481
pooled_fixed,ALL_core_os_3yr_event_top94_no_cancer_feature,os_3yr,global,408,1151,247,0.4633536173089925,0.3963562192638605
pooled_fixed,ALL_core_os_3yr_event_top94_no_cancer_feature,os_3yr,within_cancer,408,1151,247,0.6379648411088574,0.4996746512765086
pooled_fixed,ALL_core_os_3yr_event_top94_no_cancer_feature,os_3yr,global,409,1151,247,0.5916835699797158,0.4935739161832768
pooled_fixed,ALL_core_os_3yr_event_top94_no_cancer_feature,os_3yr,within_cancer,409,1151,247,0.6637254901960784,0.5203466784540471
pooled_fixed,ALL_core_os_3yr_event_top94_no_cancer_feature,os_3yr,global,410,1151,247,0.4732927653820149,0.4099304284429977
pooled_fixed,ALL_core_os_3yr_event_top94_no_cancer_feature,os_3yr,within_cancer,410,1151,247,0.6638269100743746,0.5191320191860139
pooled_fixed,ALL_core_os_3yr_event_top94_no_cancer_feature,os_3yr,global,411,1151,247,0.4835023664638269,0.4099614038691172
pooled_fixed,ALL_core_os_3yr_event_top94_no_cancer_feature,os_3yr,within_cancer,411,1151,247,0.6958417849898579,0.5680009101094453
pooled_fixed,ALL_core_os_3yr_event_top94_no_cancer_feature,os_3yr,global,412,1151,247,0.4620689655172414,0.3875182586800266
pooled_fixed,ALL_core_os_3yr_event_top94_no_cancer_feature,os_3yr,within_cancer,412,1151,247,0.6589587559161596,0.5271025545870839
pooled_fixed,ALL_core_os_3yr_event_top94_no_cancer_feature,os_3yr,global,413,1151,247,0.5398918187964841,0.4505142452575092
pooled_fixed,ALL_core_os_3yr_event_top94_no_cancer_feature,os_3yr,within_cancer,413,1151,247,0.6458755916159566,0.4790379866658303
pooled_fixed,ALL_core_os_3yr_event_top94_no_cancer_feature,os_3yr,global,414,1151,247,0.5202839756592292,0.4295777762634599
pooled_fixed,ALL_core_os_3yr_event_top94_no_cancer_feature,os_3yr,within_cancer,414,1151,247,0.6883029073698443,0.5657758121206599
pooled_fixed,ALL_core_os_3yr_event_top94_no_cancer_feature,os_3yr,global,415,1151,247,0.4855307640297498,0.4279224637470415
pooled_fixed,ALL_core_os_3yr_event_top94_no_cancer_feature,os_3yr,within_cancer,415,1151,247,0.6567275185936443,0.5351795150625623
pooled_fixed,ALL_core_os_3yr_event_top94_no_cancer_feature,os_3yr,global,416,1151,247,0.5349560513860716,0.4483872101911985
pooled_fixed,ALL_core_os_3yr_event_top94_no_cancer_feature,os_3yr,within_cancer,416,1151,247,0.6513522650439486,0.5050886583856884
pooled_fixed,ALL_core_os_3yr_event_top94_no_cancer_feature,os_3yr,global,417,1151,247,0.5438810006761325,0.4587161318847994
pooled_fixed,ALL_core_os_3yr_event_top94_no_cancer_feature,os_3yr,within_cancer,417,1151,247,0.6687964841108858,0.5347242324519168
pooled_fixed,ALL_core_os_3yr_event_top94_no_cancer_feature,os_3yr,global,418,1151,247,0.4417173766058147,0.4024510236799067
pooled_fixed,ALL_core_os_3yr_event_top94_no_cancer_feature,os_3yr,within_cancer,418,1151,247,0.6841784989858012,0.5547619225813454
pooled_fixed,ALL_core_os_3yr_event_top94_no_cancer_feature,os_3yr,global,419,1151,247,0.4901284651791751,0.4328217786282479
pooled_fixed,ALL_core_os_3yr_event_top94_no_cancer_feature,os_3yr,within_cancer,419,1151,247,0.646788370520622,0.502705675818518
pooled_fixed,ALL_core_os_3yr_event_top94_no_cancer_feature,os_3yr,global,420,1151,247,0.5047329276538202,0.4296746389607813
pooled_fixed,ALL_core_os_3yr_event_top94_no_cancer_feature,os_3yr,within_cancer,420,1151,247,0.6653820148749156,0.5167494563524724
pooled_fixed,ALL_core_os_3yr_event_top94_no_cancer_feature,os_3yr,global,421,1151,247,0.5252197430696417,0.4423719654094664
pooled_fixed,ALL_core_os_3yr_event_top94_no_cancer_feature,os_3yr,within_cancer,421,1151,247,0.6444895199459094,0.5151737987738761
pooled_fixed,ALL_core_os_3yr_event_top94_no_cancer_feature,os_3yr,global,422,1151,247,0.5349560513860717,0.4640687435594285
pooled_fixed,ALL_core_os_3yr_event_top94_no_cancer_feature,os_3yr,within_cancer,422,1151,247,0.6979039891818796,0.5633132643436818
pooled_fixed,ALL_core_os_3yr_event_top94_no_cancer_feature,os_3yr,global,423,1151,247,0.5611899932386748,0.4784880086884994
pooled_fixed,ALL_core_os_3yr_event_top94_no_cancer_feature,os_3yr,within_cancer,423,1151,247,0.6772819472616632,0.5567845344911276
pooled_fixed,ALL_core_os_3yr_event_top94_no_cancer_feature,os_3yr,global,424,1151,247,0.5130493576741042,0.4282607275861215
pooled_fixed,ALL_core_os_3yr_event_top94_no_cancer_feature,os_3yr,within_cancer,424,1151,247,0.6444219066937119,0.4902658076241264
pooled_fixed,ALL_core_os_3yr_event_top94_no_cancer_feature,os_3yr,global,425,1151,247,0.5986477349560514,0.4919982222481125
pooled_fixed,ALL_core_os_3yr_event_top94_no_cancer_feature,os_3yr,within_cancer,425,1151,247,0.6688979039891819,0.5327203424181217
pooled_fixed,ALL_core_os_3yr_event_top94_no_cancer_feature,os_3yr,global,426,1151,247,0.6235294117647058,0.5246915692611049
pooled_fixed,ALL_core_os_3yr_event_top94_no_cancer_feature,os_3yr,within_cancer,426,1151,247,0.6261663286004057,0.489059170505291
pooled_fixed,ALL_core_os_3yr_event_top94_no_cancer_feature,os_3yr,global,427,1151,247,0.4027721433400946,0.3756940143603888
pooled_fixed,ALL_core_os_3yr_event_top94_no_cancer_feature,os_3yr,within_cancer,427,1151,247,0.6778904665314401,0.5400100457522694
pooled_fixed,ALL_core_os_3yr_event_top94_no_cancer_feature,os_3yr,global,428,1151,247,0.4985125084516565,0.4336454015422428
pooled_fixed,ALL_core_os_3yr_event_top94_no_cancer_feature,os_3yr,within_cancer,428,1151,247,0.6685936443542934,0.5387913812121081
pooled_fixed,ALL_core_os_3yr_event_top94_no_cancer_feature,os_3yr,global,429,1151,247,0.4466531440162272,0.3907446238500496
pooled_fixed,ALL_core_os_3yr_event_top94_no_cancer_feature,os_3yr,within_cancer,429,1151,247,0.6715348208248817,0.5274169949251477
pooled_fixed,ALL_core_os_3yr_event_top94_no_cancer_feature,os_3yr,global,430,1151,247,0.4542934415145368,0.4025685494719103
pooled_fixed,ALL_core_os_3yr_event_top94_no_cancer_feature,os_3yr,within_cancer,430,1151,247,0.7025354969574036,0.586357482521856
pooled_fixed,ALL_core_os_3yr_event_top94_no_cancer_feature,os_3yr,global,431,1151,247,0.4235294117647059,0.3903393347238572
pooled_fixed,ALL_core_os_3yr_event_top94_no_cancer_feature,os_3yr,within_cancer,431,1151,247,0.6616294793779581,0.5264183167870196
pooled_fixed,ALL_core_os_3yr_event_top94_no_cancer_feature,os_3yr,global,432,1151,247,0.5914131169709264,0.4832796128960491
pooled_fixed,ALL_core_os_3yr_event_top94_no_cancer_feature,os_3yr,within_cancer,432,1151,247,0.6440162271805274,0.4933326299989723
pooled_fixed,ALL_core_os_3yr_event_top94_no_cancer_feature,os_3yr,global,433,1151,247,0.469235970250169,0.413835503646094
pooled_fixed,ALL_core_os_3yr_event_top94_no_cancer_feature,os_3yr,within_cancer,433,1151,247,0.6639621365787693,0.516868717179622
pooled_fixed,ALL_core_os_3yr_event_top94_no_cancer_feature,os_3yr,global,434,1151,247,0.5129141311697093,0.4268549517357566
pooled_fixed,ALL_core_os_3yr_event_top94_no_cancer_feature,os_3yr,within_cancer,434,1151,247,0.6785327924273158,0.5398671395451735
pooled_fixed,ALL_core_os_3yr_event_top94_no_cancer_feature,os_3yr,global,435,1151,247,0.434077079107505,0.3883859613281197
pooled_fixed,ALL_core_os_3yr_event_top94_no_cancer_feature,os_3yr,within_cancer,435,1151,247,0.6422582826233941,0.520371575603439
pooled_fixed,ALL_core_os_3yr_event_top94_no_cancer_feature,os_3yr,global,436,1151,247,0.5304935767410413,0.463074258815229
pooled_fixed,ALL_core_os_3yr_event_top94_no_cancer_feature,os_3yr,within_cancer,436,1151,247,0.6106490872210953,0.4618895472348738
pooled_fixed,ALL_core_os_3yr_event_top94_no_cancer_feature,os_3yr,global,437,1151,247,0.5621365787694388,0.4884670970206732
pooled_fixed,ALL_core_os_3yr_event_top94_no_cancer_feature,os_3yr,within_cancer,437,1151,247,0.7047329276538202,0.6193527637504829
pooled_fixed,ALL_core_os_3yr_event_top94_no_cancer_feature,os_3yr,global,438,1151,247,0.5501690331304936,0.4461481677569157
pooled_fixed,ALL_core_os_3yr_event_top94_no_cancer_feature,os_3yr,within_cancer,438,1151,247,0.6691345503718729,0.5436509779574406
pooled_fixed,ALL_core_os_3yr_event_top94_no_cancer_feature,os_3yr,global,439,1151,247,0.4676132521974306,0.3908802256921423
pooled_fixed,ALL_core_os_3yr_event_top94_no_cancer_feature,os_3yr,within_cancer,439,1151,247,0.6585530764029751,0.530930003840143
pooled_fixed,ALL_core_os_3yr_event_top94_no_cancer_feature,os_3yr,global,440,1151,247,0.5873563218390805,0.4762131686318608
pooled_fixed,ALL_core_os_3yr_event_top94_no_cancer_feature,os_3yr,within_cancer,440,1151,247,0.6760649087221096,0.5379967005839175
pooled_fixed,ALL_core_os_3yr_event_top94_no_cancer_feature,os_3yr,global,441,1151,247,0.4936443542934416,0.4140968780441256
pooled_fixed,ALL_core_os_3yr_event_top94_no_cancer_feature,os_3yr,within_cancer,441,1151,247,0.6564570655848546,0.5372384031045969
pooled_fixed,ALL_core_os_3yr_event_top94_no_cancer_feature,os_3yr,global,442,1151,247,0.4143340094658553,0.381662412478899
pooled_fixed,ALL_core_os_3yr_event_top94_no_cancer_feature,os_3yr,within_cancer,442,1151,247,0.6937119675456389,0.5589425244299191
pooled_fixed,ALL_core_os_3yr_event_top94_no_cancer_feature,os_3yr,global,443,1151,247,0.5223123732251521,0.4699626056745931
pooled_fixed,ALL_core_os_3yr_event_top94_no_cancer_feature,os_3yr,within_cancer,443,1151,247,0.6866801893171061,0.5636633267077141
pooled_fixed,ALL_core_os_3yr_event_top94_no_cancer_feature,os_3yr,global,444,1151,247,0.6348884381338743,0.5197907763393339
pooled_fixed,ALL_core_os_3yr_event_top94_no_cancer_feature,os_3yr,within_cancer,444,1151,247,0.6766396213657877,0.5544069410656277
pooled_fixed,ALL_core_os_3yr_event_top94_no_cancer_feature,os_3yr,global,445,1151,247,0.500946585530764,0.4220930784286131
pooled_fixed,ALL_core_os_3yr_event_top94_no_cancer_feature,os_3yr,within_cancer,445,1151,247,0.6573360378634213,0.5150729247886088
pooled_fixed,ALL_core_os_3yr_event_top94_no_cancer_feature,os_3yr,global,446,1151,247,0.492156862745098,0.3994789218805066
pooled_fixed,ALL_core_os_3yr_event_top94_no_cancer_feature,os_3yr,within_cancer,446,1151,247,0.6954699121027721,0.543914775593567
pooled_fixed,ALL_core_os_3yr_event_top94_no_cancer_feature,os_3yr,global,447,1151,247,0.5659905341446924,0.4648854907790224
pooled_fixed,ALL_core_os_3yr_event_top94_no_cancer_feature,os_3yr,within_cancer,447,1151,247,0.6821839080459771,0.5565411817719554
pooled_fixed,ALL_core_os_3yr_event_top94_no_cancer_feature,os_3yr,global,448,1151,247,0.5297498309668697,0.434144255992048
pooled_fixed,ALL_core_os_3yr_event_top94_no_cancer_feature,os_3yr,within_cancer,448,1151,247,0.6931372549019608,0.5543510425309424
pooled_fixed,ALL_core_os_3yr_event_top94_no_cancer_feature,os_3yr,global,449,1151,247,0.5631507775524002,0.4604308926160154
pooled_fixed,ALL_core_os_3yr_event_top94_no_cancer_feature,os_3yr,within_cancer,449,1151,247,0.693103448275862,0.5464954735349996
pooled_fixed,ALL_core_os_3yr_event_top94_no_cancer_feature,os_3yr,global,450,1151,247,0.5521974306964166,0.448018679915165
pooled_fixed,ALL_core_os_3yr_event_top94_no_cancer_feature,os_3yr,within_cancer,450,1151,247,0.6696416497633535,0.5227555753695622
pooled_fixed,ALL_core_os_3yr_event_top94_no_cancer_feature,os_3yr,global,451,1151,247,0.5521298174442191,0.4463821498269887
pooled_fixed,ALL_core_os_3yr_event_top94_no_cancer_feature,os_3yr,within_cancer,451,1151,247,0.6767410412440837,0.5406874389888122
pooled_fixed,ALL_core_os_3yr_event_top94_no_cancer_feature,os_3yr,global,452,1151,247,0.4519269776876268,0.3874508707077421
pooled_fixed,ALL_core_os_3yr_event_top94_no_cancer_feature,os_3yr,within_cancer,452,1151,247,0.624442190669371,0.4732151003806651
pooled_fixed,ALL_core_os_3yr_event_top94_no_cancer_feature,os_3yr,global,453,1151,247,0.4861392832995267,0.4173536119286589
pooled_fixed,ALL_core_os_3yr_event_top94_no_cancer_feature,os_3yr,within_cancer,453,1151,247,0.6664638269100743,0.5505387809047315
pooled_fixed,ALL_core_os_3yr_event_top94_no_cancer_feature,os_3yr,global,454,1151,247,0.4713995943204868,0.4139627422518492
pooled_fixed,ALL_core_os_3yr_event_top94_no_cancer_feature,os_3yr,within_cancer,454,1151,247,0.6667004732927655,0.5270525061799608
pooled_fixed,ALL_core_os_3yr_event_top94_no_cancer_feature,os_3yr,global,455,1151,247,0.5404327248140636,0.441864077035265
pooled_fixed,ALL_core_os_3yr_event_top94_no_cancer_feature,os_3yr,within_cancer,455,1151,247,0.6707234617985125,0.5375699904230574
pooled_fixed,ALL_core_os_3yr_event_top94_no_cancer_feature,os_3yr,global,456,1151,247,0.4498985801217038,0.3905827906870741
pooled_fixed,ALL_core_os_3yr_event_top94_no_cancer_feature,os_3yr,within_cancer,456,1151,247,0.6499661933739013,0.4966169475306515
pooled_fixed,ALL_core_os_3yr_event_top94_no_cancer_feature,os_3yr,global,457,1151,247,0.4616632860040568,0.4126157354991295
pooled_fixed,ALL_core_os_3yr_event_top94_no_cancer_feature,os_3yr,within_cancer,457,1151,247,0.6715010141987829,0.5324285010597886
pooled_fixed,ALL_core_os_3yr_event_top94_no_cancer_feature,os_3yr,global,458,1151,247,0.476132521974307,0.4088676614204699
pooled_fixed,ALL_core_os_3yr_event_top94_no_cancer_feature,os_3yr,within_cancer,458,1151,247,0.6673427991886409,0.5149960056617595
pooled_fixed,ALL_core_os_3yr_event_top94_no_cancer_feature,os_3yr,global,459,1151,247,0.4220419202163624,0.3924584607386782
pooled_fixed,ALL_core_os_3yr_event_top94_no_cancer_feature,os_3yr,within_cancer,459,1151,247,0.6741717376605814,0.5364192340654326
pooled_fixed,ALL_core_os_3yr_event_top94_no_cancer_feature,os_3yr,global,460,1151,247,0.4590939824205544,0.3905350192867268
pooled_fixed,ALL_core_os_3yr_event_top94_no_cancer_feature,os_3yr,within_cancer,460,1151,247,0.6853279242731576,0.541042848207741
pooled_fixed,ALL_core_os_3yr_event_top94_no_cancer_feature,os_3yr,global,461,1151,247,0.521974306964165,0.4308572190476709
pooled_fixed,ALL_core_os_3yr_event_top94_no_cancer_feature,os_3yr,within_cancer,461,1151,247,0.6473292765382015,0.5316727796235221
pooled_fixed,ALL_core_os_3yr_event_top94_no_cancer_feature,os_3yr,global,462,1151,247,0.4283975659229209,0.3743466571620525
pooled_fixed,ALL_core_os_3yr_event_top94_no_cancer_feature,os_3yr,within_cancer,462,1151,247,0.6846517917511833,0.5420744331860199
pooled_fixed,ALL_core_os_3yr_event_top94_no_cancer_feature,os_3yr,global,463,1151,247,0.4808654496281271,0.4108544927031737
pooled_fixed,ALL_core_os_3yr_event_top94_no_cancer_feature,os_3yr,within_cancer,463,1151,247,0.697025016903313,0.565517717075066
pooled_fixed,ALL_core_os_3yr_event_top94_no_cancer_feature,os_3yr,global,464,1151,247,0.4496957403651115,0.3835685125435859
pooled_fixed,ALL_core_os_3yr_event_top94_no_cancer_feature,os_3yr,within_cancer,464,1151,247,0.710209601081812,0.5912415700525008
pooled_fixed,ALL_core_os_3yr_event_top94_no_cancer_feature,os_3yr,global,465,1151,247,0.5116294793779581,0.4162318986251274
pooled_fixed,ALL_core_os_3yr_event_top94_no_cancer_feature,os_3yr,within_cancer,465,1151,247,0.6012170385395538,0.4835909430768852
pooled_fixed,ALL_core_os_3yr_event_top94_no_cancer_feature,os_3yr,global,466,1151,247,0.6200135226504395,0.5002070763288478
pooled_fixed,ALL_core_os_3yr_event_top94_no_cancer_feature,os_3yr,within_cancer,466,1151,247,0.6616970926301555,0.5323506003496558
pooled_fixed,ALL_core_os_3yr_event_top94_no_cancer_feature,os_3yr,global,467,1151,247,0.5945233265720081,0.4950357436644533
pooled_fixed,ALL_core_os_3yr_event_top94_no_cancer_feature,os_3yr,within_cancer,467,1151,247,0.6256254225828263,0.494723483167402
pooled_fixed,ALL_core_os_3yr_event_top94_no_cancer_feature,os_3yr,global,468,1151,247,0.555104800540906,0.4647460553923486
pooled_fixed,ALL_core_os_3yr_event_top94_no_cancer_feature,os_3yr,within_cancer,468,1151,247,0.6363083164300204,0.5077819529064516
pooled_fixed,ALL_core_os_3yr_event_top94_no_cancer_feature,os_3yr,global,469,1151,247,0.5854631507775523,0.4914124462364237
pooled_fixed,ALL_core_os_3yr_event_top94_no_cancer_feature,os_3yr,within_cancer,469,1151,247,0.6586883029073698,0.5557202623056503
pooled_fixed,ALL_core_os_3yr_event_top94_no_cancer_feature,os_3yr,global,470,1151,247,0.4284651791751183,0.3844839131481247
pooled_fixed,ALL_core_os_3yr_event_top94_no_cancer_feature,os_3yr,within_cancer,470,1151,247,0.6841784989858013,0.5644266189157532
pooled_fixed,ALL_core_os_3yr_event_top94_no_cancer_feature,os_3yr,global,471,1151,247,0.5432724814063556,0.4841524669931547
pooled_fixed,ALL_core_os_3yr_event_top94_no_cancer_feature,os_3yr,within_cancer,471,1151,247,0.6855307640297499,0.5609449503943122
pooled_fixed,ALL_core_os_3yr_event_top94_no_cancer_feature,os_3yr,global,472,1151,247,0.4697768762677484,0.3934920436674631
pooled_fixed,ALL_core_os_3yr_event_top94_no_cancer_feature,os_3yr,within_cancer,472,1151,247,0.6725152129817444,0.5406558501547292
pooled_fixed,ALL_core_os_3yr_event_top94_no_cancer_feature,os_3yr,global,473,1151,247,0.3964164976335361,0.3603562887170441
pooled_fixed,ALL_core_os_3yr_event_top94_no_cancer_feature,os_3yr,within_cancer,473,1151,247,0.6453684922244759,0.4937993814626171
pooled_fixed,ALL_core_os_3yr_event_top94_no_cancer_feature,os_3yr,global,474,1151,247,0.4371196754563895,0.3770442190140325
pooled_fixed,ALL_core_os_3yr_event_top94_no_cancer_feature,os_3yr,within_cancer,474,1151,247,0.6432048681541582,0.4999115945723155
pooled_fixed,ALL_core_os_3yr_event_top94_no_cancer_feature,os_3yr,global,475,1151,247,0.3795131845841785,0.3542692303269236
pooled_fixed,ALL_core_os_3yr_event_top94_no_cancer_feature,os_3yr,within_cancer,475,1151,247,0.6720081135902637,0.5354610145596362
pooled_fixed,ALL_core_os_3yr_event_top94_no_cancer_feature,os_3yr,global,476,1151,247,0.4663962136578769,0.4146858690578429
pooled_fixed,ALL_core_os_3yr_event_top94_no_cancer_feature,os_3yr,within_cancer,476,1151,247,0.6592292089249494,0.5031851372563636
pooled_fixed,ALL_core_os_3yr_event_top94_no_cancer_feature,os_3yr,global,477,1151,247,0.5427991886409737,0.4616628412149631
pooled_fixed,ALL_core_os_3yr_event_top94_no_cancer_feature,os_3yr,within_cancer,477,1151,247,0.668289384719405,0.5476923968526508
pooled_fixed,ALL_core_os_3yr_event_top94_no_cancer_feature,os_3yr,global,478,1151,247,0.4989181879648411,0.4569984048337709
pooled_fixed,ALL_core_os_3yr_event_top94_no_cancer_feature,os_3yr,within_cancer,478,1151,247,0.6859026369168357,0.5434665689652003
pooled_fixed,ALL_core_os_3yr_event_top94_no_cancer_feature,os_3yr,global,479,1151,247,0.4469235970250168,0.3854982566215562
pooled_fixed,ALL_core_os_3yr_event_top94_no_cancer_feature,os_3yr,within_cancer,479,1151,247,0.643103448275862,0.5096761887094636
pooled_fixed,ALL_core_os_3yr_event_top94_no_cancer_feature,os_3yr,global,480,1151,247,0.4481406355645706,0.3869206044588988
pooled_fixed,ALL_core_os_3yr_event_top94_no_cancer_feature,os_3yr,within_cancer,480,1151,247,0.6383367139959432,0.4893154051336881
pooled_fixed,ALL_core_os_3yr_event_top94_no_cancer_feature,os_3yr,global,481,1151,247,0.6721433400946586,0.5519126560642029
pooled_fixed,ALL_core_os_3yr_event_top94_no_cancer_feature,os_3yr,within_cancer,481,1151,247,0.6646382691007438,0.5302358838005529
pooled_fixed,ALL_core_os_3yr_event_top94_no_cancer_feature,os_3yr,global,482,1151,247,0.4908722109533469,0.4261633613494789
pooled_fixed,ALL_core_os_3yr_event_top94_no_cancer_feature,os_3yr,within_cancer,482,1151,247,0.6584178498985801,0.5113168018130697
pooled_fixed,ALL_core_os_3yr_event_top94_no_cancer_feature,os_3yr,global,483,1151,247,0.5089249492900608,0.4381248241343451
pooled_fixed,ALL_core_os_3yr_event_top94_no_cancer_feature,os_3yr,within_cancer,483,1151,247,0.6901622718052738,0.5825113297825725
pooled_fixed,ALL_core_os_3yr_event_top94_no_cancer_feature,os_3yr,global,484,1151,247,0.4996619337390128,0.4178350464316367
pooled_fixed,ALL_core_os_3yr_event_top94_no_cancer_feature,os_3yr,within_cancer,484,1151,247,0.6620689655172414,0.5476639165890461
pooled_fixed,ALL_core_os_3yr_event_top94_no_cancer_feature,os_3yr,global,485,1151,247,0.5225828262339418,0.4198786598831022
pooled_fixed,ALL_core_os_3yr_event_top94_no_cancer_feature,os_3yr,within_cancer,485,1151,247,0.6601419878296146,0.5221474394843051
pooled_fixed,ALL_core_os_3yr_event_top94_no_cancer_feature,os_3yr,global,486,1151,247,0.4833671399594321,0.4278227034398889
pooled_fixed,ALL_core_os_3yr_event_top94_no_cancer_feature,os_3yr,within_cancer,486,1151,247,0.6813725490196078,0.5512745076070028
pooled_fixed,ALL_core_os_3yr_event_top94_no_cancer_feature,os_3yr,global,487,1151,247,0.4495605138607166,0.3822376237977767
pooled_fixed,ALL_core_os_3yr_event_top94_no_cancer_feature,os_3yr,within_cancer,487,1151,247,0.6490196078431373,0.5047916547877578
pooled_fixed,ALL_core_os_3yr_event_top94_no_cancer_feature,os_3yr,global,488,1151,247,0.4615280594996619,0.39150390579218
pooled_fixed,ALL_core_os_3yr_event_top94_no_cancer_feature,os_3yr,within_cancer,488,1151,247,0.6831643002028397,0.548305119868894
pooled_fixed,ALL_core_os_3yr_event_top94_no_cancer_feature,os_3yr,global,489,1151,247,0.4435429344151453,0.3752357936526224
pooled_fixed,ALL_core_os_3yr_event_top94_no_cancer_feature,os_3yr,within_cancer,489,1151,247,0.6972954699121027,0.5751314346246129
pooled_fixed,ALL_core_os_3yr_event_top94_no_cancer_feature,os_3yr,global,490,1151,247,0.4039215686274509,0.3579419618651491
pooled_fixed,ALL_core_os_3yr_event_top94_no_cancer_feature,os_3yr,within_cancer,490,1151,247,0.6587221095334685,0.5032351107049153
pooled_fixed,ALL_core_os_3yr_event_top94_no_cancer_feature,os_3yr,global,491,1151,247,0.5411764705882353,0.4613134078809774
pooled_fixed,ALL_core_os_3yr_event_top94_no_cancer_feature,os_3yr,within_cancer,491,1151,247,0.6478025693035835,0.5126853649705353
pooled_fixed,ALL_core_os_3yr_event_top94_no_cancer_feature,os_3yr,global,492,1151,247,0.477079107505071,0.4199566789500916
pooled_fixed,ALL_core_os_3yr_event_top94_no_cancer_feature,os_3yr,within_cancer,492,1151,247,0.675997295469912,0.5534812750730642
pooled_fixed,ALL_core_os_3yr_event_top94_no_cancer_feature,os_3yr,global,493,1151,247,0.5651115618661257,0.4691185095169926
pooled_fixed,ALL_core_os_3yr_event_top94_no_cancer_feature,os_3yr,within_cancer,493,1151,247,0.6561189993238674,0.4904892707527247
pooled_fixed,ALL_core_os_3yr_event_top94_no_cancer_feature,os_3yr,global,494,1151,247,0.508789722785666,0.4157269284397062
pooled_fixed,ALL_core_os_3yr_event_top94_no_cancer_feature,os_3yr,within_cancer,494,1151,247,0.6983772819472617,0.5844596459816083
pooled_fixed,ALL_core_os_3yr_event_top94_no_cancer_feature,os_3yr,global,495,1151,247,0.4092630155510479,0.3647800151193218
pooled_fixed,ALL_core_os_3yr_event_top94_no_cancer_feature,os_3yr,within_cancer,495,1151,247,0.6302907369844489,0.4906112869384446
pooled_fixed,ALL_core_os_3yr_event_top94_no_cancer_feature,os_3yr,global,496,1151,247,0.5180527383367141,0.4357417302981934
pooled_fixed,ALL_core_os_3yr_event_top94_no_cancer_feature,os_3yr,within_cancer,496,1151,247,0.633130493576741,0.4834186071156031
pooled_fixed,ALL_core_os_3yr_event_top94_no_cancer_feature,os_3yr,global,497,1151,247,0.5379986477349561,0.4420324664886405
pooled_fixed,ALL_core_os_3yr_event_top94_no_cancer_feature,os_3yr,within_cancer,497,1151,247,0.6588235294117647,0.50534224193523
pooled_fixed,ALL_core_os_3yr_event_top94_no_cancer_feature,os_3yr,global,498,1151,247,0.4590263691683569,0.4265831149232105
pooled_fixed,ALL_core_os_3yr_event_top94_no_cancer_feature,os_3yr,within_cancer,498,1151,247,0.6723799864773494,0.5118553890541844
pooled_fixed,ALL_core_os_3yr_event_top94_no_cancer_feature,os_3yr,global,499,1151,247,0.4651115618661258,0.4176409262757926
pooled_fixed,ALL_core_os_3yr_event_top94_no_cancer_feature,os_3yr,within_cancer,499,1151,247,0.651419878296146,0.5116542103546846
pooled_fixed,ALL_core_os_5yr_event_top75_no_cancer_feature,os_5yr,global,0,816,176,0.479665890729837,0.6436369928656472
pooled_fixed,ALL_core_os_5yr_event_top75_no_cancer_feature,os_5yr,within_cancer,0,816,176,0.6174859646720526,0.6901180617459548
pooled_fixed,ALL_core_os_5yr_event_top75_no_cancer_feature,os_5yr,global,1,816,176,0.5238258250034233,0.6382921736343827
pooled_fixed,ALL_core_os_5yr_event_top75_no_cancer_feature,os_5yr,within_cancer,1,816,176,0.6884157195673012,0.7538313823592685
pooled_fixed,ALL_core_os_5yr_event_top75_no_cancer_feature,os_5yr,global,2,816,176,0.5583321922497604,0.6716304413827329
pooled_fixed,ALL_core_os_5yr_event_top75_no_cancer_feature,os_5yr,within_cancer,2,816,176,0.6622620840750377,0.7384192457973341
pooled_fixed,ALL_core_os_5yr_event_top75_no_cancer_feature,os_5yr,global,3,816,176,0.4869916472682459,0.6164088692092011
pooled_fixed,ALL_core_os_5yr_event_top75_no_cancer_feature,os_5yr,within_cancer,3,816,176,0.5936601396686294,0.6737246327086406
pooled_fixed,ALL_core_os_5yr_event_top75_no_cancer_feature,os_5yr,global,4,816,176,0.5667533890182117,0.7177859236731812
pooled_fixed,ALL_core_os_5yr_event_top75_no_cancer_feature,os_5yr,within_cancer,4,816,176,0.6859509790497056,0.7571942235778045
pooled_fixed,ALL_core_os_5yr_event_top75_no_cancer_feature,os_5yr,global,5,816,176,0.57380528549911,0.677802533818289
pooled_fixed,ALL_core_os_5yr_event_top75_no_cancer_feature,os_5yr,within_cancer,5,816,176,0.6350130083527318,0.7128039555425807
pooled_fixed,ALL_core_os_5yr_event_top75_no_cancer_feature,os_5yr,global,6,816,176,0.5186909489250994,0.6526331216354144
pooled_fixed,ALL_core_os_5yr_event_top75_no_cancer_feature,os_5yr,within_cancer,6,816,176,0.6674654251677393,0.7395461471295531
pooled_fixed,ALL_core_os_5yr_event_top75_no_cancer_feature,os_5yr,global,7,816,176,0.4351636313843626,0.6017850592376572
pooled_fixed,ALL_core_os_5yr_event_top75_no_cancer_feature,os_5yr,within_cancer,7,816,176,0.6625359441325482,0.7258118293577335
pooled_fixed,ALL_core_os_5yr_event_top75_no_cancer_feature,os_5yr,global,8,816,176,0.4124332466109818,0.5909932037792369
pooled_fixed,ALL_core_os_5yr_event_top75_no_cancer_feature,os_5yr,within_cancer,8,816,176,0.6046145419690538,0.7058596547154613
pooled_fixed,ALL_core_os_5yr_event_top75_no_cancer_feature,os_5yr,global,9,816,176,0.4400931124195536,0.6174444456642946
pooled_fixed,ALL_core_os_5yr_event_top75_no_cancer_feature,os_5yr,within_cancer,9,816,176,0.6893742297685883,0.7654619650799401
pooled_fixed,ALL_core_os_5yr_event_top75_no_cancer_feature,os_5yr,global,10,816,176,0.4603587566753389,0.6088487014911722
pooled_fixed,ALL_core_os_5yr_event_top75_no_cancer_feature,os_5yr,within_cancer,10,816,176,0.6725318362316857,0.7562822803311933
pooled_fixed,ALL_core_os_5yr_event_top75_no_cancer_feature,os_5yr,global,11,816,176,0.5497740654525538,0.6937981770837391
pooled_fixed,ALL_core_os_5yr_event_top75_no_cancer_feature,os_5yr,within_cancer,11,816,176,0.6899219498836096,0.7488437479869737
pooled_fixed,ALL_core_os_5yr_event_top75_no_cancer_feature,os_5yr,global,12,816,176,0.5745584006572642,0.7214829938893004
pooled_fixed,ALL_core_os_5yr_event_top75_no_cancer_feature,os_5yr,within_cancer,12,816,176,0.613651923866904,0.6832651709493816
pooled_fixed,ALL_core_os_5yr_event_top75_no_cancer_feature,os_5yr,global,13,816,176,0.4018896343968232,0.5858706918836074
pooled_fixed,ALL_core_os_5yr_event_top75_no_cancer_feature,os_5yr,within_cancer,13,816,176,0.6744488566342599,0.7430930565541173
pooled_fixed,ALL_core_os_5yr_event_top75_no_cancer_feature,os_5yr,global,14,816,176,0.4509105846912228,0.6094620244499054
pooled_fixed,ALL_core_os_5yr_event_top75_no_cancer_feature,os_5yr,within_cancer,14,816,176,0.6741749965767493,0.7441569455972261
pooled_fixed,ALL_core_os_5yr_event_top75_no_cancer_feature,os_5yr,global,15,816,176,0.4864439271532246,0.6538301444277173
pooled_fixed,ALL_core_os_5yr_event_top75_no_cancer_feature,os_5yr,within_cancer,15,816,176,0.6658222648226756,0.7249033088156696
pooled_fixed,ALL_core_os_5yr_event_top75_no_cancer_feature,os_5yr,global,16,816,176,0.3818978501985485,0.5709604745647934
pooled_fixed,ALL_core_os_5yr_event_top75_no_cancer_feature,os_5yr,within_cancer,16,816,176,0.6555525126660278,0.7286203803321908
pooled_fixed,ALL_core_os_5yr_event_top75_no_cancer_feature,os_5yr,global,17,816,176,0.4667944680268382,0.6027840882333506
pooled_fixed,ALL_core_os_5yr_event_top75_no_cancer_feature,os_5yr,within_cancer,17,816,176,0.6267972066274135,0.6974634317932691
pooled_fixed,ALL_core_os_5yr_event_top75_no_cancer_feature,os_5yr,global,18,816,176,0.4637820073942216,0.6263772136716174
pooled_fixed,ALL_core_os_5yr_event_top75_no_cancer_feature,os_5yr,within_cancer,18,816,176,0.6585649732986444,0.7223344471168576
pooled_fixed,ALL_core_os_5yr_event_top75_no_cancer_feature,os_5yr,global,19,816,176,0.4435163631384363,0.6150523594068679
pooled_fixed,ALL_core_os_5yr_event_top75_no_cancer_feature,os_5yr,within_cancer,19,816,176,0.6966315212926195,0.7600196696293225
pooled_fixed,ALL_core_os_5yr_event_top75_no_cancer_feature,os_5yr,global,20,816,176,0.5210872244283172,0.6527817370982696
pooled_fixed,ALL_core_os_5yr_event_top75_no_cancer_feature,os_5yr,within_cancer,20,816,176,0.6280295768862112,0.692623284768086
pooled_fixed,ALL_core_os_5yr_event_top75_no_cancer_feature,os_5yr,global,21,816,176,0.4685060933862796,0.6127201478178527
pooled_fixed,ALL_core_os_5yr_event_top75_no_cancer_feature,os_5yr,within_cancer,21,816,176,0.6517184718608791,0.7354296857702155
pooled_fixed,ALL_core_os_5yr_event_top75_no_cancer_feature,os_5yr,global,22,816,176,0.6420649048336301,0.7311405782835856
pooled_fixed,ALL_core_os_5yr_event_top75_no_cancer_feature,os_5yr,within_cancer,22,816,176,0.6439134602218267,0.7203857650475152
pooled_fixed,ALL_core_os_5yr_event_top75_no_cancer_feature,os_5yr,global,23,816,176,0.3425989319457757,0.5462012549471763
pooled_fixed,ALL_core_os_5yr_event_top75_no_cancer_feature,os_5yr,within_cancer,23,816,176,0.6311789675475832,0.7070910593928632
pooled_fixed,ALL_core_os_5yr_event_top75_no_cancer_feature,os_5yr,global,24,816,176,0.4268108996302889,0.5749673816083016
pooled_fixed,ALL_core_os_5yr_event_top75_no_cancer_feature,os_5yr,within_cancer,24,816,176,0.6534985622346982,0.7253592324522449
pooled_fixed,ALL_core_os_5yr_event_top75_no_cancer_feature,os_5yr,global,25,816,176,0.5445022593454745,0.6713584062018956
pooled_fixed,ALL_core_os_5yr_event_top75_no_cancer_feature,os_5yr,within_cancer,25,816,176,0.6611666438449953,0.7264004387883151
pooled_fixed,ALL_core_os_5yr_event_top75_no_cancer_feature,os_5yr,global,26,816,176,0.480282075859236,0.6216712745083812
pooled_fixed,ALL_core_os_5yr_event_top75_no_cancer_feature,os_5yr,within_cancer,26,816,176,0.6422702998767631,0.7214279760308067
pooled_fixed,ALL_core_os_5yr_event_top75_no_cancer_feature,os_5yr,global,27,816,176,0.4451595234834999,0.62696149979504
pooled_fixed,ALL_core_os_5yr_event_top75_no_cancer_feature,os_5yr,within_cancer,27,816,176,0.6326851978638914,0.7071490449296388
pooled_fixed,ALL_core_os_5yr_event_top75_no_cancer_feature,os_5yr,global,28,816,176,0.4622073120635355,0.6077538190502024
pooled_fixed,ALL_core_os_5yr_event_top75_no_cancer_feature,os_5yr,within_cancer,28,816,176,0.6729426263179517,0.7528187637153272
pooled_fixed,ALL_core_os_5yr_event_top75_no_cancer_feature,os_5yr,global,29,816,176,0.5233465699027797,0.6748664851679287
pooled_fixed,ALL_core_os_5yr_event_top75_no_cancer_feature,os_5yr,within_cancer,29,816,176,0.6455566205668902,0.7091919130516273
pooled_fixed,ALL_core_os_5yr_event_top75_no_cancer_feature,os_5yr,global,30,816,176,0.5712036149527592,0.6608770281738356
pooled_fixed,ALL_core_os_5yr_event_top75_no_cancer_feature,os_5yr,within_cancer,30,816,176,0.635149938381487,0.7058353293545596
pooled_fixed,ALL_core_os_5yr_event_top75_no_cancer_feature,os_5yr,global,31,816,176,0.4381760920169793,0.610852973885464
pooled_fixed,ALL_core_os_5yr_event_top75_no_cancer_feature,os_5yr,within_cancer,31,816,176,0.6522661919759003,0.7195972780659075
pooled_fixed,ALL_core_os_5yr_event_top75_no_cancer_feature,os_5yr,global,32,816,176,0.516773928522525,0.6622204615422966
pooled_fixed,ALL_core_os_5yr_event_top75_no_cancer_feature,os_5yr,within_cancer,32,816,176,0.6755442968643023,0.758697033832609
pooled_fixed,ALL_core_os_5yr_event_top75_no_cancer_feature,os_5yr,global,33,816,176,0.4496097494180474,0.5935638867874641
pooled_fixed,ALL_core_os_5yr_event_top75_no_cancer_feature,os_5yr,within_cancer,33,816,176,0.6673284951389841,0.7392235106789854
pooled_fixed,ALL_core_os_5yr_event_top75_no_cancer_feature,os_5yr,global,34,816,176,0.6094070929754896,0.7126797650034278
pooled_fixed,ALL_core_os_5yr_event_top75_no_cancer_feature,os_5yr,within_cancer,34,816,176,0.6784198274681638,0.7432389641946939
pooled_fixed,ALL_core_os_5yr_event_top75_no_cancer_feature,os_5yr,global,35,816,176,0.4207859783650555,0.6197636379087046
pooled_fixed,ALL_core_os_5yr_event_top75_no_cancer_feature,os_5yr,within_cancer,35,816,176,0.6281665069149664,0.7228808775584565
pooled_fixed,ALL_core_os_5yr_event_top75_no_cancer_feature,os_5yr,global,36,816,176,0.5525126660276599,0.6851327995280475
pooled_fixed,ALL_core_os_5yr_event_top75_no_cancer_feature,os_5yr,within_cancer,36,816,176,0.6582911132411338,0.7160312661594942
pooled_fixed,ALL_core_os_5yr_event_top75_no_cancer_feature,os_5yr,global,37,816,176,0.4782281254279063,0.6238877801657217
pooled_fixed,ALL_core_os_5yr_event_top75_no_cancer_feature,os_5yr,within_cancer,37,816,176,0.6352868684102424,0.7126703807515506
pooled_fixed,ALL_core_os_5yr_event_top75_no_cancer_feature,os_5yr,global,38,816,176,0.5661372038888128,0.659798520469733
pooled_fixed,ALL_core_os_5yr_event_top75_no_cancer_feature,os_5yr,within_cancer,38,816,176,0.6396686293304122,0.70576480280118
pooled_fixed,ALL_core_os_5yr_event_top75_no_cancer_feature,os_5yr,global,39,816,176,0.4752156647952896,0.6290235599656703
pooled_fixed,ALL_core_os_5yr_event_top75_no_cancer_feature,os_5yr,within_cancer,39,816,176,0.6536354922634533,0.7241439426236995
pooled_fixed,ALL_core_os_5yr_event_top75_no_cancer_feature,os_5yr,global,40,816,176,0.4706285088319869,0.6309138358467594
pooled_fixed,ALL_core_os_5yr_event_top75_no_cancer_feature,os_5yr,within_cancer,40,816,176,0.6099548130905108,0.6758375626241021
pooled_fixed,ALL_core_os_5yr_event_top75_no_cancer_feature,os_5yr,global,41,816,176,0.501369300287553,0.6141463622372798
pooled_fixed,ALL_core_os_5yr_event_top75_no_cancer_feature,os_5yr,within_cancer,41,816,176,0.6844447487333973,0.7363562772351082
pooled_fixed,ALL_core_os_5yr_event_top75_no_cancer_feature,os_5yr,global,42,816,176,0.4845269067506504,0.6183864690949983
pooled_fixed,ALL_core_os_5yr_event_top75_no_cancer_feature,os_5yr,within_cancer,42,816,176,0.6382993290428591,0.7112446619662447
pooled_fixed,ALL_core_os_5yr_event_top75_no_cancer_feature,os_5yr,global,43,816,176,0.5089004518690949,0.6307621739653033
pooled_fixed,ALL_core_os_5yr_event_top75_no_cancer_feature,os_5yr,within_cancer,43,816,176,0.691017390113652,0.761507758848317
pooled_fixed,ALL_core_os_5yr_event_top75_no_cancer_feature,os_5yr,global,44,816,176,0.5234150349171574,0.6464819986198324
pooled_fixed,ALL_core_os_5yr_event_top75_no_cancer_feature,os_5yr,within_cancer,44,816,176,0.6191291250171164,0.7004288566115286
pooled_fixed,ALL_core_os_5yr_event_top75_no_cancer_feature,os_5yr,global,45,816,176,0.5406682185403259,0.6582186390493205
pooled_fixed,ALL_core_os_5yr_event_top75_no_cancer_feature,os_5yr,within_cancer,45,816,176,0.6292619471450089,0.708310557398304
pooled_fixed,ALL_core_os_5yr_event_top75_no_cancer_feature,os_5yr,global,46,816,176,0.4194166780775024,0.5964960042488636
pooled_fixed,ALL_core_os_5yr_event_top75_no_cancer_feature,os_5yr,within_cancer,46,816,176,0.6914281801999179,0.7553254281619035
pooled_fixed,ALL_core_os_5yr_event_top75_no_cancer_feature,os_5yr,global,47,816,176,0.4643981925236204,0.6131282370463482
pooled_fixed,ALL_core_os_5yr_event_top75_no_cancer_feature,os_5yr,within_cancer,47,816,176,0.6766397370943449,0.7347938749054554
pooled_fixed,ALL_core_os_5yr_event_top75_no_cancer_feature,os_5yr,global,48,816,176,0.4869231822538682,0.6354313301899801
pooled_fixed,ALL_core_os_5yr_event_top75_no_cancer_feature,os_5yr,within_cancer,48,816,176,0.6577433931261125,0.7240645262990094
pooled_fixed,ALL_core_os_5yr_event_top75_no_cancer_feature,os_5yr,global,49,816,176,0.4721347391482952,0.6389016129151479
pooled_fixed,ALL_core_os_5yr_event_top75_no_cancer_feature,os_5yr,within_cancer,49,816,176,0.652540052033411,0.730681471894698
pooled_fixed,ALL_core_os_5yr_event_top75_no_cancer_feature,os_5yr,global,50,816,176,0.4828837464055868,0.6170202738702456
pooled_fixed,ALL_core_os_5yr_event_top75_no_cancer_feature,os_5yr,within_cancer,50,816,176,0.6157058742982338,0.7241581743476141
pooled_fixed,ALL_core_os_5yr_event_top75_no_cancer_feature,os_5yr,global,51,816,176,0.4706285088319869,0.6531110715213755
pooled_fixed,ALL_core_os_5yr_event_top75_no_cancer_feature,os_5yr,within_cancer,51,816,176,0.6733534164042174,0.7437210502650459
pooled_fixed,ALL_core_os_5yr_event_top75_no_cancer_feature,os_5yr,global,52,816,176,0.4120224565247159,0.5752510313393124
pooled_fixed,ALL_core_os_5yr_event_top75_no_cancer_feature,os_5yr,within_cancer,52,816,176,0.6278926468574558,0.6977526060967109
pooled_fixed,ALL_core_os_5yr_event_top75_no_cancer_feature,os_5yr,global,53,816,176,0.5295084211967684,0.6951270839665441
pooled_fixed,ALL_core_os_5yr_event_top75_no_cancer_feature,os_5yr,within_cancer,53,816,176,0.5844858277420238,0.6818136860948159
pooled_fixed,ALL_core_os_5yr_event_top75_no_cancer_feature,os_5yr,global,54,816,176,0.5002738600575106,0.6316404722289684
pooled_fixed,ALL_core_os_5yr_event_top75_no_cancer_feature,os_5yr,within_cancer,54,816,176,0.6311789675475832,0.7088240989125391
pooled_fixed,ALL_core_os_5yr_event_top75_no_cancer_feature,os_5yr,global,55,816,176,0.5700397097083391,0.7223994618322007
pooled_fixed,ALL_core_os_5yr_event_top75_no_cancer_feature,os_5yr,within_cancer,55,816,176,0.6359715185540189,0.7077449695190787
pooled_fixed,ALL_core_os_5yr_event_top75_no_cancer_feature,os_5yr,global,56,816,176,0.4587155963302752,0.59401042953164
pooled_fixed,ALL_core_os_5yr_event_top75_no_cancer_feature,os_5yr,within_cancer,56,816,176,0.6607558537587294,0.7385242523327786
pooled_fixed,ALL_core_os_5yr_event_top75_no_cancer_feature,os_5yr,global,57,816,176,0.4596741065315624,0.6231526416714852
pooled_fixed,ALL_core_os_5yr_event_top75_no_cancer_feature,os_5yr,within_cancer,57,816,176,0.6712994659728879,0.7548109841567212
pooled_fixed,ALL_core_os_5yr_event_top75_no_cancer_feature,os_5yr,global,58,816,176,0.5405997535259482,0.6894455512062265
pooled_fixed,ALL_core_os_5yr_event_top75_no_cancer_feature,os_5yr,within_cancer,58,816,176,0.6927974804874708,0.7566687999215627
pooled_fixed,ALL_core_os_5yr_event_top75_no_cancer_feature,os_5yr,global,59,816,176,0.5597699575516911,0.7072542432775962
pooled_fixed,ALL_core_os_5yr_event_top75_no_cancer_feature,os_5yr,within_cancer,59,816,176,0.6492537313432836,0.7231710372886412
pooled_fixed,ALL_core_os_5yr_event_top75_no_cancer_feature,os_5yr,global,60,816,176,0.4075037655757908,0.5807682993296746
pooled_fixed,ALL_core_os_5yr_event_top75_no_cancer_feature,os_5yr,within_cancer,60,816,176,0.6812953580720252,0.7470469974638476
pooled_fixed,ALL_core_os_5yr_event_top75_no_cancer_feature,os_5yr,global,61,816,176,0.4978091195399151,0.6520732803842038
pooled_fixed,ALL_core_os_5yr_event_top75_no_cancer_feature,os_5yr,within_cancer,61,816,176,0.6629467342188142,0.7421718281402783
pooled_fixed,ALL_core_os_5yr_event_top75_no_cancer_feature,os_5yr,global,62,816,176,0.544228399287964,0.6647693175902716
pooled_fixed,ALL_core_os_5yr_event_top75_no_cancer_feature,os_5yr,within_cancer,62,816,176,0.6785567574969191,0.7442237291449085
pooled_fixed,ALL_core_os_5yr_event_top75_no_cancer_feature,os_5yr,global,63,816,176,0.4463918937422976,0.6166979513295134
pooled_fixed,ALL_core_os_5yr_event_top75_no_cancer_feature,os_5yr,within_cancer,63,816,176,0.6498014514583048,0.7386846881509419
pooled_fixed,ALL_core_os_5yr_event_top75_no_cancer_feature,os_5yr,global,64,816,176,0.4583048062440093,0.630529416880989
pooled_fixed,ALL_core_os_5yr_event_top75_no_cancer_feature,os_5yr,within_cancer,64,816,176,0.6533616322059429,0.7041623445369728
pooled_fixed,ALL_core_os_5yr_event_top75_no_cancer_feature,os_5yr,global,65,816,176,0.5846227577707791,0.6910210737597636
pooled_fixed,ALL_core_os_5yr_event_top75_no_cancer_feature,os_5yr,within_cancer,65,816,176,0.6417225797617417,0.7113848325640064
pooled_fixed,ALL_core_os_5yr_event_top75_no_cancer_feature,os_5yr,global,66,816,176,0.4231822538682733,0.5831255581830284
pooled_fixed,ALL_core_os_5yr_event_top75_no_cancer_feature,os_5yr,within_cancer,66,816,176,0.6697932356565797,0.7282473823395632
pooled_fixed,ALL_core_os_5yr_event_top75_no_cancer_feature,os_5yr,global,67,816,176,0.4191428180199917,0.6034814828107928
pooled_fixed,ALL_core_os_5yr_event_top75_no_cancer_feature,os_5yr,within_cancer,67,816,176,0.6429549500205395,0.7216567266386836
pooled_fixed,ALL_core_os_5yr_event_top75_no_cancer_feature,os_5yr,global,68,816,176,0.5378611529508422,0.6789002591004083
pooled_fixed,ALL_core_os_5yr_event_top75_no_cancer_feature,os_5yr,within_cancer,68,816,176,0.6830754484458442,0.7533383175008886
pooled_fixed,ALL_core_os_5yr_event_top75_no_cancer_feature,os_5yr,global,69,816,176,0.4684376283719019,0.610157685572132
pooled_fixed,ALL_core_os_5yr_event_top75_no_cancer_feature,os_5yr,within_cancer,69,816,176,0.664589894563878,0.750337859631662
pooled_fixed,ALL_core_os_5yr_event_top75_no_cancer_feature,os_5yr,global,70,816,176,0.5523757359989047,0.70955259107334
pooled_fixed,ALL_core_os_5yr_event_top75_no_cancer_feature,os_5yr,within_cancer,70,816,176,0.6314528276050938,0.7062868121261952
pooled_fixed,ALL_core_os_5yr_event_top75_no_cancer_feature,os_5yr,global,71,816,176,0.5193071340544981,0.6515364837400361
pooled_fixed,ALL_core_os_5yr_event_top75_no_cancer_feature,os_5yr,within_cancer,71,816,176,0.6622620840750377,0.7386249579216055
pooled_fixed,ALL_core_os_5yr_event_top75_no_cancer_feature,os_5yr,global,72,816,176,0.5451184444748733,0.686398480332828
pooled_fixed,ALL_core_os_5yr_event_top75_no_cancer_feature,os_5yr,within_cancer,72,816,176,0.6429549500205397,0.6961306178831863
pooled_fixed,ALL_core_os_5yr_event_top75_no_cancer_feature,os_5yr,global,73,816,176,0.5155415582637273,0.6493812795319508
pooled_fixed,ALL_core_os_5yr_event_top75_no_cancer_feature,os_5yr,within_cancer,73,816,176,0.6670546350814734,0.7354209233410505
pooled_fixed,ALL_core_os_5yr_event_top75_no_cancer_feature,os_5yr,global,74,816,176,0.5813364370806519,0.7078270951874818
pooled_fixed,ALL_core_os_5yr_event_top75_no_cancer_feature,os_5yr,within_cancer,74,816,176,0.6639052444201013,0.7362267773306296
pooled_fixed,ALL_core_os_5yr_event_top75_no_cancer_feature,os_5yr,global,75,816,176,0.5154046282349719,0.682243260401236
pooled_fixed,ALL_core_os_5yr_event_top75_no_cancer_feature,os_5yr,within_cancer,75,816,176,0.6721210461454197,0.7436877631895746
pooled_fixed,ALL_core_os_5yr_event_top75_no_cancer_feature,os_5yr,global,76,816,176,0.5433383541010544,0.6800865147467567
pooled_fixed,ALL_core_os_5yr_event_top75_no_cancer_feature,os_5yr,within_cancer,76,816,176,0.6748596467205258,0.7428066808365807
pooled_fixed,ALL_core_os_5yr_event_top75_no_cancer_feature,os_5yr,global,77,816,176,0.5080104066821854,0.6438412253704517
pooled_fixed,ALL_core_os_5yr_event_top75_no_cancer_feature,os_5yr,within_cancer,77,816,176,0.6714363960016432,0.7536562955148516
pooled_fixed,ALL_core_os_5yr_event_top75_no_cancer_feature,os_5yr,global,78,816,176,0.5438176092016979,0.6648943804793288
pooled_fixed,ALL_core_os_5yr_event_top75_no_cancer_feature,os_5yr,within_cancer,78,816,176,0.6729426263179515,0.738202796940088
pooled_fixed,ALL_core_os_5yr_event_top75_no_cancer_feature,os_5yr,global,79,816,176,0.5207448993564289,0.6823584898160304
pooled_fixed,ALL_core_os_5yr_event_top75_no_cancer_feature,os_5yr,within_cancer,79,816,176,0.6115979734355744,0.6882874625137888
pooled_fixed,ALL_core_os_5yr_event_top75_no_cancer_feature,os_5yr,global,80,816,176,0.5817472271669176,0.6852316663828888
pooled_fixed,ALL_core_os_5yr_event_top75_no_cancer_feature,os_5yr,within_cancer,80,816,176,0.6988224017527044,0.7746518127726567
pooled_fixed,ALL_core_os_5yr_event_top75_no_cancer_feature,os_5yr,global,81,816,176,0.5303300013693003,0.6535337547838509
pooled_fixed,ALL_core_os_5yr_event_top75_no_cancer_feature,os_5yr,within_cancer,81,816,176,0.6778721073531426,0.7420921203201755
pooled_fixed,ALL_core_os_5yr_event_top75_no_cancer_feature,os_5yr,global,82,816,176,0.5124606326167329,0.6482033031180946
pooled_fixed,ALL_core_os_5yr_event_top75_no_cancer_feature,os_5yr,within_cancer,82,816,176,0.6618512939887717,0.7359848291923936
pooled_fixed,ALL_core_os_5yr_event_top75_no_cancer_feature,os_5yr,global,83,816,176,0.4091469259208545,0.6173029745700346
pooled_fixed,ALL_core_os_5yr_event_top75_no_cancer_feature,os_5yr,within_cancer,83,816,176,0.6492537313432836,0.7256191800751121
pooled_fixed,ALL_core_os_5yr_event_top75_no_cancer_feature,os_5yr,global,84,816,176,0.4449541284403669,0.6039214058188733
pooled_fixed,ALL_core_os_5yr_event_top75_no_cancer_feature,os_5yr,within_cancer,84,816,176,0.6139257839244148,0.6977339611693916
pooled_fixed,ALL_core_os_5yr_event_top75_no_cancer_feature,os_5yr,global,85,816,176,0.434684376283719,0.6005043111328698
pooled_fixed,ALL_core_os_5yr_event_top75_no_cancer_feature,os_5yr,within_cancer,85,816,176,0.6714363960016432,0.7237719423417271
pooled_fixed,ALL_core_os_5yr_event_top75_no_cancer_feature,os_5yr,global,86,816,176,0.4663836779405723,0.643487543209577
pooled_fixed,ALL_core_os_5yr_event_top75_no_cancer_feature,os_5yr,within_cancer,86,816,176,0.6880049294810352,0.7555905083560601
pooled_fixed,ALL_core_os_5yr_event_top75_no_cancer_feature,os_5yr,global,87,816,176,0.5195809941120088,0.6610462187396792
pooled_fixed,ALL_core_os_5yr_event_top75_no_cancer_feature,os_5yr,within_cancer,87,816,176,0.615021224154457,0.7012581187124864
pooled_fixed,ALL_core_os_5yr_event_top75_no_cancer_feature,os_5yr,global,88,816,176,0.5287553060386143,0.6638643866544497
pooled_fixed,ALL_core_os_5yr_event_top75_no_cancer_feature,os_5yr,within_cancer,88,816,176,0.6684239353690264,0.740624806983368
pooled_fixed,ALL_core_os_5yr_event_top75_no_cancer_feature,os_5yr,global,89,816,176,0.5680542242913873,0.6679448239731837
pooled_fixed,ALL_core_os_5yr_event_top75_no_cancer_feature,os_5yr,within_cancer,89,816,176,0.7069012734492675,0.7703504996901744
pooled_fixed,ALL_core_os_5yr_event_top75_no_cancer_feature,os_5yr,global,90,816,176,0.5662056689031905,0.6736509131059876
pooled_fixed,ALL_core_os_5yr_event_top75_no_cancer_feature,os_5yr,within_cancer,90,816,176,0.6571956730110913,0.7259307882006554
pooled_fixed,ALL_core_os_5yr_event_top75_no_cancer_feature,os_5yr,global,91,816,176,0.4197590031493907,0.5816627750645942
pooled_fixed,ALL_core_os_5yr_event_top75_no_cancer_feature,os_5yr,within_cancer,91,816,176,0.6700670957140901,0.7464310412173467
pooled_fixed,ALL_core_os_5yr_event_top75_no_cancer_feature,os_5yr,global,92,816,176,0.5212241544570724,0.6418074349665167
pooled_fixed,ALL_core_os_5yr_event_top75_no_cancer_feature,os_5yr,within_cancer,92,816,176,0.6786936875256744,0.7547860208012116
pooled_fixed,ALL_core_os_5yr_event_top75_no_cancer_feature,os_5yr,global,93,816,176,0.5600438176092017,0.6719171165142586
pooled_fixed,ALL_core_os_5yr_event_top75_no_cancer_feature,os_5yr,within_cancer,93,816,176,0.6137888538956594,0.6808872918693019
pooled_fixed,ALL_core_os_5yr_event_top75_no_cancer_feature,os_5yr,global,94,816,176,0.4778858003560181,0.6546828276762626
pooled_fixed,ALL_core_os_5yr_event_top75_no_cancer_feature,os_5yr,within_cancer,94,816,176,0.6934821306312474,0.7660025247356574
pooled_fixed,ALL_core_os_5yr_event_top75_no_cancer_feature,os_5yr,global,95,816,176,0.4811036560317677,0.6131966119705703
pooled_fixed,ALL_core_os_5yr_event_top75_no_cancer_feature,os_5yr,within_cancer,95,816,176,0.633780638093934,0.6990874503185247
pooled_fixed,ALL_core_os_5yr_event_top75_no_cancer_feature,os_5yr,global,96,816,176,0.4229768588251403,0.6006133391904978
pooled_fixed,ALL_core_os_5yr_event_top75_no_cancer_feature,os_5yr,within_cancer,96,816,176,0.6591126934136656,0.7440960102052916
pooled_fixed,ALL_core_os_5yr_event_top75_no_cancer_feature,os_5yr,global,97,816,176,0.52567438039162,0.6633581011391196
pooled_fixed,ALL_core_os_5yr_event_top75_no_cancer_feature,os_5yr,within_cancer,97,816,176,0.6663699849376968,0.7427030422834964
pooled_fixed,ALL_core_os_5yr_event_top75_no_cancer_feature,os_5yr,global,98,816,176,0.4669998630699712,0.627223697969859
pooled_fixed,ALL_core_os_5yr_event_top75_no_cancer_feature,os_5yr,within_cancer,98,816,176,0.7170340955771601,0.781330143795687
pooled_fixed,ALL_core_os_5yr_event_top75_no_cancer_feature,os_5yr,global,99,816,176,0.4871970423113789,0.6377208858506351
pooled_fixed,ALL_core_os_5yr_event_top75_no_cancer_feature,os_5yr,within_cancer,99,816,176,0.628851157058743,0.7121569051447874
pooled_fixed,ALL_core_os_5yr_event_top75_no_cancer_feature,os_5yr,global,100,816,176,0.5225934547446256,0.6629783161293615
pooled_fixed,ALL_core_os_5yr_event_top75_no_cancer_feature,os_5yr,within_cancer,100,816,176,0.623921676023552,0.7109806491132205
pooled_fixed,ALL_core_os_5yr_event_top75_no_cancer_feature,os_5yr,global,101,816,176,0.495070518964809,0.6629395345637688
pooled_fixed,ALL_core_os_5yr_event_top75_no_cancer_feature,os_5yr,within_cancer,101,816,176,0.6513076817746132,0.7208568691671147
pooled_fixed,ALL_core_os_5yr_event_top75_no_cancer_feature,os_5yr,global,102,816,176,0.4379022319594688,0.6044450563873309
pooled_fixed,ALL_core_os_5yr_event_top75_no_cancer_feature,os_5yr,within_cancer,102,816,176,0.6826646583595782,0.752222674580115
pooled_fixed,ALL_core_os_5yr_event_top75_no_cancer_feature,os_5yr,global,103,816,176,0.4402985074626865,0.604147008608789
pooled_fixed,ALL_core_os_5yr_event_top75_no_cancer_feature,os_5yr,within_cancer,103,816,176,0.6717102560591538,0.7373934989489656
pooled_fixed,ALL_core_os_5yr_event_top75_no_cancer_feature,os_5yr,global,104,816,176,0.4638504724085992,0.6118781769673476
pooled_fixed,ALL_core_os_5yr_event_top75_no_cancer_feature,os_5yr,within_cancer,104,816,176,0.6891003697110776,0.7557164735825092
pooled_fixed,ALL_core_os_5yr_event_top75_no_cancer_feature,os_5yr,global,105,816,176,0.4847323017937834,0.6429531281468046
pooled_fixed,ALL_core_os_5yr_event_top75_no_cancer_feature,os_5yr,within_cancer,105,816,176,0.6518554018896343,0.7280791046635403
pooled_fixed,ALL_core_os_5yr_event_top75_no_cancer_feature,os_5yr,global,106,816,176,0.5657948788169245,0.6704360539949912
pooled_fixed,ALL_core_os_5yr_event_top75_no_cancer_feature,os_5yr,within_cancer,106,816,176,0.6889634396823223,0.7556490909926491
pooled_fixed,ALL_core_os_5yr_event_top75_no_cancer_feature,os_5yr,global,107,816,176,0.4272216897165548,0.6188982131470171
pooled_fixed,ALL_core_os_5yr_event_top75_no_cancer_feature,os_5yr,within_cancer,107,816,176,0.6743119266055045,0.7581644501309354
pooled_fixed,ALL_core_os_5yr_event_top75_no_cancer_feature,os_5yr,global,108,816,176,0.4665206079693276,0.6190717787807328
pooled_fixed,ALL_core_os_5yr_event_top75_no_cancer_feature,os_5yr,within_cancer,108,816,176,0.6273449267424347,0.698639996765345
pooled_fixed,ALL_core_os_5yr_event_top75_no_cancer_feature,os_5yr,global,109,816,176,0.5786663015199234,0.7301266569674274
pooled_fixed,ALL_core_os_5yr_event_top75_no_cancer_feature,os_5yr,within_cancer,109,816,176,0.6633575243050801,0.7281656374779322
pooled_fixed,ALL_core_os_5yr_event_top75_no_cancer_feature,os_5yr,global,110,816,176,0.5424483089141449,0.6743840391840707
pooled_fixed,ALL_core_os_5yr_event_top75_no_cancer_feature,os_5yr,within_cancer,110,816,176,0.6247432561960837,0.7047405853163619
pooled_fixed,ALL_core_os_5yr_event_top75_no_cancer_feature,os_5yr,global,111,816,176,0.4443379433109681,0.6221502037085376
pooled_fixed,ALL_core_os_5yr_event_top75_no_cancer_feature,os_5yr,within_cancer,111,816,176,0.6481582911132412,0.7198116252158835
pooled_fixed,ALL_core_os_5yr_event_top75_no_cancer_feature,os_5yr,global,112,816,176,0.5588799123647816,0.6487937782261116
pooled_fixed,ALL_core_os_5yr_event_top75_no_cancer_feature,os_5yr,within_cancer,112,816,176,0.6703409557716007,0.7574346015787544
pooled_fixed,ALL_core_os_5yr_event_top75_no_cancer_feature,os_5yr,global,113,816,176,0.5223880597014926,0.65626952509373
pooled_fixed,ALL_core_os_5yr_event_top75_no_cancer_feature,os_5yr,within_cancer,113,816,176,0.6870464192797481,0.7479168777810415
pooled_fixed,ALL_core_os_5yr_event_top75_no_cancer_feature,os_5yr,global,114,816,176,0.4825414213336985,0.6483935263976399
pooled_fixed,ALL_core_os_5yr_event_top75_no_cancer_feature,os_5yr,within_cancer,114,816,176,0.6734903464329727,0.7578730878300357
pooled_fixed,ALL_core_os_5yr_event_top75_no_cancer_feature,os_5yr,global,115,816,176,0.5197863891551417,0.6576797908479264
pooled_fixed,ALL_core_os_5yr_event_top75_no_cancer_feature,os_5yr,within_cancer,115,816,176,0.6283034369437219,0.7134806588267562
pooled_fixed,ALL_core_os_5yr_event_top75_no_cancer_feature,os_5yr,global,116,816,176,0.5995481309051075,0.6924575597995547
pooled_fixed,ALL_core_os_5yr_event_top75_no_cancer_feature,os_5yr,within_cancer,116,816,176,0.6313158975763385,0.6843056069875031
pooled_fixed,ALL_core_os_5yr_event_top75_no_cancer_feature,os_5yr,global,117,816,176,0.5023962755032179,0.6508727299558337
pooled_fixed,ALL_core_os_5yr_event_top75_no_cancer_feature,os_5yr,within_cancer,117,816,176,0.6834862385321101,0.7401855231493117
pooled_fixed,ALL_core_os_5yr_event_top75_no_cancer_feature,os_5yr,global,118,816,176,0.5372449678214433,0.6743168441281819
pooled_fixed,ALL_core_os_5yr_event_top75_no_cancer_feature,os_5yr,within_cancer,118,816,176,0.6666438449952075,0.7443633429143046
pooled_fixed,ALL_core_os_5yr_event_top75_no_cancer_feature,os_5yr,global,119,816,176,0.433315075996166,0.5970201170936273
pooled_fixed,ALL_core_os_5yr_event_top75_no_cancer_feature,os_5yr,within_cancer,119,816,176,0.6874572093660141,0.7690326323106838
pooled_fixed,ALL_core_os_5yr_event_top75_no_cancer_feature,os_5yr,global,120,816,176,0.5068465014377653,0.652587452952186
pooled_fixed,ALL_core_os_5yr_event_top75_no_cancer_feature,os_5yr,within_cancer,120,816,176,0.6347391482952212,0.7177738977729098
pooled_fixed,ALL_core_os_5yr_event_top75_no_cancer_feature,os_5yr,global,121,816,176,0.4568670409420786,0.6204513132979934
pooled_fixed,ALL_core_os_5yr_event_top75_no_cancer_feature,os_5yr,within_cancer,121,816,176,0.6848555388196631,0.7583310575926588
pooled_fixed,ALL_core_os_5yr_event_top75_no_cancer_feature,os_5yr,global,122,816,176,0.5323154867862523,0.6602698187520037
pooled_fixed,ALL_core_os_5yr_event_top75_no_cancer_feature,os_5yr,within_cancer,122,816,176,0.6152950842119678,0.6913921132459131
pooled_fixed,ALL_core_os_5yr_event_top75_no_cancer_feature,os_5yr,global,123,816,176,0.605573052170341,0.7151638168511288
pooled_fixed,ALL_core_os_5yr_event_top75_no_cancer_feature,os_5yr,within_cancer,123,816,176,0.6157058742982338,0.6956093841642528
pooled_fixed,ALL_core_os_5yr_event_top75_no_cancer_feature,os_5yr,global,124,816,176,0.5466931398055594,0.6717279174270909
pooled_fixed,ALL_core_os_5yr_event_top75_no_cancer_feature,os_5yr,within_cancer,124,816,176,0.6366561686977954,0.7059134345398778
pooled_fixed,ALL_core_os_5yr_event_top75_no_cancer_feature,os_5yr,global,125,816,176,0.5345063672463372,0.6590700500394329
pooled_fixed,ALL_core_os_5yr_event_top75_no_cancer_feature,os_5yr,within_cancer,125,816,176,0.6600712036149528,0.7268260394080375
pooled_fixed,ALL_core_os_5yr_event_top75_no_cancer_feature,os_5yr,global,126,816,176,0.4088730658633439,0.6002538468381993
pooled_fixed,ALL_core_os_5yr_event_top75_no_cancer_feature,os_5yr,within_cancer,126,816,176,0.6336437080651787,0.7039700899995363
pooled_fixed,ALL_core_os_5yr_event_top75_no_cancer_feature,os_5yr,global,127,816,176,0.6102286731480213,0.6970027440665879
pooled_fixed,ALL_core_os_5yr_event_top75_no_cancer_feature,os_5yr,within_cancer,127,816,176,0.638710119129125,0.7248811808076112
pooled_fixed,ALL_core_os_5yr_event_top75_no_cancer_feature,os_5yr,global,128,816,176,0.4322881007805012,0.6309082426523103
pooled_fixed,ALL_core_os_5yr_event_top75_no_cancer_feature,os_5yr,within_cancer,128,816,176,0.6858140490209503,0.7540948053449992
pooled_fixed,ALL_core_os_5yr_event_top75_no_cancer_feature,os_5yr,global,129,816,176,0.4420785978365055,0.6029402247314294
pooled_fixed,ALL_core_os_5yr_event_top75_no_cancer_feature,os_5yr,within_cancer,129,816,176,0.6419964398192524,0.7277844883801736
pooled_fixed,ALL_core_os_5yr_event_top75_no_cancer_feature,os_5yr,global,130,816,176,0.6218677255922224,0.6985970617534104
pooled_fixed,ALL_core_os_5yr_event_top75_no_cancer_feature,os_5yr,within_cancer,130,816,176,0.670477885800356,0.7405295945344275
pooled_fixed,ALL_core_os_5yr_event_top75_no_cancer_feature,os_5yr,global,131,816,176,0.557031356976585,0.6935802365946722
pooled_fixed,ALL_core_os_5yr_event_top75_no_cancer_feature,os_5yr,within_cancer,131,816,176,0.6514446118033684,0.7095463957904022
pooled_fixed,ALL_core_os_5yr_event_top75_no_cancer_feature,os_5yr,global,132,816,176,0.4584417362727647,0.6223447857981577
pooled_fixed,ALL_core_os_5yr_event_top75_no_cancer_feature,os_5yr,within_cancer,132,816,176,0.5955771600712036,0.6820727795973849
pooled_fixed,ALL_core_os_5yr_event_top75_no_cancer_feature,os_5yr,global,133,816,176,0.508489661782829,0.6523767979386383
pooled_fixed,ALL_core_os_5yr_event_top75_no_cancer_feature,os_5yr,within_cancer,133,816,176,0.6670546350814734,0.7592349152328675
pooled_fixed,ALL_core_os_5yr_event_top75_no_cancer_feature,os_5yr,global,134,816,176,0.4741202245652471,0.5990221762735847
pooled_fixed,ALL_core_os_5yr_event_top75_no_cancer_feature,os_5yr,within_cancer,134,816,176,0.6430918800492949,0.7167414275934905
pooled_fixed,ALL_core_os_5yr_event_top75_no_cancer_feature,os_5yr,global,135,816,176,0.4673421881418595,0.6150493464870845
pooled_fixed,ALL_core_os_5yr_event_top75_no_cancer_feature,os_5yr,within_cancer,135,816,176,0.6634944543338355,0.7222062856963842
pooled_fixed,ALL_core_os_5yr_event_top75_no_cancer_feature,os_5yr,global,136,816,176,0.4115432014240723,0.5789598253081449
pooled_fixed,ALL_core_os_5yr_event_top75_no_cancer_feature,os_5yr,within_cancer,136,816,176,0.6495275914007942,0.7296188704249744
pooled_fixed,ALL_core_os_5yr_event_top75_no_cancer_feature,os_5yr,global,137,816,176,0.4952074489935643,0.6262794419985017
pooled_fixed,ALL_core_os_5yr_event_top75_no_cancer_feature,os_5yr,within_cancer,137,816,176,0.680336847870738,0.739775115981359
pooled_fixed,ALL_core_os_5yr_event_top75_no_cancer_feature,os_5yr,global,138,816,176,0.5233465699027798,0.6473565019075187
pooled_fixed,ALL_core_os_5yr_event_top75_no_cancer_feature,os_5yr,within_cancer,138,816,176,0.6514446118033685,0.7398922887999153
pooled_fixed,ALL_core_os_5yr_event_top75_no_cancer_feature,os_5yr,global,139,816,176,0.4841845816787621,0.653499971116673
pooled_fixed,ALL_core_os_5yr_event_top75_no_cancer_feature,os_5yr,within_cancer,139,816,176,0.622141585649733,0.6813429516475709
pooled_fixed,ALL_core_os_5yr_event_top75_no_cancer_feature,os_5yr,global,140,816,176,0.4294125701766397,0.6041155196684627
pooled_fixed,ALL_core_os_5yr_event_top75_no_cancer_feature,os_5yr,within_cancer,140,816,176,0.5958510201287142,0.6655037718129475
pooled_fixed,ALL_core_os_5yr_event_top75_no_cancer_feature,os_5yr,global,141,816,176,0.5293714911680132,0.6825147500969624
pooled_fixed,ALL_core_os_5yr_event_top75_no_cancer_feature,os_5yr,within_cancer,141,816,176,0.644050390250582,0.7067284545182553
pooled_fixed,ALL_core_os_5yr_event_top75_no_cancer_feature,os_5yr,global,142,816,176,0.5135560728467754,0.6252658408042937
pooled_fixed,ALL_core_os_5yr_event_top75_no_cancer_feature,os_5yr,within_cancer,142,816,176,0.6409009995892099,0.6942089379752616
pooled_fixed,ALL_core_os_5yr_event_top75_no_cancer_feature,os_5yr,global,143,816,176,0.4915788032315487,0.653394597963759
pooled_fixed,ALL_core_os_5yr_event_top75_no_cancer_feature,os_5yr,within_cancer,143,816,176,0.6818430781870464,0.752053432556155
pooled_fixed,ALL_core_os_5yr_event_top75_no_cancer_feature,os_5yr,global,144,816,176,0.5303300013693004,0.673826535172279
pooled_fixed,ALL_core_os_5yr_event_top75_no_cancer_feature,os_5yr,within_cancer,144,816,176,0.6481582911132413,0.7288766753962037
pooled_fixed,ALL_core_os_5yr_event_top75_no_cancer_feature,os_5yr,global,145,816,176,0.5167054635081473,0.6403785527408958
pooled_fixed,ALL_core_os_5yr_event_top75_no_cancer_feature,os_5yr,within_cancer,145,816,176,0.7027933725866082,0.7778066725815111
pooled_fixed,ALL_core_os_5yr_event_top75_no_cancer_feature,os_5yr,global,146,816,176,0.4492674243461591,0.6319000888960469
pooled_fixed,ALL_core_os_5yr_event_top75_no_cancer_feature,os_5yr,within_cancer,146,816,176,0.6543201424072299,0.7163921449961582
pooled_fixed,ALL_core_os_5yr_event_top75_no_cancer_feature,os_5yr,global,147,816,176,0.5537450362864577,0.6984631216511632
pooled_fixed,ALL_core_os_5yr_event_top75_no_cancer_feature,os_5yr,within_cancer,147,816,176,0.6137888538956594,0.7062190926602593
pooled_fixed,ALL_core_os_5yr_event_top75_no_cancer_feature,os_5yr,global,148,816,176,0.4798028207585924,0.6507830157088812
pooled_fixed,ALL_core_os_5yr_event_top75_no_cancer_feature,os_5yr,within_cancer,148,816,176,0.6604819937012186,0.7202247911127656
pooled_fixed,ALL_core_os_5yr_event_top75_no_cancer_feature,os_5yr,global,149,816,176,0.5214295495002054,0.6767799344046255
pooled_fixed,ALL_core_os_5yr_event_top75_no_cancer_feature,os_5yr,within_cancer,149,816,176,0.6421333698480076,0.7287344408186737
pooled_fixed,ALL_core_os_5yr_event_top75_no_cancer_feature,os_5yr,global,150,816,176,0.491304943174038,0.6494396751757637
pooled_fixed,ALL_core_os_5yr_event_top75_no_cancer_feature,os_5yr,within_cancer,150,816,176,0.6388470491578804,0.7153415616975742
pooled_fixed,ALL_core_os_5yr_event_top75_no_cancer_feature,os_5yr,global,151,816,176,0.5080788716965631,0.6545378970315441
pooled_fixed,ALL_core_os_5yr_event_top75_no_cancer_feature,os_5yr,within_cancer,151,816,176,0.6541832123784745,0.7299734463092848
pooled_fixed,ALL_core_os_5yr_event_top75_no_cancer_feature,os_5yr,global,152,816,176,0.5628508831986855,0.6685862311082262
pooled_fixed,ALL_core_os_5yr_event_top75_no_cancer_feature,os_5yr,within_cancer,152,816,176,0.6532247021771875,0.7391324892343774
pooled_fixed,ALL_core_os_5yr_event_top75_no_cancer_feature,os_5yr,global,153,816,176,0.4603587566753389,0.624822044363069
pooled_fixed,ALL_core_os_5yr_event_top75_no_cancer_feature,os_5yr,within_cancer,153,816,176,0.6686977954265371,0.7345580412822088
pooled_fixed,ALL_core_os_5yr_event_top75_no_cancer_feature,os_5yr,global,154,816,176,0.4554977406545255,0.5996633176286955
pooled_fixed,ALL_core_os_5yr_event_top75_no_cancer_feature,os_5yr,within_cancer,154,816,176,0.6634944543338355,0.7380621822589302
pooled_fixed,ALL_core_os_5yr_event_top75_no_cancer_feature,os_5yr,global,155,816,176,0.4333835410105436,0.5791483217929688
pooled_fixed,ALL_core_os_5yr_event_top75_no_cancer_feature,os_5yr,within_cancer,155,816,176,0.6545940024647405,0.7293882586507074
pooled_fixed,ALL_core_os_5yr_event_top75_no_cancer_feature,os_5yr,global,156,816,176,0.4862385321100918,0.645669470418278
pooled_fixed,ALL_core_os_5yr_event_top75_no_cancer_feature,os_5yr,within_cancer,156,816,176,0.6743119266055047,0.7349469647894291
pooled_fixed,ALL_core_os_5yr_event_top75_no_cancer_feature,os_5yr,global,157,816,176,0.5441599342735862,0.6766455764333706
pooled_fixed,ALL_core_os_5yr_event_top75_no_cancer_feature,os_5yr,within_cancer,157,816,176,0.640490209502944,0.713647963781628
pooled_fixed,ALL_core_os_5yr_event_top75_no_cancer_feature,os_5yr,global,158,816,176,0.412980966726003,0.589346543640498
pooled_fixed,ALL_core_os_5yr_event_top75_no_cancer_feature,os_5yr,within_cancer,158,816,176,0.630631247432562,0.7045479455344705
pooled_fixed,ALL_core_os_5yr_event_top75_no_cancer_feature,os_5yr,global,159,816,176,0.485211556894427,0.6212818993267993
pooled_fixed,ALL_core_os_5yr_event_top75_no_cancer_feature,os_5yr,within_cancer,159,816,176,0.6704778858003562,0.7255553041841901
pooled_fixed,ALL_core_os_5yr_event_top75_no_cancer_feature,os_5yr,global,160,816,176,0.4077091606189237,0.5656083409687755
pooled_fixed,ALL_core_os_5yr_event_top75_no_cancer_feature,os_5yr,within_cancer,160,816,176,0.6324113378063808,0.7090597971100451
pooled_fixed,ALL_core_os_5yr_event_top75_no_cancer_feature,os_5yr,global,161,816,176,0.4877447624264001,0.6600603673521623
pooled_fixed,ALL_core_os_5yr_event_top75_no_cancer_feature,os_5yr,within_cancer,161,816,176,0.666917705052718,0.7192839079582792
pooled_fixed,ALL_core_os_5yr_event_top75_no_cancer_feature,os_5yr,global,162,816,176,0.4589894563877859,0.6259481112003518
pooled_fixed,ALL_core_os_5yr_event_top75_no_cancer_feature,os_5yr,within_cancer,162,816,176,0.6248801862248391,0.6944684126898336
pooled_fixed,ALL_core_os_5yr_event_top75_no_cancer_feature,os_5yr,global,163,816,176,0.4809667260030125,0.6105103196901311
pooled_fixed,ALL_core_os_5yr_event_top75_no_cancer_feature,os_5yr,within_cancer,163,816,176,0.6777351773243874,0.731746863429283
pooled_fixed,ALL_core_os_5yr_event_top75_no_cancer_feature,os_5yr,global,164,816,176,0.4696699986306997,0.6493711837760068
pooled_fixed,ALL_core_os_5yr_event_top75_no_cancer_feature,os_5yr,within_cancer,164,816,176,0.5861289880870875,0.6680346924388891
pooled_fixed,ALL_core_os_5yr_event_top75_no_cancer_feature,os_5yr,global,165,816,176,0.4960974941804738,0.6464976591760134
pooled_fixed,ALL_core_os_5yr_event_top75_no_cancer_feature,os_5yr,within_cancer,165,816,176,0.6461043406819116,0.7278344992079354
pooled_fixed,ALL_core_os_5yr_event_top75_no_cancer_feature,os_5yr,global,166,816,176,0.5434068191154321,0.6730629405695855
pooled_fixed,ALL_core_os_5yr_event_top75_no_cancer_feature,os_5yr,within_cancer,166,816,176,0.6016020813364371,0.6696616777320494
pooled_fixed,ALL_core_os_5yr_event_top75_no_cancer_feature,os_5yr,global,167,816,176,0.6248801862248391,0.7203956057321443
pooled_fixed,ALL_core_os_5yr_event_top75_no_cancer_feature,os_5yr,within_cancer,167,816,176,0.6929344105162263,0.7660928090771459
pooled_fixed,ALL_core_os_5yr_event_top75_no_cancer_feature,os_5yr,global,168,816,176,0.580104066821854,0.6883164611718107
pooled_fixed,ALL_core_os_5yr_event_top75_no_cancer_feature,os_5yr,within_cancer,168,816,176,0.6650006846501438,0.7367012952287633
pooled_fixed,ALL_core_os_5yr_event_top75_no_cancer_feature,os_5yr,global,169,816,176,0.5136930028755307,0.6296740250024995
pooled_fixed,ALL_core_os_5yr_event_top75_no_cancer_feature,os_5yr,within_cancer,169,816,176,0.6335067780364234,0.7099046681672774
pooled_fixed,ALL_core_os_5yr_event_top75_no_cancer_feature,os_5yr,global,170,816,176,0.4993838148706011,0.6680895005794867
pooled_fixed,ALL_core_os_5yr_event_top75_no_cancer_feature,os_5yr,within_cancer,170,816,176,0.6511707517458579,0.7189077583742648
pooled_fixed,ALL_core_os_5yr_event_top75_no_cancer_feature,os_5yr,global,171,816,176,0.5425852389429001,0.6759889292964149
pooled_fixed,ALL_core_os_5yr_event_top75_no_cancer_feature,os_5yr,within_cancer,171,816,176,0.6487060112282623,0.7347675199162766
pooled_fixed,ALL_core_os_5yr_event_top75_no_cancer_feature,os_5yr,global,172,816,176,0.5151307681774613,0.6724947521276938
pooled_fixed,ALL_core_os_5yr_event_top75_no_cancer_feature,os_5yr,within_cancer,172,816,176,0.6655484047651651,0.7238395226452512
pooled_fixed,ALL_core_os_5yr_event_top75_no_cancer_feature,os_5yr,global,173,816,176,0.4769272901547309,0.6354796695046987
pooled_fixed,ALL_core_os_5yr_event_top75_no_cancer_feature,os_5yr,within_cancer,173,816,176,0.6392578392441464,0.7153254278317853
pooled_fixed,ALL_core_os_5yr_event_top75_no_cancer_feature,os_5yr,global,174,816,176,0.5324524168150075,0.6472818150621856
pooled_fixed,ALL_core_os_5yr_event_top75_no_cancer_feature,os_5yr,within_cancer,174,816,176,0.6488429412570176,0.7231687776844318
pooled_fixed,ALL_core_os_5yr_event_top75_no_cancer_feature,os_5yr,global,175,816,176,0.545186909489251,0.6582778314641327
pooled_fixed,ALL_core_os_5yr_event_top75_no_cancer_feature,os_5yr,within_cancer,175,816,176,0.6773243872381214,0.7503899766054871
pooled_fixed,ALL_core_os_5yr_event_top75_no_cancer_feature,os_5yr,global,176,816,176,0.5199233191838971,0.6583007709291363
pooled_fixed,ALL_core_os_5yr_event_top75_no_cancer_feature,os_5yr,within_cancer,176,816,176,0.6717102560591538,0.7423985566933947
pooled_fixed,ALL_core_os_5yr_event_top75_no_cancer_feature,os_5yr,global,177,816,176,0.5299192112830343,0.635583748916835
pooled_fixed,ALL_core_os_5yr_event_top75_no_cancer_feature,os_5yr,within_cancer,177,816,176,0.694166780775024,0.7552080585294059
pooled_fixed,ALL_core_os_5yr_event_top75_no_cancer_feature,os_5yr,global,178,816,176,0.4491304943174038,0.6393813484225621
pooled_fixed,ALL_core_os_5yr_event_top75_no_cancer_feature,os_5yr,within_cancer,178,816,176,0.6421333698480077,0.7185401084435676
pooled_fixed,ALL_core_os_5yr_event_top75_no_cancer_feature,os_5yr,global,179,816,176,0.577365466246748,0.6976127151051871
pooled_fixed,ALL_core_os_5yr_event_top75_no_cancer_feature,os_5yr,within_cancer,179,816,176,0.6917020402574284,0.7766433434597463
pooled_fixed,ALL_core_os_5yr_event_top75_no_cancer_feature,os_5yr,global,180,816,176,0.4526906750650418,0.6222939569858017
pooled_fixed,ALL_core_os_5yr_event_top75_no_cancer_feature,os_5yr,within_cancer,180,816,176,0.6110502533205532,0.699116038883101
pooled_fixed,ALL_core_os_5yr_event_top75_no_cancer_feature,os_5yr,global,181,816,176,0.4484458441736274,0.612489569711305
pooled_fixed,ALL_core_os_5yr_event_top75_no_cancer_feature,os_5yr,within_cancer,181,816,176,0.6630836642475695,0.7432571272143398
pooled_fixed,ALL_core_os_5yr_event_top75_no_cancer_feature,os_5yr,global,182,816,176,0.4561823907983021,0.5956517122257262
pooled_fixed,ALL_core_os_5yr_event_top75_no_cancer_feature,os_5yr,within_cancer,182,816,176,0.6437765301930714,0.7169115387348146
pooled_fixed,ALL_core_os_5yr_event_top75_no_cancer_feature,os_5yr,global,183,816,176,0.543817609201698,0.6429656144690338
pooled_fixed,ALL_core_os_5yr_event_top75_no_cancer_feature,os_5yr,within_cancer,183,816,176,0.6558263727235383,0.7338764448884959
pooled_fixed,ALL_core_os_5yr_event_top75_no_cancer_feature,os_5yr,global,184,816,176,0.5413528686841025,0.6688832231652558
pooled_fixed,ALL_core_os_5yr_event_top75_no_cancer_feature,os_5yr,within_cancer,184,816,176,0.6429549500205395,0.7022531071445604
pooled_fixed,ALL_core_os_5yr_event_top75_no_cancer_feature,os_5yr,global,185,816,176,0.6320690127344927,0.7222018276134323
pooled_fixed,ALL_core_os_5yr_event_top75_no_cancer_feature,os_5yr,within_cancer,185,816,176,0.6057099821990963,0.6999756506318108
pooled_fixed,ALL_core_os_5yr_event_top75_no_cancer_feature,os_5yr,global,186,816,176,0.5410105436122141,0.6506856755276957
pooled_fixed,ALL_core_os_5yr_event_top75_no_cancer_feature,os_5yr,within_cancer,186,816,176,0.6410379296179652,0.7115536853989585
pooled_fixed,ALL_core_os_5yr_event_top75_no_cancer_feature,os_5yr,global,187,816,176,0.4419416678077502,0.5886152737863427
pooled_fixed,ALL_core_os_5yr_event_top75_no_cancer_feature,os_5yr,within_cancer,187,816,176,0.6095440230042448,0.7070597168242623
pooled_fixed,ALL_core_os_5yr_event_top75_no_cancer_feature,os_5yr,global,188,816,176,0.49329042859099,0.6107047293680266
pooled_fixed,ALL_core_os_5yr_event_top75_no_cancer_feature,os_5yr,within_cancer,188,816,176,0.6395316993016569,0.712839472302474
pooled_fixed,ALL_core_os_5yr_event_top75_no_cancer_feature,os_5yr,global,189,816,176,0.4637135423798439,0.6168709996713242
pooled_fixed,ALL_core_os_5yr_event_top75_no_cancer_feature,os_5yr,within_cancer,189,816,176,0.6344652882377105,0.7010003559690923
pooled_fixed,ALL_core_os_5yr_event_top75_no_cancer_feature,os_5yr,global,190,816,176,0.5460084896617828,0.6585801623282698
pooled_fixed,ALL_core_os_5yr_event_top75_no_cancer_feature,os_5yr,within_cancer,190,816,176,0.6418595097904971,0.7236611279700526
pooled_fixed,ALL_core_os_5yr_event_top75_no_cancer_feature,os_5yr,global,191,816,176,0.4143502670135561,0.5745523741512188
pooled_fixed,ALL_core_os_5yr_event_top75_no_cancer_feature,os_5yr,within_cancer,191,816,176,0.6899219498836096,0.7489662160160464
pooled_fixed,ALL_core_os_5yr_event_top75_no_cancer_feature,os_5yr,global,192,816,176,0.4352320963987403,0.5881054884019118
pooled_fixed,ALL_core_os_5yr_event_top75_no_cancer_feature,os_5yr,within_cancer,192,816,176,0.6580172531836233,0.7379485635970504
pooled_fixed,ALL_core_os_5yr_event_top75_no_cancer_feature,os_5yr,global,193,816,176,0.5948240449130494,0.6934961790244599
pooled_fixed,ALL_core_os_5yr_event_top75_no_cancer_feature,os_5yr,within_cancer,193,816,176,0.6662330549089416,0.7315969357087997
pooled_fixed,ALL_core_os_5yr_event_top75_no_cancer_feature,os_5yr,global,194,816,176,0.5452553745036287,0.6686293373161558
pooled_fixed,ALL_core_os_5yr_event_top75_no_cancer_feature,os_5yr,within_cancer,194,816,176,0.6426810899630289,0.7122460180532535
pooled_fixed,ALL_core_os_5yr_event_top75_no_cancer_feature,os_5yr,global,195,816,176,0.4838422566068738,0.6212185457305777
pooled_fixed,ALL_core_os_5yr_event_top75_no_cancer_feature,os_5yr,within_cancer,195,816,176,0.673627276461728,0.7574555939302241
pooled_fixed,ALL_core_os_5yr_event_top75_no_cancer_feature,os_5yr,global,196,816,176,0.5162946734218814,0.6467477487236086
pooled_fixed,ALL_core_os_5yr_event_top75_no_cancer_feature,os_5yr,within_cancer,196,816,176,0.6500753115158154,0.7192374780631565
pooled_fixed,ALL_core_os_5yr_event_top75_no_cancer_feature,os_5yr,global,197,816,176,0.5822949472819389,0.6907220136697757
pooled_fixed,ALL_core_os_5yr_event_top75_no_cancer_feature,os_5yr,within_cancer,197,816,176,0.6395316993016568,0.7107906979968768
pooled_fixed,ALL_core_os_5yr_event_top75_no_cancer_feature,os_5yr,global,198,816,176,0.4839791866356292,0.6250223243875143
pooled_fixed,ALL_core_os_5yr_event_top75_no_cancer_feature,os_5yr,within_cancer,198,816,176,0.6548678625222512,0.7340846296864972
pooled_fixed,ALL_core_os_5yr_event_top75_no_cancer_feature,os_5yr,global,199,816,176,0.5423798438997672,0.6803261139122507
pooled_fixed,ALL_core_os_5yr_event_top75_no_cancer_feature,os_5yr,within_cancer,199,816,176,0.6639052444201013,0.7294760807481927
pooled_fixed,ALL_core_os_5yr_event_top75_no_cancer_feature,os_5yr,global,200,816,176,0.4755579898671778,0.6341228619939069
pooled_fixed,ALL_core_os_5yr_event_top75_no_cancer_feature,os_5yr,within_cancer,200,816,176,0.695946871148843,0.759430132626687
pooled_fixed,ALL_core_os_5yr_event_top75_no_cancer_feature,os_5yr,global,201,816,176,0.5549089415308777,0.6774829879303506
pooled_fixed,ALL_core_os_5yr_event_top75_no_cancer_feature,os_5yr,within_cancer,201,816,176,0.620361495275914,0.7029330825984117
pooled_fixed,ALL_core_os_5yr_event_top75_no_cancer_feature,os_5yr,global,202,816,176,0.5650417636587703,0.6575552277503858
pooled_fixed,ALL_core_os_5yr_event_top75_no_cancer_feature,os_5yr,within_cancer,202,816,176,0.6710256059153772,0.7162737225052712
pooled_fixed,ALL_core_os_5yr_event_top75_no_cancer_feature,os_5yr,global,203,816,176,0.4385184170888676,0.5970809005357363
pooled_fixed,ALL_core_os_5yr_event_top75_no_cancer_feature,os_5yr,within_cancer,203,816,176,0.6196768451321375,0.7141092989864918
pooled_fixed,ALL_core_os_5yr_event_top75_no_cancer_feature,os_5yr,global,204,816,176,0.5091743119266056,0.6368335069477087
pooled_fixed,ALL_core_os_5yr_event_top75_no_cancer_feature,os_5yr,within_cancer,204,816,176,0.6157058742982335,0.6851467183318714
pooled_fixed,ALL_core_os_5yr_event_top75_no_cancer_feature,os_5yr,global,205,816,176,0.4737778994933589,0.6747335231327939
pooled_fixed,ALL_core_os_5yr_event_top75_no_cancer_feature,os_5yr,within_cancer,205,816,176,0.6248801862248391,0.6967671361143458
pooled_fixed,ALL_core_os_5yr_event_top75_no_cancer_feature,os_5yr,global,206,816,176,0.5362864576201561,0.661855427299971
pooled_fixed,ALL_core_os_5yr_event_top75_no_cancer_feature,os_5yr,within_cancer,206,816,176,0.6378885389565933,0.7021691580490111
pooled_fixed,ALL_core_os_5yr_event_top75_no_cancer_feature,os_5yr,global,207,816,176,0.5449815144461181,0.6743123952237342
pooled_fixed,ALL_core_os_5yr_event_top75_no_cancer_feature,os_5yr,within_cancer,207,816,176,0.6325482678351363,0.709163141778735
pooled_fixed,ALL_core_os_5yr_event_top75_no_cancer_feature,os_5yr,global,208,816,176,0.5265644255785293,0.6745096354994466
pooled_fixed,ALL_core_os_5yr_event_top75_no_cancer_feature,os_5yr,within_cancer,208,816,176,0.6310420375188279,0.7085446235849645
pooled_fixed,ALL_core_os_5yr_event_top75_no_cancer_feature,os_5yr,global,209,816,176,0.3906613720388882,0.5848424443983682
pooled_fixed,ALL_core_os_5yr_event_top75_no_cancer_feature,os_5yr,within_cancer,209,816,176,0.6625359441325483,0.7411024975392632
pooled_fixed,ALL_core_os_5yr_event_top75_no_cancer_feature,os_5yr,global,210,816,176,0.4484458441736273,0.6429138070666607
pooled_fixed,ALL_core_os_5yr_event_top75_no_cancer_feature,os_5yr,within_cancer,210,816,176,0.6076270026016706,0.6880828259340674
pooled_fixed,ALL_core_os_5yr_event_top75_no_cancer_feature,os_5yr,global,211,816,176,0.4655620977680405,0.6268803356844939
pooled_fixed,ALL_core_os_5yr_event_top75_no_cancer_feature,os_5yr,within_cancer,211,816,176,0.6365192386690401,0.7040816487967967
pooled_fixed,ALL_core_os_5yr_event_top75_no_cancer_feature,os_5yr,global,212,816,176,0.5453238395180063,0.6500944439929438
pooled_fixed,ALL_core_os_5yr_event_top75_no_cancer_feature,os_5yr,within_cancer,212,816,176,0.6074900725729152,0.6831394612891957
pooled_fixed,ALL_core_os_5yr_event_top75_no_cancer_feature,os_5yr,global,213,816,176,0.3639600164316034,0.5554046139847566
pooled_fixed,ALL_core_os_5yr_event_top75_no_cancer_feature,os_5yr,within_cancer,213,816,176,0.6903327399698755,0.7446811273260304
pooled_fixed,ALL_core_os_5yr_event_top75_no_cancer_feature,os_5yr,global,214,816,176,0.4711762289470081,0.6255731330440135
pooled_fixed,ALL_core_os_5yr_event_top75_no_cancer_feature,os_5yr,within_cancer,214,816,176,0.6522661919759002,0.7266237360410039
pooled_fixed,ALL_core_os_5yr_event_top75_no_cancer_feature,os_5yr,global,215,816,176,0.4990414897987129,0.6481317021442815
pooled_fixed,ALL_core_os_5yr_event_top75_no_cancer_feature,os_5yr,within_cancer,215,816,176,0.6243324661098179,0.7194563488589046
pooled_fixed,ALL_core_os_5yr_event_top75_no_cancer_feature,os_5yr,global,216,816,176,0.5357387375051348,0.6490383074065742
pooled_fixed,ALL_core_os_5yr_event_top75_no_cancer_feature,os_5yr,within_cancer,216,816,176,0.6648637546213885,0.7297339299243719
pooled_fixed,ALL_core_os_5yr_event_top75_no_cancer_feature,os_5yr,global,217,816,176,0.4720662741339176,0.6200302773856654
pooled_fixed,ALL_core_os_5yr_event_top75_no_cancer_feature,os_5yr,within_cancer,217,816,176,0.6569218129535807,0.7329878300520518
pooled_fixed,ALL_core_os_5yr_event_top75_no_cancer_feature,os_5yr,global,218,816,176,0.5047240859920581,0.6651687996345106
pooled_fixed,ALL_core_os_5yr_event_top75_no_cancer_feature,os_5yr,within_cancer,218,816,176,0.6711625359441326,0.7415495807469029
pooled_fixed,ALL_core_os_5yr_event_top75_no_cancer_feature,os_5yr,global,219,816,176,0.551691085855128,0.6852996686665651
pooled_fixed,ALL_core_os_5yr_event_top75_no_cancer_feature,os_5yr,within_cancer,219,816,176,0.6274818567711898,0.7178946466554739
pooled_fixed,ALL_core_os_5yr_event_top75_no_cancer_feature,os_5yr,global,220,816,176,0.4782965904422839,0.6562718091131592
pooled_fixed,ALL_core_os_5yr_event_top75_no_cancer_feature,os_5yr,within_cancer,220,816,176,0.6563740928385594,0.7405748056397856
pooled_fixed,ALL_core_os_5yr_event_top75_no_cancer_feature,os_5yr,global,221,816,176,0.4886348076133097,0.6383831986682109
pooled_fixed,ALL_core_os_5yr_event_top75_no_cancer_feature,os_5yr,within_cancer,221,816,176,0.6856771189921951,0.7590268003631736
pooled_fixed,ALL_core_os_5yr_event_top75_no_cancer_feature,os_5yr,global,222,816,176,0.4079145556620567,0.5766364335428873
pooled_fixed,ALL_core_os_5yr_event_top75_no_cancer_feature,os_5yr,within_cancer,222,816,176,0.6463782007394222,0.6934950563521123
pooled_fixed,ALL_core_os_5yr_event_top75_no_cancer_feature,os_5yr,global,223,816,176,0.5607284677529784,0.6843373970781821
pooled_fixed,ALL_core_os_5yr_event_top75_no_cancer_feature,os_5yr,within_cancer,223,816,176,0.6577433931261126,0.7376272365543878
pooled_fixed,ALL_core_os_5yr_event_top75_no_cancer_feature,os_5yr,global,224,816,176,0.5206079693276736,0.674009384192354
pooled_fixed,ALL_core_os_5yr_event_top75_no_cancer_feature,os_5yr,within_cancer,224,816,176,0.6932082705737369,0.7731082974463903
pooled_fixed,ALL_core_os_5yr_event_top75_no_cancer_feature,os_5yr,global,225,816,176,0.5473093249349583,0.6708751686727308
pooled_fixed,ALL_core_os_5yr_event_top75_no_cancer_feature,os_5yr,within_cancer,225,816,176,0.6350130083527317,0.7185781763191319
pooled_fixed,ALL_core_os_5yr_event_top75_no_cancer_feature,os_5yr,global,226,816,176,0.4292756401478845,0.6105417895733031
pooled_fixed,ALL_core_os_5yr_event_top75_no_cancer_feature,os_5yr,within_cancer,226,816,176,0.6844447487333972,0.7444339409427669
pooled_fixed,ALL_core_os_5yr_event_top75_no_cancer_feature,os_5yr,global,227,816,176,0.483431466520608,0.6335492895558479
pooled_fixed,ALL_core_os_5yr_event_top75_no_cancer_feature,os_5yr,within_cancer,227,816,176,0.6823907983020677,0.7517825014546909
pooled_fixed,ALL_core_os_5yr_event_top75_no_cancer_feature,os_5yr,global,228,816,176,0.5360810625770231,0.6446377649232506
pooled_fixed,ALL_core_os_5yr_event_top75_no_cancer_feature,os_5yr,within_cancer,228,816,176,0.6604819937012187,0.7250796019924598
pooled_fixed,ALL_core_os_5yr_event_top75_no_cancer_feature,os_5yr,global,229,816,176,0.5367657127207998,0.7080420200828388
pooled_fixed,ALL_core_os_5yr_event_top75_no_cancer_feature,os_5yr,within_cancer,229,816,176,0.6388470491578804,0.7106847503250917
pooled_fixed,ALL_core_os_5yr_event_top75_no_cancer_feature,os_5yr,global,230,816,176,0.4357113514993838,0.6092384735604699
pooled_fixed,ALL_core_os_5yr_event_top75_no_cancer_feature,os_5yr,within_cancer,230,816,176,0.6714363960016433,0.73365238918441
pooled_fixed,ALL_core_os_5yr_event_top75_no_cancer_feature,os_5yr,global,231,816,176,0.4726824592633164,0.6378087023700878
pooled_fixed,ALL_core_os_5yr_event_top75_no_cancer_feature,os_5yr,within_cancer,231,816,176,0.6214569355059564,0.7099687242065212
pooled_fixed,ALL_core_os_5yr_event_top75_no_cancer_feature,os_5yr,global,232,816,176,0.5106120772285363,0.6513570417730435
pooled_fixed,ALL_core_os_5yr_event_top75_no_cancer_feature,os_5yr,within_cancer,232,816,176,0.682527728330823,0.7543582100457771
pooled_fixed,ALL_core_os_5yr_event_top75_no_cancer_feature,os_5yr,global,233,816,176,0.4504313295905792,0.5946607188408708
pooled_fixed,ALL_core_os_5yr_event_top75_no_cancer_feature,os_5yr,within_cancer,233,816,176,0.6636313843625908,0.7383185513675155
pooled_fixed,ALL_core_os_5yr_event_top75_no_cancer_feature,os_5yr,global,234,816,176,0.5940024647405175,0.6925497849621942
pooled_fixed,ALL_core_os_5yr_event_top75_no_cancer_feature,os_5yr,within_cancer,234,816,176,0.6611666438449952,0.7201096751483423
pooled_fixed,ALL_core_os_5yr_event_top75_no_cancer_feature,os_5yr,global,235,816,176,0.4661782828974394,0.6305863165621964
pooled_fixed,ALL_core_os_5yr_event_top75_no_cancer_feature,os_5yr,within_cancer,235,816,176,0.6734903464329728,0.7408941564854458
pooled_fixed,ALL_core_os_5yr_event_top75_no_cancer_feature,os_5yr,global,236,816,176,0.4350267013556073,0.5989810424228696
pooled_fixed,ALL_core_os_5yr_event_top75_no_cancer_feature,os_5yr,within_cancer,236,816,176,0.6788306175544296,0.7523071378642074
pooled_fixed,ALL_core_os_5yr_event_top75_no_cancer_feature,os_5yr,global,237,816,176,0.4090784609064767,0.5824298641983625
pooled_fixed,ALL_core_os_5yr_event_top75_no_cancer_feature,os_5yr,within_cancer,237,816,176,0.6877310694235247,0.7557423109738277
pooled_fixed,ALL_core_os_5yr_event_top75_no_cancer_feature,os_5yr,global,238,816,176,0.5228673148021362,0.6524619452439135
pooled_fixed,ALL_core_os_5yr_event_top75_no_cancer_feature,os_5yr,within_cancer,238,816,176,0.6283034369437217,0.6867336019847309
pooled_fixed,ALL_core_os_5yr_event_top75_no_cancer_feature,os_5yr,global,239,816,176,0.53909352320964,0.6884197816397919
pooled_fixed,ALL_core_os_5yr_event_top75_no_cancer_feature,os_5yr,within_cancer,239,816,176,0.6684239353690263,0.7414892332747689
pooled_fixed,ALL_core_os_5yr_event_top75_no_cancer_feature,os_5yr,global,240,816,176,0.5065726413802547,0.6408142761582588
pooled_fixed,ALL_core_os_5yr_event_top75_no_cancer_feature,os_5yr,within_cancer,240,816,176,0.6756812268930577,0.7514312346859602
pooled_fixed,ALL_core_os_5yr_event_top75_no_cancer_feature,os_5yr,global,241,816,176,0.4701492537313432,0.5971779108004486
pooled_fixed,ALL_core_os_5yr_event_top75_no_cancer_feature,os_5yr,within_cancer,241,816,176,0.6474736409694646,0.7304216157110488
pooled_fixed,ALL_core_os_5yr_event_top75_no_cancer_feature,os_5yr,global,242,816,176,0.5117759824729564,0.646989921316532
pooled_fixed,ALL_core_os_5yr_event_top75_no_cancer_feature,os_5yr,within_cancer,242,816,176,0.6215938655347119,0.7025074479385277
pooled_fixed,ALL_core_os_5yr_event_top75_no_cancer_feature,os_5yr,global,243,816,176,0.4842530466931398,0.6347095264149469
pooled_fixed,ALL_core_os_5yr_event_top75_no_cancer_feature,os_5yr,within_cancer,243,816,176,0.7218266465835957,0.7638273080221792
pooled_fixed,ALL_core_os_5yr_event_top75_no_cancer_feature,os_5yr,global,244,816,176,0.3954539230453238,0.5831140709989611
pooled_fixed,ALL_core_os_5yr_event_top75_no_cancer_feature,os_5yr,within_cancer,244,816,176,0.6374777488703273,0.7061598180386244
pooled_fixed,ALL_core_os_5yr_event_top75_no_cancer_feature,os_5yr,global,245,816,176,0.4725455292345611,0.6093672313189148
pooled_fixed,ALL_core_os_5yr_event_top75_no_cancer_feature,os_5yr,within_cancer,245,816,176,0.6784198274681639,0.7536232133198368
pooled_fixed,ALL_core_os_5yr_event_top75_no_cancer_feature,os_5yr,global,246,816,176,0.4957551691085855,0.631415734987106
pooled_fixed,ALL_core_os_5yr_event_top75_no_cancer_feature,os_5yr,within_cancer,246,816,176,0.6691085855128031,0.7550768681226608
pooled_fixed,ALL_core_os_5yr_event_top75_no_cancer_feature,os_5yr,global,247,816,176,0.5583321922497604,0.6845788600501069
pooled_fixed,ALL_core_os_5yr_event_top75_no_cancer_feature,os_5yr,within_cancer,247,816,176,0.6248801862248391,0.6942143745267069
pooled_fixed,ALL_core_os_5yr_event_top75_no_cancer_feature,os_5yr,global,248,816,176,0.5505956456250857,0.6732677249568673
pooled_fixed,ALL_core_os_5yr_event_top75_no_cancer_feature,os_5yr,within_cancer,248,816,176,0.6793783376694509,0.7401144589957274
pooled_fixed,ALL_core_os_5yr_event_top75_no_cancer_feature,os_5yr,global,249,816,176,0.4366013966862933,0.5810185712596447
pooled_fixed,ALL_core_os_5yr_event_top75_no_cancer_feature,os_5yr,within_cancer,249,816,176,0.6366561686977954,0.720083018792529
pooled_fixed,ALL_core_os_5yr_event_top75_no_cancer_feature,os_5yr,global,250,816,176,0.45303300013693,0.6171251104167004
pooled_fixed,ALL_core_os_5yr_event_top75_no_cancer_feature,os_5yr,within_cancer,250,816,176,0.6463782007394222,0.7075804862210401
pooled_fixed,ALL_core_os_5yr_event_top75_no_cancer_feature,os_5yr,global,251,816,176,0.4994522798849787,0.6320928632325162
pooled_fixed,ALL_core_os_5yr_event_top75_no_cancer_feature,os_5yr,within_cancer,251,816,176,0.6463782007394222,0.7051916984188524
pooled_fixed,ALL_core_os_5yr_event_top75_no_cancer_feature,os_5yr,global,252,816,176,0.578118581404902,0.6874407052441547
pooled_fixed,ALL_core_os_5yr_event_top75_no_cancer_feature,os_5yr,within_cancer,252,816,176,0.6851293988771738,0.7484980619212497
pooled_fixed,ALL_core_os_5yr_event_top75_no_cancer_feature,os_5yr,global,253,816,176,0.4031904696699986,0.5893616775854718
pooled_fixed,ALL_core_os_5yr_event_top75_no_cancer_feature,os_5yr,within_cancer,253,816,176,0.6283034369437217,0.7100654634656066
pooled_fixed,ALL_core_os_5yr_event_top75_no_cancer_feature,os_5yr,global,254,816,176,0.451663699849377,0.5982823982260788
pooled_fixed,ALL_core_os_5yr_event_top75_no_cancer_feature,os_5yr,within_cancer,254,816,176,0.6530877721484323,0.7210075889976133
pooled_fixed,ALL_core_os_5yr_event_top75_no_cancer_feature,os_5yr,global,255,816,176,0.498219909626181,0.629528800976037
pooled_fixed,ALL_core_os_5yr_event_top75_no_cancer_feature,os_5yr,within_cancer,255,816,176,0.6200876352184034,0.6951597479026483
pooled_fixed,ALL_core_os_5yr_event_top75_no_cancer_feature,os_5yr,global,256,816,176,0.6235793509516637,0.699604757957534
pooled_fixed,ALL_core_os_5yr_event_top75_no_cancer_feature,os_5yr,within_cancer,256,816,176,0.6128303436943722,0.6770216655655947
pooled_fixed,ALL_core_os_5yr_event_top75_no_cancer_feature,os_5yr,global,257,816,176,0.5592222374366699,0.6735409989901555
pooled_fixed,ALL_core_os_5yr_event_top75_no_cancer_feature,os_5yr,within_cancer,257,816,176,0.699096261810215,0.7754836379159774
pooled_fixed,ALL_core_os_5yr_event_top75_no_cancer_feature,os_5yr,global,258,816,176,0.4750102697521566,0.6376163790682452
pooled_fixed,ALL_core_os_5yr_event_top75_no_cancer_feature,os_5yr,within_cancer,258,816,176,0.6232370258797754,0.6955321492208467
pooled_fixed,ALL_core_os_5yr_event_top75_no_cancer_feature,os_5yr,global,259,816,176,0.44632342872792,0.6019854512715268
pooled_fixed,ALL_core_os_5yr_event_top75_no_cancer_feature,os_5yr,within_cancer,259,816,176,0.6726687662604409,0.7562982842260512
pooled_fixed,ALL_core_os_5yr_event_top75_no_cancer_feature,os_5yr,global,260,816,176,0.4626181021498015,0.6147562559520781
pooled_fixed,ALL_core_os_5yr_event_top75_no_cancer_feature,os_5yr,within_cancer,260,816,176,0.6210461454196905,0.7068130910527779
pooled_fixed,ALL_core_os_5yr_event_top75_no_cancer_feature,os_5yr,global,261,816,176,0.5529919211283034,0.6618769210174047
pooled_fixed,ALL_core_os_5yr_event_top75_no_cancer_feature,os_5yr,within_cancer,261,816,176,0.6100917431192661,0.6732467122504354
pooled_fixed,ALL_core_os_5yr_event_top75_no_cancer_feature,os_5yr,global,262,816,176,0.5096535670272491,0.657113451202698
pooled_fixed,ALL_core_os_5yr_event_top75_no_cancer_feature,os_5yr,within_cancer,262,816,176,0.6298096672600302,0.7041962043081864
pooled_fixed,ALL_core_os_5yr_event_top75_no_cancer_feature,os_5yr,global,263,816,176,0.4273586197453102,0.5826421992580468
pooled_fixed,ALL_core_os_5yr_event_top75_no_cancer_feature,os_5yr,within_cancer,263,816,176,0.7006024921265235,0.7671623093977483
pooled_fixed,ALL_core_os_5yr_event_top75_no_cancer_feature,os_5yr,global,264,816,176,0.4826783513624538,0.646481306602346
pooled_fixed,ALL_core_os_5yr_event_top75_no_cancer_feature,os_5yr,within_cancer,264,816,176,0.6336437080651786,0.717284182100601
pooled_fixed,ALL_core_os_5yr_event_top75_no_cancer_feature,os_5yr,global,265,816,176,0.4952074489935643,0.6419177098230194
pooled_fixed,ALL_core_os_5yr_event_top75_no_cancer_feature,os_5yr,within_cancer,265,816,176,0.662399014103793,0.7414017083986045
pooled_fixed,ALL_core_os_5yr_event_top75_no_cancer_feature,os_5yr,global,266,816,176,0.520539504313296,0.6521996191594758
pooled_fixed,ALL_core_os_5yr_event_top75_no_cancer_feature,os_5yr,within_cancer,266,816,176,0.6395316993016569,0.6995536612427626
pooled_fixed,ALL_core_os_5yr_event_top75_no_cancer_feature,os_5yr,global,267,816,176,0.5145830480624402,0.6256678069426296
pooled_fixed,ALL_core_os_5yr_event_top75_no_cancer_feature,os_5yr,within_cancer,267,816,176,0.613651923866904,0.7021834832664268
pooled_fixed,ALL_core_os_5yr_event_top75_no_cancer_feature,os_5yr,global,268,816,176,0.4929481035191018,0.6436346599868785
pooled_fixed,ALL_core_os_5yr_event_top75_no_cancer_feature,os_5yr,within_cancer,268,816,176,0.6832123784745995,0.7577916909979459
pooled_fixed,ALL_core_os_5yr_event_top75_no_cancer_feature,os_5yr,global,269,816,176,0.5783924414624128,0.7030936058714956
pooled_fixed,ALL_core_os_5yr_event_top75_no_cancer_feature,os_5yr,within_cancer,269,816,176,0.6904696699986308,0.7563108283927735
pooled_fixed,ALL_core_os_5yr_event_top75_no_cancer_feature,os_5yr,global,270,816,176,0.4098315760646311,0.5918575748452868
pooled_fixed,ALL_core_os_5yr_event_top75_no_cancer_feature,os_5yr,within_cancer,270,816,176,0.6754073668355471,0.7431043755133511
pooled_fixed,ALL_core_os_5yr_event_top75_no_cancer_feature,os_5yr,global,271,816,176,0.490141037929618,0.6166578781060289
pooled_fixed,ALL_core_os_5yr_event_top75_no_cancer_feature,os_5yr,within_cancer,271,816,176,0.6196768451321374,0.7008932371926024
pooled_fixed,ALL_core_os_5yr_event_top75_no_cancer_feature,os_5yr,global,272,816,176,0.4787073805285499,0.6264369775863445
pooled_fixed,ALL_core_os_5yr_event_top75_no_cancer_feature,os_5yr,within_cancer,272,816,176,0.5979049705600438,0.6824010533122918
pooled_fixed,ALL_core_os_5yr_event_top75_no_cancer_feature,os_5yr,global,273,816,176,0.570245104751472,0.6814685419526428
pooled_fixed,ALL_core_os_5yr_event_top75_no_cancer_feature,os_5yr,within_cancer,273,816,176,0.6781459674106532,0.7642764045116053
pooled_fixed,ALL_core_os_5yr_event_top75_no_cancer_feature,os_5yr,global,274,816,176,0.5431329590579215,0.6588832353408836
pooled_fixed,ALL_core_os_5yr_event_top75_no_cancer_feature,os_5yr,within_cancer,274,816,176,0.635560728467753,0.7202270885225818
pooled_fixed,ALL_core_os_5yr_event_top75_no_cancer_feature,os_5yr,global,275,816,176,0.6104340681911544,0.7425322355603048
pooled_fixed,ALL_core_os_5yr_event_top75_no_cancer_feature,os_5yr,within_cancer,275,816,176,0.6363823086402848,0.7011797081279387
pooled_fixed,ALL_core_os_5yr_event_top75_no_cancer_feature,os_5yr,global,276,816,176,0.5003423250718882,0.6474328656930278
pooled_fixed,ALL_core_os_5yr_event_top75_no_cancer_feature,os_5yr,within_cancer,276,816,176,0.615432014240723,0.703386202794445
pooled_fixed,ALL_core_os_5yr_event_top75_no_cancer_feature,os_5yr,global,277,816,176,0.5013693002875531,0.6252578934777652
pooled_fixed,ALL_core_os_5yr_event_top75_no_cancer_feature,os_5yr,within_cancer,277,816,176,0.6388470491578803,0.701605113475323
pooled_fixed,ALL_core_os_5yr_event_top75_no_cancer_feature,os_5yr,global,278,816,176,0.4900041079008627,0.6165049534066797
pooled_fixed,ALL_core_os_5yr_event_top75_no_cancer_feature,os_5yr,within_cancer,278,816,176,0.6726687662604409,0.7438565737434252
pooled_fixed,ALL_core_os_5yr_event_top75_no_cancer_feature,os_5yr,global,279,816,176,0.5337532520881829,0.6733111057306712
pooled_fixed,ALL_core_os_5yr_event_top75_no_cancer_feature,os_5yr,within_cancer,279,816,176,0.6654114747364097,0.7423351829453031
pooled_fixed,ALL_core_os_5yr_event_top75_no_cancer_feature,os_5yr,global,280,816,176,0.4271532247021772,0.574727492157443
pooled_fixed,ALL_core_os_5yr_event_top75_no_cancer_feature,os_5yr,within_cancer,280,816,176,0.6461043406819116,0.7136716857041978
pooled_fixed,ALL_core_os_5yr_event_top75_no_cancer_feature,os_5yr,global,281,816,176,0.4615911269341367,0.6325740781471254
pooled_fixed,ALL_core_os_5yr_event_top75_no_cancer_feature,os_5yr,within_cancer,281,816,176,0.6554155826372723,0.7256818647918205
pooled_fixed,ALL_core_os_5yr_event_top75_no_cancer_feature,os_5yr,global,282,816,176,0.4583048062440093,0.6270835804593211
pooled_fixed,ALL_core_os_5yr_event_top75_no_cancer_feature,os_5yr,within_cancer,282,816,176,0.6544570724359853,0.7270711135143231
pooled_fixed,ALL_core_os_5yr_event_top75_no_cancer_feature,os_5yr,global,283,816,176,0.5721621251540463,0.6967553837809449
pooled_fixed,ALL_core_os_5yr_event_top75_no_cancer_feature,os_5yr,within_cancer,283,816,176,0.6585649732986444,0.7185514555688238
pooled_fixed,ALL_core_os_5yr_event_top75_no_cancer_feature,os_5yr,global,284,816,176,0.5215664795289607,0.6697136133929318
pooled_fixed,ALL_core_os_5yr_event_top75_no_cancer_feature,os_5yr,within_cancer,284,816,176,0.6828015883883336,0.757153667130179
pooled_fixed,ALL_core_os_5yr_event_top75_no_cancer_feature,os_5yr,global,285,816,176,0.3854580309461866,0.5704821832701406
pooled_fixed,ALL_core_os_5yr_event_top75_no_cancer_feature,os_5yr,within_cancer,285,816,176,0.6018759413939478,0.6786881778079561
pooled_fixed,ALL_core_os_5yr_event_top75_no_cancer_feature,os_5yr,global,286,816,176,0.5,0.6320535232398696
pooled_fixed,ALL_core_os_5yr_event_top75_no_cancer_feature,os_5yr,within_cancer,286,816,176,0.6804053128851157,0.7466401503821007
pooled_fixed,ALL_core_os_5yr_event_top75_no_cancer_feature,os_5yr,global,287,816,176,0.5249897302478435,0.6734253277028703
pooled_fixed,ALL_core_os_5yr_event_top75_no_cancer_feature,os_5yr,within_cancer,287,816,176,0.6949883609475558,0.7492187939269533
pooled_fixed,ALL_core_os_5yr_event_top75_no_cancer_feature,os_5yr,global,288,816,176,0.5237573599890457,0.6778523180185456
pooled_fixed,ALL_core_os_5yr_event_top75_no_cancer_feature,os_5yr,within_cancer,288,816,176,0.6769135971518555,0.7355799730866273
pooled_fixed,ALL_core_os_5yr_event_top75_no_cancer_feature,os_5yr,global,289,816,176,0.4805559359167465,0.6175747481324736
pooled_fixed,ALL_core_os_5yr_event_top75_no_cancer_feature,os_5yr,within_cancer,289,816,176,0.6292619471450089,0.6998766295356493
pooled_fixed,ALL_core_os_5yr_event_top75_no_cancer_feature,os_5yr,global,290,816,176,0.5164316034506367,0.6637950940925142
pooled_fixed,ALL_core_os_5yr_event_top75_no_cancer_feature,os_5yr,within_cancer,290,816,176,0.5942078597836504,0.6882098200821811
pooled_fixed,ALL_core_os_5yr_event_top75_no_cancer_feature,os_5yr,global,291,816,176,0.4070245104751472,0.5810724771799806
pooled_fixed,ALL_core_os_5yr_event_top75_no_cancer_feature,os_5yr,within_cancer,291,816,176,0.6636313843625908,0.7434170129764611
pooled_fixed,ALL_core_os_5yr_event_top75_no_cancer_feature,os_5yr,global,292,816,176,0.4854854169519376,0.6149537499330667
pooled_fixed,ALL_core_os_5yr_event_top75_no_cancer_feature,os_5yr,within_cancer,292,816,176,0.6577433931261126,0.7420885082945916
pooled_fixed,ALL_core_os_5yr_event_top75_no_cancer_feature,os_5yr,global,293,816,176,0.5403943584828153,0.6550530563274025
pooled_fixed,ALL_core_os_5yr_event_top75_no_cancer_feature,os_5yr,within_cancer,293,816,176,0.6814322881007806,0.7481305316499229
pooled_fixed,ALL_core_os_5yr_event_top75_no_cancer_feature,os_5yr,global,294,816,176,0.503765575790771,0.6588651974833204
pooled_fixed,ALL_core_os_5yr_event_top75_no_cancer_feature,os_5yr,within_cancer,294,816,176,0.6152950842119677,0.6873861197277223
pooled_fixed,ALL_core_os_5yr_event_top75_no_cancer_feature,os_5yr,global,295,816,176,0.5011639052444201,0.6454571918777118
pooled_fixed,ALL_core_os_5yr_event_top75_no_cancer_feature,os_5yr,within_cancer,295,816,176,0.6110502533205533,0.6818778289518919
pooled_fixed,ALL_core_os_5yr_event_top75_no_cancer_feature,os_5yr,global,296,816,176,0.4752156647952896,0.6243069049727648
pooled_fixed,ALL_core_os_5yr_event_top75_no_cancer_feature,os_5yr,within_cancer,296,816,176,0.6670546350814734,0.7444249736582071
pooled_fixed,ALL_core_os_5yr_event_top75_no_cancer_feature,os_5yr,global,297,816,176,0.4803505408736136,0.652195807221228
pooled_fixed,ALL_core_os_5yr_event_top75_no_cancer_feature,os_5yr,within_cancer,297,816,176,0.6326851978638915,0.7082838041402026
pooled_fixed,ALL_core_os_5yr_event_top75_no_cancer_feature,os_5yr,global,298,816,176,0.5141722579761743,0.6600636056974176
pooled_fixed,ALL_core_os_5yr_event_top75_no_cancer_feature,os_5yr,within_cancer,298,816,176,0.6530877721484322,0.7397652134898377
pooled_fixed,ALL_core_os_5yr_event_top75_no_cancer_feature,os_5yr,global,299,816,176,0.5382034780227304,0.6586036271359523
pooled_fixed,ALL_core_os_5yr_event_top75_no_cancer_feature,os_5yr,within_cancer,299,816,176,0.6784198274681638,0.7392570694988547
pooled_fixed,ALL_core_os_5yr_event_top75_no_cancer_feature,os_5yr,global,300,816,176,0.4237984389976721,0.6156661126244365
pooled_fixed,ALL_core_os_5yr_event_top75_no_cancer_feature,os_5yr,within_cancer,300,816,176,0.6350130083527318,0.7127011690443047
pooled_fixed,ALL_core_os_5yr_event_top75_no_cancer_feature,os_5yr,global,301,816,176,0.39819252362043,0.5892663201364106
pooled_fixed,ALL_core_os_5yr_event_top75_no_cancer_feature,os_5yr,within_cancer,301,816,176,0.6652745447076543,0.7393376109276826
pooled_fixed,ALL_core_os_5yr_event_top75_no_cancer_feature,os_5yr,global,302,816,176,0.479665890729837,0.6296362990491182
pooled_fixed,ALL_core_os_5yr_event_top75_no_cancer_feature,os_5yr,within_cancer,302,816,176,0.6541832123784747,0.7152035180067576
pooled_fixed,ALL_core_os_5yr_event_top75_no_cancer_feature,os_5yr,global,303,816,176,0.4344105162262084,0.5991263412202669
pooled_fixed,ALL_core_os_5yr_event_top75_no_cancer_feature,os_5yr,within_cancer,303,816,176,0.6352868684102424,0.7143572890074108
pooled_fixed,ALL_core_os_5yr_event_top75_no_cancer_feature,os_5yr,global,304,816,176,0.5615500479255101,0.6863333271722194
pooled_fixed,ALL_core_os_5yr_event_top75_no_cancer_feature,os_5yr,within_cancer,304,816,176,0.6630836642475695,0.7313791570249406
pooled_fixed,ALL_core_os_5yr_event_top75_no_cancer_feature,os_5yr,global,305,816,176,0.4921265233465698,0.6638301286907995
pooled_fixed,ALL_core_os_5yr_event_top75_no_cancer_feature,os_5yr,within_cancer,305,816,176,0.6841708886758866,0.7397122646639727
pooled_fixed,ALL_core_os_5yr_event_top75_no_cancer_feature,os_5yr,global,306,816,176,0.4845269067506504,0.613710848381297
pooled_fixed,ALL_core_os_5yr_event_top75_no_cancer_feature,os_5yr,within_cancer,306,816,176,0.6461043406819116,0.7164087802475947
pooled_fixed,ALL_core_os_5yr_event_top75_no_cancer_feature,os_5yr,global,307,816,176,0.4773380802409968,0.6275450790377807
pooled_fixed,ALL_core_os_5yr_event_top75_no_cancer_feature,os_5yr,within_cancer,307,816,176,0.6580172531836233,0.7462128077559059
pooled_fixed,ALL_core_os_5yr_event_top75_no_cancer_feature,os_5yr,global,308,816,176,0.5849650828426676,0.7057864635927651
pooled_fixed,ALL_core_os_5yr_event_top75_no_cancer_feature,os_5yr,within_cancer,308,816,176,0.6958099411200878,0.7575358273284614
pooled_fixed,ALL_core_os_5yr_event_top75_no_cancer_feature,os_5yr,global,309,816,176,0.5649732986443927,0.6974044949034586
pooled_fixed,ALL_core_os_5yr_event_top75_no_cancer_feature,os_5yr,within_cancer,309,816,176,0.6328221278926469,0.7042609702880689
pooled_fixed,ALL_core_os_5yr_event_top75_no_cancer_feature,os_5yr,global,310,816,176,0.5197863891551417,0.6791480679092665
pooled_fixed,ALL_core_os_5yr_event_top75_no_cancer_feature,os_5yr,within_cancer,310,816,176,0.6089963028892237,0.6731344116179038
pooled_fixed,ALL_core_os_5yr_event_top75_no_cancer_feature,os_5yr,global,311,816,176,0.3844995207448994,0.5749645017351642
pooled_fixed,ALL_core_os_5yr_event_top75_no_cancer_feature,os_5yr,within_cancer,311,816,176,0.7023825825003424,0.7758091002970143
pooled_fixed,ALL_core_os_5yr_event_top75_no_cancer_feature,os_5yr,global,312,816,176,0.4626181021498015,0.6119922940696315
pooled_fixed,ALL_core_os_5yr_event_top75_no_cancer_feature,os_5yr,within_cancer,312,816,176,0.6584280432698891,0.7173400377374579
pooled_fixed,ALL_core_os_5yr_event_top75_no_cancer_feature,os_5yr,global,313,816,176,0.4829522114199643,0.6342260091014169
pooled_fixed,ALL_core_os_5yr_event_top75_no_cancer_feature,os_5yr,within_cancer,313,816,176,0.6425441599342736,0.7126552847523865
pooled_fixed,ALL_core_os_5yr_event_top75_no_cancer_feature,os_5yr,global,314,816,176,0.4381076270026017,0.5832467182761342
pooled_fixed,ALL_core_os_5yr_event_top75_no_cancer_feature,os_5yr,within_cancer,314,816,176,0.6461043406819115,0.7259189882461596
pooled_fixed,ALL_core_os_5yr_event_top75_no_cancer_feature,os_5yr,global,315,816,176,0.4416678077502396,0.6122838287937463
pooled_fixed,ALL_core_os_5yr_event_top75_no_cancer_feature,os_5yr,within_cancer,315,816,176,0.6241955360810627,0.7110869873289611
pooled_fixed,ALL_core_os_5yr_event_top75_no_cancer_feature,os_5yr,global,316,816,176,0.6263864165411476,0.7294424762508591
pooled_fixed,ALL_core_os_5yr_event_top75_no_cancer_feature,os_5yr,within_cancer,316,816,176,0.6450089004518691,0.7147838926854048
pooled_fixed,ALL_core_os_5yr_event_top75_no_cancer_feature,os_5yr,global,317,816,176,0.5725729152403123,0.6710190741171125
pooled_fixed,ALL_core_os_5yr_event_top75_no_cancer_feature,os_5yr,within_cancer,317,816,176,0.6559633027522935,0.7512872198014346
pooled_fixed,ALL_core_os_5yr_event_top75_no_cancer_feature,os_5yr,global,318,816,176,0.5389565931808846,0.6640664185235964
pooled_fixed,ALL_core_os_5yr_event_top75_no_cancer_feature,os_5yr,within_cancer,318,816,176,0.6110502533205532,0.6789907485770208
pooled_fixed,ALL_core_os_5yr_event_top75_no_cancer_feature,os_5yr,global,319,816,176,0.5498425304669314,0.6794808096452832
pooled_fixed,ALL_core_os_5yr_event_top75_no_cancer_feature,os_5yr,within_cancer,319,816,176,0.5932493495823634,0.6605892572484211
pooled_fixed,ALL_core_os_5yr_event_top75_no_cancer_feature,os_5yr,global,320,816,176,0.50670957140901,0.6372710883035748
pooled_fixed,ALL_core_os_5yr_event_top75_no_cancer_feature,os_5yr,within_cancer,320,816,176,0.683897028618376,0.7561889899232054
pooled_fixed,ALL_core_os_5yr_event_top75_no_cancer_feature,os_5yr,global,321,816,176,0.5757223059016843,0.7091756910024836
pooled_fixed,ALL_core_os_5yr_event_top75_no_cancer_feature,os_5yr,within_cancer,321,816,176,0.6048884020265644,0.6884741995687194
pooled_fixed,ALL_core_os_5yr_event_top75_no_cancer_feature,os_5yr,global,322,816,176,0.5813364370806517,0.6971980999964908
pooled_fixed,ALL_core_os_5yr_event_top75_no_cancer_feature,os_5yr,within_cancer,322,816,176,0.6259756264548816,0.7032595854581157
pooled_fixed,ALL_core_os_5yr_event_top75_no_cancer_feature,os_5yr,global,323,816,176,0.5037655757907709,0.6681420290819595
pooled_fixed,ALL_core_os_5yr_event_top75_no_cancer_feature,os_5yr,within_cancer,323,816,176,0.6096809530330001,0.6980032514848749
pooled_fixed,ALL_core_os_5yr_event_top75_no_cancer_feature,os_5yr,global,324,816,176,0.4612488018622483,0.6040864158961721
pooled_fixed,ALL_core_os_5yr_event_top75_no_cancer_feature,os_5yr,within_cancer,324,816,176,0.6518554018896344,0.7264714967450816
pooled_fixed,ALL_core_os_5yr_event_top75_no_cancer_feature,os_5yr,global,325,816,176,0.4903464329727509,0.6540124621262406
pooled_fixed,ALL_core_os_5yr_event_top75_no_cancer_feature,os_5yr,within_cancer,325,816,176,0.6823907983020676,0.7456559513561091
pooled_fixed,ALL_core_os_5yr_event_top75_no_cancer_feature,os_5yr,global,326,816,176,0.5195809941120089,0.645332642200865
pooled_fixed,ALL_core_os_5yr_event_top75_no_cancer_feature,os_5yr,within_cancer,326,816,176,0.6463782007394222,0.7265707164286457
pooled_fixed,ALL_core_os_5yr_event_top75_no_cancer_feature,os_5yr,global,327,816,176,0.5429960290291662,0.6679243610691412
pooled_fixed,ALL_core_os_5yr_event_top75_no_cancer_feature,os_5yr,within_cancer,327,816,176,0.6491168013145283,0.7182304859326827
pooled_fixed,ALL_core_os_5yr_event_top75_no_cancer_feature,os_5yr,global,328,816,176,0.5049294810351911,0.6262133512951911
pooled_fixed,ALL_core_os_5yr_event_top75_no_cancer_feature,os_5yr,within_cancer,328,816,176,0.6855401889634398,0.7684270457111236
pooled_fixed,ALL_core_os_5yr_event_top75_no_cancer_feature,os_5yr,global,329,816,176,0.4845269067506504,0.6341565996488976
pooled_fixed,ALL_core_os_5yr_event_top75_no_cancer_feature,os_5yr,within_cancer,329,816,176,0.6103656031767766,0.671732876292164
pooled_fixed,ALL_core_os_5yr_event_top75_no_cancer_feature,os_5yr,global,330,816,176,0.5241681500753116,0.6669406049016029
pooled_fixed,ALL_core_os_5yr_event_top75_no_cancer_feature,os_5yr,within_cancer,330,816,176,0.633780638093934,0.7128290068622196
pooled_fixed,ALL_core_os_5yr_event_top75_no_cancer_feature,os_5yr,global,331,816,176,0.4677529782281254,0.6347644427693613
pooled_fixed,ALL_core_os_5yr_event_top75_no_cancer_feature,os_5yr,within_cancer,331,816,176,0.6650006846501438,0.7295597502424457
pooled_fixed,ALL_core_os_5yr_event_top75_no_cancer_feature,os_5yr,global,332,816,176,0.5082158017253184,0.6509632511463495
pooled_fixed,ALL_core_os_5yr_event_top75_no_cancer_feature,os_5yr,within_cancer,332,816,176,0.6759550869505683,0.7568932219738029
pooled_fixed,ALL_core_os_5yr_event_top75_no_cancer_feature,os_5yr,global,333,816,176,0.4768588251403532,0.6204288245577664
pooled_fixed,ALL_core_os_5yr_event_top75_no_cancer_feature,os_5yr,within_cancer,333,816,176,0.6120087635218404,0.6880299147495081
pooled_fixed,ALL_core_os_5yr_event_top75_no_cancer_feature,os_5yr,global,334,816,176,0.4818567711899219,0.6471689349716174
pooled_fixed,ALL_core_os_5yr_event_top75_no_cancer_feature,os_5yr,within_cancer,334,816,176,0.695946871148843,0.7633263107240367
pooled_fixed,ALL_core_os_5yr_event_top75_no_cancer_feature,os_5yr,global,335,816,176,0.4785704504997946,0.6188113283652363
pooled_fixed,ALL_core_os_5yr_event_top75_no_cancer_feature,os_5yr,within_cancer,335,816,176,0.6061207722853622,0.6892357708204466
pooled_fixed,ALL_core_os_5yr_event_top75_no_cancer_feature,os_5yr,global,336,816,176,0.5152676982062167,0.6640315704644085
pooled_fixed,ALL_core_os_5yr_event_top75_no_cancer_feature,os_5yr,within_cancer,336,816,176,0.6341914281801999,0.7002342766963182
pooled_fixed,ALL_core_os_5yr_event_top75_no_cancer_feature,os_5yr,global,337,816,176,0.5900314939066138,0.7180328761325836
pooled_fixed,ALL_core_os_5yr_event_top75_no_cancer_feature,os_5yr,within_cancer,337,816,176,0.6587019033273998,0.7292878975596864
pooled_fixed,ALL_core_os_5yr_event_top75_no_cancer_feature,os_5yr,global,338,816,176,0.518554018896344,0.6656068334625
pooled_fixed,ALL_core_os_5yr_event_top75_no_cancer_feature,os_5yr,within_cancer,338,816,176,0.6443242503080926,0.7254788773554743
pooled_fixed,ALL_core_os_5yr_event_top75_no_cancer_feature,os_5yr,global,339,816,176,0.4374229768588251,0.6074432526724836
pooled_fixed,ALL_core_os_5yr_event_top75_no_cancer_feature,os_5yr,within_cancer,339,816,176,0.6267972066274133,0.7024028374418224
pooled_fixed,ALL_core_os_5yr_event_top75_no_cancer_feature,os_5yr,global,340,816,176,0.5104066821854032,0.6277864460189911
pooled_fixed,ALL_core_os_5yr_event_top75_no_cancer_feature,os_5yr,within_cancer,340,816,176,0.7001917020402576,0.7806388901542232
pooled_fixed,ALL_core_os_5yr_event_top75_no_cancer_feature,os_5yr,global,341,816,176,0.4950020539504313,0.639099367337933
pooled_fixed,ALL_core_os_5yr_event_top75_no_cancer_feature,os_5yr,within_cancer,341,816,176,0.6428180199917842,0.7153082206963567
pooled_fixed,ALL_core_os_5yr_event_top75_no_cancer_feature,os_5yr,global,342,816,176,0.4880186224839107,0.6536909081933322
pooled_fixed,ALL_core_os_5yr_event_top75_no_cancer_feature,os_5yr,within_cancer,342,816,176,0.6277557168287006,0.7002468897540663
pooled_fixed,ALL_core_os_5yr_event_top75_no_cancer_feature,os_5yr,global,343,816,176,0.573394495412844,0.6978266620259342
pooled_fixed,ALL_core_os_5yr_event_top75_no_cancer_feature,os_5yr,within_cancer,343,816,176,0.6593865534711761,0.7280631155495579
pooled_fixed,ALL_core_os_5yr_event_top75_no_cancer_feature,os_5yr,global,344,816,176,0.5103382171710256,0.6554234916762954
pooled_fixed,ALL_core_os_5yr_event_top75_no_cancer_feature,os_5yr,within_cancer,344,816,176,0.6000958510201287,0.6944047887372022
pooled_fixed,ALL_core_os_5yr_event_top75_no_cancer_feature,os_5yr,global,345,816,176,0.428180199917842,0.5918373741696723
pooled_fixed,ALL_core_os_5yr_event_top75_no_cancer_feature,os_5yr,within_cancer,345,816,176,0.6480213610844858,0.7221754314635351
pooled_fixed,ALL_core_os_5yr_event_top75_no_cancer_feature,os_5yr,global,346,816,176,0.5392989182527729,0.6405187820767305
pooled_fixed,ALL_core_os_5yr_event_top75_no_cancer_feature,os_5yr,within_cancer,346,816,176,0.666369984937697,0.7459264601611875
pooled_fixed,ALL_core_os_5yr_event_top75_no_cancer_feature,os_5yr,global,347,816,176,0.4721347391482953,0.6607168960689853
pooled_fixed,ALL_core_os_5yr_event_top75_no_cancer_feature,os_5yr,within_cancer,347,816,176,0.624332466109818,0.7051450595883713
pooled_fixed,ALL_core_os_5yr_event_top75_no_cancer_feature,os_5yr,global,348,816,176,0.500205395043133,0.6627753252724043
pooled_fixed,ALL_core_os_5yr_event_top75_no_cancer_feature,os_5yr,within_cancer,348,816,176,0.6807476379570041,0.7418945999707813
pooled_fixed,ALL_core_os_5yr_event_top75_no_cancer_feature,os_5yr,global,349,816,176,0.3755990688758044,0.5667438776498173
pooled_fixed,ALL_core_os_5yr_event_top75_no_cancer_feature,os_5yr,within_cancer,349,816,176,0.6398055593591675,0.7039807890899423
pooled_fixed,ALL_core_os_5yr_event_top75_no_cancer_feature,os_5yr,global,350,816,176,0.5290976311105026,0.6672497606064791
pooled_fixed,ALL_core_os_5yr_event_top75_no_cancer_feature,os_5yr,within_cancer,350,816,176,0.6461043406819116,0.7087830572201067
pooled_fixed,ALL_core_os_5yr_event_top75_no_cancer_feature,os_5yr,global,351,816,176,0.5178009037381898,0.6270373816377346
pooled_fixed,ALL_core_os_5yr_event_top75_no_cancer_feature,os_5yr,within_cancer,351,816,176,0.644050390250582,0.7116787881495414
pooled_fixed,ALL_core_os_5yr_event_top75_no_cancer_feature,os_5yr,global,352,816,176,0.5208133643708065,0.6478538385477687
pooled_fixed,ALL_core_os_5yr_event_top75_no_cancer_feature,os_5yr,within_cancer,352,816,176,0.6507599616595919,0.7314966452935344
pooled_fixed,ALL_core_os_5yr_event_top75_no_cancer_feature,os_5yr,global,353,816,176,0.5684650143776531,0.6776141642803963
pooled_fixed,ALL_core_os_5yr_event_top75_no_cancer_feature,os_5yr,within_cancer,353,816,176,0.6911543201424074,0.7564627902487666
pooled_fixed,ALL_core_os_5yr_event_top75_no_cancer_feature,os_5yr,global,354,816,176,0.4409146925920855,0.6277127607775861
pooled_fixed,ALL_core_os_5yr_event_top75_no_cancer_feature,os_5yr,within_cancer,354,816,176,0.6751335067780365,0.731567032417332
pooled_fixed,ALL_core_os_5yr_event_top75_no_cancer_feature,os_5yr,global,355,816,176,0.515404628234972,0.6635693323212879
pooled_fixed,ALL_core_os_5yr_event_top75_no_cancer_feature,os_5yr,within_cancer,355,816,176,0.6786936875256744,0.7760355852951482
pooled_fixed,ALL_core_os_5yr_event_top75_no_cancer_feature,os_5yr,global,356,816,176,0.5397097083390388,0.6559566923500366
pooled_fixed,ALL_core_os_5yr_event_top75_no_cancer_feature,os_5yr,within_cancer,356,816,176,0.6566479528960701,0.7401721550687952
pooled_fixed,ALL_core_os_5yr_event_top75_no_cancer_feature,os_5yr,global,357,816,176,0.545597699575517,0.6539638502731149
pooled_fixed,ALL_core_os_5yr_event_top75_no_cancer_feature,os_5yr,within_cancer,357,816,176,0.6880049294810353,0.7555378126397952
pooled_fixed,ALL_core_os_5yr_event_top75_no_cancer_feature,os_5yr,global,358,816,176,0.5221826646583596,0.6462554859502181
pooled_fixed,ALL_core_os_5yr_event_top75_no_cancer_feature,os_5yr,within_cancer,358,816,176,0.6717102560591538,0.7376374580885938
pooled_fixed,ALL_core_os_5yr_event_top75_no_cancer_feature,os_5yr,global,359,816,176,0.6318636176913597,0.7175310818408578
pooled_fixed,ALL_core_os_5yr_event_top75_no_cancer_feature,os_5yr,within_cancer,359,816,176,0.5976311105025331,0.6868150217034588
pooled_fixed,ALL_core_os_5yr_event_top75_no_cancer_feature,os_5yr,global,360,816,176,0.4656990277967958,0.6308789773531814
pooled_fixed,ALL_core_os_5yr_event_top75_no_cancer_feature,os_5yr,within_cancer,360,816,176,0.6921128303436944,0.7643870651271925
pooled_fixed,ALL_core_os_5yr_event_top75_no_cancer_feature,os_5yr,global,361,816,176,0.4804190058879912,0.6119766354691728
pooled_fixed,ALL_core_os_5yr_event_top75_no_cancer_feature,os_5yr,within_cancer,361,816,176,0.671847186087909,0.7438057224459598
pooled_fixed,ALL_core_os_5yr_event_top75_no_cancer_feature,os_5yr,global,362,816,176,0.5651102286731481,0.675761992746057
pooled_fixed,ALL_core_os_5yr_event_top75_no_cancer_feature,os_5yr,within_cancer,362,816,176,0.6791044776119403,0.7625227740601248
pooled_fixed,ALL_core_os_5yr_event_top75_no_cancer_feature,os_5yr,global,363,816,176,0.5794194166780775,0.6992543201245345
pooled_fixed,ALL_core_os_5yr_event_top75_no_cancer_feature,os_5yr,within_cancer,363,816,176,0.6207722853621799,0.6997401993639334
pooled_fixed,ALL_core_os_5yr_event_top75_no_cancer_feature,os_5yr,global,364,816,176,0.3970970833903875,0.5875938664478229
pooled_fixed,ALL_core_os_5yr_event_top75_no_cancer_feature,os_5yr,within_cancer,364,816,176,0.6418595097904971,0.7096507117702204
pooled_fixed,ALL_core_os_5yr_event_top75_no_cancer_feature,os_5yr,global,365,816,176,0.5023278104888401,0.6334088943760883
pooled_fixed,ALL_core_os_5yr_event_top75_no_cancer_feature,os_5yr,within_cancer,365,816,176,0.6643160345063672,0.7427855685363469
pooled_fixed,ALL_core_os_5yr_event_top75_no_cancer_feature,os_5yr,global,366,816,176,0.4908256880733945,0.6439424205318371
pooled_fixed,ALL_core_os_5yr_event_top75_no_cancer_feature,os_5yr,within_cancer,366,816,176,0.6381623990141039,0.6994824572582413
pooled_fixed,ALL_core_os_5yr_event_top75_no_cancer_feature,os_5yr,global,367,816,176,0.5473093249349583,0.6897056780942092
pooled_fixed,ALL_core_os_5yr_event_top75_no_cancer_feature,os_5yr,within_cancer,367,816,176,0.6147473640969464,0.6934202660191832
pooled_fixed,ALL_core_os_5yr_event_top75_no_cancer_feature,os_5yr,global,368,816,176,0.5334109270162947,0.6633574688388693
pooled_fixed,ALL_core_os_5yr_event_top75_no_cancer_feature,os_5yr,within_cancer,368,816,176,0.6289880870874983,0.7165544212356889
pooled_fixed,ALL_core_os_5yr_event_top75_no_cancer_feature,os_5yr,global,369,816,176,0.4967136793098726,0.6389401106598633
pooled_fixed,ALL_core_os_5yr_event_top75_no_cancer_feature,os_5yr,within_cancer,369,816,176,0.657058742982336,0.7515822708768215
pooled_fixed,ALL_core_os_5yr_event_top75_no_cancer_feature,os_5yr,global,370,816,176,0.5260167054635082,0.6454872348680131
pooled_fixed,ALL_core_os_5yr_event_top75_no_cancer_feature,os_5yr,within_cancer,370,816,176,0.6696563056278242,0.7414296413014062
pooled_fixed,ALL_core_os_5yr_event_top75_no_cancer_feature,os_5yr,global,371,816,176,0.4958236341229632,0.651494773637143
pooled_fixed,ALL_core_os_5yr_event_top75_no_cancer_feature,os_5yr,within_cancer,371,816,176,0.6361084485827742,0.705678692125074
pooled_fixed,ALL_core_os_5yr_event_top75_no_cancer_feature,os_5yr,global,372,816,176,0.531562371628098,0.6779866807936932
pooled_fixed,ALL_core_os_5yr_event_top75_no_cancer_feature,os_5yr,within_cancer,372,816,176,0.6959468711488429,0.7581944650282237
pooled_fixed,ALL_core_os_5yr_event_top75_no_cancer_feature,os_5yr,global,373,816,176,0.5500479255100643,0.6820607709670905
pooled_fixed,ALL_core_os_5yr_event_top75_no_cancer_feature,os_5yr,within_cancer,373,816,176,0.6836231685608654,0.7633320773222488
pooled_fixed,ALL_core_os_5yr_event_top75_no_cancer_feature,os_5yr,global,374,816,176,0.483431466520608,0.618816494968173
pooled_fixed,ALL_core_os_5yr_event_top75_no_cancer_feature,os_5yr,within_cancer,374,816,176,0.6717102560591538,0.7320834133222538
pooled_fixed,ALL_core_os_5yr_event_top75_no_cancer_feature,os_5yr,global,375,816,176,0.4461180336847871,0.6259527381362044
pooled_fixed,ALL_core_os_5yr_event_top75_no_cancer_feature,os_5yr,within_cancer,375,816,176,0.6217307955634672,0.6912262171640244
pooled_fixed,ALL_core_os_5yr_event_top75_no_cancer_feature,os_5yr,global,376,816,176,0.4153772422292208,0.5990326028816261
pooled_fixed,ALL_core_os_5yr_event_top75_no_cancer_feature,os_5yr,within_cancer,376,816,176,0.659249623442421,0.7251299315531642
pooled_fixed,ALL_core_os_5yr_event_top75_no_cancer_feature,os_5yr,global,377,816,176,0.5203341092701631,0.6560572951656694
pooled_fixed,ALL_core_os_5yr_event_top75_no_cancer_feature,os_5yr,within_cancer,377,816,176,0.6792414076406956,0.7473073472823016
pooled_fixed,ALL_core_os_5yr_event_top75_no_cancer_feature,os_5yr,global,378,816,176,0.5303300013693003,0.6775370238113554
pooled_fixed,ALL_core_os_5yr_event_top75_no_cancer_feature,os_5yr,within_cancer,378,816,176,0.6166643844995208,0.6921656840525543
pooled_fixed,ALL_core_os_5yr_event_top75_no_cancer_feature,os_5yr,global,379,816,176,0.5469669998630701,0.6484801219950496
pooled_fixed,ALL_core_os_5yr_event_top75_no_cancer_feature,os_5yr,within_cancer,379,816,176,0.6530877721484323,0.7356058761831725
pooled_fixed,ALL_core_os_5yr_event_top75_no_cancer_feature,os_5yr,global,380,816,176,0.5630562782418185,0.6946100002983674
pooled_fixed,ALL_core_os_5yr_event_top75_no_cancer_feature,os_5yr,within_cancer,380,816,176,0.6474736409694646,0.707019035121242
pooled_fixed,ALL_core_os_5yr_event_top75_no_cancer_feature,os_5yr,global,381,816,176,0.4561139257839244,0.6561240217658335
pooled_fixed,ALL_core_os_5yr_event_top75_no_cancer_feature,os_5yr,within_cancer,381,816,176,0.6780090373818979,0.7440180140887239
pooled_fixed,ALL_core_os_5yr_event_top75_no_cancer_feature,os_5yr,global,382,816,176,0.4311926605504587,0.595403458005048
pooled_fixed,ALL_core_os_5yr_event_top75_no_cancer_feature,os_5yr,within_cancer,382,816,176,0.6892372997398328,0.7604783481379196
pooled_fixed,ALL_core_os_5yr_event_top75_no_cancer_feature,os_5yr,global,383,816,176,0.5172531836231685,0.6501701702893945
pooled_fixed,ALL_core_os_5yr_event_top75_no_cancer_feature,os_5yr,within_cancer,383,816,176,0.62077228536218,0.6966814244674064
pooled_fixed,ALL_core_os_5yr_event_top75_no_cancer_feature,os_5yr,global,384,816,176,0.4290702451047514,0.5903082268455028
pooled_fixed,ALL_core_os_5yr_event_top75_no_cancer_feature,os_5yr,within_cancer,384,816,176,0.6466520607969328,0.7125203844099297
pooled_fixed,ALL_core_os_5yr_event_top75_no_cancer_feature,os_5yr,global,385,816,176,0.5040394358482816,0.6658697907593689
pooled_fixed,ALL_core_os_5yr_event_top75_no_cancer_feature,os_5yr,within_cancer,385,816,176,0.6644529645351226,0.7384285899517511
pooled_fixed,ALL_core_os_5yr_event_top75_no_cancer_feature,os_5yr,global,386,816,176,0.5703135697658498,0.7159451227453766
pooled_fixed,ALL_core_os_5yr_event_top75_no_cancer_feature,os_5yr,within_cancer,386,816,176,0.6581541832123785,0.72371326167063
pooled_fixed,ALL_core_os_5yr_event_top75_no_cancer_feature,os_5yr,global,387,816,176,0.4785704504997946,0.6094068330143574
pooled_fixed,ALL_core_os_5yr_event_top75_no_cancer_feature,os_5yr,within_cancer,387,816,176,0.6593865534711763,0.7190306419641881
pooled_fixed,ALL_core_os_5yr_event_top75_no_cancer_feature,os_5yr,global,388,816,176,0.5240312200465562,0.6725352427169822
pooled_fixed,ALL_core_os_5yr_event_top75_no_cancer_feature,os_5yr,within_cancer,388,816,176,0.6693824455703136,0.7342734730860461
pooled_fixed,ALL_core_os_5yr_event_top75_no_cancer_feature,os_5yr,global,389,816,176,0.4279063398603313,0.6033004873618548
pooled_fixed,ALL_core_os_5yr_event_top75_no_cancer_feature,os_5yr,within_cancer,389,816,176,0.66773928522525,0.7329249638283786
pooled_fixed,ALL_core_os_5yr_event_top75_no_cancer_feature,os_5yr,global,390,816,176,0.5015746953306861,0.639414345312307
pooled_fixed,ALL_core_os_5yr_event_top75_no_cancer_feature,os_5yr,within_cancer,390,816,176,0.6740380665479939,0.7642875915456245
pooled_fixed,ALL_core_os_5yr_event_top75_no_cancer_feature,os_5yr,global,391,816,176,0.4866493221963576,0.6295818097716319
pooled_fixed,ALL_core_os_5yr_event_top75_no_cancer_feature,os_5yr,within_cancer,391,816,176,0.6806107079282486,0.7454671490475626
pooled_fixed,ALL_core_os_5yr_event_top75_no_cancer_feature,os_5yr,global,392,816,176,0.5037655757907709,0.6475783010321329
pooled_fixed,ALL_core_os_5yr_event_top75_no_cancer_feature,os_5yr,within_cancer,392,816,176,0.6213200054772011,0.693077300707102
pooled_fixed,ALL_core_os_5yr_event_top75_no_cancer_feature,os_5yr,global,393,816,176,0.5160892783787485,0.6316408309758058
pooled_fixed,ALL_core_os_5yr_event_top75_no_cancer_feature,os_5yr,within_cancer,393,816,176,0.6607558537587294,0.7180817375733808
pooled_fixed,ALL_core_os_5yr_event_top75_no_cancer_feature,os_5yr,global,394,816,176,0.5347802273038478,0.6589448113336092
pooled_fixed,ALL_core_os_5yr_event_top75_no_cancer_feature,os_5yr,within_cancer,394,816,176,0.6880049294810352,0.7533365144880144
pooled_fixed,ALL_core_os_5yr_event_top75_no_cancer_feature,os_5yr,global,395,816,176,0.5924277694098316,0.6893422864674978
pooled_fixed,ALL_core_os_5yr_event_top75_no_cancer_feature,os_5yr,within_cancer,395,816,176,0.6843078187046421,0.7385810380206361
pooled_fixed,ALL_core_os_5yr_event_top75_no_cancer_feature,os_5yr,global,396,816,176,0.4764480350540874,0.6023344314506087
pooled_fixed,ALL_core_os_5yr_event_top75_no_cancer_feature,os_5yr,within_cancer,396,816,176,0.6488429412570178,0.7374125796102338
pooled_fixed,ALL_core_os_5yr_event_top75_no_cancer_feature,os_5yr,global,397,816,176,0.4638504724085992,0.6055638856519716
pooled_fixed,ALL_core_os_5yr_event_top75_no_cancer_feature,os_5yr,within_cancer,397,816,176,0.665548404765165,0.7470015278639953
pooled_fixed,ALL_core_os_5yr_event_top75_no_cancer_feature,os_5yr,global,398,816,176,0.5366287826920445,0.6664729939484844
pooled_fixed,ALL_core_os_5yr_event_top75_no_cancer_feature,os_5yr,within_cancer,398,816,176,0.5996850609338628,0.6699042406859473
pooled_fixed,ALL_core_os_5yr_event_top75_no_cancer_feature,os_5yr,global,399,816,176,0.6133095987950158,0.7375848492981556
pooled_fixed,ALL_core_os_5yr_event_top75_no_cancer_feature,os_5yr,within_cancer,399,816,176,0.6181706148158291,0.7001225950627856
pooled_fixed,ALL_core_os_5yr_event_top75_no_cancer_feature,os_5yr,global,400,816,176,0.5297822812542791,0.68050944182444
pooled_fixed,ALL_core_os_5yr_event_top75_no_cancer_feature,os_5yr,within_cancer,400,816,176,0.6224154457072435,0.685991305307851
pooled_fixed,ALL_core_os_5yr_event_top75_no_cancer_feature,os_5yr,global,401,816,176,0.5044502259345475,0.6340396791002395
pooled_fixed,ALL_core_os_5yr_event_top75_no_cancer_feature,os_5yr,within_cancer,401,816,176,0.6651376146788991,0.7400670657196143
pooled_fixed,ALL_core_os_5yr_event_top75_no_cancer_feature,os_5yr,global,402,816,176,0.3963439682322333,0.5664521780431008
pooled_fixed,ALL_core_os_5yr_event_top75_no_cancer_feature,os_5yr,within_cancer,402,816,176,0.6678762152540053,0.737648133654032
pooled_fixed,ALL_core_os_5yr_event_top75_no_cancer_feature,os_5yr,global,403,816,176,0.5010269752156649,0.6674819720001557
pooled_fixed,ALL_core_os_5yr_event_top75_no_cancer_feature,os_5yr,within_cancer,403,816,176,0.6372038888128165,0.7194968651472823
pooled_fixed,ALL_core_os_5yr_event_top75_no_cancer_feature,os_5yr,global,404,816,176,0.4156511022867314,0.5789898745817084
pooled_fixed,ALL_core_os_5yr_event_top75_no_cancer_feature,os_5yr,within_cancer,404,816,176,0.6377516089278379,0.6964943654219924
pooled_fixed,ALL_core_os_5yr_event_top75_no_cancer_feature,os_5yr,global,405,816,176,0.5162262084075038,0.6678417851326912
pooled_fixed,ALL_core_os_5yr_event_top75_no_cancer_feature,os_5yr,within_cancer,405,816,176,0.6663699849376968,0.7286575318379733
pooled_fixed,ALL_core_os_5yr_event_top75_no_cancer_feature,os_5yr,global,406,816,176,0.5078734766534301,0.6732431243400299
pooled_fixed,ALL_core_os_5yr_event_top75_no_cancer_feature,os_5yr,within_cancer,406,816,176,0.6932082705737368,0.7612953855542837
pooled_fixed,ALL_core_os_5yr_event_top75_no_cancer_feature,os_5yr,global,407,816,176,0.498630699712447,0.6350233055170251
pooled_fixed,ALL_core_os_5yr_event_top75_no_cancer_feature,os_5yr,within_cancer,407,816,176,0.6650006846501438,0.7470157922613055
pooled_fixed,ALL_core_os_5yr_event_top75_no_cancer_feature,os_5yr,global,408,816,176,0.4346159112693414,0.6096011096974498
pooled_fixed,ALL_core_os_5yr_event_top75_no_cancer_feature,os_5yr,within_cancer,408,816,176,0.6411748596467206,0.7082422791983336
pooled_fixed,ALL_core_os_5yr_event_top75_no_cancer_feature,os_5yr,global,409,816,176,0.5262221005066411,0.692814765317338
pooled_fixed,ALL_core_os_5yr_event_top75_no_cancer_feature,os_5yr,within_cancer,409,816,176,0.6236478159660414,0.6986790716256444
pooled_fixed,ALL_core_os_5yr_event_top75_no_cancer_feature,os_5yr,global,410,816,176,0.5695604546076956,0.6846574208640781
pooled_fixed,ALL_core_os_5yr_event_top75_no_cancer_feature,os_5yr,within_cancer,410,816,176,0.6377516089278379,0.7119036803621361
pooled_fixed,ALL_core_os_5yr_event_top75_no_cancer_feature,os_5yr,global,411,816,176,0.5937970696973847,0.6885576794172749
pooled_fixed,ALL_core_os_5yr_event_top75_no_cancer_feature,os_5yr,within_cancer,411,816,176,0.6580172531836233,0.721981857198404
pooled_fixed,ALL_core_os_5yr_event_top75_no_cancer_feature,os_5yr,global,412,816,176,0.4195536081062578,0.6040849590258313
pooled_fixed,ALL_core_os_5yr_event_top75_no_cancer_feature,os_5yr,within_cancer,412,816,176,0.6777351773243873,0.7503425341322223
pooled_fixed,ALL_core_os_5yr_event_top75_no_cancer_feature,os_5yr,global,413,816,176,0.414761057099822,0.5898744216206979
pooled_fixed,ALL_core_os_5yr_event_top75_no_cancer_feature,os_5yr,within_cancer,413,816,176,0.6808845679857592,0.7486282665374091
pooled_fixed,ALL_core_os_5yr_event_top75_no_cancer_feature,os_5yr,global,414,816,176,0.5065041763658771,0.6571710950988825
pooled_fixed,ALL_core_os_5yr_event_top75_no_cancer_feature,os_5yr,within_cancer,414,816,176,0.6381623990141038,0.7090668462680725
pooled_fixed,ALL_core_os_5yr_event_top75_no_cancer_feature,os_5yr,global,415,816,176,0.5781870464192798,0.681520880016338
pooled_fixed,ALL_core_os_5yr_event_top75_no_cancer_feature,os_5yr,within_cancer,415,816,176,0.6530877721484322,0.7451135440651606
pooled_fixed,ALL_core_os_5yr_event_top75_no_cancer_feature,os_5yr,global,416,816,176,0.5061618512939888,0.6454230914295745
pooled_fixed,ALL_core_os_5yr_event_top75_no_cancer_feature,os_5yr,within_cancer,416,816,176,0.6500753115158154,0.7281637510433411
pooled_fixed,ALL_core_os_5yr_event_top75_no_cancer_feature,os_5yr,global,417,816,176,0.4898671778721073,0.643080073413254
pooled_fixed,ALL_core_os_5yr_event_top75_no_cancer_feature,os_5yr,within_cancer,417,816,176,0.6778721073531426,0.7508926587616356
pooled_fixed,ALL_core_os_5yr_event_top75_no_cancer_feature,os_5yr,global,418,816,176,0.4281801999178419,0.6039302379643599
pooled_fixed,ALL_core_os_5yr_event_top75_no_cancer_feature,os_5yr,within_cancer,418,816,176,0.6511707517458579,0.717204596883044
pooled_fixed,ALL_core_os_5yr_event_top75_no_cancer_feature,os_5yr,global,419,816,176,0.4970560043817609,0.6413191816978682
pooled_fixed,ALL_core_os_5yr_event_top75_no_cancer_feature,os_5yr,within_cancer,419,816,176,0.6165274544707655,0.693481987207994
pooled_fixed,ALL_core_os_5yr_event_top75_no_cancer_feature,os_5yr,global,420,816,176,0.5606600027386006,0.6779123382276104
pooled_fixed,ALL_core_os_5yr_event_top75_no_cancer_feature,os_5yr,within_cancer,420,816,176,0.639120909215391,0.7052113854827996
pooled_fixed,ALL_core_os_5yr_event_top75_no_cancer_feature,os_5yr,global,421,816,176,0.5119129125017118,0.6277551089474069
pooled_fixed,ALL_core_os_5yr_event_top75_no_cancer_feature,os_5yr,within_cancer,421,816,176,0.6414487197042312,0.7246535180499787
pooled_fixed,ALL_core_os_5yr_event_top75_no_cancer_feature,os_5yr,global,422,816,176,0.5713405449815144,0.680936532869463
pooled_fixed,ALL_core_os_5yr_event_top75_no_cancer_feature,os_5yr,within_cancer,422,816,176,0.6800629878132275,0.7471374785451365
pooled_fixed,ALL_core_os_5yr_event_top75_no_cancer_feature,os_5yr,global,423,816,176,0.4576201561002327,0.6251091492026379
pooled_fixed,ALL_core_os_5yr_event_top75_no_cancer_feature,os_5yr,within_cancer,423,816,176,0.616253594413255,0.7009458505880041
pooled_fixed,ALL_core_os_5yr_event_top75_no_cancer_feature,os_5yr,global,424,816,176,0.5558674517321649,0.6753705389811618
pooled_fixed,ALL_core_os_5yr_event_top75_no_cancer_feature,os_5yr,within_cancer,424,816,176,0.6129672737231275,0.7020961412358335
pooled_fixed,ALL_core_os_5yr_event_top75_no_cancer_feature,os_5yr,global,425,816,176,0.5017116253594414,0.6446512833219455
pooled_fixed,ALL_core_os_5yr_event_top75_no_cancer_feature,os_5yr,within_cancer,425,816,176,0.693345200602492,0.7484341176605247
pooled_fixed,ALL_core_os_5yr_event_top75_no_cancer_feature,os_5yr,global,426,816,176,0.4455703135697658,0.6184240340531426
pooled_fixed,ALL_core_os_5yr_event_top75_no_cancer_feature,os_5yr,within_cancer,426,816,176,0.655689442694783,0.7427162466506205
pooled_fixed,ALL_core_os_5yr_event_top75_no_cancer_feature,os_5yr,global,427,816,176,0.501985485416952,0.6551289795414783
pooled_fixed,ALL_core_os_5yr_event_top75_no_cancer_feature,os_5yr,within_cancer,427,816,176,0.6855401889634397,0.7629285213017243
pooled_fixed,ALL_core_os_5yr_event_top75_no_cancer_feature,os_5yr,global,428,816,176,0.488155552512666,0.6518581268438255
pooled_fixed,ALL_core_os_5yr_event_top75_no_cancer_feature,os_5yr,within_cancer,428,816,176,0.6384362590716145,0.7023509974059139
pooled_fixed,ALL_core_os_5yr_event_top75_no_cancer_feature,os_5yr,global,429,816,176,0.4497466794468027,0.6072708383965391
pooled_fixed,ALL_core_os_5yr_event_top75_no_cancer_feature,os_5yr,within_cancer,429,816,176,0.6185814049020951,0.6954827031970668
pooled_fixed,ALL_core_os_5yr_event_top75_no_cancer_feature,os_5yr,global,430,816,176,0.4648089826098864,0.6193538520460484
pooled_fixed,ALL_core_os_5yr_event_top75_no_cancer_feature,os_5yr,within_cancer,430,816,176,0.6547309324934958,0.7174902170991551
pooled_fixed,ALL_core_os_5yr_event_top75_no_cancer_feature,os_5yr,global,431,816,176,0.530193071340545,0.6703759462778258
pooled_fixed,ALL_core_os_5yr_event_top75_no_cancer_feature,os_5yr,within_cancer,431,816,176,0.6652745447076545,0.7516131030272368
pooled_fixed,ALL_core_os_5yr_event_top75_no_cancer_feature,os_5yr,global,432,816,176,0.6263864165411476,0.7236361123982958
pooled_fixed,ALL_core_os_5yr_event_top75_no_cancer_feature,os_5yr,within_cancer,432,816,176,0.6852663289059291,0.7507788469624987
pooled_fixed,ALL_core_os_5yr_event_top75_no_cancer_feature,os_5yr,global,433,816,176,0.5759961659591949,0.677219530422706
pooled_fixed,ALL_core_os_5yr_event_top75_no_cancer_feature,os_5yr,within_cancer,433,816,176,0.625290976311105,0.6983476039021448
pooled_fixed,ALL_core_os_5yr_event_top75_no_cancer_feature,os_5yr,global,434,816,176,0.560180747637957,0.6986774483917876
pooled_fixed,ALL_core_os_5yr_event_top75_no_cancer_feature,os_5yr,within_cancer,434,816,176,0.6447350403943586,0.7081041611536368
pooled_fixed,ALL_core_os_5yr_event_top75_no_cancer_feature,os_5yr,global,435,816,176,0.5423113788853896,0.6615029280471965
pooled_fixed,ALL_core_os_5yr_event_top75_no_cancer_feature,os_5yr,within_cancer,435,816,176,0.6581541832123785,0.7552897662910457
pooled_fixed,ALL_core_os_5yr_event_top75_no_cancer_feature,os_5yr,global,436,816,176,0.5140353279474188,0.6430841755569006
pooled_fixed,ALL_core_os_5yr_event_top75_no_cancer_feature,os_5yr,within_cancer,436,816,176,0.6485690811995071,0.7268725340707969
pooled_fixed,ALL_core_os_5yr_event_top75_no_cancer_feature,os_5yr,global,437,816,176,0.5431329590579215,0.6445559960403684
pooled_fixed,ALL_core_os_5yr_event_top75_no_cancer_feature,os_5yr,within_cancer,437,816,176,0.6213200054772012,0.7120023146356524
pooled_fixed,ALL_core_os_5yr_event_top75_no_cancer_feature,os_5yr,global,438,816,176,0.4756949198959331,0.6329686895479933
pooled_fixed,ALL_core_os_5yr_event_top75_no_cancer_feature,os_5yr,within_cancer,438,816,176,0.6050253320553197,0.689449421431219
pooled_fixed,ALL_core_os_5yr_event_top75_no_cancer_feature,os_5yr,global,439,816,176,0.4859646720525812,0.6409518091440879
pooled_fixed,ALL_core_os_5yr_event_top75_no_cancer_feature,os_5yr,within_cancer,439,816,176,0.6428180199917842,0.7178095493885153
pooled_fixed,ALL_core_os_5yr_event_top75_no_cancer_feature,os_5yr,global,440,816,176,0.5530603861426812,0.6858213478740329
pooled_fixed,ALL_core_os_5yr_event_top75_no_cancer_feature,os_5yr,within_cancer,440,816,176,0.64761057099822,0.7302344413911721
pooled_fixed,ALL_core_os_5yr_event_top75_no_cancer_feature,os_5yr,global,441,816,176,0.5386142681089964,0.6715390362630814
pooled_fixed,ALL_core_os_5yr_event_top75_no_cancer_feature,os_5yr,within_cancer,441,816,176,0.665959194851431,0.731823861127415
pooled_fixed,ALL_core_os_5yr_event_top75_no_cancer_feature,os_5yr,global,442,816,176,0.543817609201698,0.6619587890904739
pooled_fixed,ALL_core_os_5yr_event_top75_no_cancer_feature,os_5yr,within_cancer,442,816,176,0.6871833493085033,0.765044554563078
pooled_fixed,ALL_core_os_5yr_event_top75_no_cancer_feature,os_5yr,global,443,816,176,0.618033684787074,0.7134460074239373
pooled_fixed,ALL_core_os_5yr_event_top75_no_cancer_feature,os_5yr,within_cancer,443,816,176,0.6644529645351226,0.7327423287204673
pooled_fixed,ALL_core_os_5yr_event_top75_no_cancer_feature,os_5yr,global,444,816,176,0.4763795700397097,0.6134288286816306
pooled_fixed,ALL_core_os_5yr_event_top75_no_cancer_feature,os_5yr,within_cancer,444,816,176,0.6417225797617419,0.7311493343827375
pooled_fixed,ALL_core_os_5yr_event_top75_no_cancer_feature,os_5yr,global,445,816,176,0.4813090510749007,0.6195904748422483
pooled_fixed,ALL_core_os_5yr_event_top75_no_cancer_feature,os_5yr,within_cancer,445,816,176,0.6614405039025059,0.7275436207160504
pooled_fixed,ALL_core_os_5yr_event_top75_no_cancer_feature,os_5yr,global,446,816,176,0.5351910173901137,0.6576211838601702
pooled_fixed,ALL_core_os_5yr_event_top75_no_cancer_feature,os_5yr,within_cancer,446,816,176,0.6562371628098042,0.7242972152387175
pooled_fixed,ALL_core_os_5yr_event_top75_no_cancer_feature,os_5yr,global,447,816,176,0.4626865671641791,0.6313052153819645
pooled_fixed,ALL_core_os_5yr_event_top75_no_cancer_feature,os_5yr,within_cancer,447,816,176,0.6703409557716007,0.7257912628568057
pooled_fixed,ALL_core_os_5yr_event_top75_no_cancer_feature,os_5yr,global,448,816,176,0.3797069697384636,0.5652293964514916
pooled_fixed,ALL_core_os_5yr_event_top75_no_cancer_feature,os_5yr,within_cancer,448,816,176,0.6455566205668903,0.7288524430799179
pooled_fixed,ALL_core_os_5yr_event_top75_no_cancer_feature,os_5yr,global,449,816,176,0.4426947829659045,0.6118070377494944
pooled_fixed,ALL_core_os_5yr_event_top75_no_cancer_feature,os_5yr,within_cancer,449,816,176,0.6615774339312611,0.7542524551587744
pooled_fixed,ALL_core_os_5yr_event_top75_no_cancer_feature,os_5yr,global,450,816,176,0.4671367930987266,0.6170238870260875
pooled_fixed,ALL_core_os_5yr_event_top75_no_cancer_feature,os_5yr,within_cancer,450,816,176,0.6797891277557169,0.7701836171676943
pooled_fixed,ALL_core_os_5yr_event_top75_no_cancer_feature,os_5yr,global,451,816,176,0.5119129125017118,0.6616248881321314
pooled_fixed,ALL_core_os_5yr_event_top75_no_cancer_feature,os_5yr,within_cancer,451,816,176,0.6766397370943448,0.7303602423761038
pooled_fixed,ALL_core_os_5yr_event_top75_no_cancer_feature,os_5yr,global,452,816,176,0.5779131863617691,0.6889610742637134
pooled_fixed,ALL_core_os_5yr_event_top75_no_cancer_feature,os_5yr,within_cancer,452,816,176,0.6739011365192387,0.7504833912798403
pooled_fixed,ALL_core_os_5yr_event_top75_no_cancer_feature,os_5yr,global,453,816,176,0.4443379433109681,0.5955639311261474
pooled_fixed,ALL_core_os_5yr_event_top75_no_cancer_feature,os_5yr,within_cancer,453,816,176,0.6482952211419966,0.7305305936323013
pooled_fixed,ALL_core_os_5yr_event_top75_no_cancer_feature,os_5yr,global,454,816,176,0.5573736820484733,0.6847505656280188
pooled_fixed,ALL_core_os_5yr_event_top75_no_cancer_feature,os_5yr,within_cancer,454,816,176,0.6283034369437218,0.7029265018367341
pooled_fixed,ALL_core_os_5yr_event_top75_no_cancer_feature,os_5yr,global,455,816,176,0.5140353279474188,0.6630994844379358
pooled_fixed,ALL_core_os_5yr_event_top75_no_cancer_feature,os_5yr,within_cancer,455,816,176,0.6518554018896344,0.7491584773274095
pooled_fixed,ALL_core_os_5yr_event_top75_no_cancer_feature,os_5yr,global,456,816,176,0.4487197042311379,0.5901282108089405
pooled_fixed,ALL_core_os_5yr_event_top75_no_cancer_feature,os_5yr,within_cancer,456,816,176,0.6341914281801999,0.7044407999542591
pooled_fixed,ALL_core_os_5yr_event_top75_no_cancer_feature,os_5yr,global,457,816,176,0.483226071477475,0.6326156249380883
pooled_fixed,ALL_core_os_5yr_event_top75_no_cancer_feature,os_5yr,within_cancer,457,816,176,0.6404902095029441,0.711299459792456
pooled_fixed,ALL_core_os_5yr_event_top75_no_cancer_feature,os_5yr,global,458,816,176,0.4285225249897302,0.5778943264240227
pooled_fixed,ALL_core_os_5yr_event_top75_no_cancer_feature,os_5yr,within_cancer,458,816,176,0.646241270710667,0.7086481307269447
pooled_fixed,ALL_core_os_5yr_event_top75_no_cancer_feature,os_5yr,global,459,816,176,0.4925373134328358,0.6586451182728259
pooled_fixed,ALL_core_os_5yr_event_top75_no_cancer_feature,os_5yr,within_cancer,459,816,176,0.6565110228673149,0.7139768352276388
pooled_fixed,ALL_core_os_5yr_event_top75_no_cancer_feature,os_5yr,global,460,816,176,0.5043132959057922,0.6249109597245395
pooled_fixed,ALL_core_os_5yr_event_top75_no_cancer_feature,os_5yr,within_cancer,460,816,176,0.6634944543338354,0.7474910301835747
pooled_fixed,ALL_core_os_5yr_event_top75_no_cancer_feature,os_5yr,global,461,816,176,0.4133917568122689,0.5909316578159566
pooled_fixed,ALL_core_os_5yr_event_top75_no_cancer_feature,os_5yr,within_cancer,461,816,176,0.662399014103793,0.7214942440999712
pooled_fixed,ALL_core_os_5yr_event_top75_no_cancer_feature,os_5yr,global,462,816,176,0.4965767492811173,0.6351480942149406
pooled_fixed,ALL_core_os_5yr_event_top75_no_cancer_feature,os_5yr,within_cancer,462,816,176,0.5765438860742161,0.6678559666177254
pooled_fixed,ALL_core_os_5yr_event_top75_no_cancer_feature,os_5yr,global,463,816,176,0.5242366150896891,0.6416392526745623
pooled_fixed,ALL_core_os_5yr_event_top75_no_cancer_feature,os_5yr,within_cancer,463,816,176,0.5884567985759277,0.6716436295129955
pooled_fixed,ALL_core_os_5yr_event_top75_no_cancer_feature,os_5yr,global,464,816,176,0.5084211967684513,0.6753250183795794
pooled_fixed,ALL_core_os_5yr_event_top75_no_cancer_feature,os_5yr,within_cancer,464,816,176,0.6511707517458579,0.7231878672984504
pooled_fixed,ALL_core_os_5yr_event_top75_no_cancer_feature,os_5yr,global,465,816,176,0.6155689442694784,0.705184899577395
pooled_fixed,ALL_core_os_5yr_event_top75_no_cancer_feature,os_5yr,within_cancer,465,816,176,0.6065315623716281,0.679387231933305
pooled_fixed,ALL_core_os_5yr_event_top75_no_cancer_feature,os_5yr,global,466,816,176,0.5288922360673697,0.6436597153279106
pooled_fixed,ALL_core_os_5yr_event_top75_no_cancer_feature,os_5yr,within_cancer,466,816,176,0.6589757633849105,0.724339348099568
pooled_fixed,ALL_core_os_5yr_event_top75_no_cancer_feature,os_5yr,global,467,816,176,0.5416951937559907,0.6636309688028702
pooled_fixed,ALL_core_os_5yr_event_top75_no_cancer_feature,os_5yr,within_cancer,467,816,176,0.6335067780364233,0.7183838109534069
pooled_fixed,ALL_core_os_5yr_event_top75_no_cancer_feature,os_5yr,global,468,816,176,0.5162262084075038,0.6709015259262854
pooled_fixed,ALL_core_os_5yr_event_top75_no_cancer_feature,os_5yr,within_cancer,468,816,176,0.5998219909626181,0.6736941283804316
pooled_fixed,ALL_core_os_5yr_event_top75_no_cancer_feature,os_5yr,global,469,816,176,0.4524852800219088,0.5952192790147725
pooled_fixed,ALL_core_os_5yr_event_top75_no_cancer_feature,os_5yr,within_cancer,469,816,176,0.697726961522662,0.7729184202891961
pooled_fixed,ALL_core_os_5yr_event_top75_no_cancer_feature,os_5yr,global,470,816,176,0.5309461864986992,0.6436597224303596
pooled_fixed,ALL_core_os_5yr_event_top75_no_cancer_feature,os_5yr,within_cancer,470,816,176,0.6292619471450089,0.6974783414065309
pooled_fixed,ALL_core_os_5yr_event_top75_no_cancer_feature,os_5yr,global,471,816,176,0.5686019444064083,0.6753529908855477
pooled_fixed,ALL_core_os_5yr_event_top75_no_cancer_feature,os_5yr,within_cancer,471,816,176,0.6576064630973573,0.7108992957559809
pooled_fixed,ALL_core_os_5yr_event_top75_no_cancer_feature,os_5yr,global,472,816,176,0.4346159112693414,0.6299959251032234
pooled_fixed,ALL_core_os_5yr_event_top75_no_cancer_feature,os_5yr,within_cancer,472,816,176,0.6599342735861975,0.7277303942672597
pooled_fixed,ALL_core_os_5yr_event_top75_no_cancer_feature,os_5yr,global,473,816,176,0.47316171436396,0.6196225265438402
pooled_fixed,ALL_core_os_5yr_event_top75_no_cancer_feature,os_5yr,within_cancer,473,816,176,0.6717102560591538,0.7366075312916345
pooled_fixed,ALL_core_os_5yr_event_top75_no_cancer_feature,os_5yr,global,474,816,176,0.4953443790223196,0.6162767896615856
pooled_fixed,ALL_core_os_5yr_event_top75_no_cancer_feature,os_5yr,within_cancer,474,816,176,0.6430918800492949,0.7201278732855422
pooled_fixed,ALL_core_os_5yr_event_top75_no_cancer_feature,os_5yr,global,475,816,176,0.4313980555935917,0.5825148547854101
pooled_fixed,ALL_core_os_5yr_event_top75_no_cancer_feature,os_5yr,within_cancer,475,816,176,0.6633575243050801,0.7207400602349755
pooled_fixed,ALL_core_os_5yr_event_top75_no_cancer_feature,os_5yr,global,476,816,176,0.5309461864986992,0.6549683015277911
pooled_fixed,ALL_core_os_5yr_event_top75_no_cancer_feature,os_5yr,within_cancer,476,816,176,0.6651376146788992,0.7223913130199892
pooled_fixed,ALL_core_os_5yr_event_top75_no_cancer_feature,os_5yr,global,477,816,176,0.4250308092564699,0.6070417601591911
pooled_fixed,ALL_core_os_5yr_event_top75_no_cancer_feature,os_5yr,within_cancer,477,816,176,0.6333698480076682,0.7230717461535889
pooled_fixed,ALL_core_os_5yr_event_top75_no_cancer_feature,os_5yr,global,478,816,176,0.4813775160892783,0.6267389001439918
pooled_fixed,ALL_core_os_5yr_event_top75_no_cancer_feature,os_5yr,within_cancer,478,816,176,0.6437765301930714,0.7370051419858757
pooled_fixed,ALL_core_os_5yr_event_top75_no_cancer_feature,os_5yr,global,479,816,176,0.4978775845542927,0.6663806729593311
pooled_fixed,ALL_core_os_5yr_event_top75_no_cancer_feature,os_5yr,within_cancer,479,816,176,0.6947145008900453,0.7695974617830249
pooled_fixed,ALL_core_os_5yr_event_top75_no_cancer_feature,os_5yr,global,480,816,176,0.5614815829111325,0.6930352326094306
pooled_fixed,ALL_core_os_5yr_event_top75_no_cancer_feature,os_5yr,within_cancer,480,816,176,0.6599342735861975,0.7306086026319328
pooled_fixed,ALL_core_os_5yr_event_top75_no_cancer_feature,os_5yr,global,481,816,176,0.5190332739969875,0.6681586841936578
pooled_fixed,ALL_core_os_5yr_event_top75_no_cancer_feature,os_5yr,within_cancer,481,816,176,0.6147473640969465,0.7119264290036593
pooled_fixed,ALL_core_os_5yr_event_top75_no_cancer_feature,os_5yr,global,482,816,176,0.4552923456113926,0.6470483243885687
pooled_fixed,ALL_core_os_5yr_event_top75_no_cancer_feature,os_5yr,within_cancer,482,816,176,0.6622620840750376,0.7244222231995887
pooled_fixed,ALL_core_os_5yr_event_top75_no_cancer_feature,os_5yr,global,483,816,176,0.5278652608517048,0.6697341339055904
pooled_fixed,ALL_core_os_5yr_event_top75_no_cancer_feature,os_5yr,within_cancer,483,816,176,0.6933452006024922,0.7531897139941709
pooled_fixed,ALL_core_os_5yr_event_top75_no_cancer_feature,os_5yr,global,484,816,176,0.5131452827605094,0.6529394563410368
pooled_fixed,ALL_core_os_5yr_event_top75_no_cancer_feature,os_5yr,within_cancer,484,816,176,0.6769135971518554,0.7386187178672663
pooled_fixed,ALL_core_os_5yr_event_top75_no_cancer_feature,os_5yr,global,485,816,176,0.4121593865534712,0.5851835789643801
pooled_fixed,ALL_core_os_5yr_event_top75_no_cancer_feature,os_5yr,within_cancer,485,816,176,0.6640421744488567,0.7338762686815365
pooled_fixed,ALL_core_os_5yr_event_top75_no_cancer_feature,os_5yr,global,486,816,176,0.4726139942489387,0.6049811972080968
pooled_fixed,ALL_core_os_5yr_event_top75_no_cancer_feature,os_5yr,within_cancer,486,816,176,0.6858140490209503,0.7528905296319202
pooled_fixed,ALL_core_os_5yr_event_top75_no_cancer_feature,os_5yr,global,487,816,176,0.5299192112830344,0.6968674193479019
pooled_fixed,ALL_core_os_5yr_event_top75_no_cancer_feature,os_5yr,within_cancer,487,816,176,0.6660961248801862,0.7377293198905976
pooled_fixed,ALL_core_os_5yr_event_top75_no_cancer_feature,os_5yr,global,488,816,176,0.4336574010680542,0.6155947375292006
pooled_fixed,ALL_core_os_5yr_event_top75_no_cancer_feature,os_5yr,within_cancer,488,816,176,0.6622620840750377,0.7370316529591252
pooled_fixed,ALL_core_os_5yr_event_top75_no_cancer_feature,os_5yr,global,489,816,176,0.4418047377789948,0.5898752049106636
pooled_fixed,ALL_core_os_5yr_event_top75_no_cancer_feature,os_5yr,within_cancer,489,816,176,0.6737642064904834,0.7489146587710842
pooled_fixed,ALL_core_os_5yr_event_top75_no_cancer_feature,os_5yr,global,490,816,176,0.4741886895796248,0.6539653596036319
pooled_fixed,ALL_core_os_5yr_event_top75_no_cancer_feature,os_5yr,within_cancer,490,816,176,0.6386416541147473,0.7143599155658633
pooled_fixed,ALL_core_os_5yr_event_top75_no_cancer_feature,os_5yr,global,491,816,176,0.4962344242092291,0.6350729986594308
pooled_fixed,ALL_core_os_5yr_event_top75_no_cancer_feature,os_5yr,within_cancer,491,816,176,0.7037518827878955,0.7681407167168697
pooled_fixed,ALL_core_os_5yr_event_top75_no_cancer_feature,os_5yr,global,492,816,176,0.4975352594824044,0.636617612036873
pooled_fixed,ALL_core_os_5yr_event_top75_no_cancer_feature,os_5yr,within_cancer,492,816,176,0.6355607284677529,0.7115712136562001
pooled_fixed,ALL_core_os_5yr_event_top75_no_cancer_feature,os_5yr,global,493,816,176,0.602629056552102,0.7326659817241618
pooled_fixed,ALL_core_os_5yr_event_top75_no_cancer_feature,os_5yr,within_cancer,493,816,176,0.6773243872381214,0.7350467264572691
pooled_fixed,ALL_core_os_5yr_event_top75_no_cancer_feature,os_5yr,global,494,816,176,0.464466657537998,0.6044637530705944
pooled_fixed,ALL_core_os_5yr_event_top75_no_cancer_feature,os_5yr,within_cancer,494,816,176,0.6395316993016569,0.711655627625098
pooled_fixed,ALL_core_os_5yr_event_top75_no_cancer_feature,os_5yr,global,495,816,176,0.5685334793920307,0.6897239765403017
pooled_fixed,ALL_core_os_5yr_event_top75_no_cancer_feature,os_5yr,within_cancer,495,816,176,0.6120087635218403,0.6876709252834748
pooled_fixed,ALL_core_os_5yr_event_top75_no_cancer_feature,os_5yr,global,496,816,176,0.5086265918115843,0.6424096396285256
pooled_fixed,ALL_core_os_5yr_event_top75_no_cancer_feature,os_5yr,within_cancer,496,816,176,0.5991373408188416,0.6790977761864689
pooled_fixed,ALL_core_os_5yr_event_top75_no_cancer_feature,os_5yr,global,497,816,176,0.545597699575517,0.6457956571274742
pooled_fixed,ALL_core_os_5yr_event_top75_no_cancer_feature,os_5yr,within_cancer,497,816,176,0.6462412707106668,0.7216818774266404
pooled_fixed,ALL_core_os_5yr_event_top75_no_cancer_feature,os_5yr,global,498,816,176,0.4274955497740654,0.6182407974623101
pooled_fixed,ALL_core_os_5yr_event_top75_no_cancer_feature,os_5yr,within_cancer,498,816,176,0.6981377516089279,0.7629706810185727
pooled_fixed,ALL_core_os_5yr_event_top75_no_cancer_feature,os_5yr,global,499,816,176,0.5557305217034096,0.6739861013340788
pooled_fixed,ALL_core_os_5yr_event_top75_no_cancer_feature,os_5yr,within_cancer,499,816,176,0.6148842941257018,0.6933397508124483
extreme,ALL_core_extreme_os_death_lt3yr_survival_ge5yr_top75_no_cancer_feature,extreme_os,global,0,655,141,0.4571428571428572,0.6630135825140661
extreme,ALL_core_extreme_os_death_lt3yr_survival_ge5yr_top75_no_cancer_feature,extreme_os,within_cancer,0,655,141,0.6540659340659342,0.7287650192652817
extreme,ALL_core_extreme_os_death_lt3yr_survival_ge5yr_top75_no_cancer_feature,extreme_os,global,1,655,141,0.4305494505494506,0.6458163632310796
extreme,ALL_core_extreme_os_death_lt3yr_survival_ge5yr_top75_no_cancer_feature,extreme_os,within_cancer,1,655,141,0.643956043956044,0.7265921182646906
extreme,ALL_core_extreme_os_death_lt3yr_survival_ge5yr_top75_no_cancer_feature,extreme_os,global,2,655,141,0.4257142857142857,0.6397554874574709
extreme,ALL_core_extreme_os_death_lt3yr_survival_ge5yr_top75_no_cancer_feature,extreme_os,within_cancer,2,655,141,0.5716483516483517,0.6927219138758421
extreme,ALL_core_extreme_os_death_lt3yr_survival_ge5yr_top75_no_cancer_feature,extreme_os,global,3,655,141,0.4268131868131868,0.6559105036687514
extreme,ALL_core_extreme_os_death_lt3yr_survival_ge5yr_top75_no_cancer_feature,extreme_os,within_cancer,3,655,141,0.6956043956043956,0.7750545123572129
extreme,ALL_core_extreme_os_death_lt3yr_survival_ge5yr_top75_no_cancer_feature,extreme_os,global,4,655,141,0.5593406593406594,0.72561244677871
extreme,ALL_core_extreme_os_death_lt3yr_survival_ge5yr_top75_no_cancer_feature,extreme_os,within_cancer,4,655,141,0.6707692307692308,0.745862277835257
extreme,ALL_core_extreme_os_death_lt3yr_survival_ge5yr_top75_no_cancer_feature,extreme_os,global,5,655,141,0.5345054945054946,0.7106939405439464
extreme,ALL_core_extreme_os_death_lt3yr_survival_ge5yr_top75_no_cancer_feature,extreme_os,within_cancer,5,655,141,0.6663736263736264,0.7560133244003714
extreme,ALL_core_extreme_os_death_lt3yr_survival_ge5yr_top75_no_cancer_feature,extreme_os,global,6,655,141,0.5243956043956044,0.6927194662000687
extreme,ALL_core_extreme_os_death_lt3yr_survival_ge5yr_top75_no_cancer_feature,extreme_os,within_cancer,6,655,141,0.6951648351648352,0.7699195310037547
extreme,ALL_core_extreme_os_death_lt3yr_survival_ge5yr_top75_no_cancer_feature,extreme_os,global,7,655,141,0.5896703296703296,0.7200368718520407
extreme,ALL_core_extreme_os_death_lt3yr_survival_ge5yr_top75_no_cancer_feature,extreme_os,within_cancer,7,655,141,0.6356043956043956,0.7242602104111957
extreme,ALL_core_extreme_os_death_lt3yr_survival_ge5yr_top75_no_cancer_feature,extreme_os,global,8,655,141,0.6373626373626374,0.7671396185690418
extreme,ALL_core_extreme_os_death_lt3yr_survival_ge5yr_top75_no_cancer_feature,extreme_os,within_cancer,8,655,141,0.6556043956043955,0.7535907456395088
extreme,ALL_core_extreme_os_death_lt3yr_survival_ge5yr_top75_no_cancer_feature,extreme_os,global,9,655,141,0.4571428571428571,0.6417999761563762
extreme,ALL_core_extreme_os_death_lt3yr_survival_ge5yr_top75_no_cancer_feature,extreme_os,within_cancer,9,655,141,0.6727472527472527,0.7485789406597414
extreme,ALL_core_extreme_os_death_lt3yr_survival_ge5yr_top75_no_cancer_feature,extreme_os,global,10,655,141,0.6485714285714286,0.7585573710143054
extreme,ALL_core_extreme_os_death_lt3yr_survival_ge5yr_top75_no_cancer_feature,extreme_os,within_cancer,10,655,141,0.6443956043956044,0.7353630140873271
extreme,ALL_core_extreme_os_death_lt3yr_survival_ge5yr_top75_no_cancer_feature,extreme_os,global,11,655,141,0.48,0.6237959036739358
extreme,ALL_core_extreme_os_death_lt3yr_survival_ge5yr_top75_no_cancer_feature,extreme_os,within_cancer,11,655,141,0.6991208791208792,0.8037274950918715
extreme,ALL_core_extreme_os_death_lt3yr_survival_ge5yr_top75_no_cancer_feature,extreme_os,global,12,655,141,0.5637362637362637,0.721108834578726
extreme,ALL_core_extreme_os_death_lt3yr_survival_ge5yr_top75_no_cancer_feature,extreme_os,within_cancer,12,655,141,0.6487912087912087,0.738819374796668
extreme,ALL_core_extreme_os_death_lt3yr_survival_ge5yr_top75_no_cancer_feature,extreme_os,global,13,655,141,0.5316483516483517,0.701235309634413
extreme,ALL_core_extreme_os_death_lt3yr_survival_ge5yr_top75_no_cancer_feature,extreme_os,within_cancer,13,655,141,0.6573626373626374,0.723259478532952
extreme,ALL_core_extreme_os_death_lt3yr_survival_ge5yr_top75_no_cancer_feature,extreme_os,global,14,655,141,0.4652747252747253,0.6988766391187491
extreme,ALL_core_extreme_os_death_lt3yr_survival_ge5yr_top75_no_cancer_feature,extreme_os,within_cancer,14,655,141,0.6538461538461537,0.7367144075375722
extreme,ALL_core_extreme_os_death_lt3yr_survival_ge5yr_top75_no_cancer_feature,extreme_os,global,15,655,141,0.536043956043956,0.7095731386324056
extreme,ALL_core_extreme_os_death_lt3yr_survival_ge5yr_top75_no_cancer_feature,extreme_os,within_cancer,15,655,141,0.6237362637362638,0.7233087095527888
extreme,ALL_core_extreme_os_death_lt3yr_survival_ge5yr_top75_no_cancer_feature,extreme_os,global,16,655,141,0.5074725274725276,0.6731152563903173
extreme,ALL_core_extreme_os_death_lt3yr_survival_ge5yr_top75_no_cancer_feature,extreme_os,within_cancer,16,655,141,0.7296703296703296,0.810803641805145
extreme,ALL_core_extreme_os_death_lt3yr_survival_ge5yr_top75_no_cancer_feature,extreme_os,global,17,655,141,0.5802197802197803,0.7524109991605397
extreme,ALL_core_extreme_os_death_lt3yr_survival_ge5yr_top75_no_cancer_feature,extreme_os,within_cancer,17,655,141,0.6670329670329671,0.748245366607065
extreme,ALL_core_extreme_os_death_lt3yr_survival_ge5yr_top75_no_cancer_feature,extreme_os,global,18,655,141,0.586813186813187,0.7317247302113998
extreme,ALL_core_extreme_os_death_lt3yr_survival_ge5yr_top75_no_cancer_feature,extreme_os,within_cancer,18,655,141,0.6367032967032966,0.7336317200150053
extreme,ALL_core_extreme_os_death_lt3yr_survival_ge5yr_top75_no_cancer_feature,extreme_os,global,19,655,141,0.5228571428571428,0.6918512290202148
extreme,ALL_core_extreme_os_death_lt3yr_survival_ge5yr_top75_no_cancer_feature,extreme_os,within_cancer,19,655,141,0.6830769230769231,0.7811116342949393
extreme,ALL_core_extreme_os_death_lt3yr_survival_ge5yr_top75_no_cancer_feature,extreme_os,global,20,655,141,0.5107692307692309,0.7102490219389332
extreme,ALL_core_extreme_os_death_lt3yr_survival_ge5yr_top75_no_cancer_feature,extreme_os,within_cancer,20,655,141,0.6665934065934066,0.7362330536752917
extreme,ALL_core_extreme_os_death_lt3yr_survival_ge5yr_top75_no_cancer_feature,extreme_os,global,21,655,141,0.6134065934065934,0.7326982505588844
extreme,ALL_core_extreme_os_death_lt3yr_survival_ge5yr_top75_no_cancer_feature,extreme_os,within_cancer,21,655,141,0.732967032967033,0.8148657851550926
extreme,ALL_core_extreme_os_death_lt3yr_survival_ge5yr_top75_no_cancer_feature,extreme_os,global,22,655,141,0.4358241758241758,0.6563608321901832
extreme,ALL_core_extreme_os_death_lt3yr_survival_ge5yr_top75_no_cancer_feature,extreme_os,within_cancer,22,655,141,0.6975824175824176,0.7919060974030252
extreme,ALL_core_extreme_os_death_lt3yr_survival_ge5yr_top75_no_cancer_feature,extreme_os,global,23,655,141,0.6413186813186813,0.7579333787788882
extreme,ALL_core_extreme_os_death_lt3yr_survival_ge5yr_top75_no_cancer_feature,extreme_os,within_cancer,23,655,141,0.6841758241758242,0.76755668850386
extreme,ALL_core_extreme_os_death_lt3yr_survival_ge5yr_top75_no_cancer_feature,extreme_os,global,24,655,141,0.3824175824175824,0.6202410836913127
extreme,ALL_core_extreme_os_death_lt3yr_survival_ge5yr_top75_no_cancer_feature,extreme_os,within_cancer,24,655,141,0.6432967032967032,0.7365851408276682
extreme,ALL_core_extreme_os_death_lt3yr_survival_ge5yr_top75_no_cancer_feature,extreme_os,global,25,655,141,0.5824175824175823,0.7086589065334032
extreme,ALL_core_extreme_os_death_lt3yr_survival_ge5yr_top75_no_cancer_feature,extreme_os,within_cancer,25,655,141,0.6369230769230769,0.7229146313767265
extreme,ALL_core_extreme_os_death_lt3yr_survival_ge5yr_top75_no_cancer_feature,extreme_os,global,26,655,141,0.5534065934065934,0.7133529813626925
extreme,ALL_core_extreme_os_death_lt3yr_survival_ge5yr_top75_no_cancer_feature,extreme_os,within_cancer,26,655,141,0.6380219780219781,0.7337265591544018
extreme,ALL_core_extreme_os_death_lt3yr_survival_ge5yr_top75_no_cancer_feature,extreme_os,global,27,655,141,0.396043956043956,0.6361573315237847
extreme,ALL_core_extreme_os_death_lt3yr_survival_ge5yr_top75_no_cancer_feature,extreme_os,within_cancer,27,655,141,0.670989010989011,0.7549932977761136
extreme,ALL_core_extreme_os_death_lt3yr_survival_ge5yr_top75_no_cancer_feature,extreme_os,global,28,655,141,0.5791208791208791,0.7065782935861744
extreme,ALL_core_extreme_os_death_lt3yr_survival_ge5yr_top75_no_cancer_feature,extreme_os,within_cancer,28,655,141,0.6815384615384615,0.7637241835636271
extreme,ALL_core_extreme_os_death_lt3yr_survival_ge5yr_top75_no_cancer_feature,extreme_os,global,29,655,141,0.4406593406593407,0.6516693335248919
extreme,ALL_core_extreme_os_death_lt3yr_survival_ge5yr_top75_no_cancer_feature,extreme_os,within_cancer,29,655,141,0.6208791208791209,0.7123602100720765
extreme,ALL_core_extreme_os_death_lt3yr_survival_ge5yr_top75_no_cancer_feature,extreme_os,global,30,655,141,0.4773626373626374,0.662087056367457
extreme,ALL_core_extreme_os_death_lt3yr_survival_ge5yr_top75_no_cancer_feature,extreme_os,within_cancer,30,655,141,0.6342857142857143,0.7259862068286462
extreme,ALL_core_extreme_os_death_lt3yr_survival_ge5yr_top75_no_cancer_feature,extreme_os,global,31,655,141,0.4885714285714285,0.6816628608012514
extreme,ALL_core_extreme_os_death_lt3yr_survival_ge5yr_top75_no_cancer_feature,extreme_os,within_cancer,31,655,141,0.6336263736263736,0.7309579021518251
extreme,ALL_core_extreme_os_death_lt3yr_survival_ge5yr_top75_no_cancer_feature,extreme_os,global,32,655,141,0.5512087912087913,0.7052629854336958
extreme,ALL_core_extreme_os_death_lt3yr_survival_ge5yr_top75_no_cancer_feature,extreme_os,within_cancer,32,655,141,0.6703296703296703,0.7667159478379355
extreme,ALL_core_extreme_os_death_lt3yr_survival_ge5yr_top75_no_cancer_feature,extreme_os,global,33,655,141,0.4443956043956044,0.6883006733101995
extreme,ALL_core_extreme_os_death_lt3yr_survival_ge5yr_top75_no_cancer_feature,extreme_os,within_cancer,33,655,141,0.6468131868131868,0.7419604834938622
extreme,ALL_core_extreme_os_death_lt3yr_survival_ge5yr_top75_no_cancer_feature,extreme_os,global,34,655,141,0.452967032967033,0.650947003781321
extreme,ALL_core_extreme_os_death_lt3yr_survival_ge5yr_top75_no_cancer_feature,extreme_os,within_cancer,34,655,141,0.6925274725274725,0.7825480640828575
extreme,ALL_core_extreme_os_death_lt3yr_survival_ge5yr_top75_no_cancer_feature,extreme_os,global,35,655,141,0.5738461538461539,0.7093134735715786
extreme,ALL_core_extreme_os_death_lt3yr_survival_ge5yr_top75_no_cancer_feature,extreme_os,within_cancer,35,655,141,0.6432967032967033,0.73804146000195
extreme,ALL_core_extreme_os_death_lt3yr_survival_ge5yr_top75_no_cancer_feature,extreme_os,global,36,655,141,0.5760439560439561,0.7541745106659561
extreme,ALL_core_extreme_os_death_lt3yr_survival_ge5yr_top75_no_cancer_feature,extreme_os,within_cancer,36,655,141,0.6408791208791208,0.7164180550082739
extreme,ALL_core_extreme_os_death_lt3yr_survival_ge5yr_top75_no_cancer_feature,extreme_os,global,37,655,141,0.616043956043956,0.7296333707680469
extreme,ALL_core_extreme_os_death_lt3yr_survival_ge5yr_top75_no_cancer_feature,extreme_os,within_cancer,37,655,141,0.6547252747252748,0.7379828768611816
extreme,ALL_core_extreme_os_death_lt3yr_survival_ge5yr_top75_no_cancer_feature,extreme_os,global,38,655,141,0.5481318681318681,0.7389151555410882
extreme,ALL_core_extreme_os_death_lt3yr_survival_ge5yr_top75_no_cancer_feature,extreme_os,within_cancer,38,655,141,0.7274725274725276,0.8110350110996644
extreme,ALL_core_extreme_os_death_lt3yr_survival_ge5yr_top75_no_cancer_feature,extreme_os,global,39,655,141,0.5432967032967033,0.6838880137370489
extreme,ALL_core_extreme_os_death_lt3yr_survival_ge5yr_top75_no_cancer_feature,extreme_os,within_cancer,39,655,141,0.6857142857142857,0.7626375293159764
extreme,ALL_core_extreme_os_death_lt3yr_survival_ge5yr_top75_no_cancer_feature,extreme_os,global,40,655,141,0.6046153846153847,0.7287514802687529
extreme,ALL_core_extreme_os_death_lt3yr_survival_ge5yr_top75_no_cancer_feature,extreme_os,within_cancer,40,655,141,0.618021978021978,0.7187602671412198
extreme,ALL_core_extreme_os_death_lt3yr_survival_ge5yr_top75_no_cancer_feature,extreme_os,global,41,655,141,0.4551648351648352,0.6506176632472014
extreme,ALL_core_extreme_os_death_lt3yr_survival_ge5yr_top75_no_cancer_feature,extreme_os,within_cancer,41,655,141,0.6578021978021977,0.762977416117954
extreme,ALL_core_extreme_os_death_lt3yr_survival_ge5yr_top75_no_cancer_feature,extreme_os,global,42,655,141,0.4870329670329669,0.6662726618669248
extreme,ALL_core_extreme_os_death_lt3yr_survival_ge5yr_top75_no_cancer_feature,extreme_os,within_cancer,42,655,141,0.6472527472527473,0.7326435456124484
extreme,ALL_core_extreme_os_death_lt3yr_survival_ge5yr_top75_no_cancer_feature,extreme_os,global,43,655,141,0.4848351648351648,0.6894410953948151
extreme,ALL_core_extreme_os_death_lt3yr_survival_ge5yr_top75_no_cancer_feature,extreme_os,within_cancer,43,655,141,0.6786813186813186,0.7680700414625765
extreme,ALL_core_extreme_os_death_lt3yr_survival_ge5yr_top75_no_cancer_feature,extreme_os,global,44,655,141,0.5279120879120879,0.7003342099322893
extreme,ALL_core_extreme_os_death_lt3yr_survival_ge5yr_top75_no_cancer_feature,extreme_os,within_cancer,44,655,141,0.6687912087912088,0.7673040774803439
extreme,ALL_core_extreme_os_death_lt3yr_survival_ge5yr_top75_no_cancer_feature,extreme_os,global,45,655,141,0.4843956043956044,0.6896577004286761
extreme,ALL_core_extreme_os_death_lt3yr_survival_ge5yr_top75_no_cancer_feature,extreme_os,within_cancer,45,655,141,0.6195604395604396,0.7306022341243594
extreme,ALL_core_extreme_os_death_lt3yr_survival_ge5yr_top75_no_cancer_feature,extreme_os,global,46,655,141,0.554065934065934,0.7371520159045253
extreme,ALL_core_extreme_os_death_lt3yr_survival_ge5yr_top75_no_cancer_feature,extreme_os,within_cancer,46,655,141,0.5887912087912088,0.6853750010237767
extreme,ALL_core_extreme_os_death_lt3yr_survival_ge5yr_top75_no_cancer_feature,extreme_os,global,47,655,141,0.5028571428571429,0.6912337475425534
extreme,ALL_core_extreme_os_death_lt3yr_survival_ge5yr_top75_no_cancer_feature,extreme_os,within_cancer,47,655,141,0.6914285714285714,0.7862192128253185
extreme,ALL_core_extreme_os_death_lt3yr_survival_ge5yr_top75_no_cancer_feature,extreme_os,global,48,655,141,0.5731868131868132,0.7362426509257446
extreme,ALL_core_extreme_os_death_lt3yr_survival_ge5yr_top75_no_cancer_feature,extreme_os,within_cancer,48,655,141,0.6545054945054944,0.7419324027583426
extreme,ALL_core_extreme_os_death_lt3yr_survival_ge5yr_top75_no_cancer_feature,extreme_os,global,49,655,141,0.3852747252747253,0.6435995254807181
extreme,ALL_core_extreme_os_death_lt3yr_survival_ge5yr_top75_no_cancer_feature,extreme_os,within_cancer,49,655,141,0.6799999999999999,0.7604388846658356
extreme,ALL_core_extreme_os_death_lt3yr_survival_ge5yr_top75_no_cancer_feature,extreme_os,global,50,655,141,0.3637362637362638,0.6105136943115328
extreme,ALL_core_extreme_os_death_lt3yr_survival_ge5yr_top75_no_cancer_feature,extreme_os,within_cancer,50,655,141,0.6316483516483516,0.7364544085340061
extreme,ALL_core_extreme_os_death_lt3yr_survival_ge5yr_top75_no_cancer_feature,extreme_os,global,51,655,141,0.5558241758241758,0.724390186340744
extreme,ALL_core_extreme_os_death_lt3yr_survival_ge5yr_top75_no_cancer_feature,extreme_os,within_cancer,51,655,141,0.6125274725274726,0.7055002591103168
extreme,ALL_core_extreme_os_death_lt3yr_survival_ge5yr_top75_no_cancer_feature,extreme_os,global,52,655,141,0.5490109890109891,0.6957493296814263
extreme,ALL_core_extreme_os_death_lt3yr_survival_ge5yr_top75_no_cancer_feature,extreme_os,within_cancer,52,655,141,0.6114285714285713,0.7125286602949664
extreme,ALL_core_extreme_os_death_lt3yr_survival_ge5yr_top75_no_cancer_feature,extreme_os,global,53,655,141,0.5129670329670329,0.6876693270934671
extreme,ALL_core_extreme_os_death_lt3yr_survival_ge5yr_top75_no_cancer_feature,extreme_os,within_cancer,53,655,141,0.614065934065934,0.7020747937087093
extreme,ALL_core_extreme_os_death_lt3yr_survival_ge5yr_top75_no_cancer_feature,extreme_os,global,54,655,141,0.3945054945054945,0.6241879360424214
extreme,ALL_core_extreme_os_death_lt3yr_survival_ge5yr_top75_no_cancer_feature,extreme_os,within_cancer,54,655,141,0.687032967032967,0.7664545869942678
extreme,ALL_core_extreme_os_death_lt3yr_survival_ge5yr_top75_no_cancer_feature,extreme_os,global,55,655,141,0.4692307692307692,0.6843568489207149
extreme,ALL_core_extreme_os_death_lt3yr_survival_ge5yr_top75_no_cancer_feature,extreme_os,within_cancer,55,655,141,0.6527472527472526,0.750431851212475
extreme,ALL_core_extreme_os_death_lt3yr_survival_ge5yr_top75_no_cancer_feature,extreme_os,global,56,655,141,0.5446153846153846,0.7098573955658578
extreme,ALL_core_extreme_os_death_lt3yr_survival_ge5yr_top75_no_cancer_feature,extreme_os,within_cancer,56,655,141,0.6118681318681318,0.6988584522164654
extreme,ALL_core_extreme_os_death_lt3yr_survival_ge5yr_top75_no_cancer_feature,extreme_os,global,57,655,141,0.3716483516483516,0.6054725763267765
extreme,ALL_core_extreme_os_death_lt3yr_survival_ge5yr_top75_no_cancer_feature,extreme_os,within_cancer,57,655,141,0.7103296703296703,0.7846414213436389
extreme,ALL_core_extreme_os_death_lt3yr_survival_ge5yr_top75_no_cancer_feature,extreme_os,global,58,655,141,0.4852747252747253,0.6821779476027827
extreme,ALL_core_extreme_os_death_lt3yr_survival_ge5yr_top75_no_cancer_feature,extreme_os,within_cancer,58,655,141,0.6534065934065935,0.7393728790629911
extreme,ALL_core_extreme_os_death_lt3yr_survival_ge5yr_top75_no_cancer_feature,extreme_os,global,59,655,141,0.5127472527472527,0.6881184070498307
extreme,ALL_core_extreme_os_death_lt3yr_survival_ge5yr_top75_no_cancer_feature,extreme_os,within_cancer,59,655,141,0.7138461538461539,0.78641640060863
extreme,ALL_core_extreme_os_death_lt3yr_survival_ge5yr_top75_no_cancer_feature,extreme_os,global,60,655,141,0.5065934065934066,0.6848732528797434
extreme,ALL_core_extreme_os_death_lt3yr_survival_ge5yr_top75_no_cancer_feature,extreme_os,within_cancer,60,655,141,0.6459340659340659,0.7393873550563399
extreme,ALL_core_extreme_os_death_lt3yr_survival_ge5yr_top75_no_cancer_feature,extreme_os,global,61,655,141,0.5874725274725277,0.7604090059980697
extreme,ALL_core_extreme_os_death_lt3yr_survival_ge5yr_top75_no_cancer_feature,extreme_os,within_cancer,61,655,141,0.6501098901098901,0.7242869190576459
extreme,ALL_core_extreme_os_death_lt3yr_survival_ge5yr_top75_no_cancer_feature,extreme_os,global,62,655,141,0.4747252747252747,0.7034310160178916
extreme,ALL_core_extreme_os_death_lt3yr_survival_ge5yr_top75_no_cancer_feature,extreme_os,within_cancer,62,655,141,0.6156043956043956,0.7154395635739477
extreme,ALL_core_extreme_os_death_lt3yr_survival_ge5yr_top75_no_cancer_feature,extreme_os,global,63,655,141,0.4606593406593407,0.669897445756974
extreme,ALL_core_extreme_os_death_lt3yr_survival_ge5yr_top75_no_cancer_feature,extreme_os,within_cancer,63,655,141,0.7147252747252746,0.7901968789217454
extreme,ALL_core_extreme_os_death_lt3yr_survival_ge5yr_top75_no_cancer_feature,extreme_os,global,64,655,141,0.5391208791208791,0.7300262568036419
extreme,ALL_core_extreme_os_death_lt3yr_survival_ge5yr_top75_no_cancer_feature,extreme_os,within_cancer,64,655,141,0.6191208791208791,0.698746862687941
extreme,ALL_core_extreme_os_death_lt3yr_survival_ge5yr_top75_no_cancer_feature,extreme_os,global,65,655,141,0.4727472527472527,0.6766593856646503
extreme,ALL_core_extreme_os_death_lt3yr_survival_ge5yr_top75_no_cancer_feature,extreme_os,within_cancer,65,655,141,0.6342857142857142,0.7432207218540549
extreme,ALL_core_extreme_os_death_lt3yr_survival_ge5yr_top75_no_cancer_feature,extreme_os,global,66,655,141,0.5771428571428571,0.7582433014054489
extreme,ALL_core_extreme_os_death_lt3yr_survival_ge5yr_top75_no_cancer_feature,extreme_os,within_cancer,66,655,141,0.6307692307692307,0.7246639124197826
extreme,ALL_core_extreme_os_death_lt3yr_survival_ge5yr_top75_no_cancer_feature,extreme_os,global,67,655,141,0.4767032967032967,0.6786043752802361
extreme,ALL_core_extreme_os_death_lt3yr_survival_ge5yr_top75_no_cancer_feature,extreme_os,within_cancer,67,655,141,0.6764835164835165,0.7579692208760116
extreme,ALL_core_extreme_os_death_lt3yr_survival_ge5yr_top75_no_cancer_feature,extreme_os,global,68,655,141,0.5597802197802199,0.7494045981474367
extreme,ALL_core_extreme_os_death_lt3yr_survival_ge5yr_top75_no_cancer_feature,extreme_os,within_cancer,68,655,141,0.6738461538461539,0.7585412758160487
extreme,ALL_core_extreme_os_death_lt3yr_survival_ge5yr_top75_no_cancer_feature,extreme_os,global,69,655,141,0.5832967032967034,0.7091734407451536
extreme,ALL_core_extreme_os_death_lt3yr_survival_ge5yr_top75_no_cancer_feature,extreme_os,within_cancer,69,655,141,0.658021978021978,0.7404262522874548
extreme,ALL_core_extreme_os_death_lt3yr_survival_ge5yr_top75_no_cancer_feature,extreme_os,global,70,655,141,0.4672527472527472,0.6797491049002515
extreme,ALL_core_extreme_os_death_lt3yr_survival_ge5yr_top75_no_cancer_feature,extreme_os,within_cancer,70,655,141,0.692967032967033,0.7774004991097685
extreme,ALL_core_extreme_os_death_lt3yr_survival_ge5yr_top75_no_cancer_feature,extreme_os,global,71,655,141,0.5408791208791209,0.708079059867011
extreme,ALL_core_extreme_os_death_lt3yr_survival_ge5yr_top75_no_cancer_feature,extreme_os,within_cancer,71,655,141,0.6432967032967033,0.7451840437441839
extreme,ALL_core_extreme_os_death_lt3yr_survival_ge5yr_top75_no_cancer_feature,extreme_os,global,72,655,141,0.5261538461538462,0.692922173076484
extreme,ALL_core_extreme_os_death_lt3yr_survival_ge5yr_top75_no_cancer_feature,extreme_os,within_cancer,72,655,141,0.6628571428571429,0.7468559920485986
extreme,ALL_core_extreme_os_death_lt3yr_survival_ge5yr_top75_no_cancer_feature,extreme_os,global,73,655,141,0.5903296703296703,0.7389109916271045
extreme,ALL_core_extreme_os_death_lt3yr_survival_ge5yr_top75_no_cancer_feature,extreme_os,within_cancer,73,655,141,0.6742857142857143,0.7828898726295276
extreme,ALL_core_extreme_os_death_lt3yr_survival_ge5yr_top75_no_cancer_feature,extreme_os,global,74,655,141,0.5250549450549451,0.7067433222844175
extreme,ALL_core_extreme_os_death_lt3yr_survival_ge5yr_top75_no_cancer_feature,extreme_os,within_cancer,74,655,141,0.645934065934066,0.7350679871740144
extreme,ALL_core_extreme_os_death_lt3yr_survival_ge5yr_top75_no_cancer_feature,extreme_os,global,75,655,141,0.3914285714285714,0.6087465590070112
extreme,ALL_core_extreme_os_death_lt3yr_survival_ge5yr_top75_no_cancer_feature,extreme_os,within_cancer,75,655,141,0.6927472527472528,0.7624665934480965
extreme,ALL_core_extreme_os_death_lt3yr_survival_ge5yr_top75_no_cancer_feature,extreme_os,global,76,655,141,0.5573626373626374,0.708282246722825
extreme,ALL_core_extreme_os_death_lt3yr_survival_ge5yr_top75_no_cancer_feature,extreme_os,within_cancer,76,655,141,0.6775824175824176,0.7710324810614859
extreme,ALL_core_extreme_os_death_lt3yr_survival_ge5yr_top75_no_cancer_feature,extreme_os,global,77,655,141,0.4386813186813186,0.6442772062616363
extreme,ALL_core_extreme_os_death_lt3yr_survival_ge5yr_top75_no_cancer_feature,extreme_os,within_cancer,77,655,141,0.6406593406593407,0.7353723897953129
extreme,ALL_core_extreme_os_death_lt3yr_survival_ge5yr_top75_no_cancer_feature,extreme_os,global,78,655,141,0.500879120879121,0.6814561831336031
extreme,ALL_core_extreme_os_death_lt3yr_survival_ge5yr_top75_no_cancer_feature,extreme_os,within_cancer,78,655,141,0.6292307692307691,0.7135302863003552
extreme,ALL_core_extreme_os_death_lt3yr_survival_ge5yr_top75_no_cancer_feature,extreme_os,global,79,655,141,0.6465934065934067,0.7735326178336208
extreme,ALL_core_extreme_os_death_lt3yr_survival_ge5yr_top75_no_cancer_feature,extreme_os,within_cancer,79,655,141,0.7191208791208792,0.7919768507092584
extreme,ALL_core_extreme_os_death_lt3yr_survival_ge5yr_top75_no_cancer_feature,extreme_os,global,80,655,141,0.5516483516483517,0.7161672040349307
extreme,ALL_core_extreme_os_death_lt3yr_survival_ge5yr_top75_no_cancer_feature,extreme_os,within_cancer,80,655,141,0.6167032967032966,0.7329755217623696
extreme,ALL_core_extreme_os_death_lt3yr_survival_ge5yr_top75_no_cancer_feature,extreme_os,global,81,655,141,0.7140659340659341,0.7985621674604153
extreme,ALL_core_extreme_os_death_lt3yr_survival_ge5yr_top75_no_cancer_feature,extreme_os,within_cancer,81,655,141,0.6863736263736263,0.7917611320896192
extreme,ALL_core_extreme_os_death_lt3yr_survival_ge5yr_top75_no_cancer_feature,extreme_os,global,82,655,141,0.4720879120879121,0.6833259287240557
extreme,ALL_core_extreme_os_death_lt3yr_survival_ge5yr_top75_no_cancer_feature,extreme_os,within_cancer,82,655,141,0.6083516483516483,0.7106025983236034
extreme,ALL_core_extreme_os_death_lt3yr_survival_ge5yr_top75_no_cancer_feature,extreme_os,global,83,655,141,0.3204395604395604,0.5936311341428832
extreme,ALL_core_extreme_os_death_lt3yr_survival_ge5yr_top75_no_cancer_feature,extreme_os,within_cancer,83,655,141,0.658021978021978,0.7347818138656046
extreme,ALL_core_extreme_os_death_lt3yr_survival_ge5yr_top75_no_cancer_feature,extreme_os,global,84,655,141,0.5624175824175826,0.7268377745784095
extreme,ALL_core_extreme_os_death_lt3yr_survival_ge5yr_top75_no_cancer_feature,extreme_os,within_cancer,84,655,141,0.7221978021978023,0.7929864290656359
extreme,ALL_core_extreme_os_death_lt3yr_survival_ge5yr_top75_no_cancer_feature,extreme_os,global,85,655,141,0.4637362637362638,0.659666531539169
extreme,ALL_core_extreme_os_death_lt3yr_survival_ge5yr_top75_no_cancer_feature,extreme_os,within_cancer,85,655,141,0.6494505494505495,0.7291360608527286
extreme,ALL_core_extreme_os_death_lt3yr_survival_ge5yr_top75_no_cancer_feature,extreme_os,global,86,655,141,0.5125274725274725,0.6859951703082297
extreme,ALL_core_extreme_os_death_lt3yr_survival_ge5yr_top75_no_cancer_feature,extreme_os,within_cancer,86,655,141,0.6367032967032966,0.7361467121409325
extreme,ALL_core_extreme_os_death_lt3yr_survival_ge5yr_top75_no_cancer_feature,extreme_os,global,87,655,141,0.4872527472527473,0.7072010955129409
extreme,ALL_core_extreme_os_death_lt3yr_survival_ge5yr_top75_no_cancer_feature,extreme_os,within_cancer,87,655,141,0.6887912087912088,0.765355131056308
extreme,ALL_core_extreme_os_death_lt3yr_survival_ge5yr_top75_no_cancer_feature,extreme_os,global,88,655,141,0.4898901098901099,0.6780174541829833
extreme,ALL_core_extreme_os_death_lt3yr_survival_ge5yr_top75_no_cancer_feature,extreme_os,within_cancer,88,655,141,0.6606593406593407,0.7433811096892479
extreme,ALL_core_extreme_os_death_lt3yr_survival_ge5yr_top75_no_cancer_feature,extreme_os,global,89,655,141,0.4468131868131867,0.6665438531867693
extreme,ALL_core_extreme_os_death_lt3yr_survival_ge5yr_top75_no_cancer_feature,extreme_os,within_cancer,89,655,141,0.6432967032967033,0.7305576703453622
extreme,ALL_core_extreme_os_death_lt3yr_survival_ge5yr_top75_no_cancer_feature,extreme_os,global,90,655,141,0.5848351648351648,0.7259226117836766
extreme,ALL_core_extreme_os_death_lt3yr_survival_ge5yr_top75_no_cancer_feature,extreme_os,within_cancer,90,655,141,0.7107692307692308,0.7661533192310483
extreme,ALL_core_extreme_os_death_lt3yr_survival_ge5yr_top75_no_cancer_feature,extreme_os,global,91,655,141,0.578021978021978,0.7221293594179921
extreme,ALL_core_extreme_os_death_lt3yr_survival_ge5yr_top75_no_cancer_feature,extreme_os,within_cancer,91,655,141,0.6810989010989011,0.7601123317894523
extreme,ALL_core_extreme_os_death_lt3yr_survival_ge5yr_top75_no_cancer_feature,extreme_os,global,92,655,141,0.5975824175824176,0.7315955320954639
extreme,ALL_core_extreme_os_death_lt3yr_survival_ge5yr_top75_no_cancer_feature,extreme_os,within_cancer,92,655,141,0.6096703296703296,0.7149421445758974
extreme,ALL_core_extreme_os_death_lt3yr_survival_ge5yr_top75_no_cancer_feature,extreme_os,global,93,655,141,0.5661538461538462,0.7284558935125991
extreme,ALL_core_extreme_os_death_lt3yr_survival_ge5yr_top75_no_cancer_feature,extreme_os,within_cancer,93,655,141,0.7210989010989011,0.7879858324354576
extreme,ALL_core_extreme_os_death_lt3yr_survival_ge5yr_top75_no_cancer_feature,extreme_os,global,94,655,141,0.4254945054945054,0.6379043755683802
extreme,ALL_core_extreme_os_death_lt3yr_survival_ge5yr_top75_no_cancer_feature,extreme_os,within_cancer,94,655,141,0.6534065934065935,0.7368185846469992
extreme,ALL_core_extreme_os_death_lt3yr_survival_ge5yr_top75_no_cancer_feature,extreme_os,global,95,655,141,0.5325274725274725,0.7195733106864604
extreme,ALL_core_extreme_os_death_lt3yr_survival_ge5yr_top75_no_cancer_feature,extreme_os,within_cancer,95,655,141,0.6230769230769231,0.72215035793908
extreme,ALL_core_extreme_os_death_lt3yr_survival_ge5yr_top75_no_cancer_feature,extreme_os,global,96,655,141,0.450989010989011,0.6600494292104455
extreme,ALL_core_extreme_os_death_lt3yr_survival_ge5yr_top75_no_cancer_feature,extreme_os,within_cancer,96,655,141,0.6349450549450549,0.7229136196104571
extreme,ALL_core_extreme_os_death_lt3yr_survival_ge5yr_top75_no_cancer_feature,extreme_os,global,97,655,141,0.4542857142857143,0.6507313994522702
extreme,ALL_core_extreme_os_death_lt3yr_survival_ge5yr_top75_no_cancer_feature,extreme_os,within_cancer,97,655,141,0.7323076923076923,0.8214039835790402
extreme,ALL_core_extreme_os_death_lt3yr_survival_ge5yr_top75_no_cancer_feature,extreme_os,global,98,655,141,0.4393406593406593,0.6621054422296715
extreme,ALL_core_extreme_os_death_lt3yr_survival_ge5yr_top75_no_cancer_feature,extreme_os,within_cancer,98,655,141,0.6428571428571429,0.724061757873409
extreme,ALL_core_extreme_os_death_lt3yr_survival_ge5yr_top75_no_cancer_feature,extreme_os,global,99,655,141,0.5903296703296704,0.7401057294548934
extreme,ALL_core_extreme_os_death_lt3yr_survival_ge5yr_top75_no_cancer_feature,extreme_os,within_cancer,99,655,141,0.6738461538461539,0.7575322195865206
extreme,ALL_core_extreme_os_death_lt3yr_survival_ge5yr_top75_no_cancer_feature,extreme_os,global,100,655,141,0.5481318681318681,0.7178226907517904
extreme,ALL_core_extreme_os_death_lt3yr_survival_ge5yr_top75_no_cancer_feature,extreme_os,within_cancer,100,655,141,0.6167032967032966,0.7114094853538389
extreme,ALL_core_extreme_os_death_lt3yr_survival_ge5yr_top75_no_cancer_feature,extreme_os,global,101,655,141,0.4116483516483517,0.6462554196078103
extreme,ALL_core_extreme_os_death_lt3yr_survival_ge5yr_top75_no_cancer_feature,extreme_os,within_cancer,101,655,141,0.6520879120879121,0.7361632276920493
extreme,ALL_core_extreme_os_death_lt3yr_survival_ge5yr_top75_no_cancer_feature,extreme_os,global,102,655,141,0.5665934065934065,0.7136336739676036
extreme,ALL_core_extreme_os_death_lt3yr_survival_ge5yr_top75_no_cancer_feature,extreme_os,within_cancer,102,655,141,0.6507692307692308,0.7327064468110667
extreme,ALL_core_extreme_os_death_lt3yr_survival_ge5yr_top75_no_cancer_feature,extreme_os,global,103,655,141,0.3907692307692308,0.6115410446687695
extreme,ALL_core_extreme_os_death_lt3yr_survival_ge5yr_top75_no_cancer_feature,extreme_os,within_cancer,103,655,141,0.6562637362637362,0.7463484728646574
extreme,ALL_core_extreme_os_death_lt3yr_survival_ge5yr_top75_no_cancer_feature,extreme_os,global,104,655,141,0.5540659340659341,0.7069183745997566
extreme,ALL_core_extreme_os_death_lt3yr_survival_ge5yr_top75_no_cancer_feature,extreme_os,within_cancer,104,655,141,0.6353846153846153,0.7151449393035374
extreme,ALL_core_extreme_os_death_lt3yr_survival_ge5yr_top75_no_cancer_feature,extreme_os,global,105,655,141,0.3597802197802198,0.6206041417665256
extreme,ALL_core_extreme_os_death_lt3yr_survival_ge5yr_top75_no_cancer_feature,extreme_os,within_cancer,105,655,141,0.6887912087912088,0.7578046562846414
extreme,ALL_core_extreme_os_death_lt3yr_survival_ge5yr_top75_no_cancer_feature,extreme_os,global,106,655,141,0.5551648351648352,0.7289521958253574
extreme,ALL_core_extreme_os_death_lt3yr_survival_ge5yr_top75_no_cancer_feature,extreme_os,within_cancer,106,655,141,0.6782417582417583,0.7607205963653445
extreme,ALL_core_extreme_os_death_lt3yr_survival_ge5yr_top75_no_cancer_feature,extreme_os,global,107,655,141,0.3663736263736264,0.6055221635818533
extreme,ALL_core_extreme_os_death_lt3yr_survival_ge5yr_top75_no_cancer_feature,extreme_os,within_cancer,107,655,141,0.6527472527472526,0.7385553752776397
extreme,ALL_core_extreme_os_death_lt3yr_survival_ge5yr_top75_no_cancer_feature,extreme_os,global,108,655,141,0.4481318681318681,0.6660205071876302
extreme,ALL_core_extreme_os_death_lt3yr_survival_ge5yr_top75_no_cancer_feature,extreme_os,within_cancer,108,655,141,0.6446153846153847,0.7377680594855376
extreme,ALL_core_extreme_os_death_lt3yr_survival_ge5yr_top75_no_cancer_feature,extreme_os,global,109,655,141,0.4986813186813187,0.6943327911439918
extreme,ALL_core_extreme_os_death_lt3yr_survival_ge5yr_top75_no_cancer_feature,extreme_os,within_cancer,109,655,141,0.6742857142857143,0.7597220792985022
extreme,ALL_core_extreme_os_death_lt3yr_survival_ge5yr_top75_no_cancer_feature,extreme_os,global,110,655,141,0.5030769230769231,0.6790034560421195
extreme,ALL_core_extreme_os_death_lt3yr_survival_ge5yr_top75_no_cancer_feature,extreme_os,within_cancer,110,655,141,0.6142857142857143,0.7223540532368933
extreme,ALL_core_extreme_os_death_lt3yr_survival_ge5yr_top75_no_cancer_feature,extreme_os,global,111,655,141,0.5340659340659341,0.7434959918340711
extreme,ALL_core_extreme_os_death_lt3yr_survival_ge5yr_top75_no_cancer_feature,extreme_os,within_cancer,111,655,141,0.6384615384615385,0.7264329084987323
extreme,ALL_core_extreme_os_death_lt3yr_survival_ge5yr_top75_no_cancer_feature,extreme_os,global,112,655,141,0.3907692307692307,0.6069249876558254
extreme,ALL_core_extreme_os_death_lt3yr_survival_ge5yr_top75_no_cancer_feature,extreme_os,within_cancer,112,655,141,0.6608791208791208,0.7577184124724521
extreme,ALL_core_extreme_os_death_lt3yr_survival_ge5yr_top75_no_cancer_feature,extreme_os,global,113,655,141,0.4173626373626373,0.6428138852804826
extreme,ALL_core_extreme_os_death_lt3yr_survival_ge5yr_top75_no_cancer_feature,extreme_os,within_cancer,113,655,141,0.6573626373626373,0.7528610627958394
extreme,ALL_core_extreme_os_death_lt3yr_survival_ge5yr_top75_no_cancer_feature,extreme_os,global,114,655,141,0.4272527472527472,0.6269294484099215
extreme,ALL_core_extreme_os_death_lt3yr_survival_ge5yr_top75_no_cancer_feature,extreme_os,within_cancer,114,655,141,0.6608791208791209,0.7614145757114791
extreme,ALL_core_extreme_os_death_lt3yr_survival_ge5yr_top75_no_cancer_feature,extreme_os,global,115,655,141,0.4602197802197801,0.6851533779650256
extreme,ALL_core_extreme_os_death_lt3yr_survival_ge5yr_top75_no_cancer_feature,extreme_os,within_cancer,115,655,141,0.6578021978021978,0.7467975323468953
extreme,ALL_core_extreme_os_death_lt3yr_survival_ge5yr_top75_no_cancer_feature,extreme_os,global,116,655,141,0.4399999999999999,0.6764068261053375
extreme,ALL_core_extreme_os_death_lt3yr_survival_ge5yr_top75_no_cancer_feature,extreme_os,within_cancer,116,655,141,0.6556043956043957,0.7531438781373843
extreme,ALL_core_extreme_os_death_lt3yr_survival_ge5yr_top75_no_cancer_feature,extreme_os,global,117,655,141,0.5854945054945055,0.7517972325174554
extreme,ALL_core_extreme_os_death_lt3yr_survival_ge5yr_top75_no_cancer_feature,extreme_os,within_cancer,117,655,141,0.6606593406593407,0.7378539193509458
extreme,ALL_core_extreme_os_death_lt3yr_survival_ge5yr_top75_no_cancer_feature,extreme_os,global,118,655,141,0.4283516483516484,0.64931071074952
extreme,ALL_core_extreme_os_death_lt3yr_survival_ge5yr_top75_no_cancer_feature,extreme_os,within_cancer,118,655,141,0.6857142857142856,0.7861723591119607
extreme,ALL_core_extreme_os_death_lt3yr_survival_ge5yr_top75_no_cancer_feature,extreme_os,global,119,655,141,0.5112087912087913,0.7108869044818504
extreme,ALL_core_extreme_os_death_lt3yr_survival_ge5yr_top75_no_cancer_feature,extreme_os,within_cancer,119,655,141,0.641978021978022,0.7288772833890886
extreme,ALL_core_extreme_os_death_lt3yr_survival_ge5yr_top75_no_cancer_feature,extreme_os,global,120,655,141,0.6520879120879121,0.7623060624208582
extreme,ALL_core_extreme_os_death_lt3yr_survival_ge5yr_top75_no_cancer_feature,extreme_os,within_cancer,120,655,141,0.6593406593406593,0.7468848126224183
extreme,ALL_core_extreme_os_death_lt3yr_survival_ge5yr_top75_no_cancer_feature,extreme_os,global,121,655,141,0.5896703296703297,0.74408659357337
extreme,ALL_core_extreme_os_death_lt3yr_survival_ge5yr_top75_no_cancer_feature,extreme_os,within_cancer,121,655,141,0.6487912087912089,0.735963574942772
extreme,ALL_core_extreme_os_death_lt3yr_survival_ge5yr_top75_no_cancer_feature,extreme_os,global,122,655,141,0.5613186813186813,0.7373454861117442
extreme,ALL_core_extreme_os_death_lt3yr_survival_ge5yr_top75_no_cancer_feature,extreme_os,within_cancer,122,655,141,0.6272527472527473,0.7266323507151075
extreme,ALL_core_extreme_os_death_lt3yr_survival_ge5yr_top75_no_cancer_feature,extreme_os,global,123,655,141,0.5204395604395606,0.7115645641056647
extreme,ALL_core_extreme_os_death_lt3yr_survival_ge5yr_top75_no_cancer_feature,extreme_os,within_cancer,123,655,141,0.6318681318681318,0.7300071705617928
extreme,ALL_core_extreme_os_death_lt3yr_survival_ge5yr_top75_no_cancer_feature,extreme_os,global,124,655,141,0.6032967032967033,0.7485307105670831
extreme,ALL_core_extreme_os_death_lt3yr_survival_ge5yr_top75_no_cancer_feature,extreme_os,within_cancer,124,655,141,0.6780219780219781,0.7535340344381085
extreme,ALL_core_extreme_os_death_lt3yr_survival_ge5yr_top75_no_cancer_feature,extreme_os,global,125,655,141,0.3474725274725275,0.5955685714877061
extreme,ALL_core_extreme_os_death_lt3yr_survival_ge5yr_top75_no_cancer_feature,extreme_os,within_cancer,125,655,141,0.6430769230769231,0.7422705239481808
extreme,ALL_core_extreme_os_death_lt3yr_survival_ge5yr_top75_no_cancer_feature,extreme_os,global,126,655,141,0.42,0.6435571730315475
extreme,ALL_core_extreme_os_death_lt3yr_survival_ge5yr_top75_no_cancer_feature,extreme_os,within_cancer,126,655,141,0.6496703296703296,0.749693805372655
extreme,ALL_core_extreme_os_death_lt3yr_survival_ge5yr_top75_no_cancer_feature,extreme_os,global,127,655,141,0.5578021978021979,0.7340452794871148
extreme,ALL_core_extreme_os_death_lt3yr_survival_ge5yr_top75_no_cancer_feature,extreme_os,within_cancer,127,655,141,0.6604395604395605,0.7623690795600196
extreme,ALL_core_extreme_os_death_lt3yr_survival_ge5yr_top75_no_cancer_feature,extreme_os,global,128,655,141,0.4817582417582418,0.6751289931496816
extreme,ALL_core_extreme_os_death_lt3yr_survival_ge5yr_top75_no_cancer_feature,extreme_os,within_cancer,128,655,141,0.6641758241758242,0.7587835941572603
extreme,ALL_core_extreme_os_death_lt3yr_survival_ge5yr_top75_no_cancer_feature,extreme_os,global,129,655,141,0.4542857142857143,0.6594335821525138
extreme,ALL_core_extreme_os_death_lt3yr_survival_ge5yr_top75_no_cancer_feature,extreme_os,within_cancer,129,655,141,0.6542857142857144,0.7636300475147018
extreme,ALL_core_extreme_os_death_lt3yr_survival_ge5yr_top75_no_cancer_feature,extreme_os,global,130,655,141,0.4024175824175824,0.6456566101023493
extreme,ALL_core_extreme_os_death_lt3yr_survival_ge5yr_top75_no_cancer_feature,extreme_os,within_cancer,130,655,141,0.641978021978022,0.7370029459646446
extreme,ALL_core_extreme_os_death_lt3yr_survival_ge5yr_top75_no_cancer_feature,extreme_os,global,131,655,141,0.5046153846153847,0.6996545675808192
extreme,ALL_core_extreme_os_death_lt3yr_survival_ge5yr_top75_no_cancer_feature,extreme_os,within_cancer,131,655,141,0.6652747252747253,0.7396721310878822
extreme,ALL_core_extreme_os_death_lt3yr_survival_ge5yr_top75_no_cancer_feature,extreme_os,global,132,655,141,0.4221978021978022,0.6416897273009177
extreme,ALL_core_extreme_os_death_lt3yr_survival_ge5yr_top75_no_cancer_feature,extreme_os,within_cancer,132,655,141,0.6142857142857143,0.7042045586418348
extreme,ALL_core_extreme_os_death_lt3yr_survival_ge5yr_top75_no_cancer_feature,extreme_os,global,133,655,141,0.5167032967032967,0.6918510419569989
extreme,ALL_core_extreme_os_death_lt3yr_survival_ge5yr_top75_no_cancer_feature,extreme_os,within_cancer,133,655,141,0.6516483516483516,0.7373494300668619
extreme,ALL_core_extreme_os_death_lt3yr_survival_ge5yr_top75_no_cancer_feature,extreme_os,global,134,655,141,0.6142857142857143,0.7586326976770831
extreme,ALL_core_extreme_os_death_lt3yr_survival_ge5yr_top75_no_cancer_feature,extreme_os,within_cancer,134,655,141,0.6696703296703297,0.7534169823280065
extreme,ALL_core_extreme_os_death_lt3yr_survival_ge5yr_top75_no_cancer_feature,extreme_os,global,135,655,141,0.5685714285714286,0.7017712545820664
extreme,ALL_core_extreme_os_death_lt3yr_survival_ge5yr_top75_no_cancer_feature,extreme_os,within_cancer,135,655,141,0.712967032967033,0.7939149463447719
extreme,ALL_core_extreme_os_death_lt3yr_survival_ge5yr_top75_no_cancer_feature,extreme_os,global,136,655,141,0.4773626373626373,0.6596103976360169
extreme,ALL_core_extreme_os_death_lt3yr_survival_ge5yr_top75_no_cancer_feature,extreme_os,within_cancer,136,655,141,0.6224175824175825,0.7277229241929679
extreme,ALL_core_extreme_os_death_lt3yr_survival_ge5yr_top75_no_cancer_feature,extreme_os,global,137,655,141,0.5745054945054945,0.7411379684538011
extreme,ALL_core_extreme_os_death_lt3yr_survival_ge5yr_top75_no_cancer_feature,extreme_os,within_cancer,137,655,141,0.6520879120879121,0.7211665474449631
extreme,ALL_core_extreme_os_death_lt3yr_survival_ge5yr_top75_no_cancer_feature,extreme_os,global,138,655,141,0.4283516483516484,0.6575990235866987
extreme,ALL_core_extreme_os_death_lt3yr_survival_ge5yr_top75_no_cancer_feature,extreme_os,within_cancer,138,655,141,0.6562637362637362,0.7353254340951407
extreme,ALL_core_extreme_os_death_lt3yr_survival_ge5yr_top75_no_cancer_feature,extreme_os,global,139,655,141,0.4676923076923077,0.6862019244639108
extreme,ALL_core_extreme_os_death_lt3yr_survival_ge5yr_top75_no_cancer_feature,extreme_os,within_cancer,139,655,141,0.6527472527472528,0.7397339225174141
extreme,ALL_core_extreme_os_death_lt3yr_survival_ge5yr_top75_no_cancer_feature,extreme_os,global,140,655,141,0.5542857142857143,0.7332186625623096
extreme,ALL_core_extreme_os_death_lt3yr_survival_ge5yr_top75_no_cancer_feature,extreme_os,within_cancer,140,655,141,0.6501098901098902,0.729380462403622
extreme,ALL_core_extreme_os_death_lt3yr_survival_ge5yr_top75_no_cancer_feature,extreme_os,global,141,655,141,0.565054945054945,0.7168394119214958
extreme,ALL_core_extreme_os_death_lt3yr_survival_ge5yr_top75_no_cancer_feature,extreme_os,within_cancer,141,655,141,0.6283516483516484,0.7040113025235213
extreme,ALL_core_extreme_os_death_lt3yr_survival_ge5yr_top75_no_cancer_feature,extreme_os,global,142,655,141,0.4874725274725275,0.6428725461618591
extreme,ALL_core_extreme_os_death_lt3yr_survival_ge5yr_top75_no_cancer_feature,extreme_os,within_cancer,142,655,141,0.6147252747252747,0.713242062117222
extreme,ALL_core_extreme_os_death_lt3yr_survival_ge5yr_top75_no_cancer_feature,extreme_os,global,143,655,141,0.4345054945054945,0.6371222742909037
extreme,ALL_core_extreme_os_death_lt3yr_survival_ge5yr_top75_no_cancer_feature,extreme_os,within_cancer,143,655,141,0.6775824175824176,0.772822602873152
extreme,ALL_core_extreme_os_death_lt3yr_survival_ge5yr_top75_no_cancer_feature,extreme_os,global,144,655,141,0.5962637362637362,0.7420392878957617
extreme,ALL_core_extreme_os_death_lt3yr_survival_ge5yr_top75_no_cancer_feature,extreme_os,within_cancer,144,655,141,0.641978021978022,0.7317468284606109
extreme,ALL_core_extreme_os_death_lt3yr_survival_ge5yr_top75_no_cancer_feature,extreme_os,global,145,655,141,0.4556043956043956,0.6693063829433317
extreme,ALL_core_extreme_os_death_lt3yr_survival_ge5yr_top75_no_cancer_feature,extreme_os,within_cancer,145,655,141,0.6694505494505494,0.7493496292926559
extreme,ALL_core_extreme_os_death_lt3yr_survival_ge5yr_top75_no_cancer_feature,extreme_os,global,146,655,141,0.5276923076923077,0.6992958939826024
extreme,ALL_core_extreme_os_death_lt3yr_survival_ge5yr_top75_no_cancer_feature,extreme_os,within_cancer,146,655,141,0.6760439560439561,0.7576113673406795
extreme,ALL_core_extreme_os_death_lt3yr_survival_ge5yr_top75_no_cancer_feature,extreme_os,global,147,655,141,0.5705494505494505,0.704404438288419
extreme,ALL_core_extreme_os_death_lt3yr_survival_ge5yr_top75_no_cancer_feature,extreme_os,within_cancer,147,655,141,0.6243956043956045,0.7173150094372484
extreme,ALL_core_extreme_os_death_lt3yr_survival_ge5yr_top75_no_cancer_feature,extreme_os,global,148,655,141,0.5602197802197803,0.7037738054863059
extreme,ALL_core_extreme_os_death_lt3yr_survival_ge5yr_top75_no_cancer_feature,extreme_os,within_cancer,148,655,141,0.6731868131868132,0.7505555839116913
extreme,ALL_core_extreme_os_death_lt3yr_survival_ge5yr_top75_no_cancer_feature,extreme_os,global,149,655,141,0.6123076923076923,0.748470443677928
extreme,ALL_core_extreme_os_death_lt3yr_survival_ge5yr_top75_no_cancer_feature,extreme_os,within_cancer,149,655,141,0.6837362637362637,0.7583969973875981
extreme,ALL_core_extreme_os_death_lt3yr_survival_ge5yr_top75_no_cancer_feature,extreme_os,global,150,655,141,0.5010989010989011,0.6979194168108741
extreme,ALL_core_extreme_os_death_lt3yr_survival_ge5yr_top75_no_cancer_feature,extreme_os,within_cancer,150,655,141,0.7015384615384616,0.7634345574801771
extreme,ALL_core_extreme_os_death_lt3yr_survival_ge5yr_top75_no_cancer_feature,extreme_os,global,151,655,141,0.5208791208791208,0.6889568866594591
extreme,ALL_core_extreme_os_death_lt3yr_survival_ge5yr_top75_no_cancer_feature,extreme_os,within_cancer,151,655,141,0.6995604395604396,0.8049052440999114
extreme,ALL_core_extreme_os_death_lt3yr_survival_ge5yr_top75_no_cancer_feature,extreme_os,global,152,655,141,0.4318681318681319,0.6655451867123683
extreme,ALL_core_extreme_os_death_lt3yr_survival_ge5yr_top75_no_cancer_feature,extreme_os,within_cancer,152,655,141,0.6846153846153846,0.7675439725030488
extreme,ALL_core_extreme_os_death_lt3yr_survival_ge5yr_top75_no_cancer_feature,extreme_os,global,153,655,141,0.6371428571428573,0.7638620982363351
extreme,ALL_core_extreme_os_death_lt3yr_survival_ge5yr_top75_no_cancer_feature,extreme_os,within_cancer,153,655,141,0.6435164835164835,0.7439173146134472
extreme,ALL_core_extreme_os_death_lt3yr_survival_ge5yr_top75_no_cancer_feature,extreme_os,global,154,655,141,0.4054945054945054,0.6415694649083736
extreme,ALL_core_extreme_os_death_lt3yr_survival_ge5yr_top75_no_cancer_feature,extreme_os,within_cancer,154,655,141,0.6991208791208792,0.7739902591155415
extreme,ALL_core_extreme_os_death_lt3yr_survival_ge5yr_top75_no_cancer_feature,extreme_os,global,155,655,141,0.5032967032967033,0.705593206299465
extreme,ALL_core_extreme_os_death_lt3yr_survival_ge5yr_top75_no_cancer_feature,extreme_os,within_cancer,155,655,141,0.6426373626373626,0.7258167636411297
extreme,ALL_core_extreme_os_death_lt3yr_survival_ge5yr_top75_no_cancer_feature,extreme_os,global,156,655,141,0.4006593406593406,0.6289865218681607
extreme,ALL_core_extreme_os_death_lt3yr_survival_ge5yr_top75_no_cancer_feature,extreme_os,within_cancer,156,655,141,0.634065934065934,0.7246995162847478
extreme,ALL_core_extreme_os_death_lt3yr_survival_ge5yr_top75_no_cancer_feature,extreme_os,global,157,655,141,0.6435164835164835,0.770733986790254
extreme,ALL_core_extreme_os_death_lt3yr_survival_ge5yr_top75_no_cancer_feature,extreme_os,within_cancer,157,655,141,0.6542857142857142,0.7625444299834747
extreme,ALL_core_extreme_os_death_lt3yr_survival_ge5yr_top75_no_cancer_feature,extreme_os,global,158,655,141,0.5224175824175825,0.701048348493061
extreme,ALL_core_extreme_os_death_lt3yr_survival_ge5yr_top75_no_cancer_feature,extreme_os,within_cancer,158,655,141,0.6149450549450549,0.7254013896997443
extreme,ALL_core_extreme_os_death_lt3yr_survival_ge5yr_top75_no_cancer_feature,extreme_os,global,159,655,141,0.4358241758241758,0.6570755668882008
extreme,ALL_core_extreme_os_death_lt3yr_survival_ge5yr_top75_no_cancer_feature,extreme_os,within_cancer,159,655,141,0.6720879120879121,0.7465106690354495
extreme,ALL_core_extreme_os_death_lt3yr_survival_ge5yr_top75_no_cancer_feature,extreme_os,global,160,655,141,0.5782417582417583,0.7464593498767103
extreme,ALL_core_extreme_os_death_lt3yr_survival_ge5yr_top75_no_cancer_feature,extreme_os,within_cancer,160,655,141,0.6353846153846154,0.7342217155367596
extreme,ALL_core_extreme_os_death_lt3yr_survival_ge5yr_top75_no_cancer_feature,extreme_os,global,161,655,141,0.5483516483516484,0.7436257676122721
extreme,ALL_core_extreme_os_death_lt3yr_survival_ge5yr_top75_no_cancer_feature,extreme_os,within_cancer,161,655,141,0.625934065934066,0.7231100611035826
extreme,ALL_core_extreme_os_death_lt3yr_survival_ge5yr_top75_no_cancer_feature,extreme_os,global,162,655,141,0.3813186813186813,0.634207277404071
extreme,ALL_core_extreme_os_death_lt3yr_survival_ge5yr_top75_no_cancer_feature,extreme_os,within_cancer,162,655,141,0.6584615384615384,0.7445663993201705
extreme,ALL_core_extreme_os_death_lt3yr_survival_ge5yr_top75_no_cancer_feature,extreme_os,global,163,655,141,0.5690109890109891,0.7237494584688837
extreme,ALL_core_extreme_os_death_lt3yr_survival_ge5yr_top75_no_cancer_feature,extreme_os,within_cancer,163,655,141,0.6901098901098901,0.7736671303263213
extreme,ALL_core_extreme_os_death_lt3yr_survival_ge5yr_top75_no_cancer_feature,extreme_os,global,164,655,141,0.5013186813186813,0.6913693775437515
extreme,ALL_core_extreme_os_death_lt3yr_survival_ge5yr_top75_no_cancer_feature,extreme_os,within_cancer,164,655,141,0.6799999999999999,0.7602930390714435
extreme,ALL_core_extreme_os_death_lt3yr_survival_ge5yr_top75_no_cancer_feature,extreme_os,global,165,655,141,0.5670329670329671,0.7214843887651587
extreme,ALL_core_extreme_os_death_lt3yr_survival_ge5yr_top75_no_cancer_feature,extreme_os,within_cancer,165,655,141,0.6641758241758242,0.7519420462628312
extreme,ALL_core_extreme_os_death_lt3yr_survival_ge5yr_top75_no_cancer_feature,extreme_os,global,166,655,141,0.4232967032967033,0.6326320402348005
extreme,ALL_core_extreme_os_death_lt3yr_survival_ge5yr_top75_no_cancer_feature,extreme_os,within_cancer,166,655,141,0.7180219780219781,0.8108011538930905
extreme,ALL_core_extreme_os_death_lt3yr_survival_ge5yr_top75_no_cancer_feature,extreme_os,global,167,655,141,0.512967032967033,0.7000608581888964
extreme,ALL_core_extreme_os_death_lt3yr_survival_ge5yr_top75_no_cancer_feature,extreme_os,within_cancer,167,655,141,0.6813186813186813,0.7575490440871501
extreme,ALL_core_extreme_os_death_lt3yr_survival_ge5yr_top75_no_cancer_feature,extreme_os,global,168,655,141,0.4767032967032967,0.6939149715709851
extreme,ALL_core_extreme_os_death_lt3yr_survival_ge5yr_top75_no_cancer_feature,extreme_os,within_cancer,168,655,141,0.6261538461538461,0.7243304660189482
extreme,ALL_core_extreme_os_death_lt3yr_survival_ge5yr_top75_no_cancer_feature,extreme_os,global,169,655,141,0.5606593406593406,0.7297527804561048
extreme,ALL_core_extreme_os_death_lt3yr_survival_ge5yr_top75_no_cancer_feature,extreme_os,within_cancer,169,655,141,0.6839560439560439,0.7688948991927246
extreme,ALL_core_extreme_os_death_lt3yr_survival_ge5yr_top75_no_cancer_feature,extreme_os,global,170,655,141,0.3931868131868132,0.6153639139086389
extreme,ALL_core_extreme_os_death_lt3yr_survival_ge5yr_top75_no_cancer_feature,extreme_os,within_cancer,170,655,141,0.6538461538461539,0.7399009643281458
extreme,ALL_core_extreme_os_death_lt3yr_survival_ge5yr_top75_no_cancer_feature,extreme_os,global,171,655,141,0.498021978021978,0.6734693869614448
extreme,ALL_core_extreme_os_death_lt3yr_survival_ge5yr_top75_no_cancer_feature,extreme_os,within_cancer,171,655,141,0.6578021978021978,0.7398954167132321
extreme,ALL_core_extreme_os_death_lt3yr_survival_ge5yr_top75_no_cancer_feature,extreme_os,global,172,655,141,0.3912087912087912,0.616100012967491
extreme,ALL_core_extreme_os_death_lt3yr_survival_ge5yr_top75_no_cancer_feature,extreme_os,within_cancer,172,655,141,0.7125274725274726,0.7988477920255714
extreme,ALL_core_extreme_os_death_lt3yr_survival_ge5yr_top75_no_cancer_feature,extreme_os,global,173,655,141,0.5920879120879121,0.7483071301947601
extreme,ALL_core_extreme_os_death_lt3yr_survival_ge5yr_top75_no_cancer_feature,extreme_os,within_cancer,173,655,141,0.7296703296703296,0.802208463454217
extreme,ALL_core_extreme_os_death_lt3yr_survival_ge5yr_top75_no_cancer_feature,extreme_os,global,174,655,141,0.6046153846153846,0.7382452803393265
extreme,ALL_core_extreme_os_death_lt3yr_survival_ge5yr_top75_no_cancer_feature,extreme_os,within_cancer,174,655,141,0.6824175824175823,0.7696238518566308
extreme,ALL_core_extreme_os_death_lt3yr_survival_ge5yr_top75_no_cancer_feature,extreme_os,global,175,655,141,0.4008791208791209,0.6202107429249435
extreme,ALL_core_extreme_os_death_lt3yr_survival_ge5yr_top75_no_cancer_feature,extreme_os,within_cancer,175,655,141,0.6369230769230768,0.7278554120307668
extreme,ALL_core_extreme_os_death_lt3yr_survival_ge5yr_top75_no_cancer_feature,extreme_os,global,176,655,141,0.6230769230769231,0.7392002501841548
extreme,ALL_core_extreme_os_death_lt3yr_survival_ge5yr_top75_no_cancer_feature,extreme_os,within_cancer,176,655,141,0.6268131868131868,0.7269326124824813
extreme,ALL_core_extreme_os_death_lt3yr_survival_ge5yr_top75_no_cancer_feature,extreme_os,global,177,655,141,0.5810989010989012,0.7376051664693197
extreme,ALL_core_extreme_os_death_lt3yr_survival_ge5yr_top75_no_cancer_feature,extreme_os,within_cancer,177,655,141,0.6703296703296703,0.7521018753922095
extreme,ALL_core_extreme_os_death_lt3yr_survival_ge5yr_top75_no_cancer_feature,extreme_os,global,178,655,141,0.5560439560439561,0.6994112443637883
extreme,ALL_core_extreme_os_death_lt3yr_survival_ge5yr_top75_no_cancer_feature,extreme_os,within_cancer,178,655,141,0.7424175824175826,0.8071939932981693
extreme,ALL_core_extreme_os_death_lt3yr_survival_ge5yr_top75_no_cancer_feature,extreme_os,global,179,655,141,0.3907692307692307,0.6216217101711459
extreme,ALL_core_extreme_os_death_lt3yr_survival_ge5yr_top75_no_cancer_feature,extreme_os,within_cancer,179,655,141,0.6945054945054945,0.7880712727242247
extreme,ALL_core_extreme_os_death_lt3yr_survival_ge5yr_top75_no_cancer_feature,extreme_os,global,180,655,141,0.4593406593406593,0.6656314992822179
extreme,ALL_core_extreme_os_death_lt3yr_survival_ge5yr_top75_no_cancer_feature,extreme_os,within_cancer,180,655,141,0.6826373626373627,0.7657918177226756
extreme,ALL_core_extreme_os_death_lt3yr_survival_ge5yr_top75_no_cancer_feature,extreme_os,global,181,655,141,0.56,0.732508877844152
extreme,ALL_core_extreme_os_death_lt3yr_survival_ge5yr_top75_no_cancer_feature,extreme_os,within_cancer,181,655,141,0.6512087912087912,0.7271429804399696
extreme,ALL_core_extreme_os_death_lt3yr_survival_ge5yr_top75_no_cancer_feature,extreme_os,global,182,655,141,0.4081318681318682,0.6207035953240807
extreme,ALL_core_extreme_os_death_lt3yr_survival_ge5yr_top75_no_cancer_feature,extreme_os,within_cancer,182,655,141,0.6395604395604395,0.7305435246462775
extreme,ALL_core_extreme_os_death_lt3yr_survival_ge5yr_top75_no_cancer_feature,extreme_os,global,183,655,141,0.636043956043956,0.7469321482635388
extreme,ALL_core_extreme_os_death_lt3yr_survival_ge5yr_top75_no_cancer_feature,extreme_os,within_cancer,183,655,141,0.681098901098901,0.7721843151680677
extreme,ALL_core_extreme_os_death_lt3yr_survival_ge5yr_top75_no_cancer_feature,extreme_os,global,184,655,141,0.4589010989010989,0.65519267643136
extreme,ALL_core_extreme_os_death_lt3yr_survival_ge5yr_top75_no_cancer_feature,extreme_os,within_cancer,184,655,141,0.6665934065934066,0.7564259568652005
extreme,ALL_core_extreme_os_death_lt3yr_survival_ge5yr_top75_no_cancer_feature,extreme_os,global,185,655,141,0.4534065934065934,0.6514492536192298
extreme,ALL_core_extreme_os_death_lt3yr_survival_ge5yr_top75_no_cancer_feature,extreme_os,within_cancer,185,655,141,0.5962637362637362,0.6987622267352558
extreme,ALL_core_extreme_os_death_lt3yr_survival_ge5yr_top75_no_cancer_feature,extreme_os,global,186,655,141,0.5806593406593407,0.7324298526435012
extreme,ALL_core_extreme_os_death_lt3yr_survival_ge5yr_top75_no_cancer_feature,extreme_os,within_cancer,186,655,141,0.665054945054945,0.749943845261061
extreme,ALL_core_extreme_os_death_lt3yr_survival_ge5yr_top75_no_cancer_feature,extreme_os,global,187,655,141,0.4716483516483517,0.6884316815896745
extreme,ALL_core_extreme_os_death_lt3yr_survival_ge5yr_top75_no_cancer_feature,extreme_os,within_cancer,187,655,141,0.7035164835164835,0.7728251432193448
extreme,ALL_core_extreme_os_death_lt3yr_survival_ge5yr_top75_no_cancer_feature,extreme_os,global,188,655,141,0.6171428571428571,0.7615548990429625
extreme,ALL_core_extreme_os_death_lt3yr_survival_ge5yr_top75_no_cancer_feature,extreme_os,within_cancer,188,655,141,0.6947252747252748,0.7621440150622479
extreme,ALL_core_extreme_os_death_lt3yr_survival_ge5yr_top75_no_cancer_feature,extreme_os,global,189,655,141,0.4426373626373627,0.6698270932517552
extreme,ALL_core_extreme_os_death_lt3yr_survival_ge5yr_top75_no_cancer_feature,extreme_os,within_cancer,189,655,141,0.7217582417582418,0.797376946876501
extreme,ALL_core_extreme_os_death_lt3yr_survival_ge5yr_top75_no_cancer_feature,extreme_os,global,190,655,141,0.4725274725274725,0.6759164959736216
extreme,ALL_core_extreme_os_death_lt3yr_survival_ge5yr_top75_no_cancer_feature,extreme_os,within_cancer,190,655,141,0.6714285714285714,0.772605721004681
extreme,ALL_core_extreme_os_death_lt3yr_survival_ge5yr_top75_no_cancer_feature,extreme_os,global,191,655,141,0.5639560439560438,0.7248230563605171
extreme,ALL_core_extreme_os_death_lt3yr_survival_ge5yr_top75_no_cancer_feature,extreme_os,within_cancer,191,655,141,0.6942857142857143,0.7676370259751795
extreme,ALL_core_extreme_os_death_lt3yr_survival_ge5yr_top75_no_cancer_feature,extreme_os,global,192,655,141,0.4793406593406593,0.7102771366001797
extreme,ALL_core_extreme_os_death_lt3yr_survival_ge5yr_top75_no_cancer_feature,extreme_os,within_cancer,192,655,141,0.7000000000000001,0.7780553771650741
extreme,ALL_core_extreme_os_death_lt3yr_survival_ge5yr_top75_no_cancer_feature,extreme_os,global,193,655,141,0.5259340659340659,0.690713266770721
extreme,ALL_core_extreme_os_death_lt3yr_survival_ge5yr_top75_no_cancer_feature,extreme_os,within_cancer,193,655,141,0.6527472527472528,0.741200878873317
extreme,ALL_core_extreme_os_death_lt3yr_survival_ge5yr_top75_no_cancer_feature,extreme_os,global,194,655,141,0.6235164835164836,0.7597933230367285
extreme,ALL_core_extreme_os_death_lt3yr_survival_ge5yr_top75_no_cancer_feature,extreme_os,within_cancer,194,655,141,0.6753846153846155,0.751726710385423
extreme,ALL_core_extreme_os_death_lt3yr_survival_ge5yr_top75_no_cancer_feature,extreme_os,global,195,655,141,0.490989010989011,0.6828727838779947
extreme,ALL_core_extreme_os_death_lt3yr_survival_ge5yr_top75_no_cancer_feature,extreme_os,within_cancer,195,655,141,0.6608791208791208,0.7462398202073818
extreme,ALL_core_extreme_os_death_lt3yr_survival_ge5yr_top75_no_cancer_feature,extreme_os,global,196,655,141,0.456043956043956,0.6800033102925226
extreme,ALL_core_extreme_os_death_lt3yr_survival_ge5yr_top75_no_cancer_feature,extreme_os,within_cancer,196,655,141,0.6410989010989011,0.7186283570744914
extreme,ALL_core_extreme_os_death_lt3yr_survival_ge5yr_top75_no_cancer_feature,extreme_os,global,197,655,141,0.3964835164835164,0.6410735037950799
extreme,ALL_core_extreme_os_death_lt3yr_survival_ge5yr_top75_no_cancer_feature,extreme_os,within_cancer,197,655,141,0.6665934065934066,0.7491640113513393
extreme,ALL_core_extreme_os_death_lt3yr_survival_ge5yr_top75_no_cancer_feature,extreme_os,global,198,655,141,0.4901098901098901,0.6722824737298041
extreme,ALL_core_extreme_os_death_lt3yr_survival_ge5yr_top75_no_cancer_feature,extreme_os,within_cancer,198,655,141,0.6520879120879122,0.7490549773472077
extreme,ALL_core_extreme_os_death_lt3yr_survival_ge5yr_top75_no_cancer_feature,extreme_os,global,199,655,141,0.470989010989011,0.6820753810967031
extreme,ALL_core_extreme_os_death_lt3yr_survival_ge5yr_top75_no_cancer_feature,extreme_os,within_cancer,199,655,141,0.6481318681318681,0.7442905980137732
extreme,ALL_core_extreme_os_death_lt3yr_survival_ge5yr_top75_no_cancer_feature,extreme_os,global,200,655,141,0.4103296703296702,0.6379178945149153
extreme,ALL_core_extreme_os_death_lt3yr_survival_ge5yr_top75_no_cancer_feature,extreme_os,within_cancer,200,655,141,0.692967032967033,0.7625528461645943
extreme,ALL_core_extreme_os_death_lt3yr_survival_ge5yr_top75_no_cancer_feature,extreme_os,global,201,655,141,0.4125274725274725,0.6371724673054824
extreme,ALL_core_extreme_os_death_lt3yr_survival_ge5yr_top75_no_cancer_feature,extreme_os,within_cancer,201,655,141,0.6712087912087912,0.7438046172251547
extreme,ALL_core_extreme_os_death_lt3yr_survival_ge5yr_top75_no_cancer_feature,extreme_os,global,202,655,141,0.4516483516483516,0.6720382168710883
extreme,ALL_core_extreme_os_death_lt3yr_survival_ge5yr_top75_no_cancer_feature,extreme_os,within_cancer,202,655,141,0.6230769230769231,0.7361778517929184
extreme,ALL_core_extreme_os_death_lt3yr_survival_ge5yr_top75_no_cancer_feature,extreme_os,global,203,655,141,0.4334065934065934,0.6478844975131698
extreme,ALL_core_extreme_os_death_lt3yr_survival_ge5yr_top75_no_cancer_feature,extreme_os,within_cancer,203,655,141,0.6296703296703297,0.7120216685124603
extreme,ALL_core_extreme_os_death_lt3yr_survival_ge5yr_top75_no_cancer_feature,extreme_os,global,204,655,141,0.3778021978021978,0.6199350843272151
extreme,ALL_core_extreme_os_death_lt3yr_survival_ge5yr_top75_no_cancer_feature,extreme_os,within_cancer,204,655,141,0.7083516483516483,0.7774643491246223
extreme,ALL_core_extreme_os_death_lt3yr_survival_ge5yr_top75_no_cancer_feature,extreme_os,global,205,655,141,0.5859340659340659,0.7230691189406832
extreme,ALL_core_extreme_os_death_lt3yr_survival_ge5yr_top75_no_cancer_feature,extreme_os,within_cancer,205,655,141,0.6345054945054945,0.7411767344151834
extreme,ALL_core_extreme_os_death_lt3yr_survival_ge5yr_top75_no_cancer_feature,extreme_os,global,206,655,141,0.4707692307692308,0.6791232682271683
extreme,ALL_core_extreme_os_death_lt3yr_survival_ge5yr_top75_no_cancer_feature,extreme_os,within_cancer,206,655,141,0.6518681318681319,0.7403581591660743
extreme,ALL_core_extreme_os_death_lt3yr_survival_ge5yr_top75_no_cancer_feature,extreme_os,global,207,655,141,0.6375824175824176,0.7709910877095872
extreme,ALL_core_extreme_os_death_lt3yr_survival_ge5yr_top75_no_cancer_feature,extreme_os,within_cancer,207,655,141,0.6615384615384615,0.7669480793730159
extreme,ALL_core_extreme_os_death_lt3yr_survival_ge5yr_top75_no_cancer_feature,extreme_os,global,208,655,141,0.5028571428571429,0.6775313376062014
extreme,ALL_core_extreme_os_death_lt3yr_survival_ge5yr_top75_no_cancer_feature,extreme_os,within_cancer,208,655,141,0.6375824175824176,0.71933532585547
extreme,ALL_core_extreme_os_death_lt3yr_survival_ge5yr_top75_no_cancer_feature,extreme_os,global,209,655,141,0.6951648351648352,0.8113556860174487
extreme,ALL_core_extreme_os_death_lt3yr_survival_ge5yr_top75_no_cancer_feature,extreme_os,within_cancer,209,655,141,0.7415384615384616,0.822985495720288
extreme,ALL_core_extreme_os_death_lt3yr_survival_ge5yr_top75_no_cancer_feature,extreme_os,global,210,655,141,0.5967032967032967,0.7399828863408306
extreme,ALL_core_extreme_os_death_lt3yr_survival_ge5yr_top75_no_cancer_feature,extreme_os,within_cancer,210,655,141,0.6885714285714286,0.7655303874667022
extreme,ALL_core_extreme_os_death_lt3yr_survival_ge5yr_top75_no_cancer_feature,extreme_os,global,211,655,141,0.5793406593406594,0.7450299559037041
extreme,ALL_core_extreme_os_death_lt3yr_survival_ge5yr_top75_no_cancer_feature,extreme_os,within_cancer,211,655,141,0.6395604395604395,0.7304244631971826
extreme,ALL_core_extreme_os_death_lt3yr_survival_ge5yr_top75_no_cancer_feature,extreme_os,global,212,655,141,0.4597802197802198,0.6765530692747563
extreme,ALL_core_extreme_os_death_lt3yr_survival_ge5yr_top75_no_cancer_feature,extreme_os,within_cancer,212,655,141,0.6685714285714286,0.7637082042421439
extreme,ALL_core_extreme_os_death_lt3yr_survival_ge5yr_top75_no_cancer_feature,extreme_os,global,213,655,141,0.5648351648351648,0.7330849612468497
extreme,ALL_core_extreme_os_death_lt3yr_survival_ge5yr_top75_no_cancer_feature,extreme_os,within_cancer,213,655,141,0.7182417582417582,0.8073471378411297
extreme,ALL_core_extreme_os_death_lt3yr_survival_ge5yr_top75_no_cancer_feature,extreme_os,global,214,655,141,0.5145054945054945,0.7230050385537021
extreme,ALL_core_extreme_os_death_lt3yr_survival_ge5yr_top75_no_cancer_feature,extreme_os,within_cancer,214,655,141,0.6753846153846154,0.765643072087663
extreme,ALL_core_extreme_os_death_lt3yr_survival_ge5yr_top75_no_cancer_feature,extreme_os,global,215,655,141,0.4635164835164834,0.6701020876489974
extreme,ALL_core_extreme_os_death_lt3yr_survival_ge5yr_top75_no_cancer_feature,extreme_os,within_cancer,215,655,141,0.6281318681318682,0.7250104771427004
extreme,ALL_core_extreme_os_death_lt3yr_survival_ge5yr_top75_no_cancer_feature,extreme_os,global,216,655,141,0.6145054945054945,0.7352138351277853
extreme,ALL_core_extreme_os_death_lt3yr_survival_ge5yr_top75_no_cancer_feature,extreme_os,within_cancer,216,655,141,0.6338461538461538,0.7154387752983598
extreme,ALL_core_extreme_os_death_lt3yr_survival_ge5yr_top75_no_cancer_feature,extreme_os,global,217,655,141,0.5912087912087912,0.7226817726154444
extreme,ALL_core_extreme_os_death_lt3yr_survival_ge5yr_top75_no_cancer_feature,extreme_os,within_cancer,217,655,141,0.6419780219780219,0.7261670852211002
extreme,ALL_core_extreme_os_death_lt3yr_survival_ge5yr_top75_no_cancer_feature,extreme_os,global,218,655,141,0.4672527472527472,0.6825056516076609
extreme,ALL_core_extreme_os_death_lt3yr_survival_ge5yr_top75_no_cancer_feature,extreme_os,within_cancer,218,655,141,0.6736263736263737,0.7550196786026016
extreme,ALL_core_extreme_os_death_lt3yr_survival_ge5yr_top75_no_cancer_feature,extreme_os,global,219,655,141,0.5382417582417582,0.7131134189127382
extreme,ALL_core_extreme_os_death_lt3yr_survival_ge5yr_top75_no_cancer_feature,extreme_os,within_cancer,219,655,141,0.6956043956043956,0.7645677090379168
extreme,ALL_core_extreme_os_death_lt3yr_survival_ge5yr_top75_no_cancer_feature,extreme_os,global,220,655,141,0.3356043956043956,0.5747507314781559
extreme,ALL_core_extreme_os_death_lt3yr_survival_ge5yr_top75_no_cancer_feature,extreme_os,within_cancer,220,655,141,0.68,0.7620688495698231
extreme,ALL_core_extreme_os_death_lt3yr_survival_ge5yr_top75_no_cancer_feature,extreme_os,global,221,655,141,0.6373626373626374,0.7809289722983044
extreme,ALL_core_extreme_os_death_lt3yr_survival_ge5yr_top75_no_cancer_feature,extreme_os,within_cancer,221,655,141,0.6751648351648352,0.7687192105455416
extreme,ALL_core_extreme_os_death_lt3yr_survival_ge5yr_top75_no_cancer_feature,extreme_os,global,222,655,141,0.3874725274725275,0.6140857315677157
extreme,ALL_core_extreme_os_death_lt3yr_survival_ge5yr_top75_no_cancer_feature,extreme_os,within_cancer,222,655,141,0.6125274725274725,0.7029992035913188
extreme,ALL_core_extreme_os_death_lt3yr_survival_ge5yr_top75_no_cancer_feature,extreme_os,global,223,655,141,0.5852747252747253,0.7093895199099333
extreme,ALL_core_extreme_os_death_lt3yr_survival_ge5yr_top75_no_cancer_feature,extreme_os,within_cancer,223,655,141,0.700879120879121,0.7780803397877599
extreme,ALL_core_extreme_os_death_lt3yr_survival_ge5yr_top75_no_cancer_feature,extreme_os,global,224,655,141,0.5707692307692308,0.7556632716703977
extreme,ALL_core_extreme_os_death_lt3yr_survival_ge5yr_top75_no_cancer_feature,extreme_os,within_cancer,224,655,141,0.6975824175824176,0.7803414303822406
extreme,ALL_core_extreme_os_death_lt3yr_survival_ge5yr_top75_no_cancer_feature,extreme_os,global,225,655,141,0.4063736263736264,0.6563958311885092
extreme,ALL_core_extreme_os_death_lt3yr_survival_ge5yr_top75_no_cancer_feature,extreme_os,within_cancer,225,655,141,0.6608791208791208,0.7508106371544646
extreme,ALL_core_extreme_os_death_lt3yr_survival_ge5yr_top75_no_cancer_feature,extreme_os,global,226,655,141,0.4448351648351648,0.6551519732233471
extreme,ALL_core_extreme_os_death_lt3yr_survival_ge5yr_top75_no_cancer_feature,extreme_os,within_cancer,226,655,141,0.694945054945055,0.7648871857675851
extreme,ALL_core_extreme_os_death_lt3yr_survival_ge5yr_top75_no_cancer_feature,extreme_os,global,227,655,141,0.376043956043956,0.6174214125471502
extreme,ALL_core_extreme_os_death_lt3yr_survival_ge5yr_top75_no_cancer_feature,extreme_os,within_cancer,227,655,141,0.6342857142857142,0.7349896978004714
extreme,ALL_core_extreme_os_death_lt3yr_survival_ge5yr_top75_no_cancer_feature,extreme_os,global,228,655,141,0.5105494505494506,0.6967349173514532
extreme,ALL_core_extreme_os_death_lt3yr_survival_ge5yr_top75_no_cancer_feature,extreme_os,within_cancer,228,655,141,0.6672527472527473,0.7525011868842493
extreme,ALL_core_extreme_os_death_lt3yr_survival_ge5yr_top75_no_cancer_feature,extreme_os,global,229,655,141,0.534065934065934,0.6778765881138231
extreme,ALL_core_extreme_os_death_lt3yr_survival_ge5yr_top75_no_cancer_feature,extreme_os,within_cancer,229,655,141,0.6597802197802197,0.743053633330977
extreme,ALL_core_extreme_os_death_lt3yr_survival_ge5yr_top75_no_cancer_feature,extreme_os,global,230,655,141,0.5602197802197801,0.7295554799095193
extreme,ALL_core_extreme_os_death_lt3yr_survival_ge5yr_top75_no_cancer_feature,extreme_os,within_cancer,230,655,141,0.6189010989010989,0.7309788949993881
extreme,ALL_core_extreme_os_death_lt3yr_survival_ge5yr_top75_no_cancer_feature,extreme_os,global,231,655,141,0.4945054945054945,0.6791407772092861
extreme,ALL_core_extreme_os_death_lt3yr_survival_ge5yr_top75_no_cancer_feature,extreme_os,within_cancer,231,655,141,0.6646153846153846,0.7540540495926702
extreme,ALL_core_extreme_os_death_lt3yr_survival_ge5yr_top75_no_cancer_feature,extreme_os,global,232,655,141,0.3969230769230769,0.6115474364888752
extreme,ALL_core_extreme_os_death_lt3yr_survival_ge5yr_top75_no_cancer_feature,extreme_os,within_cancer,232,655,141,0.5997802197802198,0.7034262740009497
extreme,ALL_core_extreme_os_death_lt3yr_survival_ge5yr_top75_no_cancer_feature,extreme_os,global,233,655,141,0.4534065934065934,0.6822368230954312
extreme,ALL_core_extreme_os_death_lt3yr_survival_ge5yr_top75_no_cancer_feature,extreme_os,within_cancer,233,655,141,0.6582417582417581,0.7465314783453878
extreme,ALL_core_extreme_os_death_lt3yr_survival_ge5yr_top75_no_cancer_feature,extreme_os,global,234,655,141,0.438021978021978,0.6596661573326517
extreme,ALL_core_extreme_os_death_lt3yr_survival_ge5yr_top75_no_cancer_feature,extreme_os,within_cancer,234,655,141,0.6859340659340659,0.7603802431380566
extreme,ALL_core_extreme_os_death_lt3yr_survival_ge5yr_top75_no_cancer_feature,extreme_os,global,235,655,141,0.4997802197802198,0.6874636470372375
extreme,ALL_core_extreme_os_death_lt3yr_survival_ge5yr_top75_no_cancer_feature,extreme_os,within_cancer,235,655,141,0.6793406593406592,0.7771302823664343
extreme,ALL_core_extreme_os_death_lt3yr_survival_ge5yr_top75_no_cancer_feature,extreme_os,global,236,655,141,0.5767032967032966,0.7208906350797157
extreme,ALL_core_extreme_os_death_lt3yr_survival_ge5yr_top75_no_cancer_feature,extreme_os,within_cancer,236,655,141,0.6485714285714286,0.7394929829018234
extreme,ALL_core_extreme_os_death_lt3yr_survival_ge5yr_top75_no_cancer_feature,extreme_os,global,237,655,141,0.3925274725274725,0.5912654372785624
extreme,ALL_core_extreme_os_death_lt3yr_survival_ge5yr_top75_no_cancer_feature,extreme_os,within_cancer,237,655,141,0.6894505494505494,0.7685345759920661
extreme,ALL_core_extreme_os_death_lt3yr_survival_ge5yr_top75_no_cancer_feature,extreme_os,global,238,655,141,0.5802197802197803,0.713738611122311
extreme,ALL_core_extreme_os_death_lt3yr_survival_ge5yr_top75_no_cancer_feature,extreme_os,within_cancer,238,655,141,0.6501098901098901,0.7318879084536298
extreme,ALL_core_extreme_os_death_lt3yr_survival_ge5yr_top75_no_cancer_feature,extreme_os,global,239,655,141,0.5408791208791209,0.7072419174377633
extreme,ALL_core_extreme_os_death_lt3yr_survival_ge5yr_top75_no_cancer_feature,extreme_os,within_cancer,239,655,141,0.6479120879120879,0.7412575554621894
extreme,ALL_core_extreme_os_death_lt3yr_survival_ge5yr_top75_no_cancer_feature,extreme_os,global,240,655,141,0.5479120879120879,0.698306111478773
extreme,ALL_core_extreme_os_death_lt3yr_survival_ge5yr_top75_no_cancer_feature,extreme_os,within_cancer,240,655,141,0.6742857142857143,0.7579744419550908
extreme,ALL_core_extreme_os_death_lt3yr_survival_ge5yr_top75_no_cancer_feature,extreme_os,global,241,655,141,0.4571428571428572,0.6466436686884689
extreme,ALL_core_extreme_os_death_lt3yr_survival_ge5yr_top75_no_cancer_feature,extreme_os,within_cancer,241,655,141,0.6608791208791208,0.7544600674431379
extreme,ALL_core_extreme_os_death_lt3yr_survival_ge5yr_top75_no_cancer_feature,extreme_os,global,242,655,141,0.4876923076923077,0.6696090677205071
extreme,ALL_core_extreme_os_death_lt3yr_survival_ge5yr_top75_no_cancer_feature,extreme_os,within_cancer,242,655,141,0.6637362637362637,0.7648850307707102
extreme,ALL_core_extreme_os_death_lt3yr_survival_ge5yr_top75_no_cancer_feature,extreme_os,global,243,655,141,0.449010989010989,0.6590664840689366
extreme,ALL_core_extreme_os_death_lt3yr_survival_ge5yr_top75_no_cancer_feature,extreme_os,within_cancer,243,655,141,0.6569230769230768,0.7541532712269514
extreme,ALL_core_extreme_os_death_lt3yr_survival_ge5yr_top75_no_cancer_feature,extreme_os,global,244,655,141,0.4687912087912088,0.6372710658410434
extreme,ALL_core_extreme_os_death_lt3yr_survival_ge5yr_top75_no_cancer_feature,extreme_os,within_cancer,244,655,141,0.6224175824175824,0.7337243718229105
extreme,ALL_core_extreme_os_death_lt3yr_survival_ge5yr_top75_no_cancer_feature,extreme_os,global,245,655,141,0.4852747252747252,0.6915440479576376
extreme,ALL_core_extreme_os_death_lt3yr_survival_ge5yr_top75_no_cancer_feature,extreme_os,within_cancer,245,655,141,0.6602197802197802,0.7744214758572414
extreme,ALL_core_extreme_os_death_lt3yr_survival_ge5yr_top75_no_cancer_feature,extreme_os,global,246,655,141,0.4123076923076923,0.6547374551832927
extreme,ALL_core_extreme_os_death_lt3yr_survival_ge5yr_top75_no_cancer_feature,extreme_os,within_cancer,246,655,141,0.7002197802197803,0.7734615819302456
extreme,ALL_core_extreme_os_death_lt3yr_survival_ge5yr_top75_no_cancer_feature,extreme_os,global,247,655,141,0.4747252747252747,0.6791708226517493
extreme,ALL_core_extreme_os_death_lt3yr_survival_ge5yr_top75_no_cancer_feature,extreme_os,within_cancer,247,655,141,0.6846153846153846,0.7707553827983045
extreme,ALL_core_extreme_os_death_lt3yr_survival_ge5yr_top75_no_cancer_feature,extreme_os,global,248,655,141,0.4769230769230769,0.7011382779165729
extreme,ALL_core_extreme_os_death_lt3yr_survival_ge5yr_top75_no_cancer_feature,extreme_os,within_cancer,248,655,141,0.7178021978021979,0.7910493081077866
extreme,ALL_core_extreme_os_death_lt3yr_survival_ge5yr_top75_no_cancer_feature,extreme_os,global,249,655,141,0.4017582417582417,0.6035022782431302
extreme,ALL_core_extreme_os_death_lt3yr_survival_ge5yr_top75_no_cancer_feature,extreme_os,within_cancer,249,655,141,0.661978021978022,0.7475121479220918
extreme,ALL_core_extreme_os_death_lt3yr_survival_ge5yr_top75_no_cancer_feature,extreme_os,global,250,655,141,0.4843956043956043,0.6796217037324312
extreme,ALL_core_extreme_os_death_lt3yr_survival_ge5yr_top75_no_cancer_feature,extreme_os,within_cancer,250,655,141,0.6668131868131868,0.7507367152145836
extreme,ALL_core_extreme_os_death_lt3yr_survival_ge5yr_top75_no_cancer_feature,extreme_os,global,251,655,141,0.6065934065934065,0.7381973880004189
extreme,ALL_core_extreme_os_death_lt3yr_survival_ge5yr_top75_no_cancer_feature,extreme_os,within_cancer,251,655,141,0.6248351648351649,0.7152827951854858
extreme,ALL_core_extreme_os_death_lt3yr_survival_ge5yr_top75_no_cancer_feature,extreme_os,global,252,655,141,0.549010989010989,0.7107856721189977
extreme,ALL_core_extreme_os_death_lt3yr_survival_ge5yr_top75_no_cancer_feature,extreme_os,within_cancer,252,655,141,0.6463736263736264,0.73493432765308
extreme,ALL_core_extreme_os_death_lt3yr_survival_ge5yr_top75_no_cancer_feature,extreme_os,global,253,655,141,0.5010989010989011,0.6844627298617274
extreme,ALL_core_extreme_os_death_lt3yr_survival_ge5yr_top75_no_cancer_feature,extreme_os,within_cancer,253,655,141,0.6175824175824176,0.6991075875658177
extreme,ALL_core_extreme_os_death_lt3yr_survival_ge5yr_top75_no_cancer_feature,extreme_os,global,254,655,141,0.4753846153846154,0.6677406316603766
extreme,ALL_core_extreme_os_death_lt3yr_survival_ge5yr_top75_no_cancer_feature,extreme_os,within_cancer,254,655,141,0.6648351648351649,0.7421105081987058
extreme,ALL_core_extreme_os_death_lt3yr_survival_ge5yr_top75_no_cancer_feature,extreme_os,global,255,655,141,0.5538461538461539,0.7446307594177491
extreme,ALL_core_extreme_os_death_lt3yr_survival_ge5yr_top75_no_cancer_feature,extreme_os,within_cancer,255,655,141,0.6435164835164836,0.7417496485745114
extreme,ALL_core_extreme_os_death_lt3yr_survival_ge5yr_top75_no_cancer_feature,extreme_os,global,256,655,141,0.5569230769230769,0.7248276550722962
extreme,ALL_core_extreme_os_death_lt3yr_survival_ge5yr_top75_no_cancer_feature,extreme_os,within_cancer,256,655,141,0.6138461538461538,0.7241204356224578
extreme,ALL_core_extreme_os_death_lt3yr_survival_ge5yr_top75_no_cancer_feature,extreme_os,global,257,655,141,0.3846153846153846,0.6223985105702208
extreme,ALL_core_extreme_os_death_lt3yr_survival_ge5yr_top75_no_cancer_feature,extreme_os,within_cancer,257,655,141,0.6481318681318682,0.7514848793605123
extreme,ALL_core_extreme_os_death_lt3yr_survival_ge5yr_top75_no_cancer_feature,extreme_os,global,258,655,141,0.4035164835164835,0.6254063262292963
extreme,ALL_core_extreme_os_death_lt3yr_survival_ge5yr_top75_no_cancer_feature,extreme_os,within_cancer,258,655,141,0.6615384615384615,0.7611479653914389
extreme,ALL_core_extreme_os_death_lt3yr_survival_ge5yr_top75_no_cancer_feature,extreme_os,global,259,655,141,0.4391208791208791,0.6447347946488524
extreme,ALL_core_extreme_os_death_lt3yr_survival_ge5yr_top75_no_cancer_feature,extreme_os,within_cancer,259,655,141,0.6903296703296704,0.7724757696455824
extreme,ALL_core_extreme_os_death_lt3yr_survival_ge5yr_top75_no_cancer_feature,extreme_os,global,260,655,141,0.5569230769230769,0.7101930203751234
extreme,ALL_core_extreme_os_death_lt3yr_survival_ge5yr_top75_no_cancer_feature,extreme_os,within_cancer,260,655,141,0.6468131868131868,0.7430193433527174
extreme,ALL_core_extreme_os_death_lt3yr_survival_ge5yr_top75_no_cancer_feature,extreme_os,global,261,655,141,0.5032967032967033,0.6857251146744359
extreme,ALL_core_extreme_os_death_lt3yr_survival_ge5yr_top75_no_cancer_feature,extreme_os,within_cancer,261,655,141,0.7083516483516483,0.7785596329815752
extreme,ALL_core_extreme_os_death_lt3yr_survival_ge5yr_top75_no_cancer_feature,extreme_os,global,262,655,141,0.5305494505494506,0.7065980994093332
extreme,ALL_core_extreme_os_death_lt3yr_survival_ge5yr_top75_no_cancer_feature,extreme_os,within_cancer,262,655,141,0.6723076923076923,0.7581199475540117
extreme,ALL_core_extreme_os_death_lt3yr_survival_ge5yr_top75_no_cancer_feature,extreme_os,global,263,655,141,0.5839560439560441,0.7549337445814681
extreme,ALL_core_extreme_os_death_lt3yr_survival_ge5yr_top75_no_cancer_feature,extreme_os,within_cancer,263,655,141,0.6472527472527473,0.7514999524941484
extreme,ALL_core_extreme_os_death_lt3yr_survival_ge5yr_top75_no_cancer_feature,extreme_os,global,264,655,141,0.4153846153846154,0.6365650353468633
extreme,ALL_core_extreme_os_death_lt3yr_survival_ge5yr_top75_no_cancer_feature,extreme_os,within_cancer,264,655,141,0.6261538461538462,0.7171875016186475
extreme,ALL_core_extreme_os_death_lt3yr_survival_ge5yr_top75_no_cancer_feature,extreme_os,global,265,655,141,0.4918681318681318,0.685150982636934
extreme,ALL_core_extreme_os_death_lt3yr_survival_ge5yr_top75_no_cancer_feature,extreme_os,within_cancer,265,655,141,0.680879120879121,0.7593073351100038
extreme,ALL_core_extreme_os_death_lt3yr_survival_ge5yr_top75_no_cancer_feature,extreme_os,global,266,655,141,0.4327472527472528,0.6341750518050112
extreme,ALL_core_extreme_os_death_lt3yr_survival_ge5yr_top75_no_cancer_feature,extreme_os,within_cancer,266,655,141,0.6872527472527473,0.767248109444641
extreme,ALL_core_extreme_os_death_lt3yr_survival_ge5yr_top75_no_cancer_feature,extreme_os,global,267,655,141,0.6432967032967033,0.7575895789953762
extreme,ALL_core_extreme_os_death_lt3yr_survival_ge5yr_top75_no_cancer_feature,extreme_os,within_cancer,267,655,141,0.7046153846153845,0.7819784602401971
extreme,ALL_core_extreme_os_death_lt3yr_survival_ge5yr_top75_no_cancer_feature,extreme_os,global,268,655,141,0.5061538461538462,0.6865423447824732
extreme,ALL_core_extreme_os_death_lt3yr_survival_ge5yr_top75_no_cancer_feature,extreme_os,within_cancer,268,655,141,0.6507692307692308,0.751305008733386
extreme,ALL_core_extreme_os_death_lt3yr_survival_ge5yr_top75_no_cancer_feature,extreme_os,global,269,655,141,0.4230769230769231,0.6411619255169341
extreme,ALL_core_extreme_os_death_lt3yr_survival_ge5yr_top75_no_cancer_feature,extreme_os,within_cancer,269,655,141,0.6914285714285714,0.7681381681587007
extreme,ALL_core_extreme_os_death_lt3yr_survival_ge5yr_top75_no_cancer_feature,extreme_os,global,270,655,141,0.3457142857142857,0.5965393086875752
extreme,ALL_core_extreme_os_death_lt3yr_survival_ge5yr_top75_no_cancer_feature,extreme_os,within_cancer,270,655,141,0.6257142857142858,0.7124798354240227
extreme,ALL_core_extreme_os_death_lt3yr_survival_ge5yr_top75_no_cancer_feature,extreme_os,global,271,655,141,0.5485714285714286,0.722061860098536
extreme,ALL_core_extreme_os_death_lt3yr_survival_ge5yr_top75_no_cancer_feature,extreme_os,within_cancer,271,655,141,0.6347252747252748,0.7263769890026144
extreme,ALL_core_extreme_os_death_lt3yr_survival_ge5yr_top75_no_cancer_feature,extreme_os,global,272,655,141,0.5804395604395605,0.7380120819307182
extreme,ALL_core_extreme_os_death_lt3yr_survival_ge5yr_top75_no_cancer_feature,extreme_os,within_cancer,272,655,141,0.6703296703296704,0.7453922368195866
extreme,ALL_core_extreme_os_death_lt3yr_survival_ge5yr_top75_no_cancer_feature,extreme_os,global,273,655,141,0.6118681318681318,0.7397419949780323
extreme,ALL_core_extreme_os_death_lt3yr_survival_ge5yr_top75_no_cancer_feature,extreme_os,within_cancer,273,655,141,0.6639560439560439,0.7474643727144423
extreme,ALL_core_extreme_os_death_lt3yr_survival_ge5yr_top75_no_cancer_feature,extreme_os,global,274,655,141,0.5947252747252748,0.7297606283119036
extreme,ALL_core_extreme_os_death_lt3yr_survival_ge5yr_top75_no_cancer_feature,extreme_os,within_cancer,274,655,141,0.6738461538461539,0.7565086276701558
extreme,ALL_core_extreme_os_death_lt3yr_survival_ge5yr_top75_no_cancer_feature,extreme_os,global,275,655,141,0.5364835164835166,0.6867575300254884
extreme,ALL_core_extreme_os_death_lt3yr_survival_ge5yr_top75_no_cancer_feature,extreme_os,within_cancer,275,655,141,0.7338461538461538,0.8248712605237688
extreme,ALL_core_extreme_os_death_lt3yr_survival_ge5yr_top75_no_cancer_feature,extreme_os,global,276,655,141,0.7156043956043956,0.8208857025546241
extreme,ALL_core_extreme_os_death_lt3yr_survival_ge5yr_top75_no_cancer_feature,extreme_os,within_cancer,276,655,141,0.6501098901098901,0.7377318346980961
extreme,ALL_core_extreme_os_death_lt3yr_survival_ge5yr_top75_no_cancer_feature,extreme_os,global,277,655,141,0.3738461538461538,0.5849884718653371
extreme,ALL_core_extreme_os_death_lt3yr_survival_ge5yr_top75_no_cancer_feature,extreme_os,within_cancer,277,655,141,0.6749450549450549,0.7632682514512473
extreme,ALL_core_extreme_os_death_lt3yr_survival_ge5yr_top75_no_cancer_feature,extreme_os,global,278,655,141,0.5661538461538462,0.7003859026385068
extreme,ALL_core_extreme_os_death_lt3yr_survival_ge5yr_top75_no_cancer_feature,extreme_os,within_cancer,278,655,141,0.7013186813186814,0.7674089694512898
extreme,ALL_core_extreme_os_death_lt3yr_survival_ge5yr_top75_no_cancer_feature,extreme_os,global,279,655,141,0.5542857142857143,0.7228658499902499
extreme,ALL_core_extreme_os_death_lt3yr_survival_ge5yr_top75_no_cancer_feature,extreme_os,within_cancer,279,655,141,0.6309890109890112,0.7316919128924062
extreme,ALL_core_extreme_os_death_lt3yr_survival_ge5yr_top75_no_cancer_feature,extreme_os,global,280,655,141,0.4459340659340659,0.688019987018432
extreme,ALL_core_extreme_os_death_lt3yr_survival_ge5yr_top75_no_cancer_feature,extreme_os,within_cancer,280,655,141,0.651868131868132,0.7417583863295647
extreme,ALL_core_extreme_os_death_lt3yr_survival_ge5yr_top75_no_cancer_feature,extreme_os,global,281,655,141,0.358021978021978,0.6258218540091562
extreme,ALL_core_extreme_os_death_lt3yr_survival_ge5yr_top75_no_cancer_feature,extreme_os,within_cancer,281,655,141,0.6562637362637362,0.7370113270458725
extreme,ALL_core_extreme_os_death_lt3yr_survival_ge5yr_top75_no_cancer_feature,extreme_os,global,282,655,141,0.3485714285714286,0.5794230608858778
extreme,ALL_core_extreme_os_death_lt3yr_survival_ge5yr_top75_no_cancer_feature,extreme_os,within_cancer,282,655,141,0.6832967032967034,0.778886393027866
extreme,ALL_core_extreme_os_death_lt3yr_survival_ge5yr_top75_no_cancer_feature,extreme_os,global,283,655,141,0.6085714285714285,0.7757993555997337
extreme,ALL_core_extreme_os_death_lt3yr_survival_ge5yr_top75_no_cancer_feature,extreme_os,within_cancer,283,655,141,0.669010989010989,0.7498803983013702
extreme,ALL_core_extreme_os_death_lt3yr_survival_ge5yr_top75_no_cancer_feature,extreme_os,global,284,655,141,0.5654945054945055,0.7116862779075452
extreme,ALL_core_extreme_os_death_lt3yr_survival_ge5yr_top75_no_cancer_feature,extreme_os,within_cancer,284,655,141,0.6868131868131868,0.7732236385684972
extreme,ALL_core_extreme_os_death_lt3yr_survival_ge5yr_top75_no_cancer_feature,extreme_os,global,285,655,141,0.6254945054945056,0.780493884141609
extreme,ALL_core_extreme_os_death_lt3yr_survival_ge5yr_top75_no_cancer_feature,extreme_os,within_cancer,285,655,141,0.6817582417582417,0.7616525538251551
extreme,ALL_core_extreme_os_death_lt3yr_survival_ge5yr_top75_no_cancer_feature,extreme_os,global,286,655,141,0.5608791208791208,0.7360959605692861
extreme,ALL_core_extreme_os_death_lt3yr_survival_ge5yr_top75_no_cancer_feature,extreme_os,within_cancer,286,655,141,0.6841758241758242,0.7636022792470505
extreme,ALL_core_extreme_os_death_lt3yr_survival_ge5yr_top75_no_cancer_feature,extreme_os,global,287,655,141,0.5283516483516484,0.7294603317338371
extreme,ALL_core_extreme_os_death_lt3yr_survival_ge5yr_top75_no_cancer_feature,extreme_os,within_cancer,287,655,141,0.6312087912087913,0.7214877101451584
extreme,ALL_core_extreme_os_death_lt3yr_survival_ge5yr_top75_no_cancer_feature,extreme_os,global,288,655,141,0.7208791208791209,0.8131469489598002
extreme,ALL_core_extreme_os_death_lt3yr_survival_ge5yr_top75_no_cancer_feature,extreme_os,within_cancer,288,655,141,0.6243956043956044,0.7170589401145993
extreme,ALL_core_extreme_os_death_lt3yr_survival_ge5yr_top75_no_cancer_feature,extreme_os,global,289,655,141,0.4448351648351649,0.6706535624228094
extreme,ALL_core_extreme_os_death_lt3yr_survival_ge5yr_top75_no_cancer_feature,extreme_os,within_cancer,289,655,141,0.5991208791208791,0.7018295816174258
extreme,ALL_core_extreme_os_death_lt3yr_survival_ge5yr_top75_no_cancer_feature,extreme_os,global,290,655,141,0.5261538461538461,0.6763093421390274
extreme,ALL_core_extreme_os_death_lt3yr_survival_ge5yr_top75_no_cancer_feature,extreme_os,within_cancer,290,655,141,0.6903296703296704,0.7638476032029633
extreme,ALL_core_extreme_os_death_lt3yr_survival_ge5yr_top75_no_cancer_feature,extreme_os,global,291,655,141,0.6149450549450549,0.7404448554168173
extreme,ALL_core_extreme_os_death_lt3yr_survival_ge5yr_top75_no_cancer_feature,extreme_os,within_cancer,291,655,141,0.6386813186813187,0.7074785708445622
extreme,ALL_core_extreme_os_death_lt3yr_survival_ge5yr_top75_no_cancer_feature,extreme_os,global,292,655,141,0.4046153846153846,0.6119587545595743
extreme,ALL_core_extreme_os_death_lt3yr_survival_ge5yr_top75_no_cancer_feature,extreme_os,within_cancer,292,655,141,0.6043956043956045,0.7058378292251087
extreme,ALL_core_extreme_os_death_lt3yr_survival_ge5yr_top75_no_cancer_feature,extreme_os,global,293,655,141,0.4186813186813187,0.6547983236805213
extreme,ALL_core_extreme_os_death_lt3yr_survival_ge5yr_top75_no_cancer_feature,extreme_os,within_cancer,293,655,141,0.6221978021978022,0.7113793560180404
extreme,ALL_core_extreme_os_death_lt3yr_survival_ge5yr_top75_no_cancer_feature,extreme_os,global,294,655,141,0.5134065934065934,0.6980822798288071
extreme,ALL_core_extreme_os_death_lt3yr_survival_ge5yr_top75_no_cancer_feature,extreme_os,within_cancer,294,655,141,0.6745054945054945,0.7547943224317761
extreme,ALL_core_extreme_os_death_lt3yr_survival_ge5yr_top75_no_cancer_feature,extreme_os,global,295,655,141,0.5795604395604396,0.7168228581111187
extreme,ALL_core_extreme_os_death_lt3yr_survival_ge5yr_top75_no_cancer_feature,extreme_os,within_cancer,295,655,141,0.6408791208791208,0.7100932245643878
extreme,ALL_core_extreme_os_death_lt3yr_survival_ge5yr_top75_no_cancer_feature,extreme_os,global,296,655,141,0.5145054945054945,0.6609416454545752
extreme,ALL_core_extreme_os_death_lt3yr_survival_ge5yr_top75_no_cancer_feature,extreme_os,within_cancer,296,655,141,0.6703296703296704,0.7648542265498619
extreme,ALL_core_extreme_os_death_lt3yr_survival_ge5yr_top75_no_cancer_feature,extreme_os,global,297,655,141,0.4641758241758242,0.6688686294551665
extreme,ALL_core_extreme_os_death_lt3yr_survival_ge5yr_top75_no_cancer_feature,extreme_os,within_cancer,297,655,141,0.7127472527472527,0.7833913560452315
extreme,ALL_core_extreme_os_death_lt3yr_survival_ge5yr_top75_no_cancer_feature,extreme_os,global,298,655,141,0.496043956043956,0.6788672997110181
extreme,ALL_core_extreme_os_death_lt3yr_survival_ge5yr_top75_no_cancer_feature,extreme_os,within_cancer,298,655,141,0.6404395604395603,0.7401057874282527
extreme,ALL_core_extreme_os_death_lt3yr_survival_ge5yr_top75_no_cancer_feature,extreme_os,global,299,655,141,0.447032967032967,0.6530195543980413
extreme,ALL_core_extreme_os_death_lt3yr_survival_ge5yr_top75_no_cancer_feature,extreme_os,within_cancer,299,655,141,0.6613186813186813,0.7495673260481837
extreme,ALL_core_extreme_os_death_lt3yr_survival_ge5yr_top75_no_cancer_feature,extreme_os,global,300,655,141,0.4186813186813186,0.6105593465473638
extreme,ALL_core_extreme_os_death_lt3yr_survival_ge5yr_top75_no_cancer_feature,extreme_os,within_cancer,300,655,141,0.7032967032967034,0.7857126611761853
extreme,ALL_core_extreme_os_death_lt3yr_survival_ge5yr_top75_no_cancer_feature,extreme_os,global,301,655,141,0.4918681318681319,0.7054224624371532
extreme,ALL_core_extreme_os_death_lt3yr_survival_ge5yr_top75_no_cancer_feature,extreme_os,within_cancer,301,655,141,0.7061538461538462,0.7883635710536674
extreme,ALL_core_extreme_os_death_lt3yr_survival_ge5yr_top75_no_cancer_feature,extreme_os,global,302,655,141,0.5248351648351648,0.74891253598766
extreme,ALL_core_extreme_os_death_lt3yr_survival_ge5yr_top75_no_cancer_feature,extreme_os,within_cancer,302,655,141,0.6648351648351649,0.7498071774469421
extreme,ALL_core_extreme_os_death_lt3yr_survival_ge5yr_top75_no_cancer_feature,extreme_os,global,303,655,141,0.5057142857142858,0.6902418849176002
extreme,ALL_core_extreme_os_death_lt3yr_survival_ge5yr_top75_no_cancer_feature,extreme_os,within_cancer,303,655,141,0.6334065934065933,0.729031037129743
extreme,ALL_core_extreme_os_death_lt3yr_survival_ge5yr_top75_no_cancer_feature,extreme_os,global,304,655,141,0.5927472527472528,0.7408806977657794
extreme,ALL_core_extreme_os_death_lt3yr_survival_ge5yr_top75_no_cancer_feature,extreme_os,within_cancer,304,655,141,0.6962637362637362,0.7729893524759968
extreme,ALL_core_extreme_os_death_lt3yr_survival_ge5yr_top75_no_cancer_feature,extreme_os,global,305,655,141,0.5048351648351648,0.712767104204146
extreme,ALL_core_extreme_os_death_lt3yr_survival_ge5yr_top75_no_cancer_feature,extreme_os,within_cancer,305,655,141,0.6824175824175824,0.7686170699493692
extreme,ALL_core_extreme_os_death_lt3yr_survival_ge5yr_top75_no_cancer_feature,extreme_os,global,306,655,141,0.6169230769230769,0.7496879016480222
extreme,ALL_core_extreme_os_death_lt3yr_survival_ge5yr_top75_no_cancer_feature,extreme_os,within_cancer,306,655,141,0.6452747252747252,0.7375182359830063
extreme,ALL_core_extreme_os_death_lt3yr_survival_ge5yr_top75_no_cancer_feature,extreme_os,global,307,655,141,0.4808791208791209,0.6825125638268472
extreme,ALL_core_extreme_os_death_lt3yr_survival_ge5yr_top75_no_cancer_feature,extreme_os,within_cancer,307,655,141,0.6567032967032967,0.772843691309483
extreme,ALL_core_extreme_os_death_lt3yr_survival_ge5yr_top75_no_cancer_feature,extreme_os,global,308,655,141,0.3683516483516484,0.632556221145473
extreme,ALL_core_extreme_os_death_lt3yr_survival_ge5yr_top75_no_cancer_feature,extreme_os,within_cancer,308,655,141,0.7079120879120878,0.7896923206176405
extreme,ALL_core_extreme_os_death_lt3yr_survival_ge5yr_top75_no_cancer_feature,extreme_os,global,309,655,141,0.4254945054945055,0.6709759371399087
extreme,ALL_core_extreme_os_death_lt3yr_survival_ge5yr_top75_no_cancer_feature,extreme_os,within_cancer,309,655,141,0.6243956043956044,0.7107984906328444
extreme,ALL_core_extreme_os_death_lt3yr_survival_ge5yr_top75_no_cancer_feature,extreme_os,global,310,655,141,0.6334065934065933,0.7441725560947231
extreme,ALL_core_extreme_os_death_lt3yr_survival_ge5yr_top75_no_cancer_feature,extreme_os,within_cancer,310,655,141,0.6389010989010988,0.7543819003613579
extreme,ALL_core_extreme_os_death_lt3yr_survival_ge5yr_top75_no_cancer_feature,extreme_os,global,311,655,141,0.4742857142857143,0.6740329117414224
extreme,ALL_core_extreme_os_death_lt3yr_survival_ge5yr_top75_no_cancer_feature,extreme_os,within_cancer,311,655,141,0.661978021978022,0.7658199075406878
extreme,ALL_core_extreme_os_death_lt3yr_survival_ge5yr_top75_no_cancer_feature,extreme_os,global,312,655,141,0.4659340659340659,0.6792814283050521
extreme,ALL_core_extreme_os_death_lt3yr_survival_ge5yr_top75_no_cancer_feature,extreme_os,within_cancer,312,655,141,0.6134065934065934,0.7121957446756462
extreme,ALL_core_extreme_os_death_lt3yr_survival_ge5yr_top75_no_cancer_feature,extreme_os,global,313,655,141,0.5307692307692308,0.7351290386331601
extreme,ALL_core_extreme_os_death_lt3yr_survival_ge5yr_top75_no_cancer_feature,extreme_os,within_cancer,313,655,141,0.6903296703296703,0.7736018507733621
extreme,ALL_core_extreme_os_death_lt3yr_survival_ge5yr_top75_no_cancer_feature,extreme_os,global,314,655,141,0.3848351648351649,0.6216920201059739
extreme,ALL_core_extreme_os_death_lt3yr_survival_ge5yr_top75_no_cancer_feature,extreme_os,within_cancer,314,655,141,0.68,0.7606423587265498
extreme,ALL_core_extreme_os_death_lt3yr_survival_ge5yr_top75_no_cancer_feature,extreme_os,global,315,655,141,0.5767032967032967,0.6932186482919647
extreme,ALL_core_extreme_os_death_lt3yr_survival_ge5yr_top75_no_cancer_feature,extreme_os,within_cancer,315,655,141,0.6134065934065934,0.7139900467783972
extreme,ALL_core_extreme_os_death_lt3yr_survival_ge5yr_top75_no_cancer_feature,extreme_os,global,316,655,141,0.5213186813186814,0.7091861908881432
extreme,ALL_core_extreme_os_death_lt3yr_survival_ge5yr_top75_no_cancer_feature,extreme_os,within_cancer,316,655,141,0.6571428571428571,0.7341488762624986
extreme,ALL_core_extreme_os_death_lt3yr_survival_ge5yr_top75_no_cancer_feature,extreme_os,global,317,655,141,0.4951648351648351,0.6855033354411207
extreme,ALL_core_extreme_os_death_lt3yr_survival_ge5yr_top75_no_cancer_feature,extreme_os,within_cancer,317,655,141,0.5995604395604395,0.7142976638375277
extreme,ALL_core_extreme_os_death_lt3yr_survival_ge5yr_top75_no_cancer_feature,extreme_os,global,318,655,141,0.569010989010989,0.7397771710510659
extreme,ALL_core_extreme_os_death_lt3yr_survival_ge5yr_top75_no_cancer_feature,extreme_os,within_cancer,318,655,141,0.6859340659340659,0.7630445433837554
extreme,ALL_core_extreme_os_death_lt3yr_survival_ge5yr_top75_no_cancer_feature,extreme_os,global,319,655,141,0.5268131868131868,0.7030905729897664
extreme,ALL_core_extreme_os_death_lt3yr_survival_ge5yr_top75_no_cancer_feature,extreme_os,within_cancer,319,655,141,0.6349450549450549,0.7523341820665093
extreme,ALL_core_extreme_os_death_lt3yr_survival_ge5yr_top75_no_cancer_feature,extreme_os,global,320,655,141,0.4832967032967033,0.6867109498686581
extreme,ALL_core_extreme_os_death_lt3yr_survival_ge5yr_top75_no_cancer_feature,extreme_os,within_cancer,320,655,141,0.6503296703296704,0.7290653965438871
extreme,ALL_core_extreme_os_death_lt3yr_survival_ge5yr_top75_no_cancer_feature,extreme_os,global,321,655,141,0.4821978021978022,0.6713905748836342
extreme,ALL_core_extreme_os_death_lt3yr_survival_ge5yr_top75_no_cancer_feature,extreme_os,within_cancer,321,655,141,0.7243956043956045,0.7911184215520641
extreme,ALL_core_extreme_os_death_lt3yr_survival_ge5yr_top75_no_cancer_feature,extreme_os,global,322,655,141,0.4573626373626374,0.6706052065184462
extreme,ALL_core_extreme_os_death_lt3yr_survival_ge5yr_top75_no_cancer_feature,extreme_os,within_cancer,322,655,141,0.6327472527472527,0.736137626596749
extreme,ALL_core_extreme_os_death_lt3yr_survival_ge5yr_top75_no_cancer_feature,extreme_os,global,323,655,141,0.5002197802197802,0.6961559824452974
extreme,ALL_core_extreme_os_death_lt3yr_survival_ge5yr_top75_no_cancer_feature,extreme_os,within_cancer,323,655,141,0.6136263736263737,0.7035595618719638
extreme,ALL_core_extreme_os_death_lt3yr_survival_ge5yr_top75_no_cancer_feature,extreme_os,global,324,655,141,0.5279120879120879,0.6977436765280179
extreme,ALL_core_extreme_os_death_lt3yr_survival_ge5yr_top75_no_cancer_feature,extreme_os,within_cancer,324,655,141,0.623956043956044,0.7266290239525443
extreme,ALL_core_extreme_os_death_lt3yr_survival_ge5yr_top75_no_cancer_feature,extreme_os,global,325,655,141,0.4843956043956043,0.6629384077570908
extreme,ALL_core_extreme_os_death_lt3yr_survival_ge5yr_top75_no_cancer_feature,extreme_os,within_cancer,325,655,141,0.6852747252747252,0.7640858481281898
extreme,ALL_core_extreme_os_death_lt3yr_survival_ge5yr_top75_no_cancer_feature,extreme_os,global,326,655,141,0.5892307692307692,0.7236011446031981
extreme,ALL_core_extreme_os_death_lt3yr_survival_ge5yr_top75_no_cancer_feature,extreme_os,within_cancer,326,655,141,0.6793406593406593,0.7672612500062068
extreme,ALL_core_extreme_os_death_lt3yr_survival_ge5yr_top75_no_cancer_feature,extreme_os,global,327,655,141,0.4619780219780219,0.6704712637108144
extreme,ALL_core_extreme_os_death_lt3yr_survival_ge5yr_top75_no_cancer_feature,extreme_os,within_cancer,327,655,141,0.6824175824175824,0.7703752755230845
extreme,ALL_core_extreme_os_death_lt3yr_survival_ge5yr_top75_no_cancer_feature,extreme_os,global,328,655,141,0.6516483516483516,0.77433471737934
extreme,ALL_core_extreme_os_death_lt3yr_survival_ge5yr_top75_no_cancer_feature,extreme_os,within_cancer,328,655,141,0.6503296703296704,0.7351335684484928
extreme,ALL_core_extreme_os_death_lt3yr_survival_ge5yr_top75_no_cancer_feature,extreme_os,global,329,655,141,0.5971428571428572,0.7664624053354725
extreme,ALL_core_extreme_os_death_lt3yr_survival_ge5yr_top75_no_cancer_feature,extreme_os,within_cancer,329,655,141,0.625934065934066,0.7179976913692545
extreme,ALL_core_extreme_os_death_lt3yr_survival_ge5yr_top75_no_cancer_feature,extreme_os,global,330,655,141,0.3960439560439561,0.6158677006651258
extreme,ALL_core_extreme_os_death_lt3yr_survival_ge5yr_top75_no_cancer_feature,extreme_os,within_cancer,330,655,141,0.6984615384615386,0.7719326218082139
extreme,ALL_core_extreme_os_death_lt3yr_survival_ge5yr_top75_no_cancer_feature,extreme_os,global,331,655,141,0.5059340659340659,0.7049038291314582
extreme,ALL_core_extreme_os_death_lt3yr_survival_ge5yr_top75_no_cancer_feature,extreme_os,within_cancer,331,655,141,0.6323076923076922,0.7128333632658306
extreme,ALL_core_extreme_os_death_lt3yr_survival_ge5yr_top75_no_cancer_feature,extreme_os,global,332,655,141,0.4958241758241758,0.6867611773953617
extreme,ALL_core_extreme_os_death_lt3yr_survival_ge5yr_top75_no_cancer_feature,extreme_os,within_cancer,332,655,141,0.6582417582417582,0.7345125478571513
extreme,ALL_core_extreme_os_death_lt3yr_survival_ge5yr_top75_no_cancer_feature,extreme_os,global,333,655,141,0.3953846153846154,0.6217548130595547
extreme,ALL_core_extreme_os_death_lt3yr_survival_ge5yr_top75_no_cancer_feature,extreme_os,within_cancer,333,655,141,0.6626373626373626,0.7604907597527512
extreme,ALL_core_extreme_os_death_lt3yr_survival_ge5yr_top75_no_cancer_feature,extreme_os,global,334,655,141,0.5035164835164835,0.7052462384444997
extreme,ALL_core_extreme_os_death_lt3yr_survival_ge5yr_top75_no_cancer_feature,extreme_os,within_cancer,334,655,141,0.6872527472527472,0.7692617298811831
extreme,ALL_core_extreme_os_death_lt3yr_survival_ge5yr_top75_no_cancer_feature,extreme_os,global,335,655,141,0.4316483516483516,0.6430394471536319
extreme,ALL_core_extreme_os_death_lt3yr_survival_ge5yr_top75_no_cancer_feature,extreme_os,within_cancer,335,655,141,0.665054945054945,0.7461646973865077
extreme,ALL_core_extreme_os_death_lt3yr_survival_ge5yr_top75_no_cancer_feature,extreme_os,global,336,655,141,0.6,0.7090480902035234
extreme,ALL_core_extreme_os_death_lt3yr_survival_ge5yr_top75_no_cancer_feature,extreme_os,within_cancer,336,655,141,0.6887912087912088,0.776931913486244
extreme,ALL_core_extreme_os_death_lt3yr_survival_ge5yr_top75_no_cancer_feature,extreme_os,global,337,655,141,0.5081318681318682,0.694922695050881
extreme,ALL_core_extreme_os_death_lt3yr_survival_ge5yr_top75_no_cancer_feature,extreme_os,within_cancer,337,655,141,0.6448351648351649,0.7176383701868718
extreme,ALL_core_extreme_os_death_lt3yr_survival_ge5yr_top75_no_cancer_feature,extreme_os,global,338,655,141,0.5476923076923077,0.731103208705306
extreme,ALL_core_extreme_os_death_lt3yr_survival_ge5yr_top75_no_cancer_feature,extreme_os,within_cancer,338,655,141,0.6870329670329669,0.7559918743258082
extreme,ALL_core_extreme_os_death_lt3yr_survival_ge5yr_top75_no_cancer_feature,extreme_os,global,339,655,141,0.610989010989011,0.7549507658647407
extreme,ALL_core_extreme_os_death_lt3yr_survival_ge5yr_top75_no_cancer_feature,extreme_os,within_cancer,339,655,141,0.654945054945055,0.7482838741546582
extreme,ALL_core_extreme_os_death_lt3yr_survival_ge5yr_top75_no_cancer_feature,extreme_os,global,340,655,141,0.6413186813186813,0.7679378573074042
extreme,ALL_core_extreme_os_death_lt3yr_survival_ge5yr_top75_no_cancer_feature,extreme_os,within_cancer,340,655,141,0.6591208791208791,0.7390600441828528
extreme,ALL_core_extreme_os_death_lt3yr_survival_ge5yr_top75_no_cancer_feature,extreme_os,global,341,655,141,0.6123076923076922,0.7496414256732119
extreme,ALL_core_extreme_os_death_lt3yr_survival_ge5yr_top75_no_cancer_feature,extreme_os,within_cancer,341,655,141,0.6632967032967033,0.753655864723407
extreme,ALL_core_extreme_os_death_lt3yr_survival_ge5yr_top75_no_cancer_feature,extreme_os,global,342,655,141,0.4476923076923077,0.6650423007988544
extreme,ALL_core_extreme_os_death_lt3yr_survival_ge5yr_top75_no_cancer_feature,extreme_os,within_cancer,342,655,141,0.6474725274725275,0.7418779228248586
extreme,ALL_core_extreme_os_death_lt3yr_survival_ge5yr_top75_no_cancer_feature,extreme_os,global,343,655,141,0.5978021978021979,0.7472758514290623
extreme,ALL_core_extreme_os_death_lt3yr_survival_ge5yr_top75_no_cancer_feature,extreme_os,within_cancer,343,655,141,0.6386813186813187,0.7548502187351529
extreme,ALL_core_extreme_os_death_lt3yr_survival_ge5yr_top75_no_cancer_feature,extreme_os,global,344,655,141,0.5215384615384615,0.6895523083753117
extreme,ALL_core_extreme_os_death_lt3yr_survival_ge5yr_top75_no_cancer_feature,extreme_os,within_cancer,344,655,141,0.6764835164835166,0.7601447052234505
extreme,ALL_core_extreme_os_death_lt3yr_survival_ge5yr_top75_no_cancer_feature,extreme_os,global,345,655,141,0.343076923076923,0.6195806513228199
extreme,ALL_core_extreme_os_death_lt3yr_survival_ge5yr_top75_no_cancer_feature,extreme_os,within_cancer,345,655,141,0.6753846153846155,0.7586957315603483
extreme,ALL_core_extreme_os_death_lt3yr_survival_ge5yr_top75_no_cancer_feature,extreme_os,global,346,655,141,0.5540659340659341,0.722452740087929
extreme,ALL_core_extreme_os_death_lt3yr_survival_ge5yr_top75_no_cancer_feature,extreme_os,within_cancer,346,655,141,0.6696703296703296,0.7420471768537212
extreme,ALL_core_extreme_os_death_lt3yr_survival_ge5yr_top75_no_cancer_feature,extreme_os,global,347,655,141,0.5098901098901099,0.7003304297411659
extreme,ALL_core_extreme_os_death_lt3yr_survival_ge5yr_top75_no_cancer_feature,extreme_os,within_cancer,347,655,141,0.6382417582417583,0.7224707007333246
extreme,ALL_core_extreme_os_death_lt3yr_survival_ge5yr_top75_no_cancer_feature,extreme_os,global,348,655,141,0.4672527472527473,0.6816591076876312
extreme,ALL_core_extreme_os_death_lt3yr_survival_ge5yr_top75_no_cancer_feature,extreme_os,within_cancer,348,655,141,0.7046153846153846,0.7706445798584717
extreme,ALL_core_extreme_os_death_lt3yr_survival_ge5yr_top75_no_cancer_feature,extreme_os,global,349,655,141,0.4945054945054945,0.7025664017050395
extreme,ALL_core_extreme_os_death_lt3yr_survival_ge5yr_top75_no_cancer_feature,extreme_os,within_cancer,349,655,141,0.6621978021978021,0.7576696429009417
extreme,ALL_core_extreme_os_death_lt3yr_survival_ge5yr_top75_no_cancer_feature,extreme_os,global,350,655,141,0.5151648351648351,0.6999015504158841
extreme,ALL_core_extreme_os_death_lt3yr_survival_ge5yr_top75_no_cancer_feature,extreme_os,within_cancer,350,655,141,0.6512087912087912,0.7519154160203694
extreme,ALL_core_extreme_os_death_lt3yr_survival_ge5yr_top75_no_cancer_feature,extreme_os,global,351,655,141,0.5178021978021978,0.7090342300750213
extreme,ALL_core_extreme_os_death_lt3yr_survival_ge5yr_top75_no_cancer_feature,extreme_os,within_cancer,351,655,141,0.6659340659340659,0.7676838342787211
extreme,ALL_core_extreme_os_death_lt3yr_survival_ge5yr_top75_no_cancer_feature,extreme_os,global,352,655,141,0.5885714285714285,0.7403416495459941
extreme,ALL_core_extreme_os_death_lt3yr_survival_ge5yr_top75_no_cancer_feature,extreme_os,within_cancer,352,655,141,0.6727472527472528,0.759081538091804
extreme,ALL_core_extreme_os_death_lt3yr_survival_ge5yr_top75_no_cancer_feature,extreme_os,global,353,655,141,0.5138461538461538,0.6962881208784266
extreme,ALL_core_extreme_os_death_lt3yr_survival_ge5yr_top75_no_cancer_feature,extreme_os,within_cancer,353,655,141,0.6747252747252748,0.7547432838261496
extreme,ALL_core_extreme_os_death_lt3yr_survival_ge5yr_top75_no_cancer_feature,extreme_os,global,354,655,141,0.4863736263736263,0.6606018966103531
extreme,ALL_core_extreme_os_death_lt3yr_survival_ge5yr_top75_no_cancer_feature,extreme_os,within_cancer,354,655,141,0.6742857142857144,0.7665903723391179
extreme,ALL_core_extreme_os_death_lt3yr_survival_ge5yr_top75_no_cancer_feature,extreme_os,global,355,655,141,0.4226373626373626,0.6507220316430635
extreme,ALL_core_extreme_os_death_lt3yr_survival_ge5yr_top75_no_cancer_feature,extreme_os,within_cancer,355,655,141,0.6413186813186813,0.7576941552460038
extreme,ALL_core_extreme_os_death_lt3yr_survival_ge5yr_top75_no_cancer_feature,extreme_os,global,356,655,141,0.6105494505494506,0.7387263035508115
extreme,ALL_core_extreme_os_death_lt3yr_survival_ge5yr_top75_no_cancer_feature,extreme_os,within_cancer,356,655,141,0.6945054945054946,0.7689443989157893
extreme,ALL_core_extreme_os_death_lt3yr_survival_ge5yr_top75_no_cancer_feature,extreme_os,global,357,655,141,0.6296703296703297,0.739102578231716
extreme,ALL_core_extreme_os_death_lt3yr_survival_ge5yr_top75_no_cancer_feature,extreme_os,within_cancer,357,655,141,0.6043956043956044,0.6903524327945295
extreme,ALL_core_extreme_os_death_lt3yr_survival_ge5yr_top75_no_cancer_feature,extreme_os,global,358,655,141,0.4538461538461539,0.6482891549297354
extreme,ALL_core_extreme_os_death_lt3yr_survival_ge5yr_top75_no_cancer_feature,extreme_os,within_cancer,358,655,141,0.7081318681318681,0.7805783454823809
extreme,ALL_core_extreme_os_death_lt3yr_survival_ge5yr_top75_no_cancer_feature,extreme_os,global,359,655,141,0.6430769230769231,0.7697866977101431
extreme,ALL_core_extreme_os_death_lt3yr_survival_ge5yr_top75_no_cancer_feature,extreme_os,within_cancer,359,655,141,0.6507692307692309,0.7483676819439022
extreme,ALL_core_extreme_os_death_lt3yr_survival_ge5yr_top75_no_cancer_feature,extreme_os,global,360,655,141,0.505934065934066,0.6873983861962119
extreme,ALL_core_extreme_os_death_lt3yr_survival_ge5yr_top75_no_cancer_feature,extreme_os,within_cancer,360,655,141,0.6859340659340659,0.764926144109684
extreme,ALL_core_extreme_os_death_lt3yr_survival_ge5yr_top75_no_cancer_feature,extreme_os,global,361,655,141,0.481978021978022,0.6898428305163811
extreme,ALL_core_extreme_os_death_lt3yr_survival_ge5yr_top75_no_cancer_feature,extreme_os,within_cancer,361,655,141,0.6505494505494506,0.746999324834642
extreme,ALL_core_extreme_os_death_lt3yr_survival_ge5yr_top75_no_cancer_feature,extreme_os,global,362,655,141,0.5083516483516484,0.6854655796999408
extreme,ALL_core_extreme_os_death_lt3yr_survival_ge5yr_top75_no_cancer_feature,extreme_os,within_cancer,362,655,141,0.6325274725274725,0.7303034293563649
extreme,ALL_core_extreme_os_death_lt3yr_survival_ge5yr_top75_no_cancer_feature,extreme_os,global,363,655,141,0.5668131868131869,0.7615487393062436
extreme,ALL_core_extreme_os_death_lt3yr_survival_ge5yr_top75_no_cancer_feature,extreme_os,within_cancer,363,655,141,0.6342857142857142,0.7208663025171506
extreme,ALL_core_extreme_os_death_lt3yr_survival_ge5yr_top75_no_cancer_feature,extreme_os,global,364,655,141,0.5178021978021978,0.705911994511982
extreme,ALL_core_extreme_os_death_lt3yr_survival_ge5yr_top75_no_cancer_feature,extreme_os,within_cancer,364,655,141,0.6602197802197801,0.7412407721075673
extreme,ALL_core_extreme_os_death_lt3yr_survival_ge5yr_top75_no_cancer_feature,extreme_os,global,365,655,141,0.4542857142857143,0.6659753304607291
extreme,ALL_core_extreme_os_death_lt3yr_survival_ge5yr_top75_no_cancer_feature,extreme_os,within_cancer,365,655,141,0.6030769230769232,0.7118459177050087
extreme,ALL_core_extreme_os_death_lt3yr_survival_ge5yr_top75_no_cancer_feature,extreme_os,global,366,655,141,0.5931868131868132,0.7583799019315542
extreme,ALL_core_extreme_os_death_lt3yr_survival_ge5yr_top75_no_cancer_feature,extreme_os,within_cancer,366,655,141,0.6074725274725276,0.7143579401746932
extreme,ALL_core_extreme_os_death_lt3yr_survival_ge5yr_top75_no_cancer_feature,extreme_os,global,367,655,141,0.5681318681318681,0.7135491725638736
extreme,ALL_core_extreme_os_death_lt3yr_survival_ge5yr_top75_no_cancer_feature,extreme_os,within_cancer,367,655,141,0.6584615384615384,0.7533081234310705
extreme,ALL_core_extreme_os_death_lt3yr_survival_ge5yr_top75_no_cancer_feature,extreme_os,global,368,655,141,0.550989010989011,0.7357363776560135
extreme,ALL_core_extreme_os_death_lt3yr_survival_ge5yr_top75_no_cancer_feature,extreme_os,within_cancer,368,655,141,0.6567032967032967,0.7366094942712071
extreme,ALL_core_extreme_os_death_lt3yr_survival_ge5yr_top75_no_cancer_feature,extreme_os,global,369,655,141,0.5498901098901099,0.7087520521480177
extreme,ALL_core_extreme_os_death_lt3yr_survival_ge5yr_top75_no_cancer_feature,extreme_os,within_cancer,369,655,141,0.6615384615384615,0.7594758102504796
extreme,ALL_core_extreme_os_death_lt3yr_survival_ge5yr_top75_no_cancer_feature,extreme_os,global,370,655,141,0.4971428571428572,0.6820410926145921
extreme,ALL_core_extreme_os_death_lt3yr_survival_ge5yr_top75_no_cancer_feature,extreme_os,within_cancer,370,655,141,0.667032967032967,0.7601976567255344
extreme,ALL_core_extreme_os_death_lt3yr_survival_ge5yr_top75_no_cancer_feature,extreme_os,global,371,655,141,0.5701098901098901,0.7054564059071979
extreme,ALL_core_extreme_os_death_lt3yr_survival_ge5yr_top75_no_cancer_feature,extreme_os,within_cancer,371,655,141,0.6808791208791208,0.7740750176121685
extreme,ALL_core_extreme_os_death_lt3yr_survival_ge5yr_top75_no_cancer_feature,extreme_os,global,372,655,141,0.4534065934065934,0.6606219472029152
extreme,ALL_core_extreme_os_death_lt3yr_survival_ge5yr_top75_no_cancer_feature,extreme_os,within_cancer,372,655,141,0.6881318681318681,0.779300406726868
extreme,ALL_core_extreme_os_death_lt3yr_survival_ge5yr_top75_no_cancer_feature,extreme_os,global,373,655,141,0.5685714285714286,0.7059206568741426
extreme,ALL_core_extreme_os_death_lt3yr_survival_ge5yr_top75_no_cancer_feature,extreme_os,within_cancer,373,655,141,0.710989010989011,0.8024342469155097
extreme,ALL_core_extreme_os_death_lt3yr_survival_ge5yr_top75_no_cancer_feature,extreme_os,global,374,655,141,0.5393406593406593,0.7137780728865462
extreme,ALL_core_extreme_os_death_lt3yr_survival_ge5yr_top75_no_cancer_feature,extreme_os,within_cancer,374,655,141,0.6729670329670329,0.759884292910652
extreme,ALL_core_extreme_os_death_lt3yr_survival_ge5yr_top75_no_cancer_feature,extreme_os,global,375,655,141,0.5450549450549451,0.7169360078691442
extreme,ALL_core_extreme_os_death_lt3yr_survival_ge5yr_top75_no_cancer_feature,extreme_os,within_cancer,375,655,141,0.714945054945055,0.783745009870374
extreme,ALL_core_extreme_os_death_lt3yr_survival_ge5yr_top75_no_cancer_feature,extreme_os,global,376,655,141,0.452087912087912,0.6663791931229679
extreme,ALL_core_extreme_os_death_lt3yr_survival_ge5yr_top75_no_cancer_feature,extreme_os,within_cancer,376,655,141,0.6841758241758242,0.7698617979082942
extreme,ALL_core_extreme_os_death_lt3yr_survival_ge5yr_top75_no_cancer_feature,extreme_os,global,377,655,141,0.4804395604395604,0.7040416239321725
extreme,ALL_core_extreme_os_death_lt3yr_survival_ge5yr_top75_no_cancer_feature,extreme_os,within_cancer,377,655,141,0.6523076923076923,0.7451495970292364
extreme,ALL_core_extreme_os_death_lt3yr_survival_ge5yr_top75_no_cancer_feature,extreme_os,global,378,655,141,0.443956043956044,0.679377647349678
extreme,ALL_core_extreme_os_death_lt3yr_survival_ge5yr_top75_no_cancer_feature,extreme_os,within_cancer,378,655,141,0.655824175824176,0.7467180293286748
extreme,ALL_core_extreme_os_death_lt3yr_survival_ge5yr_top75_no_cancer_feature,extreme_os,global,379,655,141,0.4312087912087912,0.6708761598776452
extreme,ALL_core_extreme_os_death_lt3yr_survival_ge5yr_top75_no_cancer_feature,extreme_os,within_cancer,379,655,141,0.6685714285714286,0.7383052201847811
extreme,ALL_core_extreme_os_death_lt3yr_survival_ge5yr_top75_no_cancer_feature,extreme_os,global,380,655,141,0.4817582417582418,0.6991808416691756
extreme,ALL_core_extreme_os_death_lt3yr_survival_ge5yr_top75_no_cancer_feature,extreme_os,within_cancer,380,655,141,0.6593406593406593,0.7477561856249682
extreme,ALL_core_extreme_os_death_lt3yr_survival_ge5yr_top75_no_cancer_feature,extreme_os,global,381,655,141,0.5703296703296703,0.7235403967839757
extreme,ALL_core_extreme_os_death_lt3yr_survival_ge5yr_top75_no_cancer_feature,extreme_os,within_cancer,381,655,141,0.6353846153846154,0.7135122756452197
extreme,ALL_core_extreme_os_death_lt3yr_survival_ge5yr_top75_no_cancer_feature,extreme_os,global,382,655,141,0.3265934065934066,0.5851043345131007
extreme,ALL_core_extreme_os_death_lt3yr_survival_ge5yr_top75_no_cancer_feature,extreme_os,within_cancer,382,655,141,0.6492307692307693,0.7339538694879768
extreme,ALL_core_extreme_os_death_lt3yr_survival_ge5yr_top75_no_cancer_feature,extreme_os,global,383,655,141,0.4252747252747252,0.6501888200668845
extreme,ALL_core_extreme_os_death_lt3yr_survival_ge5yr_top75_no_cancer_feature,extreme_os,within_cancer,383,655,141,0.6410989010989011,0.732880640715376
extreme,ALL_core_extreme_os_death_lt3yr_survival_ge5yr_top75_no_cancer_feature,extreme_os,global,384,655,141,0.4986813186813187,0.6896122503405885
extreme,ALL_core_extreme_os_death_lt3yr_survival_ge5yr_top75_no_cancer_feature,extreme_os,within_cancer,384,655,141,0.6951648351648352,0.785697484170852
extreme,ALL_core_extreme_os_death_lt3yr_survival_ge5yr_top75_no_cancer_feature,extreme_os,global,385,655,141,0.4872527472527473,0.6923702944602191
extreme,ALL_core_extreme_os_death_lt3yr_survival_ge5yr_top75_no_cancer_feature,extreme_os,within_cancer,385,655,141,0.711868131868132,0.8025953330828077
extreme,ALL_core_extreme_os_death_lt3yr_survival_ge5yr_top75_no_cancer_feature,extreme_os,global,386,655,141,0.5446153846153846,0.7158724338616018
extreme,ALL_core_extreme_os_death_lt3yr_survival_ge5yr_top75_no_cancer_feature,extreme_os,within_cancer,386,655,141,0.7002197802197803,0.7722608182716558
extreme,ALL_core_extreme_os_death_lt3yr_survival_ge5yr_top75_no_cancer_feature,extreme_os,global,387,655,141,0.5835164835164834,0.7067923401959246
extreme,ALL_core_extreme_os_death_lt3yr_survival_ge5yr_top75_no_cancer_feature,extreme_os,within_cancer,387,655,141,0.6228571428571429,0.7189497617289432
extreme,ALL_core_extreme_os_death_lt3yr_survival_ge5yr_top75_no_cancer_feature,extreme_os,global,388,655,141,0.6224175824175824,0.7360185615137191
extreme,ALL_core_extreme_os_death_lt3yr_survival_ge5yr_top75_no_cancer_feature,extreme_os,within_cancer,388,655,141,0.6632967032967034,0.7521046729053358
extreme,ALL_core_extreme_os_death_lt3yr_survival_ge5yr_top75_no_cancer_feature,extreme_os,global,389,655,141,0.4736263736263736,0.6881966355100901
extreme,ALL_core_extreme_os_death_lt3yr_survival_ge5yr_top75_no_cancer_feature,extreme_os,within_cancer,389,655,141,0.5936263736263737,0.6999967270065346
extreme,ALL_core_extreme_os_death_lt3yr_survival_ge5yr_top75_no_cancer_feature,extreme_os,global,390,655,141,0.5085714285714286,0.688095821544616
extreme,ALL_core_extreme_os_death_lt3yr_survival_ge5yr_top75_no_cancer_feature,extreme_os,within_cancer,390,655,141,0.6824175824175824,0.7635865283734735
extreme,ALL_core_extreme_os_death_lt3yr_survival_ge5yr_top75_no_cancer_feature,extreme_os,global,391,655,141,0.5323076923076924,0.7363854437925227
extreme,ALL_core_extreme_os_death_lt3yr_survival_ge5yr_top75_no_cancer_feature,extreme_os,within_cancer,391,655,141,0.6872527472527472,0.7479042503075166
extreme,ALL_core_extreme_os_death_lt3yr_survival_ge5yr_top75_no_cancer_feature,extreme_os,global,392,655,141,0.5142857142857142,0.7021783669262227
extreme,ALL_core_extreme_os_death_lt3yr_survival_ge5yr_top75_no_cancer_feature,extreme_os,within_cancer,392,655,141,0.6290109890109888,0.7151579728097084
extreme,ALL_core_extreme_os_death_lt3yr_survival_ge5yr_top75_no_cancer_feature,extreme_os,global,393,655,141,0.538021978021978,0.675225201990685
extreme,ALL_core_extreme_os_death_lt3yr_survival_ge5yr_top75_no_cancer_feature,extreme_os,within_cancer,393,655,141,0.6839560439560439,0.7602749874278149
extreme,ALL_core_extreme_os_death_lt3yr_survival_ge5yr_top75_no_cancer_feature,extreme_os,global,394,655,141,0.4241758241758243,0.63979758888859
extreme,ALL_core_extreme_os_death_lt3yr_survival_ge5yr_top75_no_cancer_feature,extreme_os,within_cancer,394,655,141,0.6428571428571428,0.7359086958320965
extreme,ALL_core_extreme_os_death_lt3yr_survival_ge5yr_top75_no_cancer_feature,extreme_os,global,395,655,141,0.5215384615384616,0.704299342904595
extreme,ALL_core_extreme_os_death_lt3yr_survival_ge5yr_top75_no_cancer_feature,extreme_os,within_cancer,395,655,141,0.6204395604395605,0.7303747199853345
extreme,ALL_core_extreme_os_death_lt3yr_survival_ge5yr_top75_no_cancer_feature,extreme_os,global,396,655,141,0.5534065934065935,0.7134316695193443
extreme,ALL_core_extreme_os_death_lt3yr_survival_ge5yr_top75_no_cancer_feature,extreme_os,within_cancer,396,655,141,0.7054945054945054,0.7747147302441301
extreme,ALL_core_extreme_os_death_lt3yr_survival_ge5yr_top75_no_cancer_feature,extreme_os,global,397,655,141,0.571868131868132,0.7330752237326317
extreme,ALL_core_extreme_os_death_lt3yr_survival_ge5yr_top75_no_cancer_feature,extreme_os,within_cancer,397,655,141,0.6793406593406593,0.77344611737534
extreme,ALL_core_extreme_os_death_lt3yr_survival_ge5yr_top75_no_cancer_feature,extreme_os,global,398,655,141,0.4340659340659341,0.6388993034512824
extreme,ALL_core_extreme_os_death_lt3yr_survival_ge5yr_top75_no_cancer_feature,extreme_os,within_cancer,398,655,141,0.689010989010989,0.76578985784753
extreme,ALL_core_extreme_os_death_lt3yr_survival_ge5yr_top75_no_cancer_feature,extreme_os,global,399,655,141,0.4068131868131868,0.6430408576247049
extreme,ALL_core_extreme_os_death_lt3yr_survival_ge5yr_top75_no_cancer_feature,extreme_os,within_cancer,399,655,141,0.6670329670329671,0.7572696519709666
extreme,ALL_core_extreme_os_death_lt3yr_survival_ge5yr_top75_no_cancer_feature,extreme_os,global,400,655,141,0.6672527472527473,0.795582808183811
extreme,ALL_core_extreme_os_death_lt3yr_survival_ge5yr_top75_no_cancer_feature,extreme_os,within_cancer,400,655,141,0.6626373626373626,0.7298953277856177
extreme,ALL_core_extreme_os_death_lt3yr_survival_ge5yr_top75_no_cancer_feature,extreme_os,global,401,655,141,0.4226373626373627,0.6363027556514664
extreme,ALL_core_extreme_os_death_lt3yr_survival_ge5yr_top75_no_cancer_feature,extreme_os,within_cancer,401,655,141,0.625934065934066,0.7257972805188027
extreme,ALL_core_extreme_os_death_lt3yr_survival_ge5yr_top75_no_cancer_feature,extreme_os,global,402,655,141,0.5292307692307692,0.6902575312363501
extreme,ALL_core_extreme_os_death_lt3yr_survival_ge5yr_top75_no_cancer_feature,extreme_os,within_cancer,402,655,141,0.6402197802197802,0.7281978711426622
extreme,ALL_core_extreme_os_death_lt3yr_survival_ge5yr_top75_no_cancer_feature,extreme_os,global,403,655,141,0.62,0.7284609095594496
extreme,ALL_core_extreme_os_death_lt3yr_survival_ge5yr_top75_no_cancer_feature,extreme_os,within_cancer,403,655,141,0.6498901098901099,0.7413703526214794
extreme,ALL_core_extreme_os_death_lt3yr_survival_ge5yr_top75_no_cancer_feature,extreme_os,global,404,655,141,0.5162637362637362,0.6670183527710436
extreme,ALL_core_extreme_os_death_lt3yr_survival_ge5yr_top75_no_cancer_feature,extreme_os,within_cancer,404,655,141,0.6940659340659341,0.7676731743189821
extreme,ALL_core_extreme_os_death_lt3yr_survival_ge5yr_top75_no_cancer_feature,extreme_os,global,405,655,141,0.6142857142857143,0.7609098094929403
extreme,ALL_core_extreme_os_death_lt3yr_survival_ge5yr_top75_no_cancer_feature,extreme_os,within_cancer,405,655,141,0.6668131868131868,0.7634094143289842
extreme,ALL_core_extreme_os_death_lt3yr_survival_ge5yr_top75_no_cancer_feature,extreme_os,global,406,655,141,0.4984615384615384,0.6975719495993542
extreme,ALL_core_extreme_os_death_lt3yr_survival_ge5yr_top75_no_cancer_feature,extreme_os,within_cancer,406,655,141,0.6474725274725275,0.7395289044734905
extreme,ALL_core_extreme_os_death_lt3yr_survival_ge5yr_top75_no_cancer_feature,extreme_os,global,407,655,141,0.6358241758241758,0.7823422054443125
extreme,ALL_core_extreme_os_death_lt3yr_survival_ge5yr_top75_no_cancer_feature,extreme_os,within_cancer,407,655,141,0.5861538461538461,0.6753358961476857
extreme,ALL_core_extreme_os_death_lt3yr_survival_ge5yr_top75_no_cancer_feature,extreme_os,global,408,655,141,0.5916483516483517,0.7433480517955181
extreme,ALL_core_extreme_os_death_lt3yr_survival_ge5yr_top75_no_cancer_feature,extreme_os,within_cancer,408,655,141,0.6942857142857144,0.7717860587154505
extreme,ALL_core_extreme_os_death_lt3yr_survival_ge5yr_top75_no_cancer_feature,extreme_os,global,409,655,141,0.4789010989010989,0.6839423709636496
extreme,ALL_core_extreme_os_death_lt3yr_survival_ge5yr_top75_no_cancer_feature,extreme_os,within_cancer,409,655,141,0.6837362637362638,0.7649563556281529
extreme,ALL_core_extreme_os_death_lt3yr_survival_ge5yr_top75_no_cancer_feature,extreme_os,global,410,655,141,0.4261538461538461,0.6584740691961589
extreme,ALL_core_extreme_os_death_lt3yr_survival_ge5yr_top75_no_cancer_feature,extreme_os,within_cancer,410,655,141,0.6485714285714285,0.7356767644992337
extreme,ALL_core_extreme_os_death_lt3yr_survival_ge5yr_top75_no_cancer_feature,extreme_os,global,411,655,141,0.578021978021978,0.72902466696071
extreme,ALL_core_extreme_os_death_lt3yr_survival_ge5yr_top75_no_cancer_feature,extreme_os,within_cancer,411,655,141,0.6769230769230767,0.7717852175563893
extreme,ALL_core_extreme_os_death_lt3yr_survival_ge5yr_top75_no_cancer_feature,extreme_os,global,412,655,141,0.4945054945054945,0.6778955037931411
extreme,ALL_core_extreme_os_death_lt3yr_survival_ge5yr_top75_no_cancer_feature,extreme_os,within_cancer,412,655,141,0.632967032967033,0.7388735696970554
extreme,ALL_core_extreme_os_death_lt3yr_survival_ge5yr_top75_no_cancer_feature,extreme_os,global,413,655,141,0.5140659340659341,0.7038558737534376
extreme,ALL_core_extreme_os_death_lt3yr_survival_ge5yr_top75_no_cancer_feature,extreme_os,within_cancer,413,655,141,0.6947252747252748,0.7755156865631088
extreme,ALL_core_extreme_os_death_lt3yr_survival_ge5yr_top75_no_cancer_feature,extreme_os,global,414,655,141,0.6564835164835165,0.7641852113500884
extreme,ALL_core_extreme_os_death_lt3yr_survival_ge5yr_top75_no_cancer_feature,extreme_os,within_cancer,414,655,141,0.650989010989011,0.7292939494415756
extreme,ALL_core_extreme_os_death_lt3yr_survival_ge5yr_top75_no_cancer_feature,extreme_os,global,415,655,141,0.6345054945054945,0.789466091351877
extreme,ALL_core_extreme_os_death_lt3yr_survival_ge5yr_top75_no_cancer_feature,extreme_os,within_cancer,415,655,141,0.6501098901098901,0.7276999972642857
extreme,ALL_core_extreme_os_death_lt3yr_survival_ge5yr_top75_no_cancer_feature,extreme_os,global,416,655,141,0.5701098901098901,0.7135555278738754
extreme,ALL_core_extreme_os_death_lt3yr_survival_ge5yr_top75_no_cancer_feature,extreme_os,within_cancer,416,655,141,0.6329670329670329,0.722294920474941
extreme,ALL_core_extreme_os_death_lt3yr_survival_ge5yr_top75_no_cancer_feature,extreme_os,global,417,655,141,0.4151648351648351,0.6425380934771387
extreme,ALL_core_extreme_os_death_lt3yr_survival_ge5yr_top75_no_cancer_feature,extreme_os,within_cancer,417,655,141,0.7004395604395605,0.7747578639513959
extreme,ALL_core_extreme_os_death_lt3yr_survival_ge5yr_top75_no_cancer_feature,extreme_os,global,418,655,141,0.5015384615384615,0.6758789873498139
extreme,ALL_core_extreme_os_death_lt3yr_survival_ge5yr_top75_no_cancer_feature,extreme_os,within_cancer,418,655,141,0.7160439560439561,0.7837158852792974
extreme,ALL_core_extreme_os_death_lt3yr_survival_ge5yr_top75_no_cancer_feature,extreme_os,global,419,655,141,0.5096703296703298,0.7094416416557545
extreme,ALL_core_extreme_os_death_lt3yr_survival_ge5yr_top75_no_cancer_feature,extreme_os,within_cancer,419,655,141,0.6745054945054945,0.7662786112394586
extreme,ALL_core_extreme_os_death_lt3yr_survival_ge5yr_top75_no_cancer_feature,extreme_os,global,420,655,141,0.5008791208791209,0.6701213141948806
extreme,ALL_core_extreme_os_death_lt3yr_survival_ge5yr_top75_no_cancer_feature,extreme_os,within_cancer,420,655,141,0.6417582417582418,0.743258087662594
extreme,ALL_core_extreme_os_death_lt3yr_survival_ge5yr_top75_no_cancer_feature,extreme_os,global,421,655,141,0.5665934065934065,0.7163699915857149
extreme,ALL_core_extreme_os_death_lt3yr_survival_ge5yr_top75_no_cancer_feature,extreme_os,within_cancer,421,655,141,0.689010989010989,0.7639460105264082
extreme,ALL_core_extreme_os_death_lt3yr_survival_ge5yr_top75_no_cancer_feature,extreme_os,global,422,655,141,0.5593406593406594,0.7473910290580297
extreme,ALL_core_extreme_os_death_lt3yr_survival_ge5yr_top75_no_cancer_feature,extreme_os,within_cancer,422,655,141,0.6751648351648353,0.7754180372520683
extreme,ALL_core_extreme_os_death_lt3yr_survival_ge5yr_top75_no_cancer_feature,extreme_os,global,423,655,141,0.5151648351648352,0.703044123129269
extreme,ALL_core_extreme_os_death_lt3yr_survival_ge5yr_top75_no_cancer_feature,extreme_os,within_cancer,423,655,141,0.6367032967032967,0.7316084428831807
extreme,ALL_core_extreme_os_death_lt3yr_survival_ge5yr_top75_no_cancer_feature,extreme_os,global,424,655,141,0.5494505494505494,0.7113272862452528
extreme,ALL_core_extreme_os_death_lt3yr_survival_ge5yr_top75_no_cancer_feature,extreme_os,within_cancer,424,655,141,0.6674725274725275,0.7602381334155234
extreme,ALL_core_extreme_os_death_lt3yr_survival_ge5yr_top75_no_cancer_feature,extreme_os,global,425,655,141,0.6268131868131869,0.7577295578876609
extreme,ALL_core_extreme_os_death_lt3yr_survival_ge5yr_top75_no_cancer_feature,extreme_os,within_cancer,425,655,141,0.6564835164835165,0.7489790320160461
extreme,ALL_core_extreme_os_death_lt3yr_survival_ge5yr_top75_no_cancer_feature,extreme_os,global,426,655,141,0.4997802197802198,0.6747867909919946
extreme,ALL_core_extreme_os_death_lt3yr_survival_ge5yr_top75_no_cancer_feature,extreme_os,within_cancer,426,655,141,0.6545054945054947,0.7505290156622053
extreme,ALL_core_extreme_os_death_lt3yr_survival_ge5yr_top75_no_cancer_feature,extreme_os,global,427,655,141,0.4938461538461539,0.6988002386763673
extreme,ALL_core_extreme_os_death_lt3yr_survival_ge5yr_top75_no_cancer_feature,extreme_os,within_cancer,427,655,141,0.5938461538461539,0.6899491076873896
extreme,ALL_core_extreme_os_death_lt3yr_survival_ge5yr_top75_no_cancer_feature,extreme_os,global,428,655,141,0.6013186813186814,0.76701204255992
extreme,ALL_core_extreme_os_death_lt3yr_survival_ge5yr_top75_no_cancer_feature,extreme_os,within_cancer,428,655,141,0.6843956043956044,0.7577069744540297
extreme,ALL_core_extreme_os_death_lt3yr_survival_ge5yr_top75_no_cancer_feature,extreme_os,global,429,655,141,0.5525274725274726,0.7229160132816729
extreme,ALL_core_extreme_os_death_lt3yr_survival_ge5yr_top75_no_cancer_feature,extreme_os,within_cancer,429,655,141,0.6747252747252748,0.7621968344438863
extreme,ALL_core_extreme_os_death_lt3yr_survival_ge5yr_top75_no_cancer_feature,extreme_os,global,430,655,141,0.643956043956044,0.7683043286904487
extreme,ALL_core_extreme_os_death_lt3yr_survival_ge5yr_top75_no_cancer_feature,extreme_os,within_cancer,430,655,141,0.6868131868131868,0.7855066553775882
extreme,ALL_core_extreme_os_death_lt3yr_survival_ge5yr_top75_no_cancer_feature,extreme_os,global,431,655,141,0.5764835164835165,0.6979790631623839
extreme,ALL_core_extreme_os_death_lt3yr_survival_ge5yr_top75_no_cancer_feature,extreme_os,within_cancer,431,655,141,0.6465934065934067,0.7181362042650579
extreme,ALL_core_extreme_os_death_lt3yr_survival_ge5yr_top75_no_cancer_feature,extreme_os,global,432,655,141,0.5373626373626375,0.7134624779898902
extreme,ALL_core_extreme_os_death_lt3yr_survival_ge5yr_top75_no_cancer_feature,extreme_os,within_cancer,432,655,141,0.6514285714285714,0.7377814822263253
extreme,ALL_core_extreme_os_death_lt3yr_survival_ge5yr_top75_no_cancer_feature,extreme_os,global,433,655,141,0.4151648351648352,0.6360431380607015
extreme,ALL_core_extreme_os_death_lt3yr_survival_ge5yr_top75_no_cancer_feature,extreme_os,within_cancer,433,655,141,0.6424175824175824,0.7417276925725286
extreme,ALL_core_extreme_os_death_lt3yr_survival_ge5yr_top75_no_cancer_feature,extreme_os,global,434,655,141,0.434065934065934,0.6453345284216514
extreme,ALL_core_extreme_os_death_lt3yr_survival_ge5yr_top75_no_cancer_feature,extreme_os,within_cancer,434,655,141,0.6736263736263737,0.7524822661177704
extreme,ALL_core_extreme_os_death_lt3yr_survival_ge5yr_top75_no_cancer_feature,extreme_os,global,435,655,141,0.5448351648351648,0.6959475317653399
extreme,ALL_core_extreme_os_death_lt3yr_survival_ge5yr_top75_no_cancer_feature,extreme_os,within_cancer,435,655,141,0.672967032967033,0.7776485684132769
extreme,ALL_core_extreme_os_death_lt3yr_survival_ge5yr_top75_no_cancer_feature,extreme_os,global,436,655,141,0.4052747252747252,0.6469503171362165
extreme,ALL_core_extreme_os_death_lt3yr_survival_ge5yr_top75_no_cancer_feature,extreme_os,within_cancer,436,655,141,0.6371428571428571,0.7418666157296625
extreme,ALL_core_extreme_os_death_lt3yr_survival_ge5yr_top75_no_cancer_feature,extreme_os,global,437,655,141,0.5446153846153846,0.7160175985503392
extreme,ALL_core_extreme_os_death_lt3yr_survival_ge5yr_top75_no_cancer_feature,extreme_os,within_cancer,437,655,141,0.6931868131868133,0.7664710980062427
extreme,ALL_core_extreme_os_death_lt3yr_survival_ge5yr_top75_no_cancer_feature,extreme_os,global,438,655,141,0.6628571428571428,0.776032954910178
extreme,ALL_core_extreme_os_death_lt3yr_survival_ge5yr_top75_no_cancer_feature,extreme_os,within_cancer,438,655,141,0.6665934065934067,0.7582690340325864
extreme,ALL_core_extreme_os_death_lt3yr_survival_ge5yr_top75_no_cancer_feature,extreme_os,global,439,655,141,0.487032967032967,0.689948877616174
extreme,ALL_core_extreme_os_death_lt3yr_survival_ge5yr_top75_no_cancer_feature,extreme_os,within_cancer,439,655,141,0.6199999999999999,0.7295181658242706
extreme,ALL_core_extreme_os_death_lt3yr_survival_ge5yr_top75_no_cancer_feature,extreme_os,global,440,655,141,0.6250549450549451,0.7573398377728576
extreme,ALL_core_extreme_os_death_lt3yr_survival_ge5yr_top75_no_cancer_feature,extreme_os,within_cancer,440,655,141,0.6652747252747253,0.7684423038647017
extreme,ALL_core_extreme_os_death_lt3yr_survival_ge5yr_top75_no_cancer_feature,extreme_os,global,441,655,141,0.5030769230769231,0.7120320389042216
extreme,ALL_core_extreme_os_death_lt3yr_survival_ge5yr_top75_no_cancer_feature,extreme_os,within_cancer,441,655,141,0.6465934065934066,0.726611909587997
extreme,ALL_core_extreme_os_death_lt3yr_survival_ge5yr_top75_no_cancer_feature,extreme_os,global,442,655,141,0.4599999999999999,0.6774557811461246
extreme,ALL_core_extreme_os_death_lt3yr_survival_ge5yr_top75_no_cancer_feature,extreme_os,within_cancer,442,655,141,0.646813186813187,0.7198216490373464
extreme,ALL_core_extreme_os_death_lt3yr_survival_ge5yr_top75_no_cancer_feature,extreme_os,global,443,655,141,0.6147252747252747,0.7606039952745123
extreme,ALL_core_extreme_os_death_lt3yr_survival_ge5yr_top75_no_cancer_feature,extreme_os,within_cancer,443,655,141,0.6257142857142857,0.7226777004873605
extreme,ALL_core_extreme_os_death_lt3yr_survival_ge5yr_top75_no_cancer_feature,extreme_os,global,444,655,141,0.4969230769230769,0.7043199727928817
extreme,ALL_core_extreme_os_death_lt3yr_survival_ge5yr_top75_no_cancer_feature,extreme_os,within_cancer,444,655,141,0.7017582417582418,0.78587559539349
extreme,ALL_core_extreme_os_death_lt3yr_survival_ge5yr_top75_no_cancer_feature,extreme_os,global,445,655,141,0.4094505494505495,0.64764836306675
extreme,ALL_core_extreme_os_death_lt3yr_survival_ge5yr_top75_no_cancer_feature,extreme_os,within_cancer,445,655,141,0.6492307692307693,0.7279200734214014
extreme,ALL_core_extreme_os_death_lt3yr_survival_ge5yr_top75_no_cancer_feature,extreme_os,global,446,655,141,0.5318681318681319,0.7289969455838983
extreme,ALL_core_extreme_os_death_lt3yr_survival_ge5yr_top75_no_cancer_feature,extreme_os,within_cancer,446,655,141,0.6197802197802197,0.7051805418765311
extreme,ALL_core_extreme_os_death_lt3yr_survival_ge5yr_top75_no_cancer_feature,extreme_os,global,447,655,141,0.4158241758241758,0.6582277337246064
extreme,ALL_core_extreme_os_death_lt3yr_survival_ge5yr_top75_no_cancer_feature,extreme_os,within_cancer,447,655,141,0.6815384615384616,0.7412493327557559
extreme,ALL_core_extreme_os_death_lt3yr_survival_ge5yr_top75_no_cancer_feature,extreme_os,global,448,655,141,0.529010989010989,0.7020826648576679
extreme,ALL_core_extreme_os_death_lt3yr_survival_ge5yr_top75_no_cancer_feature,extreme_os,within_cancer,448,655,141,0.6716483516483517,0.7543661726745936
extreme,ALL_core_extreme_os_death_lt3yr_survival_ge5yr_top75_no_cancer_feature,extreme_os,global,449,655,141,0.450989010989011,0.6780718749491708
extreme,ALL_core_extreme_os_death_lt3yr_survival_ge5yr_top75_no_cancer_feature,extreme_os,within_cancer,449,655,141,0.6382417582417581,0.7200634352127947
extreme,ALL_core_extreme_os_death_lt3yr_survival_ge5yr_top75_no_cancer_feature,extreme_os,global,450,655,141,0.5156043956043956,0.6857450283974627
extreme,ALL_core_extreme_os_death_lt3yr_survival_ge5yr_top75_no_cancer_feature,extreme_os,within_cancer,450,655,141,0.6591208791208791,0.7615188302600899
extreme,ALL_core_extreme_os_death_lt3yr_survival_ge5yr_top75_no_cancer_feature,extreme_os,global,451,655,141,0.3843956043956044,0.6154197367843335
extreme,ALL_core_extreme_os_death_lt3yr_survival_ge5yr_top75_no_cancer_feature,extreme_os,within_cancer,451,655,141,0.663956043956044,0.7525330084776058
extreme,ALL_core_extreme_os_death_lt3yr_survival_ge5yr_top75_no_cancer_feature,extreme_os,global,452,655,141,0.4268131868131867,0.6417151426304992
extreme,ALL_core_extreme_os_death_lt3yr_survival_ge5yr_top75_no_cancer_feature,extreme_os,within_cancer,452,655,141,0.7215384615384617,0.8054631839326889
extreme,ALL_core_extreme_os_death_lt3yr_survival_ge5yr_top75_no_cancer_feature,extreme_os,global,453,655,141,0.4571428571428572,0.6577729774992089
extreme,ALL_core_extreme_os_death_lt3yr_survival_ge5yr_top75_no_cancer_feature,extreme_os,within_cancer,453,655,141,0.660879120879121,0.7286194514370272
extreme,ALL_core_extreme_os_death_lt3yr_survival_ge5yr_top75_no_cancer_feature,extreme_os,global,454,655,141,0.4432967032967033,0.6634675167392314
extreme,ALL_core_extreme_os_death_lt3yr_survival_ge5yr_top75_no_cancer_feature,extreme_os,within_cancer,454,655,141,0.6694505494505495,0.7534938772667079
extreme,ALL_core_extreme_os_death_lt3yr_survival_ge5yr_top75_no_cancer_feature,extreme_os,global,455,655,141,0.4395604395604395,0.6341811381161646
extreme,ALL_core_extreme_os_death_lt3yr_survival_ge5yr_top75_no_cancer_feature,extreme_os,within_cancer,455,655,141,0.6850549450549451,0.7628199465643533
extreme,ALL_core_extreme_os_death_lt3yr_survival_ge5yr_top75_no_cancer_feature,extreme_os,global,456,655,141,0.525934065934066,0.6971378010587123
extreme,ALL_core_extreme_os_death_lt3yr_survival_ge5yr_top75_no_cancer_feature,extreme_os,within_cancer,456,655,141,0.7294505494505495,0.7945493243888263
extreme,ALL_core_extreme_os_death_lt3yr_survival_ge5yr_top75_no_cancer_feature,extreme_os,global,457,655,141,0.621978021978022,0.7637546625925532
extreme,ALL_core_extreme_os_death_lt3yr_survival_ge5yr_top75_no_cancer_feature,extreme_os,within_cancer,457,655,141,0.663076923076923,0.7505852678616762
extreme,ALL_core_extreme_os_death_lt3yr_survival_ge5yr_top75_no_cancer_feature,extreme_os,global,458,655,141,0.5030769230769231,0.6790145246459762
extreme,ALL_core_extreme_os_death_lt3yr_survival_ge5yr_top75_no_cancer_feature,extreme_os,within_cancer,458,655,141,0.6830769230769231,0.7627903338579445
extreme,ALL_core_extreme_os_death_lt3yr_survival_ge5yr_top75_no_cancer_feature,extreme_os,global,459,655,141,0.5327472527472528,0.7288834064925211
extreme,ALL_core_extreme_os_death_lt3yr_survival_ge5yr_top75_no_cancer_feature,extreme_os,within_cancer,459,655,141,0.6373626373626373,0.7201718147339831
extreme,ALL_core_extreme_os_death_lt3yr_survival_ge5yr_top75_no_cancer_feature,extreme_os,global,460,655,141,0.4892307692307692,0.6881676301777874
extreme,ALL_core_extreme_os_death_lt3yr_survival_ge5yr_top75_no_cancer_feature,extreme_os,within_cancer,460,655,141,0.6162637362637362,0.7038133897276591
extreme,ALL_core_extreme_os_death_lt3yr_survival_ge5yr_top75_no_cancer_feature,extreme_os,global,461,655,141,0.5771428571428572,0.7133206512103478
extreme,ALL_core_extreme_os_death_lt3yr_survival_ge5yr_top75_no_cancer_feature,extreme_os,within_cancer,461,655,141,0.6417582417582418,0.739616977013922
extreme,ALL_core_extreme_os_death_lt3yr_survival_ge5yr_top75_no_cancer_feature,extreme_os,global,462,655,141,0.6421978021978022,0.7450335363656185
extreme,ALL_core_extreme_os_death_lt3yr_survival_ge5yr_top75_no_cancer_feature,extreme_os,within_cancer,462,655,141,0.6114285714285714,0.7023117135962107
extreme,ALL_core_extreme_os_death_lt3yr_survival_ge5yr_top75_no_cancer_feature,extreme_os,global,463,655,141,0.4859340659340659,0.6900707762073108
extreme,ALL_core_extreme_os_death_lt3yr_survival_ge5yr_top75_no_cancer_feature,extreme_os,within_cancer,463,655,141,0.6327472527472527,0.7051271741752385
extreme,ALL_core_extreme_os_death_lt3yr_survival_ge5yr_top75_no_cancer_feature,extreme_os,global,464,655,141,0.4283516483516483,0.6724013690017776
extreme,ALL_core_extreme_os_death_lt3yr_survival_ge5yr_top75_no_cancer_feature,extreme_os,within_cancer,464,655,141,0.702857142857143,0.7931280798990099
extreme,ALL_core_extreme_os_death_lt3yr_survival_ge5yr_top75_no_cancer_feature,extreme_os,global,465,655,141,0.4819780219780219,0.6861662207206181
extreme,ALL_core_extreme_os_death_lt3yr_survival_ge5yr_top75_no_cancer_feature,extreme_os,within_cancer,465,655,141,0.6465934065934065,0.7228336372108268
extreme,ALL_core_extreme_os_death_lt3yr_survival_ge5yr_top75_no_cancer_feature,extreme_os,global,466,655,141,0.6597802197802197,0.7826496026846063
extreme,ALL_core_extreme_os_death_lt3yr_survival_ge5yr_top75_no_cancer_feature,extreme_os,within_cancer,466,655,141,0.7059340659340659,0.7881733065996723
extreme,ALL_core_extreme_os_death_lt3yr_survival_ge5yr_top75_no_cancer_feature,extreme_os,global,467,655,141,0.4703296703296704,0.6649966294262849
extreme,ALL_core_extreme_os_death_lt3yr_survival_ge5yr_top75_no_cancer_feature,extreme_os,within_cancer,467,655,141,0.6331868131868132,0.7187627119137623
extreme,ALL_core_extreme_os_death_lt3yr_survival_ge5yr_top75_no_cancer_feature,extreme_os,global,468,655,141,0.5437362637362637,0.7299671562959865
extreme,ALL_core_extreme_os_death_lt3yr_survival_ge5yr_top75_no_cancer_feature,extreme_os,within_cancer,468,655,141,0.6430769230769231,0.7378989720957808
extreme,ALL_core_extreme_os_death_lt3yr_survival_ge5yr_top75_no_cancer_feature,extreme_os,global,469,655,141,0.4901098901098901,0.6718818594981687
extreme,ALL_core_extreme_os_death_lt3yr_survival_ge5yr_top75_no_cancer_feature,extreme_os,within_cancer,469,655,141,0.6542857142857142,0.7611238184567815
extreme,ALL_core_extreme_os_death_lt3yr_survival_ge5yr_top75_no_cancer_feature,extreme_os,global,470,655,141,0.4841758241758241,0.6809203453539576
extreme,ALL_core_extreme_os_death_lt3yr_survival_ge5yr_top75_no_cancer_feature,extreme_os,within_cancer,470,655,141,0.6967032967032967,0.7868320580943866
extreme,ALL_core_extreme_os_death_lt3yr_survival_ge5yr_top75_no_cancer_feature,extreme_os,global,471,655,141,0.4107692307692308,0.6548666878199747
extreme,ALL_core_extreme_os_death_lt3yr_survival_ge5yr_top75_no_cancer_feature,extreme_os,within_cancer,471,655,141,0.6665934065934067,0.7621994332350331
extreme,ALL_core_extreme_os_death_lt3yr_survival_ge5yr_top75_no_cancer_feature,extreme_os,global,472,655,141,0.6303296703296704,0.7487980245512501
extreme,ALL_core_extreme_os_death_lt3yr_survival_ge5yr_top75_no_cancer_feature,extreme_os,within_cancer,472,655,141,0.6769230769230768,0.7573098509012962
extreme,ALL_core_extreme_os_death_lt3yr_survival_ge5yr_top75_no_cancer_feature,extreme_os,global,473,655,141,0.5523076923076923,0.7227866810761118
extreme,ALL_core_extreme_os_death_lt3yr_survival_ge5yr_top75_no_cancer_feature,extreme_os,within_cancer,473,655,141,0.7037362637362637,0.7836601175533938
extreme,ALL_core_extreme_os_death_lt3yr_survival_ge5yr_top75_no_cancer_feature,extreme_os,global,474,655,141,0.6246153846153847,0.7566934022747708
extreme,ALL_core_extreme_os_death_lt3yr_survival_ge5yr_top75_no_cancer_feature,extreme_os,within_cancer,474,655,141,0.6687912087912088,0.7767931421320705
extreme,ALL_core_extreme_os_death_lt3yr_survival_ge5yr_top75_no_cancer_feature,extreme_os,global,475,655,141,0.4738461538461538,0.669527261096549
extreme,ALL_core_extreme_os_death_lt3yr_survival_ge5yr_top75_no_cancer_feature,extreme_os,within_cancer,475,655,141,0.6564835164835163,0.7518702031231919
extreme,ALL_core_extreme_os_death_lt3yr_survival_ge5yr_top75_no_cancer_feature,extreme_os,global,476,655,141,0.505934065934066,0.7004745797630101
extreme,ALL_core_extreme_os_death_lt3yr_survival_ge5yr_top75_no_cancer_feature,extreme_os,within_cancer,476,655,141,0.6235164835164835,0.7195934684669459
extreme,ALL_core_extreme_os_death_lt3yr_survival_ge5yr_top75_no_cancer_feature,extreme_os,global,477,655,141,0.441978021978022,0.6407363852804777
extreme,ALL_core_extreme_os_death_lt3yr_survival_ge5yr_top75_no_cancer_feature,extreme_os,within_cancer,477,655,141,0.7151648351648351,0.7909861630263029
extreme,ALL_core_extreme_os_death_lt3yr_survival_ge5yr_top75_no_cancer_feature,extreme_os,global,478,655,141,0.3925274725274725,0.6366558443717995
extreme,ALL_core_extreme_os_death_lt3yr_survival_ge5yr_top75_no_cancer_feature,extreme_os,within_cancer,478,655,141,0.7283516483516483,0.8219665089495817
extreme,ALL_core_extreme_os_death_lt3yr_survival_ge5yr_top75_no_cancer_feature,extreme_os,global,479,655,141,0.5593406593406594,0.7489087498002158
extreme,ALL_core_extreme_os_death_lt3yr_survival_ge5yr_top75_no_cancer_feature,extreme_os,within_cancer,479,655,141,0.698901098901099,0.7853389747108819
extreme,ALL_core_extreme_os_death_lt3yr_survival_ge5yr_top75_no_cancer_feature,extreme_os,global,480,655,141,0.514065934065934,0.6938565712085616
extreme,ALL_core_extreme_os_death_lt3yr_survival_ge5yr_top75_no_cancer_feature,extreme_os,within_cancer,480,655,141,0.6057142857142858,0.7117109332258464
extreme,ALL_core_extreme_os_death_lt3yr_survival_ge5yr_top75_no_cancer_feature,extreme_os,global,481,655,141,0.5905494505494505,0.734963337138846
extreme,ALL_core_extreme_os_death_lt3yr_survival_ge5yr_top75_no_cancer_feature,extreme_os,within_cancer,481,655,141,0.669010989010989,0.7571498561209893
extreme,ALL_core_extreme_os_death_lt3yr_survival_ge5yr_top75_no_cancer_feature,extreme_os,global,482,655,141,0.6237362637362638,0.7525147450216276
extreme,ALL_core_extreme_os_death_lt3yr_survival_ge5yr_top75_no_cancer_feature,extreme_os,within_cancer,482,655,141,0.6782417582417583,0.7656368425067178
extreme,ALL_core_extreme_os_death_lt3yr_survival_ge5yr_top75_no_cancer_feature,extreme_os,global,483,655,141,0.4854945054945055,0.6827272519623511
extreme,ALL_core_extreme_os_death_lt3yr_survival_ge5yr_top75_no_cancer_feature,extreme_os,within_cancer,483,655,141,0.6665934065934065,0.7482438897971257
extreme,ALL_core_extreme_os_death_lt3yr_survival_ge5yr_top75_no_cancer_feature,extreme_os,global,484,655,141,0.5857142857142857,0.7203359420451869
extreme,ALL_core_extreme_os_death_lt3yr_survival_ge5yr_top75_no_cancer_feature,extreme_os,within_cancer,484,655,141,0.6848351648351648,0.7711082036629143
extreme,ALL_core_extreme_os_death_lt3yr_survival_ge5yr_top75_no_cancer_feature,extreme_os,global,485,655,141,0.4252747252747252,0.6337014018470815
extreme,ALL_core_extreme_os_death_lt3yr_survival_ge5yr_top75_no_cancer_feature,extreme_os,within_cancer,485,655,141,0.6494505494505495,0.7404562579374114
extreme,ALL_core_extreme_os_death_lt3yr_survival_ge5yr_top75_no_cancer_feature,extreme_os,global,486,655,141,0.5204395604395604,0.7098011684396972
extreme,ALL_core_extreme_os_death_lt3yr_survival_ge5yr_top75_no_cancer_feature,extreme_os,within_cancer,486,655,141,0.6296703296703298,0.7267235643532027
extreme,ALL_core_extreme_os_death_lt3yr_survival_ge5yr_top75_no_cancer_feature,extreme_os,global,487,655,141,0.5474725274725275,0.7054337653239267
extreme,ALL_core_extreme_os_death_lt3yr_survival_ge5yr_top75_no_cancer_feature,extreme_os,within_cancer,487,655,141,0.6687912087912088,0.7454438015550544
extreme,ALL_core_extreme_os_death_lt3yr_survival_ge5yr_top75_no_cancer_feature,extreme_os,global,488,655,141,0.4296703296703297,0.6554535108010983
extreme,ALL_core_extreme_os_death_lt3yr_survival_ge5yr_top75_no_cancer_feature,extreme_os,within_cancer,488,655,141,0.6586813186813186,0.7708870990231087
extreme,ALL_core_extreme_os_death_lt3yr_survival_ge5yr_top75_no_cancer_feature,extreme_os,global,489,655,141,0.5668131868131869,0.7439183736474884
extreme,ALL_core_extreme_os_death_lt3yr_survival_ge5yr_top75_no_cancer_feature,extreme_os,within_cancer,489,655,141,0.6973626373626374,0.7735681145583845
extreme,ALL_core_extreme_os_death_lt3yr_survival_ge5yr_top75_no_cancer_feature,extreme_os,global,490,655,141,0.5136263736263736,0.6837274722492466
extreme,ALL_core_extreme_os_death_lt3yr_survival_ge5yr_top75_no_cancer_feature,extreme_os,within_cancer,490,655,141,0.6479120879120879,0.7288936086174349
extreme,ALL_core_extreme_os_death_lt3yr_survival_ge5yr_top75_no_cancer_feature,extreme_os,global,491,655,141,0.4334065934065934,0.6648586432438645
extreme,ALL_core_extreme_os_death_lt3yr_survival_ge5yr_top75_no_cancer_feature,extreme_os,within_cancer,491,655,141,0.687032967032967,0.7786701849731655
extreme,ALL_core_extreme_os_death_lt3yr_survival_ge5yr_top75_no_cancer_feature,extreme_os,global,492,655,141,0.3949450549450549,0.6266049539428623
extreme,ALL_core_extreme_os_death_lt3yr_survival_ge5yr_top75_no_cancer_feature,extreme_os,within_cancer,492,655,141,0.649010989010989,0.71751612536023
extreme,ALL_core_extreme_os_death_lt3yr_survival_ge5yr_top75_no_cancer_feature,extreme_os,global,493,655,141,0.5254945054945055,0.7087614908101447
extreme,ALL_core_extreme_os_death_lt3yr_survival_ge5yr_top75_no_cancer_feature,extreme_os,within_cancer,493,655,141,0.6432967032967034,0.7542173227265323
extreme,ALL_core_extreme_os_death_lt3yr_survival_ge5yr_top75_no_cancer_feature,extreme_os,global,494,655,141,0.6127472527472527,0.7209230613455513
extreme,ALL_core_extreme_os_death_lt3yr_survival_ge5yr_top75_no_cancer_feature,extreme_os,within_cancer,494,655,141,0.6879120879120879,0.7643402673973135
extreme,ALL_core_extreme_os_death_lt3yr_survival_ge5yr_top75_no_cancer_feature,extreme_os,global,495,655,141,0.4437362637362638,0.6508166512111586
extreme,ALL_core_extreme_os_death_lt3yr_survival_ge5yr_top75_no_cancer_feature,extreme_os,within_cancer,495,655,141,0.625054945054945,0.7109395869116162
extreme,ALL_core_extreme_os_death_lt3yr_survival_ge5yr_top75_no_cancer_feature,extreme_os,global,496,655,141,0.6349450549450549,0.7514386963897415
extreme,ALL_core_extreme_os_death_lt3yr_survival_ge5yr_top75_no_cancer_feature,extreme_os,within_cancer,496,655,141,0.6771428571428572,0.7637333109382631
extreme,ALL_core_extreme_os_death_lt3yr_survival_ge5yr_top75_no_cancer_feature,extreme_os,global,497,655,141,0.4085714285714286,0.6414168141316928
extreme,ALL_core_extreme_os_death_lt3yr_survival_ge5yr_top75_no_cancer_feature,extreme_os,within_cancer,497,655,141,0.6828571428571429,0.7632272332251775
extreme,ALL_core_extreme_os_death_lt3yr_survival_ge5yr_top75_no_cancer_feature,extreme_os,global,498,655,141,0.4520879120879121,0.6683720713637697
extreme,ALL_core_extreme_os_death_lt3yr_survival_ge5yr_top75_no_cancer_feature,extreme_os,within_cancer,498,655,141,0.6984615384615385,0.7864290520746074
extreme,ALL_core_extreme_os_death_lt3yr_survival_ge5yr_top75_no_cancer_feature,extreme_os,global,499,655,141,0.6395604395604395,0.7782589806560467
extreme,ALL_core_extreme_os_death_lt3yr_survival_ge5yr_top75_no_cancer_feature,extreme_os,within_cancer,499,655,141,0.6197802197802198,0.7213891124994637
