endpoint,model_name,fpr,tpr,roc_auc
extreme_os,autogluon,0.0,0.0,0.7739511678131499
extreme_os,autogluon,0.00303951367781155,0.0,0.7739511678131499
extreme_os,autogluon,0.00303951367781155,0.014802631578947368,0.7739511678131499
extreme_os,autogluon,0.0060790273556231,0.014802631578947368,0.7739511678131499
extreme_os,autogluon,0.0060790273556231,0.023026315789473683,0.7739511678131499
extreme_os,autogluon,0.00911854103343465,0.023026315789473683,0.7739511678131499
extreme_os,autogluon,0.00911854103343465,0.03618421052631579,0.7739511678131499
extreme_os,autogluon,0.0121580547112462,0.03618421052631579,0.7739511678131499
extreme_os,autogluon,0.0121580547112462,0.03782894736842105,0.7739511678131499
extreme_os,autogluon,0.015197568389057751,0.03782894736842105,0.7739511678131499
extreme_os,autogluon,0.015197568389057751,0.05098684210526316,0.7739511678131499
extreme_os,autogluon,0.0182370820668693,0.05098684210526316,0.7739511678131499
extreme_os,autogluon,0.0182370820668693,0.06085526315789474,0.7739511678131499
extreme_os,autogluon,0.02127659574468085,0.06085526315789474,0.7739511678131499
extreme_os,autogluon,0.02127659574468085,0.06907894736842106,0.7739511678131499
extreme_os,autogluon,0.0243161094224924,0.06907894736842106,0.7739511678131499
extreme_os,autogluon,0.0243161094224924,0.0756578947368421,0.7739511678131499
extreme_os,autogluon,0.02735562310030395,0.0756578947368421,0.7739511678131499
extreme_os,autogluon,0.02735562310030395,0.08223684210526316,0.7739511678131499
extreme_os,autogluon,0.030395136778115502,0.08223684210526316,0.7739511678131499
extreme_os,autogluon,0.030395136778115502,0.09046052631578948,0.7739511678131499
extreme_os,autogluon,0.03343465045592705,0.09046052631578948,0.7739511678131499
extreme_os,autogluon,0.03343465045592705,0.09375,0.7739511678131499
extreme_os,autogluon,0.0364741641337386,0.09375,0.7739511678131499
extreme_os,autogluon,0.0364741641337386,0.10855263157894737,0.7739511678131499
extreme_os,autogluon,0.03951367781155015,0.10855263157894737,0.7739511678131499
extreme_os,autogluon,0.03951367781155015,0.14967105263157895,0.7739511678131499
extreme_os,autogluon,0.04559270516717325,0.14967105263157895,0.7739511678131499
extreme_os,autogluon,0.04559270516717325,0.15296052631578946,0.7739511678131499
extreme_os,autogluon,0.0486322188449848,0.15296052631578946,0.7739511678131499
extreme_os,autogluon,0.0486322188449848,0.18585526315789475,0.7739511678131499
extreme_os,autogluon,0.05167173252279635,0.18585526315789475,0.7739511678131499
extreme_os,autogluon,0.05167173252279635,0.18914473684210525,0.7739511678131499
extreme_os,autogluon,0.0547112462006079,0.18914473684210525,0.7739511678131499
extreme_os,autogluon,0.0547112462006079,0.1924342105263158,0.7739511678131499
extreme_os,autogluon,0.057750759878419454,0.1924342105263158,0.7739511678131499
extreme_os,autogluon,0.057750759878419454,0.20065789473684212,0.7739511678131499
extreme_os,autogluon,0.06382978723404255,0.20065789473684212,0.7739511678131499
extreme_os,autogluon,0.06382978723404255,0.20394736842105263,0.7739511678131499
extreme_os,autogluon,0.0668693009118541,0.20394736842105263,0.7739511678131499
extreme_os,autogluon,0.0668693009118541,0.20559210526315788,0.7739511678131499
extreme_os,autogluon,0.06990881458966565,0.20559210526315788,0.7739511678131499
extreme_os,autogluon,0.06990881458966565,0.21217105263157895,0.7739511678131499
extreme_os,autogluon,0.0729483282674772,0.21217105263157895,0.7739511678131499
extreme_os,autogluon,0.0729483282674772,0.22203947368421054,0.7739511678131499
extreme_os,autogluon,0.0790273556231003,0.22203947368421054,0.7739511678131499
extreme_os,autogluon,0.0790273556231003,0.23848684210526316,0.7739511678131499
extreme_os,autogluon,0.0851063829787234,0.23848684210526316,0.7739511678131499
extreme_os,autogluon,0.0851063829787234,0.24013157894736842,0.7739511678131499
extreme_os,autogluon,0.08814589665653495,0.24013157894736842,0.7739511678131499
extreme_os,autogluon,0.08814589665653495,0.26644736842105265,0.7739511678131499
extreme_os,autogluon,0.0911854103343465,0.26644736842105265,0.7739511678131499
extreme_os,autogluon,0.0911854103343465,0.2730263157894737,0.7739511678131499
extreme_os,autogluon,0.09422492401215805,0.2730263157894737,0.7739511678131499
extreme_os,autogluon,0.09422492401215805,0.27631578947368424,0.7739511678131499
extreme_os,autogluon,0.0972644376899696,0.27631578947368424,0.7739511678131499
extreme_os,autogluon,0.0972644376899696,0.2845394736842105,0.7739511678131499
extreme_os,autogluon,0.10030395136778116,0.2845394736842105,0.7739511678131499
extreme_os,autogluon,0.10030395136778116,0.29276315789473684,0.7739511678131499
extreme_os,autogluon,0.1033434650455927,0.29276315789473684,0.7739511678131499
extreme_os,autogluon,0.1033434650455927,0.3125,0.7739511678131499
extreme_os,autogluon,0.10638297872340426,0.3125,0.7739511678131499
extreme_os,autogluon,0.10638297872340426,0.3157894736842105,0.7739511678131499
extreme_os,autogluon,0.1094224924012158,0.3157894736842105,0.7739511678131499
extreme_os,autogluon,0.1094224924012158,0.31743421052631576,0.7739511678131499
extreme_os,autogluon,0.11246200607902736,0.31743421052631576,0.7739511678131499
extreme_os,autogluon,0.11246200607902736,0.32894736842105265,0.7739511678131499
extreme_os,autogluon,0.11550151975683891,0.32894736842105265,0.7739511678131499
extreme_os,autogluon,0.11550151975683891,0.3536184210526316,0.7739511678131499
extreme_os,autogluon,0.11854103343465046,0.3536184210526316,0.7739511678131499
extreme_os,autogluon,0.11854103343465046,0.36019736842105265,0.7739511678131499
extreme_os,autogluon,0.12158054711246201,0.36019736842105265,0.7739511678131499
extreme_os,autogluon,0.12158054711246201,0.3717105263157895,0.7739511678131499
extreme_os,autogluon,0.12462006079027356,0.3717105263157895,0.7739511678131499
extreme_os,autogluon,0.12462006079027356,0.3782894736842105,0.7739511678131499
extreme_os,autogluon,0.1276595744680851,0.3782894736842105,0.7739511678131499
extreme_os,autogluon,0.1276595744680851,0.3815789473684211,0.7739511678131499
extreme_os,autogluon,0.13069908814589665,0.3815789473684211,0.7739511678131499
extreme_os,autogluon,0.13069908814589665,0.38980263157894735,0.7739511678131499
extreme_os,autogluon,0.1337386018237082,0.38980263157894735,0.7739511678131499
extreme_os,autogluon,0.1337386018237082,0.3930921052631579,0.7739511678131499
extreme_os,autogluon,0.13677811550151975,0.3930921052631579,0.7739511678131499
extreme_os,autogluon,0.13677811550151975,0.42105263157894735,0.7739511678131499
extreme_os,autogluon,0.14285714285714285,0.42105263157894735,0.7739511678131499
extreme_os,autogluon,0.14285714285714285,0.42269736842105265,0.7739511678131499
extreme_os,autogluon,0.1458966565349544,0.42269736842105265,0.7739511678131499
extreme_os,autogluon,0.1458966565349544,0.4292763157894737,0.7739511678131499
extreme_os,autogluon,0.14893617021276595,0.4292763157894737,0.7739511678131499
extreme_os,autogluon,0.14893617021276595,0.4440789473684211,0.7739511678131499
extreme_os,autogluon,0.1519756838905775,0.4440789473684211,0.7739511678131499
extreme_os,autogluon,0.1519756838905775,0.45230263157894735,0.7739511678131499
extreme_os,autogluon,0.1580547112462006,0.45230263157894735,0.7739511678131499
extreme_os,autogluon,0.1580547112462006,0.45394736842105265,0.7739511678131499
extreme_os,autogluon,0.16109422492401215,0.45394736842105265,0.7739511678131499
extreme_os,autogluon,0.16109422492401215,0.46381578947368424,0.7739511678131499
extreme_os,autogluon,0.1641337386018237,0.46381578947368424,0.7739511678131499
extreme_os,autogluon,0.1641337386018237,0.4769736842105263,0.7739511678131499
extreme_os,autogluon,0.16717325227963525,0.4769736842105263,0.7739511678131499
extreme_os,autogluon,0.16717325227963525,0.5098684210526315,0.7739511678131499
extreme_os,autogluon,0.1702127659574468,0.5098684210526315,0.7739511678131499
extreme_os,autogluon,0.1702127659574468,0.5115131578947368,0.7739511678131499
extreme_os,autogluon,0.17933130699088146,0.5115131578947368,0.7739511678131499
extreme_os,autogluon,0.17933130699088146,0.5164473684210527,0.7739511678131499
extreme_os,autogluon,0.182370820668693,0.5164473684210527,0.7739511678131499
extreme_os,autogluon,0.182370820668693,0.5180921052631579,0.7739511678131499
extreme_os,autogluon,0.1884498480243161,0.5180921052631579,0.7739511678131499
extreme_os,autogluon,0.1884498480243161,0.5197368421052632,0.7739511678131499
extreme_os,autogluon,0.1945288753799392,0.5197368421052632,0.7739511678131499
extreme_os,autogluon,0.1945288753799392,0.5263157894736842,0.7739511678131499
extreme_os,autogluon,0.19756838905775076,0.5263157894736842,0.7739511678131499
extreme_os,autogluon,0.19756838905775076,0.5279605263157895,0.7739511678131499
extreme_os,autogluon,0.2006079027355623,0.5279605263157895,0.7739511678131499
extreme_os,autogluon,0.2006079027355623,0.5394736842105263,0.7739511678131499
extreme_os,autogluon,0.20364741641337386,0.5394736842105263,0.7739511678131499
extreme_os,autogluon,0.20364741641337386,0.5427631578947368,0.7739511678131499
extreme_os,autogluon,0.2066869300911854,0.5427631578947368,0.7739511678131499
extreme_os,autogluon,0.2066869300911854,0.5460526315789473,0.7739511678131499
extreme_os,autogluon,0.20972644376899696,0.5460526315789473,0.7739511678131499
extreme_os,autogluon,0.20972644376899696,0.5575657894736842,0.7739511678131499
extreme_os,autogluon,0.2127659574468085,0.5575657894736842,0.7739511678131499
extreme_os,autogluon,0.2127659574468085,0.5657894736842105,0.7739511678131499
extreme_os,autogluon,0.21580547112462006,0.5657894736842105,0.7739511678131499
extreme_os,autogluon,0.21580547112462006,0.5707236842105263,0.7739511678131499
extreme_os,autogluon,0.2188449848024316,0.5707236842105263,0.7739511678131499
extreme_os,autogluon,0.2188449848024316,0.5740131578947368,0.7739511678131499
extreme_os,autogluon,0.22188449848024316,0.5740131578947368,0.7739511678131499
extreme_os,autogluon,0.22188449848024316,0.5953947368421053,0.7739511678131499
extreme_os,autogluon,0.22492401215805471,0.5953947368421053,0.7739511678131499
extreme_os,autogluon,0.22492401215805471,0.6036184210526315,0.7739511678131499
extreme_os,autogluon,0.22796352583586627,0.6036184210526315,0.7739511678131499
extreme_os,autogluon,0.22796352583586627,0.6151315789473685,0.7739511678131499
extreme_os,autogluon,0.24012158054711247,0.6151315789473685,0.7739511678131499
extreme_os,autogluon,0.24012158054711247,0.6200657894736842,0.7739511678131499
extreme_os,autogluon,0.24316109422492402,0.6200657894736842,0.7739511678131499
extreme_os,autogluon,0.24316109422492402,0.6266447368421053,0.7739511678131499
extreme_os,autogluon,0.24620060790273557,0.6266447368421053,0.7739511678131499
extreme_os,autogluon,0.24620060790273557,0.631578947368421,0.7739511678131499
extreme_os,autogluon,0.24924012158054712,0.631578947368421,0.7739511678131499
extreme_os,autogluon,0.24924012158054712,0.6513157894736842,0.7739511678131499
extreme_os,autogluon,0.25227963525835867,0.6513157894736842,0.7739511678131499
extreme_os,autogluon,0.25227963525835867,0.6529605263157895,0.7739511678131499
extreme_os,autogluon,0.2553191489361702,0.6529605263157895,0.7739511678131499
extreme_os,autogluon,0.2553191489361702,0.6546052631578947,0.7739511678131499
extreme_os,autogluon,0.25835866261398177,0.6546052631578947,0.7739511678131499
extreme_os,autogluon,0.25835866261398177,0.65625,0.7739511678131499
extreme_os,autogluon,0.2613981762917933,0.65625,0.7739511678131499
extreme_os,autogluon,0.2613981762917933,0.6661184210526315,0.7739511678131499
extreme_os,autogluon,0.26443768996960487,0.6661184210526315,0.7739511678131499
extreme_os,autogluon,0.26443768996960487,0.6875,0.7739511678131499
extreme_os,autogluon,0.2674772036474164,0.6875,0.7739511678131499
extreme_os,autogluon,0.2674772036474164,0.6907894736842105,0.7739511678131499
extreme_os,autogluon,0.270516717325228,0.6907894736842105,0.7739511678131499
extreme_os,autogluon,0.270516717325228,0.6924342105263158,0.7739511678131499
extreme_os,autogluon,0.2826747720364742,0.6924342105263158,0.7739511678131499
extreme_os,autogluon,0.2826747720364742,0.694078947368421,0.7739511678131499
extreme_os,autogluon,0.2857142857142857,0.694078947368421,0.7739511678131499
extreme_os,autogluon,0.2857142857142857,0.7088815789473685,0.7739511678131499
extreme_os,autogluon,0.2917933130699088,0.7088815789473685,0.7739511678131499
extreme_os,autogluon,0.2917933130699088,0.71875,0.7739511678131499
extreme_os,autogluon,0.2978723404255319,0.71875,0.7739511678131499
extreme_os,autogluon,0.2978723404255319,0.7269736842105263,0.7739511678131499
extreme_os,autogluon,0.3009118541033435,0.7269736842105263,0.7739511678131499
extreme_os,autogluon,0.3009118541033435,0.7467105263157895,0.7739511678131499
extreme_os,autogluon,0.3069908814589666,0.7467105263157895,0.7739511678131499
extreme_os,autogluon,0.3069908814589666,0.7483552631578947,0.7739511678131499
extreme_os,autogluon,0.3130699088145897,0.7483552631578947,0.7739511678131499
extreme_os,autogluon,0.3130699088145897,0.7582236842105263,0.7739511678131499
extreme_os,autogluon,0.3161094224924012,0.7582236842105263,0.7739511678131499
extreme_os,autogluon,0.3161094224924012,0.7615131578947368,0.7739511678131499
extreme_os,autogluon,0.3191489361702128,0.7615131578947368,0.7739511678131499
extreme_os,autogluon,0.3191489361702128,0.7648026315789473,0.7739511678131499
extreme_os,autogluon,0.3221884498480243,0.7648026315789473,0.7739511678131499
extreme_os,autogluon,0.3221884498480243,0.7664473684210527,0.7739511678131499
extreme_os,autogluon,0.3252279635258359,0.7664473684210527,0.7739511678131499
extreme_os,autogluon,0.3252279635258359,0.7680921052631579,0.7739511678131499
extreme_os,autogluon,0.3282674772036474,0.7680921052631579,0.7739511678131499
extreme_os,autogluon,0.3282674772036474,0.7730263157894737,0.7739511678131499
extreme_os,autogluon,0.3343465045592705,0.7730263157894737,0.7739511678131499
extreme_os,autogluon,0.3343465045592705,0.7894736842105263,0.7739511678131499
extreme_os,autogluon,0.3373860182370821,0.7894736842105263,0.7739511678131499
extreme_os,autogluon,0.3373860182370821,0.7976973684210527,0.7739511678131499
extreme_os,autogluon,0.3404255319148936,0.7976973684210527,0.7739511678131499
extreme_os,autogluon,0.3404255319148936,0.819078947368421,0.7739511678131499
extreme_os,autogluon,0.3434650455927052,0.819078947368421,0.7739511678131499
extreme_os,autogluon,0.3434650455927052,0.8223684210526315,0.7739511678131499
extreme_os,autogluon,0.3465045592705167,0.8223684210526315,0.7739511678131499
extreme_os,autogluon,0.3465045592705167,0.8305921052631579,0.7739511678131499
extreme_os,autogluon,0.3556231003039514,0.8305921052631579,0.7739511678131499
extreme_os,autogluon,0.3556231003039514,0.837171052631579,0.7739511678131499
extreme_os,autogluon,0.3586626139817629,0.837171052631579,0.7739511678131499
extreme_os,autogluon,0.3586626139817629,0.850328947368421,0.7739511678131499
extreme_os,autogluon,0.364741641337386,0.850328947368421,0.7739511678131499
extreme_os,autogluon,0.364741641337386,0.8601973684210527,0.7739511678131499
extreme_os,autogluon,0.3677811550151976,0.8601973684210527,0.7739511678131499
extreme_os,autogluon,0.3677811550151976,0.8618421052631579,0.7739511678131499
extreme_os,autogluon,0.3738601823708207,0.8618421052631579,0.7739511678131499
extreme_os,autogluon,0.3738601823708207,0.8733552631578947,0.7739511678131499
extreme_os,autogluon,0.3799392097264438,0.8733552631578947,0.7739511678131499
extreme_os,autogluon,0.3799392097264438,0.8766447368421053,0.7739511678131499
extreme_os,autogluon,0.3829787234042553,0.8766447368421053,0.7739511678131499
extreme_os,autogluon,0.3829787234042553,0.8782894736842105,0.7739511678131499
extreme_os,autogluon,0.3890577507598784,0.8782894736842105,0.7739511678131499
extreme_os,autogluon,0.3890577507598784,0.8799342105263158,0.7739511678131499
extreme_os,autogluon,0.3981762917933131,0.8799342105263158,0.7739511678131499
extreme_os,autogluon,0.3981762917933131,0.881578947368421,0.7739511678131499
extreme_os,autogluon,0.4133738601823708,0.881578947368421,0.7739511678131499
extreme_os,autogluon,0.4133738601823708,0.8848684210526315,0.7739511678131499
extreme_os,autogluon,0.41641337386018235,0.8848684210526315,0.7739511678131499
extreme_os,autogluon,0.41641337386018235,0.8865131578947368,0.7739511678131499
extreme_os,autogluon,0.4194528875379939,0.8865131578947368,0.7739511678131499
extreme_os,autogluon,0.4194528875379939,0.8898026315789473,0.7739511678131499
extreme_os,autogluon,0.425531914893617,0.8898026315789473,0.7739511678131499
extreme_os,autogluon,0.425531914893617,0.8914473684210527,0.7739511678131499
extreme_os,autogluon,0.44376899696048633,0.8914473684210527,0.7739511678131499
extreme_os,autogluon,0.44376899696048633,0.8930921052631579,0.7739511678131499
extreme_os,autogluon,0.44984802431610943,0.8930921052631579,0.7739511678131499
extreme_os,autogluon,0.44984802431610943,0.8947368421052632,0.7739511678131499
extreme_os,autogluon,0.45592705167173253,0.8947368421052632,0.7739511678131499
extreme_os,autogluon,0.45592705167173253,0.8963815789473685,0.7739511678131499
extreme_os,autogluon,0.46200607902735563,0.8963815789473685,0.7739511678131499
extreme_os,autogluon,0.46200607902735563,0.8980263157894737,0.7739511678131499
extreme_os,autogluon,0.46504559270516715,0.8980263157894737,0.7739511678131499
extreme_os,autogluon,0.46504559270516715,0.9013157894736842,0.7739511678131499
extreme_os,autogluon,0.46808510638297873,0.9013157894736842,0.7739511678131499
extreme_os,autogluon,0.46808510638297873,0.9029605263157895,0.7739511678131499
extreme_os,autogluon,0.47720364741641336,0.9029605263157895,0.7739511678131499
extreme_os,autogluon,0.47720364741641336,0.9046052631578947,0.7739511678131499
extreme_os,autogluon,0.49240121580547114,0.9046052631578947,0.7739511678131499
extreme_os,autogluon,0.49240121580547114,0.912828947368421,0.7739511678131499
extreme_os,autogluon,0.5045592705167173,0.912828947368421,0.7739511678131499
extreme_os,autogluon,0.5045592705167173,0.9194078947368421,0.7739511678131499
extreme_os,autogluon,0.5167173252279635,0.9194078947368421,0.7739511678131499
extreme_os,autogluon,0.5167173252279635,0.9210526315789473,0.7739511678131499
extreme_os,autogluon,0.5379939209726444,0.9210526315789473,0.7739511678131499
extreme_os,autogluon,0.5379939209726444,0.9226973684210527,0.7739511678131499
extreme_os,autogluon,0.5531914893617021,0.9226973684210527,0.7739511678131499
extreme_os,autogluon,0.5531914893617021,0.9243421052631579,0.7739511678131499
extreme_os,autogluon,0.5623100303951368,0.9243421052631579,0.7739511678131499
extreme_os,autogluon,0.5623100303951368,0.9259868421052632,0.7739511678131499
extreme_os,autogluon,0.5775075987841946,0.9259868421052632,0.7739511678131499
extreme_os,autogluon,0.5775075987841946,0.9276315789473685,0.7739511678131499
extreme_os,autogluon,0.5835866261398176,0.9276315789473685,0.7739511678131499
extreme_os,autogluon,0.5835866261398176,0.9292763157894737,0.7739511678131499
extreme_os,autogluon,0.5957446808510638,0.9292763157894737,0.7739511678131499
extreme_os,autogluon,0.5957446808510638,0.930921052631579,0.7739511678131499
extreme_os,autogluon,0.60790273556231,0.930921052631579,0.7739511678131499
extreme_os,autogluon,0.60790273556231,0.9325657894736842,0.7739511678131499
extreme_os,autogluon,0.6109422492401215,0.9325657894736842,0.7739511678131499
extreme_os,autogluon,0.6109422492401215,0.9342105263157895,0.7739511678131499
extreme_os,autogluon,0.6170212765957447,0.9342105263157895,0.7739511678131499
extreme_os,autogluon,0.6170212765957447,0.9358552631578947,0.7739511678131499
extreme_os,autogluon,0.6322188449848024,0.9358552631578947,0.7739511678131499
extreme_os,autogluon,0.6322188449848024,0.9375,0.7739511678131499
extreme_os,autogluon,0.662613981762918,0.9375,0.7739511678131499
extreme_os,autogluon,0.662613981762918,0.9391447368421053,0.7739511678131499
extreme_os,autogluon,0.6747720364741642,0.9391447368421053,0.7739511678131499
extreme_os,autogluon,0.6747720364741642,0.9407894736842105,0.7739511678131499
extreme_os,autogluon,0.6899696048632219,0.9407894736842105,0.7739511678131499
extreme_os,autogluon,0.6899696048632219,0.9424342105263158,0.7739511678131499
extreme_os,autogluon,0.6930091185410334,0.9424342105263158,0.7739511678131499
extreme_os,autogluon,0.6930091185410334,0.944078947368421,0.7739511678131499
extreme_os,autogluon,0.6960486322188449,0.944078947368421,0.7739511678131499
extreme_os,autogluon,0.6960486322188449,0.9457236842105263,0.7739511678131499
extreme_os,autogluon,0.7021276595744681,0.9457236842105263,0.7739511678131499
extreme_os,autogluon,0.7021276595744681,0.9490131578947368,0.7739511678131499
extreme_os,autogluon,0.7142857142857143,0.9490131578947368,0.7739511678131499
extreme_os,autogluon,0.7142857142857143,0.9506578947368421,0.7739511678131499
extreme_os,autogluon,0.723404255319149,0.9506578947368421,0.7739511678131499
extreme_os,autogluon,0.723404255319149,0.9539473684210527,0.7739511678131499
extreme_os,autogluon,0.7264437689969605,0.9539473684210527,0.7739511678131499
extreme_os,autogluon,0.7264437689969605,0.9555921052631579,0.7739511678131499
extreme_os,autogluon,0.7355623100303952,0.9555921052631579,0.7739511678131499
extreme_os,autogluon,0.7355623100303952,0.9572368421052632,0.7739511678131499
extreme_os,autogluon,0.7386018237082067,0.9572368421052632,0.7739511678131499
extreme_os,autogluon,0.7386018237082067,0.9588815789473685,0.7739511678131499
extreme_os,autogluon,0.7446808510638298,0.9588815789473685,0.7739511678131499
extreme_os,autogluon,0.7446808510638298,0.962171052631579,0.7739511678131499
extreme_os,autogluon,0.7477203647416414,0.962171052631579,0.7739511678131499
extreme_os,autogluon,0.7477203647416414,0.9638157894736842,0.7739511678131499
extreme_os,autogluon,0.7689969604863222,0.9638157894736842,0.7739511678131499
extreme_os,autogluon,0.7689969604863222,0.9654605263157895,0.7739511678131499
extreme_os,autogluon,0.7720364741641338,0.9654605263157895,0.7739511678131499
extreme_os,autogluon,0.7720364741641338,0.9671052631578947,0.7739511678131499
extreme_os,autogluon,0.7750759878419453,0.9671052631578947,0.7739511678131499
extreme_os,autogluon,0.7750759878419453,0.96875,0.7739511678131499
extreme_os,autogluon,0.7781155015197568,0.96875,0.7739511678131499
extreme_os,autogluon,0.7781155015197568,0.9703947368421053,0.7739511678131499
extreme_os,autogluon,0.7872340425531915,0.9703947368421053,0.7739511678131499
extreme_os,autogluon,0.7872340425531915,0.9720394736842105,0.7739511678131499
extreme_os,autogluon,0.790273556231003,0.9720394736842105,0.7739511678131499
extreme_os,autogluon,0.790273556231003,0.9736842105263158,0.7739511678131499
extreme_os,autogluon,0.8054711246200608,0.9736842105263158,0.7739511678131499
extreme_os,autogluon,0.8054711246200608,0.975328947368421,0.7739511678131499
extreme_os,autogluon,0.8237082066869301,0.975328947368421,0.7739511678131499
extreme_os,autogluon,0.8237082066869301,0.9769736842105263,0.7739511678131499
extreme_os,autogluon,0.8267477203647416,0.9769736842105263,0.7739511678131499
extreme_os,autogluon,0.8267477203647416,0.9802631578947368,0.7739511678131499
extreme_os,autogluon,0.8480243161094225,0.9802631578947368,0.7739511678131499
extreme_os,autogluon,0.8480243161094225,0.9819078947368421,0.7739511678131499
extreme_os,autogluon,0.8662613981762918,0.9819078947368421,0.7739511678131499
extreme_os,autogluon,0.8662613981762918,0.9835526315789473,0.7739511678131499
extreme_os,autogluon,0.8693009118541033,0.9835526315789473,0.7739511678131499
extreme_os,autogluon,0.8693009118541033,0.9851973684210527,0.7739511678131499
extreme_os,autogluon,0.878419452887538,0.9851973684210527,0.7739511678131499
extreme_os,autogluon,0.878419452887538,0.9868421052631579,0.7739511678131499
extreme_os,autogluon,0.8875379939209727,0.9868421052631579,0.7739511678131499
extreme_os,autogluon,0.8875379939209727,0.9884868421052632,0.7739511678131499
extreme_os,autogluon,0.8905775075987842,0.9884868421052632,0.7739511678131499
extreme_os,autogluon,0.8905775075987842,0.9901315789473685,0.7739511678131499
extreme_os,autogluon,0.8996960486322189,0.9901315789473685,0.7739511678131499
extreme_os,autogluon,0.8996960486322189,0.9917763157894737,0.7739511678131499
extreme_os,autogluon,0.9209726443768997,0.9917763157894737,0.7739511678131499
extreme_os,autogluon,0.9209726443768997,0.993421052631579,0.7739511678131499
extreme_os,autogluon,0.9331306990881459,0.993421052631579,0.7739511678131499
extreme_os,autogluon,0.9331306990881459,0.9950657894736842,0.7739511678131499
extreme_os,autogluon,0.9452887537993921,0.9950657894736842,0.7739511678131499
extreme_os,autogluon,0.9452887537993921,0.9967105263157895,0.7739511678131499
extreme_os,autogluon,0.9604863221884499,0.9967105263157895,0.7739511678131499
extreme_os,autogluon,0.9604863221884499,0.9983552631578947,0.7739511678131499
extreme_os,autogluon,0.9878419452887538,0.9983552631578947,0.7739511678131499
extreme_os,autogluon,0.9878419452887538,1.0,0.7739511678131499
extreme_os,autogluon,1.0,1.0,0.7739511678131499
extreme_os,catboost,0.0,0.0,0.7857892737162055
extreme_os,catboost,0.0,0.001644736842105263,0.7857892737162055
extreme_os,catboost,0.0,0.004934210526315789,0.7857892737162055
extreme_os,catboost,0.00303951367781155,0.004934210526315789,0.7857892737162055
extreme_os,catboost,0.00303951367781155,0.02138157894736842,0.7857892737162055
extreme_os,catboost,0.0060790273556231,0.02138157894736842,0.7857892737162055
extreme_os,catboost,0.0060790273556231,0.03618421052631579,0.7857892737162055
extreme_os,catboost,0.00911854103343465,0.03618421052631579,0.7857892737162055
extreme_os,catboost,0.00911854103343465,0.039473684210526314,0.7857892737162055
extreme_os,catboost,0.015197568389057751,0.039473684210526314,0.7857892737162055
extreme_os,catboost,0.015197568389057751,0.044407894736842105,0.7857892737162055
extreme_os,catboost,0.02127659574468085,0.044407894736842105,0.7857892737162055
extreme_os,catboost,0.02127659574468085,0.06414473684210527,0.7857892737162055
extreme_os,catboost,0.0243161094224924,0.06414473684210527,0.7857892737162055
extreme_os,catboost,0.0243161094224924,0.08717105263157894,0.7857892737162055
extreme_os,catboost,0.02735562310030395,0.08717105263157894,0.7857892737162055
extreme_os,catboost,0.02735562310030395,0.13157894736842105,0.7857892737162055
extreme_os,catboost,0.030395136778115502,0.13157894736842105,0.7857892737162055
extreme_os,catboost,0.030395136778115502,0.13815789473684212,0.7857892737162055
extreme_os,catboost,0.03343465045592705,0.13815789473684212,0.7857892737162055
extreme_os,catboost,0.03343465045592705,0.13980263157894737,0.7857892737162055
extreme_os,catboost,0.0364741641337386,0.13980263157894737,0.7857892737162055
extreme_os,catboost,0.0364741641337386,0.16611842105263158,0.7857892737162055
extreme_os,catboost,0.03951367781155015,0.16611842105263158,0.7857892737162055
extreme_os,catboost,0.03951367781155015,0.17434210526315788,0.7857892737162055
extreme_os,catboost,0.0425531914893617,0.17434210526315788,0.7857892737162055
extreme_os,catboost,0.0425531914893617,0.1924342105263158,0.7857892737162055
extreme_os,catboost,0.04559270516717325,0.1924342105263158,0.7857892737162055
extreme_os,catboost,0.04559270516717325,0.21217105263157895,0.7857892737162055
extreme_os,catboost,0.0486322188449848,0.21217105263157895,0.7857892737162055
extreme_os,catboost,0.0486322188449848,0.2138157894736842,0.7857892737162055
extreme_os,catboost,0.0547112462006079,0.2138157894736842,0.7857892737162055
extreme_os,catboost,0.0547112462006079,0.21546052631578946,0.7857892737162055
extreme_os,catboost,0.057750759878419454,0.21546052631578946,0.7857892737162055
extreme_os,catboost,0.057750759878419454,0.22203947368421054,0.7857892737162055
extreme_os,catboost,0.060790273556231005,0.22203947368421054,0.7857892737162055
extreme_os,catboost,0.060790273556231005,0.23519736842105263,0.7857892737162055
extreme_os,catboost,0.06382978723404255,0.23519736842105263,0.7857892737162055
extreme_os,catboost,0.06382978723404255,0.24013157894736842,0.7857892737162055
extreme_os,catboost,0.0668693009118541,0.24013157894736842,0.7857892737162055
extreme_os,catboost,0.0668693009118541,0.25164473684210525,0.7857892737162055
extreme_os,catboost,0.06990881458966565,0.25164473684210525,0.7857892737162055
extreme_os,catboost,0.06990881458966565,0.2598684210526316,0.7857892737162055
extreme_os,catboost,0.0729483282674772,0.2598684210526316,0.7857892737162055
extreme_os,catboost,0.0729483282674772,0.26644736842105265,0.7857892737162055
extreme_os,catboost,0.07598784194528875,0.26644736842105265,0.7857892737162055
extreme_os,catboost,0.07598784194528875,0.2746710526315789,0.7857892737162055
extreme_os,catboost,0.0790273556231003,0.2746710526315789,0.7857892737162055
extreme_os,catboost,0.0790273556231003,0.29276315789473684,0.7857892737162055
extreme_os,catboost,0.08206686930091185,0.29276315789473684,0.7857892737162055
extreme_os,catboost,0.08206686930091185,0.3026315789473684,0.7857892737162055
extreme_os,catboost,0.0851063829787234,0.3026315789473684,0.7857892737162055
extreme_os,catboost,0.0851063829787234,0.31414473684210525,0.7857892737162055
extreme_os,catboost,0.08814589665653495,0.31414473684210525,0.7857892737162055
extreme_os,catboost,0.08814589665653495,0.31743421052631576,0.7857892737162055
extreme_os,catboost,0.0911854103343465,0.31743421052631576,0.7857892737162055
extreme_os,catboost,0.0911854103343465,0.33223684210526316,0.7857892737162055
extreme_os,catboost,0.09422492401215805,0.33223684210526316,0.7857892737162055
extreme_os,catboost,0.09422492401215805,0.3470394736842105,0.7857892737162055
extreme_os,catboost,0.0972644376899696,0.3470394736842105,0.7857892737162055
extreme_os,catboost,0.0972644376899696,0.3667763157894737,0.7857892737162055
extreme_os,catboost,0.1033434650455927,0.3667763157894737,0.7857892737162055
extreme_os,catboost,0.1033434650455927,0.3684210526315789,0.7857892737162055
extreme_os,catboost,0.10638297872340426,0.3684210526315789,0.7857892737162055
extreme_os,catboost,0.10638297872340426,0.38651315789473684,0.7857892737162055
extreme_os,catboost,0.11246200607902736,0.38651315789473684,0.7857892737162055
extreme_os,catboost,0.11246200607902736,0.3881578947368421,0.7857892737162055
extreme_os,catboost,0.11854103343465046,0.3881578947368421,0.7857892737162055
extreme_os,catboost,0.11854103343465046,0.40789473684210525,0.7857892737162055
extreme_os,catboost,0.12158054711246201,0.40789473684210525,0.7857892737162055
extreme_os,catboost,0.12158054711246201,0.4128289473684211,0.7857892737162055
extreme_os,catboost,0.12462006079027356,0.4128289473684211,0.7857892737162055
extreme_os,catboost,0.12462006079027356,0.4292763157894737,0.7857892737162055
extreme_os,catboost,0.1276595744680851,0.4292763157894737,0.7857892737162055
extreme_os,catboost,0.1276595744680851,0.4342105263157895,0.7857892737162055
extreme_os,catboost,0.13069908814589665,0.4342105263157895,0.7857892737162055
extreme_os,catboost,0.13069908814589665,0.43585526315789475,0.7857892737162055
extreme_os,catboost,0.1337386018237082,0.43585526315789475,0.7857892737162055
extreme_os,catboost,0.1337386018237082,0.44243421052631576,0.7857892737162055
extreme_os,catboost,0.13677811550151975,0.44243421052631576,0.7857892737162055
extreme_os,catboost,0.13677811550151975,0.4457236842105263,0.7857892737162055
extreme_os,catboost,0.1398176291793313,0.4457236842105263,0.7857892737162055
extreme_os,catboost,0.1398176291793313,0.4473684210526316,0.7857892737162055
extreme_os,catboost,0.1458966565349544,0.4473684210526316,0.7857892737162055
extreme_os,catboost,0.1458966565349544,0.46381578947368424,0.7857892737162055
extreme_os,catboost,0.1519756838905775,0.46381578947368424,0.7857892737162055
extreme_os,catboost,0.1519756838905775,0.4720394736842105,0.7857892737162055
extreme_os,catboost,0.15501519756838905,0.4720394736842105,0.7857892737162055
extreme_os,catboost,0.15501519756838905,0.47368421052631576,0.7857892737162055
extreme_os,catboost,0.1580547112462006,0.47368421052631576,0.7857892737162055
extreme_os,catboost,0.1580547112462006,0.4769736842105263,0.7857892737162055
extreme_os,catboost,0.1641337386018237,0.4769736842105263,0.7857892737162055
extreme_os,catboost,0.1641337386018237,0.4901315789473684,0.7857892737162055
extreme_os,catboost,0.16717325227963525,0.4901315789473684,0.7857892737162055
extreme_os,catboost,0.16717325227963525,0.5,0.7857892737162055
extreme_os,catboost,0.1702127659574468,0.5,0.7857892737162055
extreme_os,catboost,0.1702127659574468,0.5016447368421053,0.7857892737162055
extreme_os,catboost,0.17325227963525835,0.5016447368421053,0.7857892737162055
extreme_os,catboost,0.17325227963525835,0.5098684210526315,0.7857892737162055
extreme_os,catboost,0.1762917933130699,0.5098684210526315,0.7857892737162055
extreme_os,catboost,0.1762917933130699,0.5180921052631579,0.7857892737162055
extreme_os,catboost,0.17933130699088146,0.5180921052631579,0.7857892737162055
extreme_os,catboost,0.17933130699088146,0.5279605263157895,0.7857892737162055
extreme_os,catboost,0.182370820668693,0.5279605263157895,0.7857892737162055
extreme_os,catboost,0.182370820668693,0.5444078947368421,0.7857892737162055
extreme_os,catboost,0.18541033434650456,0.5444078947368421,0.7857892737162055
extreme_os,catboost,0.18541033434650456,0.5493421052631579,0.7857892737162055
extreme_os,catboost,0.1884498480243161,0.5493421052631579,0.7857892737162055
extreme_os,catboost,0.1884498480243161,0.5526315789473685,0.7857892737162055
extreme_os,catboost,0.19148936170212766,0.5526315789473685,0.7857892737162055
extreme_os,catboost,0.19148936170212766,0.555921052631579,0.7857892737162055
extreme_os,catboost,0.1945288753799392,0.555921052631579,0.7857892737162055
extreme_os,catboost,0.1945288753799392,0.5641447368421053,0.7857892737162055
extreme_os,catboost,0.2006079027355623,0.5641447368421053,0.7857892737162055
extreme_os,catboost,0.2006079027355623,0.5657894736842105,0.7857892737162055
extreme_os,catboost,0.20364741641337386,0.5657894736842105,0.7857892737162055
extreme_os,catboost,0.20364741641337386,0.5674342105263158,0.7857892737162055
extreme_os,catboost,0.2066869300911854,0.5674342105263158,0.7857892737162055
extreme_os,catboost,0.2066869300911854,0.5838815789473685,0.7857892737162055
extreme_os,catboost,0.20972644376899696,0.5838815789473685,0.7857892737162055
extreme_os,catboost,0.20972644376899696,0.5970394736842105,0.7857892737162055
extreme_os,catboost,0.22796352583586627,0.5970394736842105,0.7857892737162055
extreme_os,catboost,0.22796352583586627,0.6085526315789473,0.7857892737162055
extreme_os,catboost,0.23100303951367782,0.6085526315789473,0.7857892737162055
extreme_os,catboost,0.23100303951367782,0.6101973684210527,0.7857892737162055
extreme_os,catboost,0.23708206686930092,0.6101973684210527,0.7857892737162055
extreme_os,catboost,0.23708206686930092,0.6217105263157895,0.7857892737162055
extreme_os,catboost,0.24012158054711247,0.6217105263157895,0.7857892737162055
extreme_os,catboost,0.24012158054711247,0.6266447368421053,0.7857892737162055
extreme_os,catboost,0.24316109422492402,0.6266447368421053,0.7857892737162055
extreme_os,catboost,0.24316109422492402,0.6299342105263158,0.7857892737162055
extreme_os,catboost,0.24620060790273557,0.6299342105263158,0.7857892737162055
extreme_os,catboost,0.24620060790273557,0.6430921052631579,0.7857892737162055
extreme_os,catboost,0.24924012158054712,0.6430921052631579,0.7857892737162055
extreme_os,catboost,0.24924012158054712,0.6463815789473685,0.7857892737162055
extreme_os,catboost,0.25227963525835867,0.6463815789473685,0.7857892737162055
extreme_os,catboost,0.25227963525835867,0.6694078947368421,0.7857892737162055
extreme_os,catboost,0.2553191489361702,0.6694078947368421,0.7857892737162055
extreme_os,catboost,0.2553191489361702,0.6825657894736842,0.7857892737162055
extreme_os,catboost,0.25835866261398177,0.6825657894736842,0.7857892737162055
extreme_os,catboost,0.25835866261398177,0.6891447368421053,0.7857892737162055
extreme_os,catboost,0.26443768996960487,0.6891447368421053,0.7857892737162055
extreme_os,catboost,0.26443768996960487,0.7055921052631579,0.7857892737162055
extreme_os,catboost,0.2674772036474164,0.7055921052631579,0.7857892737162055
extreme_os,catboost,0.2674772036474164,0.71875,0.7857892737162055
extreme_os,catboost,0.2735562310030395,0.71875,0.7857892737162055
extreme_os,catboost,0.2735562310030395,0.7203947368421053,0.7857892737162055
extreme_os,catboost,0.2765957446808511,0.7203947368421053,0.7857892737162055
extreme_os,catboost,0.2765957446808511,0.7319078947368421,0.7857892737162055
extreme_os,catboost,0.2796352583586626,0.7319078947368421,0.7857892737162055
extreme_os,catboost,0.2796352583586626,0.7368421052631579,0.7857892737162055
extreme_os,catboost,0.2826747720364742,0.7368421052631579,0.7857892737162055
extreme_os,catboost,0.2826747720364742,0.743421052631579,0.7857892737162055
extreme_os,catboost,0.2887537993920973,0.743421052631579,0.7857892737162055
extreme_os,catboost,0.2887537993920973,0.7483552631578947,0.7857892737162055
extreme_os,catboost,0.2978723404255319,0.7483552631578947,0.7857892737162055
extreme_os,catboost,0.2978723404255319,0.7516447368421053,0.7857892737162055
extreme_os,catboost,0.3009118541033435,0.7516447368421053,0.7857892737162055
extreme_os,catboost,0.3009118541033435,0.7582236842105263,0.7857892737162055
extreme_os,catboost,0.303951367781155,0.7582236842105263,0.7857892737162055
extreme_os,catboost,0.303951367781155,0.7598684210526315,0.7857892737162055
extreme_os,catboost,0.3069908814589666,0.7598684210526315,0.7857892737162055
extreme_os,catboost,0.3069908814589666,0.7615131578947368,0.7857892737162055
extreme_os,catboost,0.3100303951367781,0.7615131578947368,0.7857892737162055
extreme_os,catboost,0.3100303951367781,0.7664473684210527,0.7857892737162055
extreme_os,catboost,0.3130699088145897,0.7664473684210527,0.7857892737162055
extreme_os,catboost,0.3130699088145897,0.78125,0.7857892737162055
extreme_os,catboost,0.3161094224924012,0.78125,0.7857892737162055
extreme_os,catboost,0.3161094224924012,0.7845394736842105,0.7857892737162055
extreme_os,catboost,0.3191489361702128,0.7845394736842105,0.7857892737162055
extreme_os,catboost,0.3191489361702128,0.7861842105263158,0.7857892737162055
extreme_os,catboost,0.3221884498480243,0.7861842105263158,0.7857892737162055
extreme_os,catboost,0.3221884498480243,0.7927631578947368,0.7857892737162055
extreme_os,catboost,0.3252279635258359,0.7927631578947368,0.7857892737162055
extreme_os,catboost,0.3252279635258359,0.7993421052631579,0.7857892737162055
extreme_os,catboost,0.3282674772036474,0.7993421052631579,0.7857892737162055
extreme_os,catboost,0.3282674772036474,0.805921052631579,0.7857892737162055
extreme_os,catboost,0.331306990881459,0.805921052631579,0.7857892737162055
extreme_os,catboost,0.331306990881459,0.8075657894736842,0.7857892737162055
extreme_os,catboost,0.3343465045592705,0.8075657894736842,0.7857892737162055
extreme_os,catboost,0.3343465045592705,0.8108552631578947,0.7857892737162055
extreme_os,catboost,0.3373860182370821,0.8108552631578947,0.7857892737162055
extreme_os,catboost,0.3373860182370821,0.8207236842105263,0.7857892737162055
extreme_os,catboost,0.3404255319148936,0.8207236842105263,0.7857892737162055
extreme_os,catboost,0.3404255319148936,0.8223684210526315,0.7857892737162055
extreme_os,catboost,0.3434650455927052,0.8223684210526315,0.7857892737162055
extreme_os,catboost,0.3434650455927052,0.8256578947368421,0.7857892737162055
extreme_os,catboost,0.3465045592705167,0.8256578947368421,0.7857892737162055
extreme_os,catboost,0.3465045592705167,0.8305921052631579,0.7857892737162055
extreme_os,catboost,0.3495440729483283,0.8305921052631579,0.7857892737162055
extreme_os,catboost,0.3495440729483283,0.837171052631579,0.7857892737162055
extreme_os,catboost,0.3525835866261398,0.837171052631579,0.7857892737162055
extreme_os,catboost,0.3525835866261398,0.8470394736842105,0.7857892737162055
extreme_os,catboost,0.3556231003039514,0.8470394736842105,0.7857892737162055
extreme_os,catboost,0.3556231003039514,0.8519736842105263,0.7857892737162055
extreme_os,catboost,0.3617021276595745,0.8519736842105263,0.7857892737162055
extreme_os,catboost,0.3617021276595745,0.8552631578947368,0.7857892737162055
extreme_os,catboost,0.364741641337386,0.8552631578947368,0.7857892737162055
extreme_os,catboost,0.364741641337386,0.8618421052631579,0.7857892737162055
extreme_os,catboost,0.3677811550151976,0.8618421052631579,0.7857892737162055
extreme_os,catboost,0.3677811550151976,0.868421052631579,0.7857892737162055
extreme_os,catboost,0.3799392097264438,0.868421052631579,0.7857892737162055
extreme_os,catboost,0.3799392097264438,0.875,0.7857892737162055
extreme_os,catboost,0.3829787234042553,0.875,0.7857892737162055
extreme_os,catboost,0.3829787234042553,0.8766447368421053,0.7857892737162055
extreme_os,catboost,0.3860182370820669,0.8766447368421053,0.7857892737162055
extreme_os,catboost,0.3860182370820669,0.8782894736842105,0.7857892737162055
extreme_os,catboost,0.3890577507598784,0.8782894736842105,0.7857892737162055
extreme_os,catboost,0.3890577507598784,0.8799342105263158,0.7857892737162055
extreme_os,catboost,0.39209726443769,0.8799342105263158,0.7857892737162055
extreme_os,catboost,0.39209726443769,0.8832236842105263,0.7857892737162055
extreme_os,catboost,0.3951367781155015,0.8832236842105263,0.7857892737162055
extreme_os,catboost,0.3951367781155015,0.8865131578947368,0.7857892737162055
extreme_os,catboost,0.41641337386018235,0.8865131578947368,0.7857892737162055
extreme_os,catboost,0.41641337386018235,0.8898026315789473,0.7857892737162055
extreme_os,catboost,0.425531914893617,0.8898026315789473,0.7857892737162055
extreme_os,catboost,0.425531914893617,0.8947368421052632,0.7857892737162055
extreme_os,catboost,0.42857142857142855,0.8947368421052632,0.7857892737162055
extreme_os,catboost,0.42857142857142855,0.8963815789473685,0.7857892737162055
extreme_os,catboost,0.4316109422492401,0.8963815789473685,0.7857892737162055
extreme_os,catboost,0.4316109422492401,0.8980263157894737,0.7857892737162055
extreme_os,catboost,0.44376899696048633,0.8980263157894737,0.7857892737162055
extreme_os,catboost,0.44376899696048633,0.899671052631579,0.7857892737162055
extreme_os,catboost,0.45592705167173253,0.899671052631579,0.7857892737162055
extreme_os,catboost,0.45592705167173253,0.9013157894736842,0.7857892737162055
extreme_os,catboost,0.47720364741641336,0.9013157894736842,0.7857892737162055
extreme_os,catboost,0.47720364741641336,0.9046052631578947,0.7857892737162055
extreme_os,catboost,0.48024316109422494,0.9046052631578947,0.7857892737162055
extreme_os,catboost,0.48024316109422494,0.9095394736842105,0.7857892737162055
extreme_os,catboost,0.49240121580547114,0.9095394736842105,0.7857892737162055
extreme_os,catboost,0.49240121580547114,0.912828947368421,0.7857892737162055
extreme_os,catboost,0.5075987841945289,0.912828947368421,0.7857892737162055
extreme_os,catboost,0.5075987841945289,0.9144736842105263,0.7857892737162055
extreme_os,catboost,0.5106382978723404,0.9144736842105263,0.7857892737162055
extreme_os,catboost,0.5106382978723404,0.9161184210526315,0.7857892737162055
extreme_os,catboost,0.5167173252279635,0.9161184210526315,0.7857892737162055
extreme_os,catboost,0.5167173252279635,0.9177631578947368,0.7857892737162055
extreme_os,catboost,0.5197568389057751,0.9177631578947368,0.7857892737162055
extreme_os,catboost,0.5197568389057751,0.9210526315789473,0.7857892737162055
extreme_os,catboost,0.5319148936170213,0.9210526315789473,0.7857892737162055
extreme_os,catboost,0.5319148936170213,0.9226973684210527,0.7857892737162055
extreme_os,catboost,0.5349544072948328,0.9226973684210527,0.7857892737162055
extreme_os,catboost,0.5349544072948328,0.9243421052631579,0.7857892737162055
extreme_os,catboost,0.541033434650456,0.9243421052631579,0.7857892737162055
extreme_os,catboost,0.541033434650456,0.9259868421052632,0.7857892737162055
extreme_os,catboost,0.5592705167173252,0.9259868421052632,0.7857892737162055
extreme_os,catboost,0.5592705167173252,0.9276315789473685,0.7857892737162055
extreme_os,catboost,0.5714285714285714,0.9276315789473685,0.7857892737162055
extreme_os,catboost,0.5714285714285714,0.9325657894736842,0.7857892737162055
extreme_os,catboost,0.5775075987841946,0.9325657894736842,0.7857892737162055
extreme_os,catboost,0.5775075987841946,0.9342105263157895,0.7857892737162055
extreme_os,catboost,0.5866261398176292,0.9342105263157895,0.7857892737162055
extreme_os,catboost,0.5866261398176292,0.9375,0.7857892737162055
extreme_os,catboost,0.5927051671732523,0.9375,0.7857892737162055
extreme_os,catboost,0.5927051671732523,0.9391447368421053,0.7857892737162055
extreme_os,catboost,0.601823708206687,0.9391447368421053,0.7857892737162055
extreme_os,catboost,0.601823708206687,0.9424342105263158,0.7857892737162055
extreme_os,catboost,0.6109422492401215,0.9424342105263158,0.7857892737162055
extreme_os,catboost,0.6109422492401215,0.9457236842105263,0.7857892737162055
extreme_os,catboost,0.6261398176291794,0.9457236842105263,0.7857892737162055
extreme_os,catboost,0.6261398176291794,0.9473684210526315,0.7857892737162055
extreme_os,catboost,0.6322188449848024,0.9473684210526315,0.7857892737162055
extreme_os,catboost,0.6322188449848024,0.9506578947368421,0.7857892737162055
extreme_os,catboost,0.6352583586626139,0.9506578947368421,0.7857892737162055
extreme_os,catboost,0.6352583586626139,0.9523026315789473,0.7857892737162055
extreme_os,catboost,0.6382978723404256,0.9523026315789473,0.7857892737162055
extreme_os,catboost,0.6382978723404256,0.9539473684210527,0.7857892737162055
extreme_os,catboost,0.6747720364741642,0.9539473684210527,0.7857892737162055
extreme_os,catboost,0.6747720364741642,0.9555921052631579,0.7857892737162055
extreme_os,catboost,0.6899696048632219,0.9555921052631579,0.7857892737162055
extreme_os,catboost,0.6899696048632219,0.9572368421052632,0.7857892737162055
extreme_os,catboost,0.6930091185410334,0.9572368421052632,0.7857892737162055
extreme_os,catboost,0.6930091185410334,0.9588815789473685,0.7857892737162055
extreme_os,catboost,0.7021276595744681,0.9588815789473685,0.7857892737162055
extreme_os,catboost,0.7021276595744681,0.9638157894736842,0.7857892737162055
extreme_os,catboost,0.7051671732522796,0.9638157894736842,0.7857892737162055
extreme_os,catboost,0.7051671732522796,0.9654605263157895,0.7857892737162055
extreme_os,catboost,0.7142857142857143,0.9654605263157895,0.7857892737162055
extreme_os,catboost,0.7142857142857143,0.9671052631578947,0.7857892737162055
extreme_os,catboost,0.7416413373860182,0.9671052631578947,0.7857892737162055
extreme_os,catboost,0.7416413373860182,0.96875,0.7857892737162055
extreme_os,catboost,0.7659574468085106,0.96875,0.7857892737162055
extreme_os,catboost,0.7659574468085106,0.9703947368421053,0.7857892737162055
extreme_os,catboost,0.7933130699088146,0.9703947368421053,0.7857892737162055
extreme_os,catboost,0.7933130699088146,0.9720394736842105,0.7857892737162055
extreme_os,catboost,0.8145896656534954,0.9720394736842105,0.7857892737162055
extreme_os,catboost,0.8145896656534954,0.9736842105263158,0.7857892737162055
extreme_os,catboost,0.8480243161094225,0.9736842105263158,0.7857892737162055
extreme_os,catboost,0.8480243161094225,0.975328947368421,0.7857892737162055
extreme_os,catboost,0.851063829787234,0.975328947368421,0.7857892737162055
extreme_os,catboost,0.851063829787234,0.9769736842105263,0.7857892737162055
extreme_os,catboost,0.8541033434650456,0.9769736842105263,0.7857892737162055
extreme_os,catboost,0.8541033434650456,0.9786184210526315,0.7857892737162055
extreme_os,catboost,0.8723404255319149,0.9786184210526315,0.7857892737162055
extreme_os,catboost,0.8723404255319149,0.9802631578947368,0.7857892737162055
extreme_os,catboost,0.8814589665653495,0.9802631578947368,0.7857892737162055
extreme_os,catboost,0.8814589665653495,0.9835526315789473,0.7857892737162055
extreme_os,catboost,0.8905775075987842,0.9835526315789473,0.7857892737162055
extreme_os,catboost,0.8905775075987842,0.9851973684210527,0.7857892737162055
extreme_os,catboost,0.9057750759878419,0.9851973684210527,0.7857892737162055
extreme_os,catboost,0.9057750759878419,0.9868421052631579,0.7857892737162055
extreme_os,catboost,0.9118541033434651,0.9868421052631579,0.7857892737162055
extreme_os,catboost,0.9118541033434651,0.9884868421052632,0.7857892737162055
extreme_os,catboost,0.9300911854103343,0.9884868421052632,0.7857892737162055
extreme_os,catboost,0.9300911854103343,0.9901315789473685,0.7857892737162055
extreme_os,catboost,0.9452887537993921,0.9901315789473685,0.7857892737162055
extreme_os,catboost,0.9452887537993921,0.9917763157894737,0.7857892737162055
extreme_os,catboost,0.9574468085106383,0.9917763157894737,0.7857892737162055
extreme_os,catboost,0.9574468085106383,0.993421052631579,0.7857892737162055
extreme_os,catboost,0.9635258358662614,0.993421052631579,0.7857892737162055
extreme_os,catboost,0.9635258358662614,0.9950657894736842,0.7857892737162055
extreme_os,catboost,0.9848024316109423,0.9950657894736842,0.7857892737162055
extreme_os,catboost,0.9848024316109423,0.9967105263157895,0.7857892737162055
extreme_os,catboost,0.993920972644377,0.9967105263157895,0.7857892737162055
extreme_os,catboost,0.993920972644377,1.0,0.7857892737162055
extreme_os,catboost,1.0,1.0,0.7857892737162055
extreme_os,random_forest,0.0,0.0,0.7828647416413373
extreme_os,random_forest,0.0,0.001644736842105263,0.7828647416413373
extreme_os,random_forest,0.0,0.003289473684210526,0.7828647416413373
extreme_os,random_forest,0.0,0.006578947368421052,0.7828647416413373
extreme_os,random_forest,0.0,0.009868421052631578,0.7828647416413373
extreme_os,random_forest,0.0,0.013157894736842105,0.7828647416413373
extreme_os,random_forest,0.0,0.03453947368421053,0.7828647416413373
extreme_os,random_forest,0.0060790273556231,0.03453947368421053,0.7828647416413373
extreme_os,random_forest,0.0060790273556231,0.05756578947368421,0.7828647416413373
extreme_os,random_forest,0.0060790273556231,0.06085526315789474,0.7828647416413373
extreme_os,random_forest,0.0060790273556231,0.06743421052631579,0.7828647416413373
extreme_os,random_forest,0.0060790273556231,0.07072368421052631,0.7828647416413373
extreme_os,random_forest,0.0060790273556231,0.07401315789473684,0.7828647416413373
extreme_os,random_forest,0.0060790273556231,0.07730263157894737,0.7828647416413373
extreme_os,random_forest,0.0060790273556231,0.09210526315789473,0.7828647416413373
extreme_os,random_forest,0.0121580547112462,0.09210526315789473,0.7828647416413373
extreme_os,random_forest,0.0121580547112462,0.09703947368421052,0.7828647416413373
extreme_os,random_forest,0.015197568389057751,0.09703947368421052,0.7828647416413373
extreme_os,random_forest,0.015197568389057751,0.10526315789473684,0.7828647416413373
extreme_os,random_forest,0.015197568389057751,0.10855263157894737,0.7828647416413373
extreme_os,random_forest,0.015197568389057751,0.11842105263157894,0.7828647416413373
extreme_os,random_forest,0.0182370820668693,0.11842105263157894,0.7828647416413373
extreme_os,random_forest,0.0182370820668693,0.12171052631578948,0.7828647416413373
extreme_os,random_forest,0.02127659574468085,0.12171052631578948,0.7828647416413373
extreme_os,random_forest,0.02127659574468085,0.12664473684210525,0.7828647416413373
extreme_os,random_forest,0.0243161094224924,0.12664473684210525,0.7828647416413373
extreme_os,random_forest,0.0243161094224924,0.14144736842105263,0.7828647416413373
extreme_os,random_forest,0.02735562310030395,0.14144736842105263,0.7828647416413373
extreme_os,random_forest,0.02735562310030395,0.14638157894736842,0.7828647416413373
extreme_os,random_forest,0.02735562310030395,0.15296052631578946,0.7828647416413373
extreme_os,random_forest,0.02735562310030395,0.16282894736842105,0.7828647416413373
extreme_os,random_forest,0.030395136778115502,0.16282894736842105,0.7828647416413373
extreme_os,random_forest,0.03343465045592705,0.16447368421052633,0.7828647416413373
extreme_os,random_forest,0.03343465045592705,0.17598684210526316,0.7828647416413373
extreme_os,random_forest,0.0364741641337386,0.17598684210526316,0.7828647416413373
extreme_os,random_forest,0.03951367781155015,0.17763157894736842,0.7828647416413373
extreme_os,random_forest,0.03951367781155015,0.18092105263157895,0.7828647416413373
extreme_os,random_forest,0.03951367781155015,0.18421052631578946,0.7828647416413373
extreme_os,random_forest,0.03951367781155015,0.19078947368421054,0.7828647416413373
extreme_os,random_forest,0.0425531914893617,0.19078947368421054,0.7828647416413373
extreme_os,random_forest,0.0425531914893617,0.19572368421052633,0.7828647416413373
extreme_os,random_forest,0.04559270516717325,0.19572368421052633,0.7828647416413373
extreme_os,random_forest,0.04559270516717325,0.19736842105263158,0.7828647416413373
extreme_os,random_forest,0.0486322188449848,0.19736842105263158,0.7828647416413373
extreme_os,random_forest,0.0486322188449848,0.21546052631578946,0.7828647416413373
extreme_os,random_forest,0.0486322188449848,0.21875,0.7828647416413373
extreme_os,random_forest,0.0486322188449848,0.22532894736842105,0.7828647416413373
extreme_os,random_forest,0.05167173252279635,0.22532894736842105,0.7828647416413373
extreme_os,random_forest,0.05167173252279635,0.23355263157894737,0.7828647416413373
extreme_os,random_forest,0.05167173252279635,0.23684210526315788,0.7828647416413373
extreme_os,random_forest,0.05167173252279635,0.24671052631578946,0.7828647416413373
extreme_os,random_forest,0.057750759878419454,0.25,0.7828647416413373
extreme_os,random_forest,0.057750759878419454,0.2565789473684211,0.7828647416413373
extreme_os,random_forest,0.057750759878419454,0.2598684210526316,0.7828647416413373
extreme_os,random_forest,0.057750759878419454,0.26480263157894735,0.7828647416413373
extreme_os,random_forest,0.057750759878419454,0.2680921052631579,0.7828647416413373
extreme_os,random_forest,0.057750759878419454,0.27631578947368424,0.7828647416413373
extreme_os,random_forest,0.060790273556231005,0.27631578947368424,0.7828647416413373
extreme_os,random_forest,0.06382978723404255,0.2779605263157895,0.7828647416413373
extreme_os,random_forest,0.06382978723404255,0.27960526315789475,0.7828647416413373
extreme_os,random_forest,0.0668693009118541,0.27960526315789475,0.7828647416413373
extreme_os,random_forest,0.0668693009118541,0.2894736842105263,0.7828647416413373
extreme_os,random_forest,0.0729483282674772,0.29276315789473684,0.7828647416413373
extreme_os,random_forest,0.0729483282674772,0.29605263157894735,0.7828647416413373
extreme_os,random_forest,0.07598784194528875,0.29605263157894735,0.7828647416413373
extreme_os,random_forest,0.07598784194528875,0.30098684210526316,0.7828647416413373
extreme_os,random_forest,0.0790273556231003,0.3042763157894737,0.7828647416413373
extreme_os,random_forest,0.0790273556231003,0.31085526315789475,0.7828647416413373
extreme_os,random_forest,0.0851063829787234,0.31085526315789475,0.7828647416413373
extreme_os,random_forest,0.0851063829787234,0.3157894736842105,0.7828647416413373
extreme_os,random_forest,0.0911854103343465,0.3157894736842105,0.7828647416413373
extreme_os,random_forest,0.0911854103343465,0.31743421052631576,0.7828647416413373
extreme_os,random_forest,0.09422492401215805,0.31743421052631576,0.7828647416413373
extreme_os,random_forest,0.09422492401215805,0.3207236842105263,0.7828647416413373
extreme_os,random_forest,0.0972644376899696,0.3207236842105263,0.7828647416413373
extreme_os,random_forest,0.0972644376899696,0.3305921052631579,0.7828647416413373
extreme_os,random_forest,0.10030395136778116,0.33223684210526316,0.7828647416413373
extreme_os,random_forest,0.1033434650455927,0.33223684210526316,0.7828647416413373
extreme_os,random_forest,0.1033434650455927,0.3355263157894737,0.7828647416413373
extreme_os,random_forest,0.1033434650455927,0.34210526315789475,0.7828647416413373
extreme_os,random_forest,0.10638297872340426,0.34375,0.7828647416413373
extreme_os,random_forest,0.10638297872340426,0.36019736842105265,0.7828647416413373
extreme_os,random_forest,0.1094224924012158,0.3618421052631579,0.7828647416413373
extreme_os,random_forest,0.1094224924012158,0.3651315789473684,0.7828647416413373
extreme_os,random_forest,0.1094224924012158,0.3684210526315789,0.7828647416413373
extreme_os,random_forest,0.1094224924012158,0.37006578947368424,0.7828647416413373
extreme_os,random_forest,0.11246200607902736,0.37006578947368424,0.7828647416413373
extreme_os,random_forest,0.11246200607902736,0.3815789473684211,0.7828647416413373
extreme_os,random_forest,0.11246200607902736,0.3848684210526316,0.7828647416413373
extreme_os,random_forest,0.11550151975683891,0.3848684210526316,0.7828647416413373
extreme_os,random_forest,0.11550151975683891,0.3881578947368421,0.7828647416413373
extreme_os,random_forest,0.11854103343465046,0.3881578947368421,0.7828647416413373
extreme_os,random_forest,0.11854103343465046,0.38980263157894735,0.7828647416413373
extreme_os,random_forest,0.11854103343465046,0.39473684210526316,0.7828647416413373
extreme_os,random_forest,0.11854103343465046,0.3980263157894737,0.7828647416413373
extreme_os,random_forest,0.12158054711246201,0.3980263157894737,0.7828647416413373
extreme_os,random_forest,0.12462006079027356,0.3996710526315789,0.7828647416413373
extreme_os,random_forest,0.12462006079027356,0.40131578947368424,0.7828647416413373
extreme_os,random_forest,0.1276595744680851,0.40131578947368424,0.7828647416413373
extreme_os,random_forest,0.1276595744680851,0.40789473684210525,0.7828647416413373
extreme_os,random_forest,0.13069908814589665,0.40789473684210525,0.7828647416413373
extreme_os,random_forest,0.13069908814589665,0.42105263157894735,0.7828647416413373
extreme_os,random_forest,0.1337386018237082,0.42105263157894735,0.7828647416413373
extreme_os,random_forest,0.1337386018237082,0.42598684210526316,0.7828647416413373
extreme_os,random_forest,0.13677811550151975,0.4276315789473684,0.7828647416413373
extreme_os,random_forest,0.13677811550151975,0.4309210526315789,0.7828647416413373
extreme_os,random_forest,0.1398176291793313,0.4309210526315789,0.7828647416413373
extreme_os,random_forest,0.1398176291793313,0.43256578947368424,0.7828647416413373
extreme_os,random_forest,0.14285714285714285,0.43256578947368424,0.7828647416413373
extreme_os,random_forest,0.14285714285714285,0.43585526315789475,0.7828647416413373
extreme_os,random_forest,0.14285714285714285,0.4440789473684211,0.7828647416413373
extreme_os,random_forest,0.1458966565349544,0.4457236842105263,0.7828647416413373
extreme_os,random_forest,0.14893617021276595,0.44901315789473684,0.7828647416413373
extreme_os,random_forest,0.14893617021276595,0.4654605263157895,0.7828647416413373
extreme_os,random_forest,0.15501519756838905,0.4654605263157895,0.7828647416413373
extreme_os,random_forest,0.15501519756838905,0.46875,0.7828647416413373
extreme_os,random_forest,0.1580547112462006,0.46875,0.7828647416413373
extreme_os,random_forest,0.1580547112462006,0.4720394736842105,0.7828647416413373
extreme_os,random_forest,0.1641337386018237,0.4720394736842105,0.7828647416413373
extreme_os,random_forest,0.1641337386018237,0.4769736842105263,0.7828647416413373
extreme_os,random_forest,0.1641337386018237,0.48026315789473684,0.7828647416413373
extreme_os,random_forest,0.1641337386018237,0.4901315789473684,0.7828647416413373
extreme_os,random_forest,0.1702127659574468,0.4901315789473684,0.7828647416413373
extreme_os,random_forest,0.1702127659574468,0.4934210526315789,0.7828647416413373
extreme_os,random_forest,0.17325227963525835,0.4934210526315789,0.7828647416413373
extreme_os,random_forest,0.17325227963525835,0.4967105263157895,0.7828647416413373
extreme_os,random_forest,0.1762917933130699,0.4967105263157895,0.7828647416413373
extreme_os,random_forest,0.1762917933130699,0.5016447368421053,0.7828647416413373
extreme_os,random_forest,0.17933130699088146,0.5016447368421053,0.7828647416413373
extreme_os,random_forest,0.182370820668693,0.5032894736842105,0.7828647416413373
extreme_os,random_forest,0.182370820668693,0.506578947368421,0.7828647416413373
extreme_os,random_forest,0.18541033434650456,0.5082236842105263,0.7828647416413373
extreme_os,random_forest,0.18541033434650456,0.5098684210526315,0.7828647416413373
extreme_os,random_forest,0.1884498480243161,0.5098684210526315,0.7828647416413373
extreme_os,random_forest,0.1884498480243161,0.5164473684210527,0.7828647416413373
extreme_os,random_forest,0.1884498480243161,0.5213815789473685,0.7828647416413373
extreme_os,random_forest,0.1884498480243161,0.524671052631579,0.7828647416413373
extreme_os,random_forest,0.1945288753799392,0.524671052631579,0.7828647416413373
extreme_os,random_forest,0.1945288753799392,0.5263157894736842,0.7828647416413373
extreme_os,random_forest,0.2006079027355623,0.5263157894736842,0.7828647416413373
extreme_os,random_forest,0.2006079027355623,0.5460526315789473,0.7828647416413373
extreme_os,random_forest,0.20364741641337386,0.5460526315789473,0.7828647416413373
extreme_os,random_forest,0.20364741641337386,0.5476973684210527,0.7828647416413373
extreme_os,random_forest,0.2066869300911854,0.5493421052631579,0.7828647416413373
extreme_os,random_forest,0.2066869300911854,0.5542763157894737,0.7828647416413373
extreme_os,random_forest,0.2066869300911854,0.5575657894736842,0.7828647416413373
extreme_os,random_forest,0.2066869300911854,0.5625,0.7828647416413373
extreme_os,random_forest,0.2127659574468085,0.5625,0.7828647416413373
extreme_os,random_forest,0.2127659574468085,0.5657894736842105,0.7828647416413373
extreme_os,random_forest,0.21580547112462006,0.5657894736842105,0.7828647416413373
extreme_os,random_forest,0.21580547112462006,0.5723684210526315,0.7828647416413373
extreme_os,random_forest,0.2188449848024316,0.5723684210526315,0.7828647416413373
extreme_os,random_forest,0.2188449848024316,0.5756578947368421,0.7828647416413373
extreme_os,random_forest,0.22188449848024316,0.5756578947368421,0.7828647416413373
extreme_os,random_forest,0.22188449848024316,0.5888157894736842,0.7828647416413373
extreme_os,random_forest,0.22796352583586627,0.5904605263157895,0.7828647416413373
extreme_os,random_forest,0.23100303951367782,0.5904605263157895,0.7828647416413373
extreme_os,random_forest,0.23100303951367782,0.5921052631578947,0.7828647416413373
extreme_os,random_forest,0.23100303951367782,0.5953947368421053,0.7828647416413373
extreme_os,random_forest,0.23404255319148937,0.5953947368421053,0.7828647416413373
extreme_os,random_forest,0.23404255319148937,0.600328947368421,0.7828647416413373
extreme_os,random_forest,0.23708206686930092,0.600328947368421,0.7828647416413373
extreme_os,random_forest,0.23708206686930092,0.6052631578947368,0.7828647416413373
extreme_os,random_forest,0.24012158054711247,0.6052631578947368,0.7828647416413373
extreme_os,random_forest,0.24012158054711247,0.6151315789473685,0.7828647416413373
extreme_os,random_forest,0.24620060790273557,0.618421052631579,0.7828647416413373
extreme_os,random_forest,0.24620060790273557,0.6200657894736842,0.7828647416413373
extreme_os,random_forest,0.24924012158054712,0.6217105263157895,0.7828647416413373
extreme_os,random_forest,0.24924012158054712,0.6266447368421053,0.7828647416413373
extreme_os,random_forest,0.25227963525835867,0.6266447368421053,0.7828647416413373
extreme_os,random_forest,0.25227963525835867,0.6282894736842105,0.7828647416413373
extreme_os,random_forest,0.2553191489361702,0.6282894736842105,0.7828647416413373
extreme_os,random_forest,0.2553191489361702,0.6299342105263158,0.7828647416413373
extreme_os,random_forest,0.25835866261398177,0.631578947368421,0.7828647416413373
extreme_os,random_forest,0.25835866261398177,0.6414473684210527,0.7828647416413373
extreme_os,random_forest,0.2613981762917933,0.6414473684210527,0.7828647416413373
extreme_os,random_forest,0.2613981762917933,0.6463815789473685,0.7828647416413373
extreme_os,random_forest,0.2613981762917933,0.649671052631579,0.7828647416413373
extreme_os,random_forest,0.2613981762917933,0.6578947368421053,0.7828647416413373
extreme_os,random_forest,0.26443768996960487,0.6578947368421053,0.7828647416413373
extreme_os,random_forest,0.26443768996960487,0.6661184210526315,0.7828647416413373
extreme_os,random_forest,0.2674772036474164,0.6661184210526315,0.7828647416413373
extreme_os,random_forest,0.2674772036474164,0.6677631578947368,0.7828647416413373
extreme_os,random_forest,0.270516717325228,0.6677631578947368,0.7828647416413373
extreme_os,random_forest,0.270516717325228,0.6710526315789473,0.7828647416413373
extreme_os,random_forest,0.270516717325228,0.6759868421052632,0.7828647416413373
extreme_os,random_forest,0.2765957446808511,0.6759868421052632,0.7828647416413373
extreme_os,random_forest,0.2765957446808511,0.6842105263157895,0.7828647416413373
extreme_os,random_forest,0.2796352583586626,0.6842105263157895,0.7828647416413373
extreme_os,random_forest,0.2796352583586626,0.6858552631578947,0.7828647416413373
extreme_os,random_forest,0.2826747720364742,0.6858552631578947,0.7828647416413373
extreme_os,random_forest,0.2826747720364742,0.694078947368421,0.7828647416413373
extreme_os,random_forest,0.2826747720364742,0.6973684210526315,0.7828647416413373
extreme_os,random_forest,0.2826747720364742,0.6990131578947368,0.7828647416413373
extreme_os,random_forest,0.2857142857142857,0.6990131578947368,0.7828647416413373
extreme_os,random_forest,0.2857142857142857,0.7055921052631579,0.7828647416413373
extreme_os,random_forest,0.2887537993920973,0.7072368421052632,0.7828647416413373
extreme_os,random_forest,0.2887537993920973,0.7154605263157895,0.7828647416413373
extreme_os,random_forest,0.2917933130699088,0.7154605263157895,0.7828647416413373
extreme_os,random_forest,0.2948328267477204,0.7171052631578947,0.7828647416413373
extreme_os,random_forest,0.2948328267477204,0.71875,0.7828647416413373
extreme_os,random_forest,0.2948328267477204,0.7220394736842105,0.7828647416413373
extreme_os,random_forest,0.2948328267477204,0.7269736842105263,0.7828647416413373
extreme_os,random_forest,0.2978723404255319,0.7269736842105263,0.7828647416413373
extreme_os,random_forest,0.2978723404255319,0.7335526315789473,0.7828647416413373
extreme_os,random_forest,0.3009118541033435,0.7335526315789473,0.7828647416413373
extreme_os,random_forest,0.3009118541033435,0.7351973684210527,0.7828647416413373
extreme_os,random_forest,0.3009118541033435,0.7384868421052632,0.7828647416413373
extreme_os,random_forest,0.3009118541033435,0.7417763157894737,0.7828647416413373
extreme_os,random_forest,0.3009118541033435,0.7450657894736842,0.7828647416413373
extreme_os,random_forest,0.3069908814589666,0.7450657894736842,0.7828647416413373
extreme_os,random_forest,0.3069908814589666,0.7467105263157895,0.7828647416413373
extreme_os,random_forest,0.3069908814589666,0.75,0.7828647416413373
extreme_os,random_forest,0.3069908814589666,0.7532894736842105,0.7828647416413373
extreme_os,random_forest,0.3130699088145897,0.7532894736842105,0.7828647416413373
extreme_os,random_forest,0.3130699088145897,0.7549342105263158,0.7828647416413373
extreme_os,random_forest,0.3161094224924012,0.7549342105263158,0.7828647416413373
extreme_os,random_forest,0.3161094224924012,0.7598684210526315,0.7828647416413373
extreme_os,random_forest,0.3191489361702128,0.7615131578947368,0.7828647416413373
extreme_os,random_forest,0.3191489361702128,0.7631578947368421,0.7828647416413373
extreme_os,random_forest,0.3221884498480243,0.7648026315789473,0.7828647416413373
extreme_os,random_forest,0.3221884498480243,0.7680921052631579,0.7828647416413373
extreme_os,random_forest,0.3252279635258359,0.7680921052631579,0.7828647416413373
extreme_os,random_forest,0.3252279635258359,0.7713815789473685,0.7828647416413373
extreme_os,random_forest,0.3252279635258359,0.7763157894736842,0.7828647416413373
extreme_os,random_forest,0.3252279635258359,0.7779605263157895,0.7828647416413373
extreme_os,random_forest,0.331306990881459,0.7779605263157895,0.7828647416413373
extreme_os,random_forest,0.331306990881459,0.7861842105263158,0.7828647416413373
extreme_os,random_forest,0.3343465045592705,0.7861842105263158,0.7828647416413373
extreme_os,random_forest,0.3343465045592705,0.7894736842105263,0.7828647416413373
extreme_os,random_forest,0.3373860182370821,0.7894736842105263,0.7828647416413373
extreme_os,random_forest,0.3373860182370821,0.7927631578947368,0.7828647416413373
extreme_os,random_forest,0.3404255319148936,0.7927631578947368,0.7828647416413373
extreme_os,random_forest,0.3404255319148936,0.7944078947368421,0.7828647416413373
extreme_os,random_forest,0.3465045592705167,0.7944078947368421,0.7828647416413373
extreme_os,random_forest,0.3495440729483283,0.7976973684210527,0.7828647416413373
extreme_os,random_forest,0.3495440729483283,0.8125,0.7828647416413373
extreme_os,random_forest,0.3525835866261398,0.8125,0.7828647416413373
extreme_os,random_forest,0.3525835866261398,0.8207236842105263,0.7828647416413373
extreme_os,random_forest,0.3525835866261398,0.8240131578947368,0.7828647416413373
extreme_os,random_forest,0.3525835866261398,0.8322368421052632,0.7828647416413373
extreme_os,random_forest,0.3556231003039514,0.8322368421052632,0.7828647416413373
extreme_os,random_forest,0.3556231003039514,0.837171052631579,0.7828647416413373
extreme_os,random_forest,0.3586626139817629,0.837171052631579,0.7828647416413373
extreme_os,random_forest,0.3586626139817629,0.850328947368421,0.7828647416413373
extreme_os,random_forest,0.3617021276595745,0.850328947368421,0.7828647416413373
extreme_os,random_forest,0.3617021276595745,0.8585526315789473,0.7828647416413373
extreme_os,random_forest,0.3738601823708207,0.8585526315789473,0.7828647416413373
extreme_os,random_forest,0.3738601823708207,0.8601973684210527,0.7828647416413373
extreme_os,random_forest,0.3799392097264438,0.8601973684210527,0.7828647416413373
extreme_os,random_forest,0.3799392097264438,0.8618421052631579,0.7828647416413373
extreme_os,random_forest,0.3860182370820669,0.8618421052631579,0.7828647416413373
extreme_os,random_forest,0.3860182370820669,0.868421052631579,0.7828647416413373
extreme_os,random_forest,0.3890577507598784,0.868421052631579,0.7828647416413373
extreme_os,random_forest,0.3890577507598784,0.8700657894736842,0.7828647416413373
extreme_os,random_forest,0.3951367781155015,0.8700657894736842,0.7828647416413373
extreme_os,random_forest,0.3951367781155015,0.8782894736842105,0.7828647416413373
extreme_os,random_forest,0.3981762917933131,0.8782894736842105,0.7828647416413373
extreme_os,random_forest,0.3981762917933131,0.8832236842105263,0.7828647416413373
extreme_os,random_forest,0.4012158054711246,0.8832236842105263,0.7828647416413373
extreme_os,random_forest,0.4012158054711246,0.8881578947368421,0.7828647416413373
extreme_os,random_forest,0.40425531914893614,0.8881578947368421,0.7828647416413373
extreme_os,random_forest,0.40425531914893614,0.8914473684210527,0.7828647416413373
extreme_os,random_forest,0.41641337386018235,0.8914473684210527,0.7828647416413373
extreme_os,random_forest,0.41641337386018235,0.8930921052631579,0.7828647416413373
extreme_os,random_forest,0.4376899696048632,0.8930921052631579,0.7828647416413373
extreme_os,random_forest,0.4376899696048632,0.8947368421052632,0.7828647416413373
extreme_os,random_forest,0.45288753799392095,0.8947368421052632,0.7828647416413373
extreme_os,random_forest,0.45288753799392095,0.8980263157894737,0.7828647416413373
extreme_os,random_forest,0.45896656534954405,0.8980263157894737,0.7828647416413373
extreme_os,random_forest,0.45896656534954405,0.899671052631579,0.7828647416413373
extreme_os,random_forest,0.46504559270516715,0.899671052631579,0.7828647416413373
extreme_os,random_forest,0.46504559270516715,0.9029605263157895,0.7828647416413373
extreme_os,random_forest,0.46504559270516715,0.90625,0.7828647416413373
extreme_os,random_forest,0.47720364741641336,0.90625,0.7828647416413373
extreme_os,random_forest,0.47720364741641336,0.9078947368421053,0.7828647416413373
extreme_os,random_forest,0.48024316109422494,0.9078947368421053,0.7828647416413373
extreme_os,random_forest,0.48024316109422494,0.9095394736842105,0.7828647416413373
extreme_os,random_forest,0.49240121580547114,0.9095394736842105,0.7828647416413373
extreme_os,random_forest,0.49240121580547114,0.912828947368421,0.7828647416413373
extreme_os,random_forest,0.513677811550152,0.912828947368421,0.7828647416413373
extreme_os,random_forest,0.513677811550152,0.9161184210526315,0.7828647416413373
extreme_os,random_forest,0.5258358662613982,0.9161184210526315,0.7828647416413373
extreme_os,random_forest,0.5288753799392097,0.9177631578947368,0.7828647416413373
extreme_os,random_forest,0.5379939209726444,0.9177631578947368,0.7828647416413373
extreme_os,random_forest,0.5379939209726444,0.9194078947368421,0.7828647416413373
extreme_os,random_forest,0.541033434650456,0.9194078947368421,0.7828647416413373
extreme_os,random_forest,0.541033434650456,0.9226973684210527,0.7828647416413373
extreme_os,random_forest,0.5440729483282675,0.9226973684210527,0.7828647416413373
extreme_os,random_forest,0.5440729483282675,0.9243421052631579,0.7828647416413373
extreme_os,random_forest,0.547112462006079,0.9243421052631579,0.7828647416413373
extreme_os,random_forest,0.547112462006079,0.930921052631579,0.7828647416413373
extreme_os,random_forest,0.5592705167173252,0.930921052631579,0.7828647416413373
extreme_os,random_forest,0.5592705167173252,0.9325657894736842,0.7828647416413373
extreme_os,random_forest,0.5623100303951368,0.9325657894736842,0.7828647416413373
extreme_os,random_forest,0.5623100303951368,0.9358552631578947,0.7828647416413373
extreme_os,random_forest,0.5653495440729484,0.9358552631578947,0.7828647416413373
extreme_os,random_forest,0.5683890577507599,0.9375,0.7828647416413373
extreme_os,random_forest,0.574468085106383,0.9375,0.7828647416413373
extreme_os,random_forest,0.5896656534954408,0.9375,0.7828647416413373
extreme_os,random_forest,0.5896656534954408,0.9407894736842105,0.7828647416413373
extreme_os,random_forest,0.5957446808510638,0.9407894736842105,0.7828647416413373
extreme_os,random_forest,0.5957446808510638,0.944078947368421,0.7828647416413373
extreme_os,random_forest,0.6109422492401215,0.944078947368421,0.7828647416413373
extreme_os,random_forest,0.6109422492401215,0.9457236842105263,0.7828647416413373
extreme_os,random_forest,0.6200607902735562,0.9457236842105263,0.7828647416413373
extreme_os,random_forest,0.6231003039513677,0.9457236842105263,0.7828647416413373
extreme_os,random_forest,0.6231003039513677,0.9473684210526315,0.7828647416413373
extreme_os,random_forest,0.6291793313069909,0.9473684210526315,0.7828647416413373
extreme_os,random_forest,0.6291793313069909,0.9490131578947368,0.7828647416413373
extreme_os,random_forest,0.6322188449848024,0.9490131578947368,0.7828647416413373
extreme_os,random_forest,0.6322188449848024,0.9555921052631579,0.7828647416413373
extreme_os,random_forest,0.6382978723404256,0.9555921052631579,0.7828647416413373
extreme_os,random_forest,0.6534954407294833,0.9555921052631579,0.7828647416413373
extreme_os,random_forest,0.6534954407294833,0.9572368421052632,0.7828647416413373
extreme_os,random_forest,0.6565349544072948,0.9572368421052632,0.7828647416413373
extreme_os,random_forest,0.6565349544072948,0.9605263157894737,0.7828647416413373
extreme_os,random_forest,0.6595744680851063,0.9605263157894737,0.7828647416413373
extreme_os,random_forest,0.6595744680851063,0.962171052631579,0.7828647416413373
extreme_os,random_forest,0.6656534954407295,0.962171052631579,0.7828647416413373
extreme_os,random_forest,0.6656534954407295,0.9638157894736842,0.7828647416413373
extreme_os,random_forest,0.6778115501519757,0.9638157894736842,0.7828647416413373
extreme_os,random_forest,0.6838905775075987,0.9638157894736842,0.7828647416413373
extreme_os,random_forest,0.6960486322188449,0.9638157894736842,0.7828647416413373
extreme_os,random_forest,0.6990881458966566,0.9654605263157895,0.7828647416413373
extreme_os,random_forest,0.7051671732522796,0.9654605263157895,0.7828647416413373
extreme_os,random_forest,0.7355623100303952,0.9654605263157895,0.7828647416413373
extreme_os,random_forest,0.7355623100303952,0.9671052631578947,0.7828647416413373
extreme_os,random_forest,0.7386018237082067,0.9671052631578947,0.7828647416413373
extreme_os,random_forest,0.7386018237082067,0.96875,0.7828647416413373
extreme_os,random_forest,0.7598784194528876,0.96875,0.7828647416413373
extreme_os,random_forest,0.7659574468085106,0.96875,0.7828647416413373
extreme_os,random_forest,0.7720364741641338,0.96875,0.7828647416413373
extreme_os,random_forest,0.7781155015197568,0.9703947368421053,0.7828647416413373
extreme_os,random_forest,0.7811550151975684,0.9703947368421053,0.7828647416413373
extreme_os,random_forest,0.7811550151975684,0.9720394736842105,0.7828647416413373
extreme_os,random_forest,0.78419452887538,0.9720394736842105,0.7828647416413373
extreme_os,random_forest,0.78419452887538,0.9736842105263158,0.7828647416413373
extreme_os,random_forest,0.7993920972644377,0.9736842105263158,0.7828647416413373
extreme_os,random_forest,0.7993920972644377,0.975328947368421,0.7828647416413373
extreme_os,random_forest,0.8085106382978723,0.975328947368421,0.7828647416413373
extreme_os,random_forest,0.8085106382978723,0.9769736842105263,0.7828647416413373
extreme_os,random_forest,0.817629179331307,0.9769736842105263,0.7828647416413373
extreme_os,random_forest,0.817629179331307,0.9786184210526315,0.7828647416413373
extreme_os,random_forest,0.8237082066869301,0.9786184210526315,0.7828647416413373
extreme_os,random_forest,0.8358662613981763,0.9786184210526315,0.7828647416413373
extreme_os,random_forest,0.8419452887537994,0.9786184210526315,0.7828647416413373
extreme_os,random_forest,0.8905775075987842,0.9786184210526315,0.7828647416413373
extreme_os,random_forest,0.8966565349544073,0.9786184210526315,0.7828647416413373
extreme_os,random_forest,0.9027355623100304,0.9786184210526315,0.7828647416413373
extreme_os,random_forest,0.9027355623100304,0.9802631578947368,0.7828647416413373
extreme_os,random_forest,0.9088145896656535,0.9802631578947368,0.7828647416413373
extreme_os,random_forest,0.9088145896656535,0.9835526315789473,0.7828647416413373
extreme_os,random_forest,0.9148936170212766,0.9835526315789473,0.7828647416413373
extreme_os,random_forest,0.9148936170212766,0.9851973684210527,0.7828647416413373
extreme_os,random_forest,0.9179331306990881,0.9851973684210527,0.7828647416413373
extreme_os,random_forest,0.9179331306990881,0.9868421052631579,0.7828647416413373
extreme_os,random_forest,0.9209726443768997,0.9868421052631579,0.7828647416413373
extreme_os,random_forest,0.9209726443768997,0.9884868421052632,0.7828647416413373
extreme_os,random_forest,0.9513677811550152,0.9884868421052632,0.7828647416413373
extreme_os,random_forest,0.9513677811550152,0.9901315789473685,0.7828647416413373
extreme_os,random_forest,0.9635258358662614,0.9901315789473685,0.7828647416413373
extreme_os,random_forest,0.9665653495440729,0.9917763157894737,0.7828647416413373
extreme_os,random_forest,0.9665653495440729,0.9950657894736842,0.7828647416413373
extreme_os,random_forest,0.9726443768996961,0.9950657894736842,0.7828647416413373
extreme_os,random_forest,0.9787234042553191,0.9950657894736842,0.7828647416413373
extreme_os,random_forest,0.9787234042553191,1.0,0.7828647416413373
extreme_os,random_forest,1.0,1.0,0.7828647416413373
extreme_os,tabfm_default,0.0,0.0,0.7691569348904175
extreme_os,tabfm_default,0.0,0.001644736842105263,0.7691569348904175
extreme_os,tabfm_default,0.0,0.009868421052631578,0.7691569348904175
extreme_os,tabfm_default,0.00303951367781155,0.009868421052631578,0.7691569348904175
extreme_os,tabfm_default,0.00303951367781155,0.014802631578947368,0.7691569348904175
extreme_os,tabfm_default,0.0060790273556231,0.014802631578947368,0.7691569348904175
extreme_os,tabfm_default,0.0060790273556231,0.023026315789473683,0.7691569348904175
extreme_os,tabfm_default,0.00911854103343465,0.023026315789473683,0.7691569348904175
extreme_os,tabfm_default,0.00911854103343465,0.049342105263157895,0.7691569348904175
extreme_os,tabfm_default,0.0182370820668693,0.049342105263157895,0.7691569348904175
extreme_os,tabfm_default,0.0182370820668693,0.11842105263157894,0.7691569348904175
extreme_os,tabfm_default,0.02127659574468085,0.11842105263157894,0.7691569348904175
extreme_os,tabfm_default,0.02127659574468085,0.12664473684210525,0.7691569348904175
extreme_os,tabfm_default,0.0243161094224924,0.12664473684210525,0.7691569348904175
extreme_os,tabfm_default,0.0243161094224924,0.14473684210526316,0.7691569348904175
extreme_os,tabfm_default,0.02735562310030395,0.14473684210526316,0.7691569348904175
extreme_os,tabfm_default,0.02735562310030395,0.14638157894736842,0.7691569348904175
extreme_os,tabfm_default,0.030395136778115502,0.14638157894736842,0.7691569348904175
extreme_os,tabfm_default,0.030395136778115502,0.14802631578947367,0.7691569348904175
extreme_os,tabfm_default,0.03343465045592705,0.14802631578947367,0.7691569348904175
extreme_os,tabfm_default,0.03343465045592705,0.18585526315789475,0.7691569348904175
extreme_os,tabfm_default,0.0364741641337386,0.18585526315789475,0.7691569348904175
extreme_os,tabfm_default,0.0364741641337386,0.19078947368421054,0.7691569348904175
extreme_os,tabfm_default,0.03951367781155015,0.19078947368421054,0.7691569348904175
extreme_os,tabfm_default,0.03951367781155015,0.1924342105263158,0.7691569348904175
extreme_os,tabfm_default,0.0425531914893617,0.1924342105263158,0.7691569348904175
extreme_os,tabfm_default,0.0425531914893617,0.19407894736842105,0.7691569348904175
extreme_os,tabfm_default,0.04559270516717325,0.19407894736842105,0.7691569348904175
extreme_os,tabfm_default,0.04559270516717325,0.19572368421052633,0.7691569348904175
extreme_os,tabfm_default,0.0486322188449848,0.19572368421052633,0.7691569348904175
extreme_os,tabfm_default,0.0486322188449848,0.19901315789473684,0.7691569348904175
extreme_os,tabfm_default,0.05167173252279635,0.19901315789473684,0.7691569348904175
extreme_os,tabfm_default,0.05167173252279635,0.20888157894736842,0.7691569348904175
extreme_os,tabfm_default,0.0547112462006079,0.20888157894736842,0.7691569348904175
extreme_os,tabfm_default,0.0547112462006079,0.21217105263157895,0.7691569348904175
extreme_os,tabfm_default,0.057750759878419454,0.21217105263157895,0.7691569348904175
extreme_os,tabfm_default,0.057750759878419454,0.22203947368421054,0.7691569348904175
extreme_os,tabfm_default,0.060790273556231005,0.22203947368421054,0.7691569348904175
extreme_os,tabfm_default,0.060790273556231005,0.24013157894736842,0.7691569348904175
extreme_os,tabfm_default,0.0668693009118541,0.24013157894736842,0.7691569348904175
extreme_os,tabfm_default,0.0668693009118541,0.24177631578947367,0.7691569348904175
extreme_os,tabfm_default,0.06990881458966565,0.24177631578947367,0.7691569348904175
extreme_os,tabfm_default,0.06990881458966565,0.2532894736842105,0.7691569348904175
extreme_os,tabfm_default,0.0729483282674772,0.2532894736842105,0.7691569348904175
extreme_os,tabfm_default,0.0729483282674772,0.25493421052631576,0.7691569348904175
extreme_os,tabfm_default,0.07598784194528875,0.25493421052631576,0.7691569348904175
extreme_os,tabfm_default,0.07598784194528875,0.26973684210526316,0.7691569348904175
extreme_os,tabfm_default,0.0790273556231003,0.26973684210526316,0.7691569348904175
extreme_os,tabfm_default,0.0790273556231003,0.2944078947368421,0.7691569348904175
extreme_os,tabfm_default,0.08206686930091185,0.2944078947368421,0.7691569348904175
extreme_os,tabfm_default,0.08206686930091185,0.3125,0.7691569348904175
extreme_os,tabfm_default,0.0851063829787234,0.3125,0.7691569348904175
extreme_os,tabfm_default,0.0851063829787234,0.3157894736842105,0.7691569348904175
extreme_os,tabfm_default,0.0911854103343465,0.3157894736842105,0.7691569348904175
extreme_os,tabfm_default,0.0911854103343465,0.3207236842105263,0.7691569348904175
extreme_os,tabfm_default,0.09422492401215805,0.3207236842105263,0.7691569348904175
extreme_os,tabfm_default,0.09422492401215805,0.3338815789473684,0.7691569348904175
extreme_os,tabfm_default,0.0972644376899696,0.3338815789473684,0.7691569348904175
extreme_os,tabfm_default,0.0972644376899696,0.36019736842105265,0.7691569348904175
extreme_os,tabfm_default,0.10030395136778116,0.36019736842105265,0.7691569348904175
extreme_os,tabfm_default,0.10030395136778116,0.3782894736842105,0.7691569348904175
extreme_os,tabfm_default,0.1033434650455927,0.3782894736842105,0.7691569348904175
extreme_os,tabfm_default,0.1033434650455927,0.38651315789473684,0.7691569348904175
extreme_os,tabfm_default,0.11246200607902736,0.38651315789473684,0.7691569348904175
extreme_os,tabfm_default,0.11246200607902736,0.39144736842105265,0.7691569348904175
extreme_os,tabfm_default,0.11550151975683891,0.39144736842105265,0.7691569348904175
extreme_os,tabfm_default,0.11550151975683891,0.40131578947368424,0.7691569348904175
extreme_os,tabfm_default,0.11854103343465046,0.40131578947368424,0.7691569348904175
extreme_os,tabfm_default,0.11854103343465046,0.40625,0.7691569348904175
extreme_os,tabfm_default,0.12158054711246201,0.40625,0.7691569348904175
extreme_os,tabfm_default,0.12158054711246201,0.4144736842105263,0.7691569348904175
extreme_os,tabfm_default,0.12462006079027356,0.4144736842105263,0.7691569348904175
extreme_os,tabfm_default,0.12462006079027356,0.4161184210526316,0.7691569348904175
extreme_os,tabfm_default,0.1276595744680851,0.4161184210526316,0.7691569348904175
extreme_os,tabfm_default,0.1276595744680851,0.4243421052631579,0.7691569348904175
extreme_os,tabfm_default,0.13069908814589665,0.4243421052631579,0.7691569348904175
extreme_os,tabfm_default,0.13069908814589665,0.42598684210526316,0.7691569348904175
extreme_os,tabfm_default,0.13677811550151975,0.42598684210526316,0.7691569348904175
extreme_os,tabfm_default,0.13677811550151975,0.4276315789473684,0.7691569348904175
extreme_os,tabfm_default,0.14285714285714285,0.4276315789473684,0.7691569348904175
extreme_os,tabfm_default,0.14285714285714285,0.4309210526315789,0.7691569348904175
extreme_os,tabfm_default,0.14893617021276595,0.4309210526315789,0.7691569348904175
extreme_os,tabfm_default,0.14893617021276595,0.43585526315789475,0.7691569348904175
extreme_os,tabfm_default,0.15501519756838905,0.43585526315789475,0.7691569348904175
extreme_os,tabfm_default,0.15501519756838905,0.4457236842105263,0.7691569348904175
extreme_os,tabfm_default,0.1580547112462006,0.4457236842105263,0.7691569348904175
extreme_os,tabfm_default,0.1580547112462006,0.4555921052631579,0.7691569348904175
extreme_os,tabfm_default,0.1641337386018237,0.4555921052631579,0.7691569348904175
extreme_os,tabfm_default,0.1641337386018237,0.45723684210526316,0.7691569348904175
extreme_os,tabfm_default,0.1702127659574468,0.45723684210526316,0.7691569348904175
extreme_os,tabfm_default,0.1702127659574468,0.46710526315789475,0.7691569348904175
extreme_os,tabfm_default,0.1762917933130699,0.46710526315789475,0.7691569348904175
extreme_os,tabfm_default,0.1762917933130699,0.48519736842105265,0.7691569348904175
extreme_os,tabfm_default,0.182370820668693,0.48519736842105265,0.7691569348904175
extreme_os,tabfm_default,0.182370820668693,0.48848684210526316,0.7691569348904175
extreme_os,tabfm_default,0.18541033434650456,0.48848684210526316,0.7691569348904175
extreme_os,tabfm_default,0.18541033434650456,0.4934210526315789,0.7691569348904175
extreme_os,tabfm_default,0.1884498480243161,0.4934210526315789,0.7691569348904175
extreme_os,tabfm_default,0.1884498480243161,0.5,0.7691569348904175
extreme_os,tabfm_default,0.19148936170212766,0.5,0.7691569348904175
extreme_os,tabfm_default,0.19148936170212766,0.5049342105263158,0.7691569348904175
extreme_os,tabfm_default,0.2006079027355623,0.5049342105263158,0.7691569348904175
extreme_os,tabfm_default,0.2006079027355623,0.506578947368421,0.7691569348904175
extreme_os,tabfm_default,0.20364741641337386,0.506578947368421,0.7691569348904175
extreme_os,tabfm_default,0.20364741641337386,0.5148026315789473,0.7691569348904175
extreme_os,tabfm_default,0.20972644376899696,0.5148026315789473,0.7691569348904175
extreme_os,tabfm_default,0.20972644376899696,0.5180921052631579,0.7691569348904175
extreme_os,tabfm_default,0.2127659574468085,0.5180921052631579,0.7691569348904175
extreme_os,tabfm_default,0.2127659574468085,0.5230263157894737,0.7691569348904175
extreme_os,tabfm_default,0.21580547112462006,0.5230263157894737,0.7691569348904175
extreme_os,tabfm_default,0.21580547112462006,0.5263157894736842,0.7691569348904175
extreme_os,tabfm_default,0.2188449848024316,0.5263157894736842,0.7691569348904175
extreme_os,tabfm_default,0.2188449848024316,0.53125,0.7691569348904175
extreme_os,tabfm_default,0.22492401215805471,0.53125,0.7691569348904175
extreme_os,tabfm_default,0.22492401215805471,0.5361842105263158,0.7691569348904175
extreme_os,tabfm_default,0.22796352583586627,0.5361842105263158,0.7691569348904175
extreme_os,tabfm_default,0.22796352583586627,0.537828947368421,0.7691569348904175
extreme_os,tabfm_default,0.23404255319148937,0.537828947368421,0.7691569348904175
extreme_os,tabfm_default,0.23404255319148937,0.5427631578947368,0.7691569348904175
extreme_os,tabfm_default,0.23708206686930092,0.5427631578947368,0.7691569348904175
extreme_os,tabfm_default,0.23708206686930092,0.5493421052631579,0.7691569348904175
extreme_os,tabfm_default,0.24012158054711247,0.5493421052631579,0.7691569348904175
extreme_os,tabfm_default,0.24012158054711247,0.5657894736842105,0.7691569348904175
extreme_os,tabfm_default,0.24316109422492402,0.5657894736842105,0.7691569348904175
extreme_os,tabfm_default,0.24316109422492402,0.5707236842105263,0.7691569348904175
extreme_os,tabfm_default,0.24620060790273557,0.5707236842105263,0.7691569348904175
extreme_os,tabfm_default,0.24620060790273557,0.5805921052631579,0.7691569348904175
extreme_os,tabfm_default,0.25227963525835867,0.5805921052631579,0.7691569348904175
extreme_os,tabfm_default,0.25227963525835867,0.5921052631578947,0.7691569348904175
extreme_os,tabfm_default,0.2553191489361702,0.5921052631578947,0.7691569348904175
extreme_os,tabfm_default,0.2553191489361702,0.6151315789473685,0.7691569348904175
extreme_os,tabfm_default,0.25835866261398177,0.6151315789473685,0.7691569348904175
extreme_os,tabfm_default,0.25835866261398177,0.6266447368421053,0.7691569348904175
extreme_os,tabfm_default,0.26443768996960487,0.6266447368421053,0.7691569348904175
extreme_os,tabfm_default,0.26443768996960487,0.6282894736842105,0.7691569348904175
extreme_os,tabfm_default,0.270516717325228,0.6282894736842105,0.7691569348904175
extreme_os,tabfm_default,0.270516717325228,0.6365131578947368,0.7691569348904175
extreme_os,tabfm_default,0.2735562310030395,0.6365131578947368,0.7691569348904175
extreme_os,tabfm_default,0.2735562310030395,0.6381578947368421,0.7691569348904175
extreme_os,tabfm_default,0.2765957446808511,0.6381578947368421,0.7691569348904175
extreme_os,tabfm_default,0.2765957446808511,0.6398026315789473,0.7691569348904175
extreme_os,tabfm_default,0.2796352583586626,0.6398026315789473,0.7691569348904175
extreme_os,tabfm_default,0.2796352583586626,0.6414473684210527,0.7691569348904175
extreme_os,tabfm_default,0.2826747720364742,0.6414473684210527,0.7691569348904175
extreme_os,tabfm_default,0.2826747720364742,0.6463815789473685,0.7691569348904175
extreme_os,tabfm_default,0.2857142857142857,0.6463815789473685,0.7691569348904175
extreme_os,tabfm_default,0.2857142857142857,0.6644736842105263,0.7691569348904175
extreme_os,tabfm_default,0.2887537993920973,0.6644736842105263,0.7691569348904175
extreme_os,tabfm_default,0.2887537993920973,0.6776315789473685,0.7691569348904175
extreme_os,tabfm_default,0.2917933130699088,0.6776315789473685,0.7691569348904175
extreme_os,tabfm_default,0.2917933130699088,0.680921052631579,0.7691569348904175
extreme_os,tabfm_default,0.2948328267477204,0.680921052631579,0.7691569348904175
extreme_os,tabfm_default,0.2948328267477204,0.6842105263157895,0.7691569348904175
extreme_os,tabfm_default,0.2978723404255319,0.6842105263157895,0.7691569348904175
extreme_os,tabfm_default,0.2978723404255319,0.6875,0.7691569348904175
extreme_os,tabfm_default,0.3009118541033435,0.6875,0.7691569348904175
extreme_os,tabfm_default,0.3009118541033435,0.6924342105263158,0.7691569348904175
extreme_os,tabfm_default,0.303951367781155,0.6924342105263158,0.7691569348904175
extreme_os,tabfm_default,0.303951367781155,0.7039473684210527,0.7691569348904175
extreme_os,tabfm_default,0.3069908814589666,0.7039473684210527,0.7691569348904175
extreme_os,tabfm_default,0.3069908814589666,0.7055921052631579,0.7691569348904175
extreme_os,tabfm_default,0.3100303951367781,0.7055921052631579,0.7691569348904175
extreme_os,tabfm_default,0.3100303951367781,0.7105263157894737,0.7691569348904175
extreme_os,tabfm_default,0.3130699088145897,0.7105263157894737,0.7691569348904175
extreme_os,tabfm_default,0.3130699088145897,0.7203947368421053,0.7691569348904175
extreme_os,tabfm_default,0.3191489361702128,0.7203947368421053,0.7691569348904175
extreme_os,tabfm_default,0.3191489361702128,0.7351973684210527,0.7691569348904175
extreme_os,tabfm_default,0.3221884498480243,0.7351973684210527,0.7691569348904175
extreme_os,tabfm_default,0.3221884498480243,0.7384868421052632,0.7691569348904175
extreme_os,tabfm_default,0.3252279635258359,0.7384868421052632,0.7691569348904175
extreme_os,tabfm_default,0.3252279635258359,0.743421052631579,0.7691569348904175
extreme_os,tabfm_default,0.3282674772036474,0.743421052631579,0.7691569348904175
extreme_os,tabfm_default,0.3282674772036474,0.7532894736842105,0.7691569348904175
extreme_os,tabfm_default,0.331306990881459,0.7532894736842105,0.7691569348904175
extreme_os,tabfm_default,0.331306990881459,0.7664473684210527,0.7691569348904175
extreme_os,tabfm_default,0.3373860182370821,0.7664473684210527,0.7691569348904175
extreme_os,tabfm_default,0.3373860182370821,0.7894736842105263,0.7691569348904175
extreme_os,tabfm_default,0.3404255319148936,0.7894736842105263,0.7691569348904175
extreme_os,tabfm_default,0.3404255319148936,0.7976973684210527,0.7691569348904175
extreme_os,tabfm_default,0.3465045592705167,0.7976973684210527,0.7691569348904175
extreme_os,tabfm_default,0.3465045592705167,0.8042763157894737,0.7691569348904175
extreme_os,tabfm_default,0.3495440729483283,0.8042763157894737,0.7691569348904175
extreme_os,tabfm_default,0.3495440729483283,0.8075657894736842,0.7691569348904175
extreme_os,tabfm_default,0.3586626139817629,0.8075657894736842,0.7691569348904175
extreme_os,tabfm_default,0.3586626139817629,0.8092105263157895,0.7691569348904175
extreme_os,tabfm_default,0.3617021276595745,0.8092105263157895,0.7691569348904175
extreme_os,tabfm_default,0.3617021276595745,0.8174342105263158,0.7691569348904175
extreme_os,tabfm_default,0.364741641337386,0.8174342105263158,0.7691569348904175
extreme_os,tabfm_default,0.364741641337386,0.8223684210526315,0.7691569348904175
extreme_os,tabfm_default,0.3677811550151976,0.8223684210526315,0.7691569348904175
extreme_os,tabfm_default,0.3677811550151976,0.8273026315789473,0.7691569348904175
extreme_os,tabfm_default,0.3708206686930091,0.8273026315789473,0.7691569348904175
extreme_os,tabfm_default,0.3708206686930091,0.8388157894736842,0.7691569348904175
extreme_os,tabfm_default,0.3738601823708207,0.8388157894736842,0.7691569348904175
extreme_os,tabfm_default,0.3738601823708207,0.8404605263157895,0.7691569348904175
extreme_os,tabfm_default,0.3768996960486322,0.8404605263157895,0.7691569348904175
extreme_os,tabfm_default,0.3768996960486322,0.8470394736842105,0.7691569348904175
extreme_os,tabfm_default,0.3799392097264438,0.8470394736842105,0.7691569348904175
extreme_os,tabfm_default,0.3799392097264438,0.8585526315789473,0.7691569348904175
extreme_os,tabfm_default,0.3860182370820669,0.8585526315789473,0.7691569348904175
extreme_os,tabfm_default,0.3860182370820669,0.8618421052631579,0.7691569348904175
extreme_os,tabfm_default,0.3890577507598784,0.8618421052631579,0.7691569348904175
extreme_os,tabfm_default,0.3890577507598784,0.8651315789473685,0.7691569348904175
extreme_os,tabfm_default,0.39209726443769,0.8651315789473685,0.7691569348904175
extreme_os,tabfm_default,0.39209726443769,0.8782894736842105,0.7691569348904175
extreme_os,tabfm_default,0.3981762917933131,0.8782894736842105,0.7691569348904175
extreme_os,tabfm_default,0.3981762917933131,0.8832236842105263,0.7691569348904175
extreme_os,tabfm_default,0.4012158054711246,0.8832236842105263,0.7691569348904175
extreme_os,tabfm_default,0.4012158054711246,0.8865131578947368,0.7691569348904175
extreme_os,tabfm_default,0.4316109422492401,0.8865131578947368,0.7691569348904175
extreme_os,tabfm_default,0.4316109422492401,0.8898026315789473,0.7691569348904175
extreme_os,tabfm_default,0.43465045592705165,0.8898026315789473,0.7691569348904175
extreme_os,tabfm_default,0.43465045592705165,0.8914473684210527,0.7691569348904175
extreme_os,tabfm_default,0.44376899696048633,0.8914473684210527,0.7691569348904175
extreme_os,tabfm_default,0.44376899696048633,0.8947368421052632,0.7691569348904175
extreme_os,tabfm_default,0.45592705167173253,0.8947368421052632,0.7691569348904175
extreme_os,tabfm_default,0.45592705167173253,0.8963815789473685,0.7691569348904175
extreme_os,tabfm_default,0.48024316109422494,0.8963815789473685,0.7691569348904175
extreme_os,tabfm_default,0.48024316109422494,0.899671052631579,0.7691569348904175
extreme_os,tabfm_default,0.48328267477203646,0.899671052631579,0.7691569348904175
extreme_os,tabfm_default,0.48328267477203646,0.9013157894736842,0.7691569348904175
extreme_os,tabfm_default,0.5015197568389058,0.9013157894736842,0.7691569348904175
extreme_os,tabfm_default,0.5015197568389058,0.9078947368421053,0.7691569348904175
extreme_os,tabfm_default,0.5288753799392097,0.9078947368421053,0.7691569348904175
extreme_os,tabfm_default,0.5288753799392097,0.9095394736842105,0.7691569348904175
extreme_os,tabfm_default,0.5501519756838906,0.9095394736842105,0.7691569348904175
extreme_os,tabfm_default,0.5501519756838906,0.9111842105263158,0.7691569348904175
extreme_os,tabfm_default,0.5683890577507599,0.9111842105263158,0.7691569348904175
extreme_os,tabfm_default,0.5683890577507599,0.912828947368421,0.7691569348904175
extreme_os,tabfm_default,0.574468085106383,0.912828947368421,0.7691569348904175
extreme_os,tabfm_default,0.574468085106383,0.9144736842105263,0.7691569348904175
extreme_os,tabfm_default,0.5775075987841946,0.9144736842105263,0.7691569348904175
extreme_os,tabfm_default,0.5775075987841946,0.9161184210526315,0.7691569348904175
extreme_os,tabfm_default,0.5805471124620061,0.9161184210526315,0.7691569348904175
extreme_os,tabfm_default,0.5805471124620061,0.9194078947368421,0.7691569348904175
extreme_os,tabfm_default,0.5866261398176292,0.9194078947368421,0.7691569348904175
extreme_os,tabfm_default,0.5866261398176292,0.9243421052631579,0.7691569348904175
extreme_os,tabfm_default,0.5896656534954408,0.9243421052631579,0.7691569348904175
extreme_os,tabfm_default,0.5896656534954408,0.9259868421052632,0.7691569348904175
extreme_os,tabfm_default,0.601823708206687,0.9259868421052632,0.7691569348904175
extreme_os,tabfm_default,0.601823708206687,0.930921052631579,0.7691569348904175
extreme_os,tabfm_default,0.6291793313069909,0.930921052631579,0.7691569348904175
extreme_os,tabfm_default,0.6291793313069909,0.9325657894736842,0.7691569348904175
extreme_os,tabfm_default,0.6322188449848024,0.9325657894736842,0.7691569348904175
extreme_os,tabfm_default,0.6322188449848024,0.9375,0.7691569348904175
extreme_os,tabfm_default,0.6474164133738601,0.9375,0.7691569348904175
extreme_os,tabfm_default,0.6474164133738601,0.9391447368421053,0.7691569348904175
extreme_os,tabfm_default,0.662613981762918,0.9391447368421053,0.7691569348904175
extreme_os,tabfm_default,0.662613981762918,0.9407894736842105,0.7691569348904175
extreme_os,tabfm_default,0.668693009118541,0.9407894736842105,0.7691569348904175
extreme_os,tabfm_default,0.668693009118541,0.9424342105263158,0.7691569348904175
extreme_os,tabfm_default,0.6717325227963525,0.9424342105263158,0.7691569348904175
extreme_os,tabfm_default,0.6717325227963525,0.944078947368421,0.7691569348904175
extreme_os,tabfm_default,0.6930091185410334,0.944078947368421,0.7691569348904175
extreme_os,tabfm_default,0.6930091185410334,0.9457236842105263,0.7691569348904175
extreme_os,tabfm_default,0.7082066869300911,0.9457236842105263,0.7691569348904175
extreme_os,tabfm_default,0.7082066869300911,0.9490131578947368,0.7691569348904175
extreme_os,tabfm_default,0.7264437689969605,0.9490131578947368,0.7691569348904175
extreme_os,tabfm_default,0.7264437689969605,0.9523026315789473,0.7691569348904175
extreme_os,tabfm_default,0.7325227963525835,0.9523026315789473,0.7691569348904175
extreme_os,tabfm_default,0.7325227963525835,0.9539473684210527,0.7691569348904175
extreme_os,tabfm_default,0.7416413373860182,0.9539473684210527,0.7691569348904175
extreme_os,tabfm_default,0.7416413373860182,0.9555921052631579,0.7691569348904175
extreme_os,tabfm_default,0.7477203647416414,0.9555921052631579,0.7691569348904175
extreme_os,tabfm_default,0.7477203647416414,0.9588815789473685,0.7691569348904175
extreme_os,tabfm_default,0.7507598784194529,0.9588815789473685,0.7691569348904175
extreme_os,tabfm_default,0.7507598784194529,0.9605263157894737,0.7691569348904175
extreme_os,tabfm_default,0.7689969604863222,0.9605263157894737,0.7691569348904175
extreme_os,tabfm_default,0.7689969604863222,0.9654605263157895,0.7691569348904175
extreme_os,tabfm_default,0.7872340425531915,0.9654605263157895,0.7691569348904175
extreme_os,tabfm_default,0.7872340425531915,0.96875,0.7691569348904175
extreme_os,tabfm_default,0.7963525835866262,0.96875,0.7691569348904175
extreme_os,tabfm_default,0.7963525835866262,0.9703947368421053,0.7691569348904175
extreme_os,tabfm_default,0.7993920972644377,0.9703947368421053,0.7691569348904175
extreme_os,tabfm_default,0.7993920972644377,0.9736842105263158,0.7691569348904175
extreme_os,tabfm_default,0.8054711246200608,0.9736842105263158,0.7691569348904175
extreme_os,tabfm_default,0.8054711246200608,0.975328947368421,0.7691569348904175
extreme_os,tabfm_default,0.8328267477203647,0.975328947368421,0.7691569348904175
extreme_os,tabfm_default,0.8328267477203647,0.9769736842105263,0.7691569348904175
extreme_os,tabfm_default,0.8389057750759878,0.9769736842105263,0.7691569348904175
extreme_os,tabfm_default,0.8389057750759878,0.9786184210526315,0.7691569348904175
extreme_os,tabfm_default,0.8693009118541033,0.9786184210526315,0.7691569348904175
extreme_os,tabfm_default,0.8693009118541033,0.9802631578947368,0.7691569348904175
extreme_os,tabfm_default,0.8723404255319149,0.9802631578947368,0.7691569348904175
extreme_os,tabfm_default,0.8723404255319149,0.9835526315789473,0.7691569348904175
extreme_os,tabfm_default,0.878419452887538,0.9835526315789473,0.7691569348904175
extreme_os,tabfm_default,0.878419452887538,0.9851973684210527,0.7691569348904175
extreme_os,tabfm_default,0.8966565349544073,0.9851973684210527,0.7691569348904175
extreme_os,tabfm_default,0.8966565349544073,0.9868421052631579,0.7691569348904175
extreme_os,tabfm_default,0.9179331306990881,0.9868421052631579,0.7691569348904175
extreme_os,tabfm_default,0.9179331306990881,0.9884868421052632,0.7691569348904175
extreme_os,tabfm_default,0.9240121580547113,0.9884868421052632,0.7691569348904175
extreme_os,tabfm_default,0.9240121580547113,0.9901315789473685,0.7691569348904175
extreme_os,tabfm_default,0.9574468085106383,0.9901315789473685,0.7691569348904175
extreme_os,tabfm_default,0.9574468085106383,0.9917763157894737,0.7691569348904175
extreme_os,tabfm_default,0.9665653495440729,0.9917763157894737,0.7691569348904175
extreme_os,tabfm_default,0.9665653495440729,0.993421052631579,0.7691569348904175
extreme_os,tabfm_default,0.9696048632218845,0.993421052631579,0.7691569348904175
extreme_os,tabfm_default,0.9696048632218845,0.9950657894736842,0.7691569348904175
extreme_os,tabfm_default,0.9756838905775076,0.9950657894736842,0.7691569348904175
extreme_os,tabfm_default,0.9756838905775076,0.9967105263157895,0.7691569348904175
extreme_os,tabfm_default,0.9848024316109423,0.9967105263157895,0.7691569348904175
extreme_os,tabfm_default,0.9848024316109423,0.9983552631578947,0.7691569348904175
extreme_os,tabfm_default,0.9969604863221885,0.9983552631578947,0.7691569348904175
extreme_os,tabfm_default,0.9969604863221885,1.0,0.7691569348904175
extreme_os,tabfm_default,1.0,1.0,0.7691569348904175
extreme_os,tabpfn_v3,0.0,0.0,0.7762807950727884
extreme_os,tabpfn_v3,0.0,0.001644736842105263,0.7762807950727884
extreme_os,tabpfn_v3,0.0,0.004934210526315789,0.7762807950727884
extreme_os,tabpfn_v3,0.00303951367781155,0.004934210526315789,0.7762807950727884
extreme_os,tabpfn_v3,0.00303951367781155,0.02138157894736842,0.7762807950727884
extreme_os,tabpfn_v3,0.0060790273556231,0.02138157894736842,0.7762807950727884
extreme_os,tabpfn_v3,0.0060790273556231,0.024671052631578948,0.7762807950727884
extreme_os,tabpfn_v3,0.00911854103343465,0.024671052631578948,0.7762807950727884
extreme_os,tabpfn_v3,0.00911854103343465,0.039473684210526314,0.7762807950727884
extreme_os,tabpfn_v3,0.015197568389057751,0.039473684210526314,0.7762807950727884
extreme_os,tabpfn_v3,0.015197568389057751,0.044407894736842105,0.7762807950727884
extreme_os,tabpfn_v3,0.0182370820668693,0.044407894736842105,0.7762807950727884
extreme_os,tabpfn_v3,0.0182370820668693,0.11348684210526316,0.7762807950727884
extreme_os,tabpfn_v3,0.02127659574468085,0.11348684210526316,0.7762807950727884
extreme_os,tabpfn_v3,0.02127659574468085,0.12006578947368421,0.7762807950727884
extreme_os,tabpfn_v3,0.0243161094224924,0.12006578947368421,0.7762807950727884
extreme_os,tabpfn_v3,0.0243161094224924,0.13651315789473684,0.7762807950727884
extreme_os,tabpfn_v3,0.02735562310030395,0.13651315789473684,0.7762807950727884
extreme_os,tabpfn_v3,0.02735562310030395,0.13980263157894737,0.7762807950727884
extreme_os,tabpfn_v3,0.030395136778115502,0.13980263157894737,0.7762807950727884
extreme_os,tabpfn_v3,0.030395136778115502,0.15625,0.7762807950727884
extreme_os,tabpfn_v3,0.03343465045592705,0.15625,0.7762807950727884
extreme_os,tabpfn_v3,0.03343465045592705,0.16282894736842105,0.7762807950727884
extreme_os,tabpfn_v3,0.0364741641337386,0.16282894736842105,0.7762807950727884
extreme_os,tabpfn_v3,0.0364741641337386,0.17927631578947367,0.7762807950727884
extreme_os,tabpfn_v3,0.03951367781155015,0.17927631578947367,0.7762807950727884
extreme_os,tabpfn_v3,0.03951367781155015,0.19572368421052633,0.7762807950727884
extreme_os,tabpfn_v3,0.0425531914893617,0.19572368421052633,0.7762807950727884
extreme_os,tabpfn_v3,0.0425531914893617,0.19901315789473684,0.7762807950727884
extreme_os,tabpfn_v3,0.04559270516717325,0.19901315789473684,0.7762807950727884
extreme_os,tabpfn_v3,0.04559270516717325,0.20888157894736842,0.7762807950727884
extreme_os,tabpfn_v3,0.0486322188449848,0.20888157894736842,0.7762807950727884
extreme_os,tabpfn_v3,0.0486322188449848,0.21546052631578946,0.7762807950727884
extreme_os,tabpfn_v3,0.05167173252279635,0.21546052631578946,0.7762807950727884
extreme_os,tabpfn_v3,0.05167173252279635,0.2236842105263158,0.7762807950727884
extreme_os,tabpfn_v3,0.0547112462006079,0.2236842105263158,0.7762807950727884
extreme_os,tabpfn_v3,0.0547112462006079,0.25,0.7762807950727884
extreme_os,tabpfn_v3,0.057750759878419454,0.25,0.7762807950727884
extreme_os,tabpfn_v3,0.057750759878419454,0.2532894736842105,0.7762807950727884
extreme_os,tabpfn_v3,0.060790273556231005,0.2532894736842105,0.7762807950727884
extreme_os,tabpfn_v3,0.060790273556231005,0.2713815789473684,0.7762807950727884
extreme_os,tabpfn_v3,0.06382978723404255,0.2713815789473684,0.7762807950727884
extreme_os,tabpfn_v3,0.06382978723404255,0.28289473684210525,0.7762807950727884
extreme_os,tabpfn_v3,0.0668693009118541,0.28289473684210525,0.7762807950727884
extreme_os,tabpfn_v3,0.0668693009118541,0.2911184210526316,0.7762807950727884
extreme_os,tabpfn_v3,0.06990881458966565,0.2911184210526316,0.7762807950727884
extreme_os,tabpfn_v3,0.06990881458966565,0.30098684210526316,0.7762807950727884
extreme_os,tabpfn_v3,0.0729483282674772,0.30098684210526316,0.7762807950727884
extreme_os,tabpfn_v3,0.0729483282674772,0.31085526315789475,0.7762807950727884
extreme_os,tabpfn_v3,0.07598784194528875,0.31085526315789475,0.7762807950727884
extreme_os,tabpfn_v3,0.07598784194528875,0.3207236842105263,0.7762807950727884
extreme_os,tabpfn_v3,0.0790273556231003,0.3207236842105263,0.7762807950727884
extreme_os,tabpfn_v3,0.0790273556231003,0.36019736842105265,0.7762807950727884
extreme_os,tabpfn_v3,0.0851063829787234,0.36019736842105265,0.7762807950727884
extreme_os,tabpfn_v3,0.0851063829787234,0.3618421052631579,0.7762807950727884
extreme_os,tabpfn_v3,0.0911854103343465,0.3618421052631579,0.7762807950727884
extreme_os,tabpfn_v3,0.0911854103343465,0.37335526315789475,0.7762807950727884
extreme_os,tabpfn_v3,0.09422492401215805,0.37335526315789475,0.7762807950727884
extreme_os,tabpfn_v3,0.09422492401215805,0.3963815789473684,0.7762807950727884
extreme_os,tabpfn_v3,0.10030395136778116,0.3963815789473684,0.7762807950727884
extreme_os,tabpfn_v3,0.10030395136778116,0.3996710526315789,0.7762807950727884
extreme_os,tabpfn_v3,0.10638297872340426,0.3996710526315789,0.7762807950727884
extreme_os,tabpfn_v3,0.10638297872340426,0.40625,0.7762807950727884
extreme_os,tabpfn_v3,0.11246200607902736,0.40625,0.7762807950727884
extreme_os,tabpfn_v3,0.11246200607902736,0.41118421052631576,0.7762807950727884
extreme_os,tabpfn_v3,0.12462006079027356,0.41118421052631576,0.7762807950727884
extreme_os,tabpfn_v3,0.12462006079027356,0.4128289473684211,0.7762807950727884
extreme_os,tabpfn_v3,0.1276595744680851,0.4128289473684211,0.7762807950727884
extreme_os,tabpfn_v3,0.1276595744680851,0.42269736842105265,0.7762807950727884
extreme_os,tabpfn_v3,0.13069908814589665,0.42269736842105265,0.7762807950727884
extreme_os,tabpfn_v3,0.13069908814589665,0.4243421052631579,0.7762807950727884
extreme_os,tabpfn_v3,0.1337386018237082,0.4243421052631579,0.7762807950727884
extreme_os,tabpfn_v3,0.1337386018237082,0.42598684210526316,0.7762807950727884
extreme_os,tabpfn_v3,0.13677811550151975,0.42598684210526316,0.7762807950727884
extreme_os,tabpfn_v3,0.13677811550151975,0.43585526315789475,0.7762807950727884
extreme_os,tabpfn_v3,0.14285714285714285,0.43585526315789475,0.7762807950727884
extreme_os,tabpfn_v3,0.14285714285714285,0.4375,0.7762807950727884
extreme_os,tabpfn_v3,0.1458966565349544,0.4375,0.7762807950727884
extreme_os,tabpfn_v3,0.1458966565349544,0.43914473684210525,0.7762807950727884
extreme_os,tabpfn_v3,0.14893617021276595,0.43914473684210525,0.7762807950727884
extreme_os,tabpfn_v3,0.14893617021276595,0.44243421052631576,0.7762807950727884
extreme_os,tabpfn_v3,0.15501519756838905,0.44243421052631576,0.7762807950727884
extreme_os,tabpfn_v3,0.15501519756838905,0.4457236842105263,0.7762807950727884
extreme_os,tabpfn_v3,0.16109422492401215,0.4457236842105263,0.7762807950727884
extreme_os,tabpfn_v3,0.16109422492401215,0.4506578947368421,0.7762807950727884
extreme_os,tabpfn_v3,0.1641337386018237,0.4506578947368421,0.7762807950727884
extreme_os,tabpfn_v3,0.1641337386018237,0.45394736842105265,0.7762807950727884
extreme_os,tabpfn_v3,0.16717325227963525,0.45394736842105265,0.7762807950727884
extreme_os,tabpfn_v3,0.16717325227963525,0.4555921052631579,0.7762807950727884
extreme_os,tabpfn_v3,0.1702127659574468,0.4555921052631579,0.7762807950727884
extreme_os,tabpfn_v3,0.1702127659574468,0.45723684210526316,0.7762807950727884
extreme_os,tabpfn_v3,0.1762917933130699,0.45723684210526316,0.7762807950727884
extreme_os,tabpfn_v3,0.1762917933130699,0.4621710526315789,0.7762807950727884
extreme_os,tabpfn_v3,0.17933130699088146,0.4621710526315789,0.7762807950727884
extreme_os,tabpfn_v3,0.17933130699088146,0.4786184210526316,0.7762807950727884
extreme_os,tabpfn_v3,0.18541033434650456,0.4786184210526316,0.7762807950727884
extreme_os,tabpfn_v3,0.18541033434650456,0.48519736842105265,0.7762807950727884
extreme_os,tabpfn_v3,0.1884498480243161,0.48519736842105265,0.7762807950727884
extreme_os,tabpfn_v3,0.1884498480243161,0.4934210526315789,0.7762807950727884
extreme_os,tabpfn_v3,0.1945288753799392,0.4934210526315789,0.7762807950727884
extreme_os,tabpfn_v3,0.1945288753799392,0.4967105263157895,0.7762807950727884
extreme_os,tabpfn_v3,0.19756838905775076,0.4967105263157895,0.7762807950727884
extreme_os,tabpfn_v3,0.19756838905775076,0.5115131578947368,0.7762807950727884
extreme_os,tabpfn_v3,0.20364741641337386,0.5115131578947368,0.7762807950727884
extreme_os,tabpfn_v3,0.20364741641337386,0.5197368421052632,0.7762807950727884
extreme_os,tabpfn_v3,0.2066869300911854,0.5197368421052632,0.7762807950727884
extreme_os,tabpfn_v3,0.2066869300911854,0.5328947368421053,0.7762807950727884
extreme_os,tabpfn_v3,0.20972644376899696,0.5328947368421053,0.7762807950727884
extreme_os,tabpfn_v3,0.20972644376899696,0.5526315789473685,0.7762807950727884
extreme_os,tabpfn_v3,0.2127659574468085,0.5526315789473685,0.7762807950727884
extreme_os,tabpfn_v3,0.2127659574468085,0.5608552631578947,0.7762807950727884
extreme_os,tabpfn_v3,0.21580547112462006,0.5608552631578947,0.7762807950727884
extreme_os,tabpfn_v3,0.21580547112462006,0.5625,0.7762807950727884
extreme_os,tabpfn_v3,0.2188449848024316,0.5625,0.7762807950727884
extreme_os,tabpfn_v3,0.2188449848024316,0.5674342105263158,0.7762807950727884
extreme_os,tabpfn_v3,0.22188449848024316,0.5674342105263158,0.7762807950727884
extreme_os,tabpfn_v3,0.22188449848024316,0.5855263157894737,0.7762807950727884
extreme_os,tabpfn_v3,0.22492401215805471,0.5855263157894737,0.7762807950727884
extreme_os,tabpfn_v3,0.22492401215805471,0.5888157894736842,0.7762807950727884
extreme_os,tabpfn_v3,0.22796352583586627,0.5888157894736842,0.7762807950727884
extreme_os,tabpfn_v3,0.22796352583586627,0.5953947368421053,0.7762807950727884
extreme_os,tabpfn_v3,0.23404255319148937,0.5953947368421053,0.7762807950727884
extreme_os,tabpfn_v3,0.23404255319148937,0.5970394736842105,0.7762807950727884
extreme_os,tabpfn_v3,0.24012158054711247,0.5970394736842105,0.7762807950727884
extreme_os,tabpfn_v3,0.24012158054711247,0.6036184210526315,0.7762807950727884
extreme_os,tabpfn_v3,0.24620060790273557,0.6036184210526315,0.7762807950727884
extreme_os,tabpfn_v3,0.24620060790273557,0.6332236842105263,0.7762807950727884
extreme_os,tabpfn_v3,0.24924012158054712,0.6332236842105263,0.7762807950727884
extreme_os,tabpfn_v3,0.24924012158054712,0.6381578947368421,0.7762807950727884
extreme_os,tabpfn_v3,0.2553191489361702,0.6381578947368421,0.7762807950727884
extreme_os,tabpfn_v3,0.2553191489361702,0.6398026315789473,0.7762807950727884
extreme_os,tabpfn_v3,0.25835866261398177,0.6398026315789473,0.7762807950727884
extreme_os,tabpfn_v3,0.25835866261398177,0.6414473684210527,0.7762807950727884
extreme_os,tabpfn_v3,0.2613981762917933,0.6414473684210527,0.7762807950727884
extreme_os,tabpfn_v3,0.2613981762917933,0.6546052631578947,0.7762807950727884
extreme_os,tabpfn_v3,0.26443768996960487,0.6546052631578947,0.7762807950727884
extreme_os,tabpfn_v3,0.26443768996960487,0.6595394736842105,0.7762807950727884
extreme_os,tabpfn_v3,0.270516717325228,0.6595394736842105,0.7762807950727884
extreme_os,tabpfn_v3,0.270516717325228,0.662828947368421,0.7762807950727884
extreme_os,tabpfn_v3,0.2735562310030395,0.662828947368421,0.7762807950727884
extreme_os,tabpfn_v3,0.2735562310030395,0.6776315789473685,0.7762807950727884
extreme_os,tabpfn_v3,0.2796352583586626,0.6776315789473685,0.7762807950727884
extreme_os,tabpfn_v3,0.2796352583586626,0.6825657894736842,0.7762807950727884
extreme_os,tabpfn_v3,0.2826747720364742,0.6825657894736842,0.7762807950727884
extreme_os,tabpfn_v3,0.2826747720364742,0.6842105263157895,0.7762807950727884
extreme_os,tabpfn_v3,0.2887537993920973,0.6842105263157895,0.7762807950727884
extreme_os,tabpfn_v3,0.2887537993920973,0.7039473684210527,0.7762807950727884
extreme_os,tabpfn_v3,0.2917933130699088,0.7039473684210527,0.7762807950727884
extreme_os,tabpfn_v3,0.2917933130699088,0.7236842105263158,0.7762807950727884
extreme_os,tabpfn_v3,0.2948328267477204,0.7236842105263158,0.7762807950727884
extreme_os,tabpfn_v3,0.2948328267477204,0.7269736842105263,0.7762807950727884
extreme_os,tabpfn_v3,0.3009118541033435,0.7269736842105263,0.7762807950727884
extreme_os,tabpfn_v3,0.3009118541033435,0.7319078947368421,0.7762807950727884
extreme_os,tabpfn_v3,0.303951367781155,0.7319078947368421,0.7762807950727884
extreme_os,tabpfn_v3,0.303951367781155,0.7368421052631579,0.7762807950727884
extreme_os,tabpfn_v3,0.3069908814589666,0.7368421052631579,0.7762807950727884
extreme_os,tabpfn_v3,0.3069908814589666,0.7483552631578947,0.7762807950727884
extreme_os,tabpfn_v3,0.3100303951367781,0.7483552631578947,0.7762807950727884
extreme_os,tabpfn_v3,0.3100303951367781,0.75,0.7762807950727884
extreme_os,tabpfn_v3,0.3130699088145897,0.75,0.7762807950727884
extreme_os,tabpfn_v3,0.3130699088145897,0.7516447368421053,0.7762807950727884
extreme_os,tabpfn_v3,0.3161094224924012,0.7516447368421053,0.7762807950727884
extreme_os,tabpfn_v3,0.3161094224924012,0.756578947368421,0.7762807950727884
extreme_os,tabpfn_v3,0.3221884498480243,0.756578947368421,0.7762807950727884
extreme_os,tabpfn_v3,0.3221884498480243,0.7598684210526315,0.7762807950727884
extreme_os,tabpfn_v3,0.3252279635258359,0.7598684210526315,0.7762807950727884
extreme_os,tabpfn_v3,0.3252279635258359,0.7664473684210527,0.7762807950727884
extreme_os,tabpfn_v3,0.3282674772036474,0.7664473684210527,0.7762807950727884
extreme_os,tabpfn_v3,0.3282674772036474,0.7730263157894737,0.7762807950727884
extreme_os,tabpfn_v3,0.331306990881459,0.7730263157894737,0.7762807950727884
extreme_os,tabpfn_v3,0.331306990881459,0.7779605263157895,0.7762807950727884
extreme_os,tabpfn_v3,0.3343465045592705,0.7779605263157895,0.7762807950727884
extreme_os,tabpfn_v3,0.3343465045592705,0.7828947368421053,0.7762807950727884
extreme_os,tabpfn_v3,0.3373860182370821,0.7828947368421053,0.7762807950727884
extreme_os,tabpfn_v3,0.3373860182370821,0.787828947368421,0.7762807950727884
extreme_os,tabpfn_v3,0.3404255319148936,0.787828947368421,0.7762807950727884
extreme_os,tabpfn_v3,0.3404255319148936,0.8009868421052632,0.7762807950727884
extreme_os,tabpfn_v3,0.3465045592705167,0.8009868421052632,0.7762807950727884
extreme_os,tabpfn_v3,0.3465045592705167,0.8125,0.7762807950727884
extreme_os,tabpfn_v3,0.3525835866261398,0.8125,0.7762807950727884
extreme_os,tabpfn_v3,0.3525835866261398,0.8207236842105263,0.7762807950727884
extreme_os,tabpfn_v3,0.3556231003039514,0.8207236842105263,0.7762807950727884
extreme_os,tabpfn_v3,0.3556231003039514,0.8240131578947368,0.7762807950727884
extreme_os,tabpfn_v3,0.3586626139817629,0.8240131578947368,0.7762807950727884
extreme_os,tabpfn_v3,0.3586626139817629,0.8256578947368421,0.7762807950727884
extreme_os,tabpfn_v3,0.3617021276595745,0.8256578947368421,0.7762807950727884
extreme_os,tabpfn_v3,0.3617021276595745,0.8273026315789473,0.7762807950727884
extreme_os,tabpfn_v3,0.364741641337386,0.8273026315789473,0.7762807950727884
extreme_os,tabpfn_v3,0.364741641337386,0.8289473684210527,0.7762807950727884
extreme_os,tabpfn_v3,0.3677811550151976,0.8289473684210527,0.7762807950727884
extreme_os,tabpfn_v3,0.3677811550151976,0.8305921052631579,0.7762807950727884
extreme_os,tabpfn_v3,0.3708206686930091,0.8305921052631579,0.7762807950727884
extreme_os,tabpfn_v3,0.3708206686930091,0.8355263157894737,0.7762807950727884
extreme_os,tabpfn_v3,0.3738601823708207,0.8355263157894737,0.7762807950727884
extreme_os,tabpfn_v3,0.3738601823708207,0.8388157894736842,0.7762807950727884
extreme_os,tabpfn_v3,0.3768996960486322,0.8388157894736842,0.7762807950727884
extreme_os,tabpfn_v3,0.3768996960486322,0.8470394736842105,0.7762807950727884
extreme_os,tabpfn_v3,0.3799392097264438,0.8470394736842105,0.7762807950727884
extreme_os,tabpfn_v3,0.3799392097264438,0.8569078947368421,0.7762807950727884
extreme_os,tabpfn_v3,0.3829787234042553,0.8569078947368421,0.7762807950727884
extreme_os,tabpfn_v3,0.3829787234042553,0.875,0.7762807950727884
extreme_os,tabpfn_v3,0.3860182370820669,0.875,0.7762807950727884
extreme_os,tabpfn_v3,0.3860182370820669,0.8766447368421053,0.7762807950727884
extreme_os,tabpfn_v3,0.3890577507598784,0.8766447368421053,0.7762807950727884
extreme_os,tabpfn_v3,0.3890577507598784,0.8799342105263158,0.7762807950727884
extreme_os,tabpfn_v3,0.3951367781155015,0.8799342105263158,0.7762807950727884
extreme_os,tabpfn_v3,0.3951367781155015,0.8832236842105263,0.7762807950727884
extreme_os,tabpfn_v3,0.3981762917933131,0.8832236842105263,0.7762807950727884
extreme_os,tabpfn_v3,0.3981762917933131,0.8865131578947368,0.7762807950727884
extreme_os,tabpfn_v3,0.4012158054711246,0.8865131578947368,0.7762807950727884
extreme_os,tabpfn_v3,0.4012158054711246,0.8898026315789473,0.7762807950727884
extreme_os,tabpfn_v3,0.40425531914893614,0.8898026315789473,0.7762807950727884
extreme_os,tabpfn_v3,0.40425531914893614,0.8914473684210527,0.7762807950727884
extreme_os,tabpfn_v3,0.42249240121580545,0.8914473684210527,0.7762807950727884
extreme_os,tabpfn_v3,0.42249240121580545,0.899671052631579,0.7762807950727884
extreme_os,tabpfn_v3,0.44680851063829785,0.899671052631579,0.7762807950727884
extreme_os,tabpfn_v3,0.44680851063829785,0.9013157894736842,0.7762807950727884
extreme_os,tabpfn_v3,0.45896656534954405,0.9013157894736842,0.7762807950727884
extreme_os,tabpfn_v3,0.45896656534954405,0.9029605263157895,0.7762807950727884
extreme_os,tabpfn_v3,0.46808510638297873,0.9029605263157895,0.7762807950727884
extreme_os,tabpfn_v3,0.46808510638297873,0.9046052631578947,0.7762807950727884
extreme_os,tabpfn_v3,0.47720364741641336,0.9046052631578947,0.7762807950727884
extreme_os,tabpfn_v3,0.47720364741641336,0.9078947368421053,0.7762807950727884
extreme_os,tabpfn_v3,0.48632218844984804,0.9078947368421053,0.7762807950727884
extreme_os,tabpfn_v3,0.48632218844984804,0.9095394736842105,0.7762807950727884
extreme_os,tabpfn_v3,0.48936170212765956,0.9095394736842105,0.7762807950727884
extreme_os,tabpfn_v3,0.48936170212765956,0.9111842105263158,0.7762807950727884
extreme_os,tabpfn_v3,0.49848024316109424,0.9111842105263158,0.7762807950727884
extreme_os,tabpfn_v3,0.49848024316109424,0.912828947368421,0.7762807950727884
extreme_os,tabpfn_v3,0.5045592705167173,0.912828947368421,0.7762807950727884
extreme_os,tabpfn_v3,0.5045592705167173,0.9144736842105263,0.7762807950727884
extreme_os,tabpfn_v3,0.5075987841945289,0.9144736842105263,0.7762807950727884
extreme_os,tabpfn_v3,0.5075987841945289,0.9161184210526315,0.7762807950727884
extreme_os,tabpfn_v3,0.5167173252279635,0.9161184210526315,0.7762807950727884
extreme_os,tabpfn_v3,0.5167173252279635,0.9177631578947368,0.7762807950727884
extreme_os,tabpfn_v3,0.5379939209726444,0.9177631578947368,0.7762807950727884
extreme_os,tabpfn_v3,0.5379939209726444,0.9210526315789473,0.7762807950727884
extreme_os,tabpfn_v3,0.5623100303951368,0.9210526315789473,0.7762807950727884
extreme_os,tabpfn_v3,0.5623100303951368,0.9226973684210527,0.7762807950727884
extreme_os,tabpfn_v3,0.574468085106383,0.9226973684210527,0.7762807950727884
extreme_os,tabpfn_v3,0.574468085106383,0.9243421052631579,0.7762807950727884
extreme_os,tabpfn_v3,0.5866261398176292,0.9243421052631579,0.7762807950727884
extreme_os,tabpfn_v3,0.5866261398176292,0.9292763157894737,0.7762807950727884
extreme_os,tabpfn_v3,0.601823708206687,0.9292763157894737,0.7762807950727884
extreme_os,tabpfn_v3,0.601823708206687,0.9325657894736842,0.7762807950727884
extreme_os,tabpfn_v3,0.6139817629179332,0.9325657894736842,0.7762807950727884
extreme_os,tabpfn_v3,0.6139817629179332,0.9342105263157895,0.7762807950727884
extreme_os,tabpfn_v3,0.6474164133738601,0.9342105263157895,0.7762807950727884
extreme_os,tabpfn_v3,0.6474164133738601,0.9358552631578947,0.7762807950727884
extreme_os,tabpfn_v3,0.6656534954407295,0.9358552631578947,0.7762807950727884
extreme_os,tabpfn_v3,0.6656534954407295,0.9375,0.7762807950727884
extreme_os,tabpfn_v3,0.668693009118541,0.9375,0.7762807950727884
extreme_os,tabpfn_v3,0.668693009118541,0.9391447368421053,0.7762807950727884
extreme_os,tabpfn_v3,0.6808510638297872,0.9391447368421053,0.7762807950727884
extreme_os,tabpfn_v3,0.6808510638297872,0.9407894736842105,0.7762807950727884
extreme_os,tabpfn_v3,0.7021276595744681,0.9407894736842105,0.7762807950727884
extreme_os,tabpfn_v3,0.7021276595744681,0.9424342105263158,0.7762807950727884
extreme_os,tabpfn_v3,0.7082066869300911,0.9424342105263158,0.7762807950727884
extreme_os,tabpfn_v3,0.7082066869300911,0.944078947368421,0.7762807950727884
extreme_os,tabpfn_v3,0.7264437689969605,0.944078947368421,0.7762807950727884
extreme_os,tabpfn_v3,0.7264437689969605,0.9457236842105263,0.7762807950727884
extreme_os,tabpfn_v3,0.7355623100303952,0.9457236842105263,0.7762807950727884
extreme_os,tabpfn_v3,0.7355623100303952,0.9473684210526315,0.7762807950727884
extreme_os,tabpfn_v3,0.7477203647416414,0.9473684210526315,0.7762807950727884
extreme_os,tabpfn_v3,0.7477203647416414,0.9490131578947368,0.7762807950727884
extreme_os,tabpfn_v3,0.756838905775076,0.9490131578947368,0.7762807950727884
extreme_os,tabpfn_v3,0.756838905775076,0.9523026315789473,0.7762807950727884
extreme_os,tabpfn_v3,0.7963525835866262,0.9523026315789473,0.7762807950727884
extreme_os,tabpfn_v3,0.7963525835866262,0.9539473684210527,0.7762807950727884
extreme_os,tabpfn_v3,0.8024316109422492,0.9539473684210527,0.7762807950727884
extreme_os,tabpfn_v3,0.8024316109422492,0.9555921052631579,0.7762807950727884
extreme_os,tabpfn_v3,0.8085106382978723,0.9555921052631579,0.7762807950727884
extreme_os,tabpfn_v3,0.8085106382978723,0.9572368421052632,0.7762807950727884
extreme_os,tabpfn_v3,0.8115501519756839,0.9572368421052632,0.7762807950727884
extreme_os,tabpfn_v3,0.8115501519756839,0.9588815789473685,0.7762807950727884
extreme_os,tabpfn_v3,0.8145896656534954,0.9588815789473685,0.7762807950727884
extreme_os,tabpfn_v3,0.8145896656534954,0.962171052631579,0.7762807950727884
extreme_os,tabpfn_v3,0.817629179331307,0.962171052631579,0.7762807950727884
extreme_os,tabpfn_v3,0.817629179331307,0.9638157894736842,0.7762807950727884
extreme_os,tabpfn_v3,0.8267477203647416,0.9638157894736842,0.7762807950727884
extreme_os,tabpfn_v3,0.8267477203647416,0.9654605263157895,0.7762807950727884
extreme_os,tabpfn_v3,0.8389057750759878,0.9654605263157895,0.7762807950727884
extreme_os,tabpfn_v3,0.8389057750759878,0.9720394736842105,0.7762807950727884
extreme_os,tabpfn_v3,0.8449848024316109,0.9720394736842105,0.7762807950727884
extreme_os,tabpfn_v3,0.8449848024316109,0.9769736842105263,0.7762807950727884
extreme_os,tabpfn_v3,0.8571428571428571,0.9769736842105263,0.7762807950727884
extreme_os,tabpfn_v3,0.8571428571428571,0.9802631578947368,0.7762807950727884
extreme_os,tabpfn_v3,0.8601823708206687,0.9802631578947368,0.7762807950727884
extreme_os,tabpfn_v3,0.8601823708206687,0.9819078947368421,0.7762807950727884
extreme_os,tabpfn_v3,0.8844984802431611,0.9819078947368421,0.7762807950727884
extreme_os,tabpfn_v3,0.8844984802431611,0.9835526315789473,0.7762807950727884
extreme_os,tabpfn_v3,0.9118541033434651,0.9835526315789473,0.7762807950727884
extreme_os,tabpfn_v3,0.9118541033434651,0.9851973684210527,0.7762807950727884
extreme_os,tabpfn_v3,0.9148936170212766,0.9851973684210527,0.7762807950727884
extreme_os,tabpfn_v3,0.9148936170212766,0.9868421052631579,0.7762807950727884
extreme_os,tabpfn_v3,0.9179331306990881,0.9868421052631579,0.7762807950727884
extreme_os,tabpfn_v3,0.9179331306990881,0.9884868421052632,0.7762807950727884
extreme_os,tabpfn_v3,0.9361702127659575,0.9884868421052632,0.7762807950727884
extreme_os,tabpfn_v3,0.9361702127659575,0.9901315789473685,0.7762807950727884
extreme_os,tabpfn_v3,0.9513677811550152,0.9901315789473685,0.7762807950727884
extreme_os,tabpfn_v3,0.9513677811550152,0.9917763157894737,0.7762807950727884
extreme_os,tabpfn_v3,0.9604863221884499,0.9917763157894737,0.7762807950727884
extreme_os,tabpfn_v3,0.9604863221884499,0.993421052631579,0.7762807950727884
extreme_os,tabpfn_v3,0.9665653495440729,0.993421052631579,0.7762807950727884
extreme_os,tabpfn_v3,0.9665653495440729,0.9950657894736842,0.7762807950727884
extreme_os,tabpfn_v3,0.9726443768996961,0.9950657894736842,0.7762807950727884
extreme_os,tabpfn_v3,0.9726443768996961,0.9967105263157895,0.7762807950727884
extreme_os,tabpfn_v3,0.9878419452887538,0.9967105263157895,0.7762807950727884
extreme_os,tabpfn_v3,0.9878419452887538,0.9983552631578947,0.7762807950727884
extreme_os,tabpfn_v3,0.9969604863221885,0.9983552631578947,0.7762807950727884
extreme_os,tabpfn_v3,0.9969604863221885,1.0,0.7762807950727884
extreme_os,tabpfn_v3,1.0,1.0,0.7762807950727884
os_3yr,autogluon,0.0,0.0,0.7202684094503575
os_3yr,autogluon,0.0,0.0014792899408284023,0.7202684094503575
os_3yr,autogluon,0.0,0.008875739644970414,0.7202684094503575
os_3yr,autogluon,0.0010319917440660474,0.008875739644970414,0.7202684094503575
os_3yr,autogluon,0.0010319917440660474,0.02514792899408284,0.7202684094503575
os_3yr,autogluon,0.0020639834881320948,0.02514792899408284,0.7202684094503575
os_3yr,autogluon,0.0020639834881320948,0.028106508875739646,0.7202684094503575
os_3yr,autogluon,0.0030959752321981426,0.028106508875739646,0.7202684094503575
os_3yr,autogluon,0.0030959752321981426,0.03254437869822485,0.7202684094503575
os_3yr,autogluon,0.0041279669762641896,0.03254437869822485,0.7202684094503575
os_3yr,autogluon,0.0041279669762641896,0.034023668639053255,0.7202684094503575
os_3yr,autogluon,0.005159958720330237,0.034023668639053255,0.7202684094503575
os_3yr,autogluon,0.005159958720330237,0.03550295857988166,0.7202684094503575
os_3yr,autogluon,0.006191950464396285,0.03550295857988166,0.7202684094503575
os_3yr,autogluon,0.006191950464396285,0.04585798816568047,0.7202684094503575
os_3yr,autogluon,0.010319917440660475,0.04585798816568047,0.7202684094503575
os_3yr,autogluon,0.010319917440660475,0.047337278106508875,0.7202684094503575
os_3yr,autogluon,0.011351909184726523,0.047337278106508875,0.7202684094503575
os_3yr,autogluon,0.011351909184726523,0.051775147928994084,0.7202684094503575
os_3yr,autogluon,0.01238390092879257,0.051775147928994084,0.7202684094503575
os_3yr,autogluon,0.01238390092879257,0.05473372781065089,0.7202684094503575
os_3yr,autogluon,0.015479876160990712,0.05473372781065089,0.7202684094503575
os_3yr,autogluon,0.015479876160990712,0.05621301775147929,0.7202684094503575
os_3yr,autogluon,0.016511867905056758,0.05621301775147929,0.7202684094503575
os_3yr,autogluon,0.016511867905056758,0.05917159763313609,0.7202684094503575
os_3yr,autogluon,0.018575851393188854,0.05917159763313609,0.7202684094503575
os_3yr,autogluon,0.018575851393188854,0.0621301775147929,0.7202684094503575
os_3yr,autogluon,0.0196078431372549,0.0621301775147929,0.7202684094503575
os_3yr,autogluon,0.0196078431372549,0.06804733727810651,0.7202684094503575
os_3yr,autogluon,0.02063983488132095,0.06804733727810651,0.7202684094503575
os_3yr,autogluon,0.02063983488132095,0.07544378698224852,0.7202684094503575
os_3yr,autogluon,0.022703818369453045,0.07544378698224852,0.7202684094503575
os_3yr,autogluon,0.022703818369453045,0.08136094674556213,0.7202684094503575
os_3yr,autogluon,0.02476780185758514,0.08136094674556213,0.7202684094503575
os_3yr,autogluon,0.02476780185758514,0.08284023668639054,0.7202684094503575
os_3yr,autogluon,0.025799793601651185,0.08284023668639054,0.7202684094503575
os_3yr,autogluon,0.025799793601651185,0.08727810650887574,0.7202684094503575
os_3yr,autogluon,0.026831785345717233,0.08727810650887574,0.7202684094503575
os_3yr,autogluon,0.026831785345717233,0.08875739644970414,0.7202684094503575
os_3yr,autogluon,0.02786377708978328,0.08875739644970414,0.7202684094503575
os_3yr,autogluon,0.02786377708978328,0.09023668639053255,0.7202684094503575
os_3yr,autogluon,0.02889576883384933,0.09023668639053255,0.7202684094503575
os_3yr,autogluon,0.02889576883384933,0.09467455621301775,0.7202684094503575
os_3yr,autogluon,0.030959752321981424,0.09467455621301775,0.7202684094503575
os_3yr,autogluon,0.030959752321981424,0.10059171597633136,0.7202684094503575
os_3yr,autogluon,0.033023735810113516,0.10059171597633136,0.7202684094503575
os_3yr,autogluon,0.033023735810113516,0.10207100591715976,0.7202684094503575
os_3yr,autogluon,0.034055727554179564,0.10207100591715976,0.7202684094503575
os_3yr,autogluon,0.034055727554179564,0.11834319526627218,0.7202684094503575
os_3yr,autogluon,0.03508771929824561,0.11834319526627218,0.7202684094503575
os_3yr,autogluon,0.03508771929824561,0.12130177514792899,0.7202684094503575
os_3yr,autogluon,0.03715170278637771,0.12130177514792899,0.7202684094503575
os_3yr,autogluon,0.03715170278637771,0.1242603550295858,0.7202684094503575
os_3yr,autogluon,0.038183694530443756,0.1242603550295858,0.7202684094503575
os_3yr,autogluon,0.038183694530443756,0.12721893491124261,0.7202684094503575
os_3yr,autogluon,0.0392156862745098,0.12721893491124261,0.7202684094503575
os_3yr,autogluon,0.0392156862745098,0.13609467455621302,0.7202684094503575
os_3yr,autogluon,0.0412796697626419,0.13609467455621302,0.7202684094503575
os_3yr,autogluon,0.0412796697626419,0.14053254437869822,0.7202684094503575
os_3yr,autogluon,0.04437564499484004,0.14053254437869822,0.7202684094503575
os_3yr,autogluon,0.04437564499484004,0.14349112426035504,0.7202684094503575
os_3yr,autogluon,0.04643962848297214,0.14349112426035504,0.7202684094503575
os_3yr,autogluon,0.04643962848297214,0.14497041420118342,0.7202684094503575
os_3yr,autogluon,0.047471620227038186,0.14497041420118342,0.7202684094503575
os_3yr,autogluon,0.047471620227038186,0.14792899408284024,0.7202684094503575
os_3yr,autogluon,0.04953560371517028,0.14792899408284024,0.7202684094503575
os_3yr,autogluon,0.04953560371517028,0.14940828402366865,0.7202684094503575
os_3yr,autogluon,0.05056759545923633,0.14940828402366865,0.7202684094503575
os_3yr,autogluon,0.05056759545923633,0.15088757396449703,0.7202684094503575
os_3yr,autogluon,0.05159958720330237,0.15088757396449703,0.7202684094503575
os_3yr,autogluon,0.05159958720330237,0.15532544378698224,0.7202684094503575
os_3yr,autogluon,0.05263157894736842,0.15532544378698224,0.7202684094503575
os_3yr,autogluon,0.05263157894736842,0.15680473372781065,0.7202684094503575
os_3yr,autogluon,0.053663570691434466,0.15680473372781065,0.7202684094503575
os_3yr,autogluon,0.053663570691434466,0.16124260355029585,0.7202684094503575
os_3yr,autogluon,0.054695562435500514,0.16124260355029585,0.7202684094503575
os_3yr,autogluon,0.054695562435500514,0.16272189349112426,0.7202684094503575
os_3yr,autogluon,0.05572755417956656,0.16272189349112426,0.7202684094503575
os_3yr,autogluon,0.05572755417956656,0.16420118343195267,0.7202684094503575
os_3yr,autogluon,0.05779153766769866,0.16420118343195267,0.7202684094503575
os_3yr,autogluon,0.05779153766769866,0.16568047337278108,0.7202684094503575
os_3yr,autogluon,0.058823529411764705,0.16568047337278108,0.7202684094503575
os_3yr,autogluon,0.058823529411764705,0.16715976331360946,0.7202684094503575
os_3yr,autogluon,0.05985552115583075,0.16715976331360946,0.7202684094503575
os_3yr,autogluon,0.05985552115583075,0.17751479289940827,0.7202684094503575
os_3yr,autogluon,0.06191950464396285,0.17751479289940827,0.7202684094503575
os_3yr,autogluon,0.06191950464396285,0.1804733727810651,0.7202684094503575
os_3yr,autogluon,0.0629514963880289,0.1804733727810651,0.7202684094503575
os_3yr,autogluon,0.0629514963880289,0.1849112426035503,0.7202684094503575
os_3yr,autogluon,0.06398348813209494,0.1849112426035503,0.7202684094503575
os_3yr,autogluon,0.06398348813209494,0.1893491124260355,0.7202684094503575
os_3yr,autogluon,0.06501547987616099,0.1893491124260355,0.7202684094503575
os_3yr,autogluon,0.06501547987616099,0.19822485207100593,0.7202684094503575
os_3yr,autogluon,0.06604747162022703,0.19822485207100593,0.7202684094503575
os_3yr,autogluon,0.06604747162022703,0.20118343195266272,0.7202684094503575
os_3yr,autogluon,0.06707946336429309,0.20118343195266272,0.7202684094503575
os_3yr,autogluon,0.06707946336429309,0.20414201183431951,0.7202684094503575
os_3yr,autogluon,0.06811145510835913,0.20414201183431951,0.7202684094503575
os_3yr,autogluon,0.06811145510835913,0.20562130177514792,0.7202684094503575
os_3yr,autogluon,0.06914344685242518,0.20562130177514792,0.7202684094503575
os_3yr,autogluon,0.06914344685242518,0.20710059171597633,0.7202684094503575
os_3yr,autogluon,0.07017543859649122,0.20710059171597633,0.7202684094503575
os_3yr,autogluon,0.07017543859649122,0.20857988165680474,0.7202684094503575
os_3yr,autogluon,0.07739938080495357,0.20857988165680474,0.7202684094503575
os_3yr,autogluon,0.07739938080495357,0.21005917159763313,0.7202684094503575
os_3yr,autogluon,0.07946336429308566,0.21005917159763313,0.7202684094503575
os_3yr,autogluon,0.07946336429308566,0.21153846153846154,0.7202684094503575
os_3yr,autogluon,0.08152734778121776,0.21153846153846154,0.7202684094503575
os_3yr,autogluon,0.08152734778121776,0.21449704142011836,0.7202684094503575
os_3yr,autogluon,0.0846233230134159,0.21449704142011836,0.7202684094503575
os_3yr,autogluon,0.0846233230134159,0.21745562130177515,0.7202684094503575
os_3yr,autogluon,0.08668730650154799,0.21745562130177515,0.7202684094503575
os_3yr,autogluon,0.08668730650154799,0.22337278106508876,0.7202684094503575
os_3yr,autogluon,0.08875128998968008,0.22337278106508876,0.7202684094503575
os_3yr,autogluon,0.08875128998968008,0.22928994082840237,0.7202684094503575
os_3yr,autogluon,0.08978328173374613,0.22928994082840237,0.7202684094503575
os_3yr,autogluon,0.08978328173374613,0.23224852071005916,0.7202684094503575
os_3yr,autogluon,0.09081527347781218,0.23224852071005916,0.7202684094503575
os_3yr,autogluon,0.09081527347781218,0.23372781065088757,0.7202684094503575
os_3yr,autogluon,0.09391124871001032,0.23372781065088757,0.7202684094503575
os_3yr,autogluon,0.09391124871001032,0.23668639053254437,0.7202684094503575
os_3yr,autogluon,0.09597523219814241,0.23668639053254437,0.7202684094503575
os_3yr,autogluon,0.09597523219814241,0.23816568047337278,0.7202684094503575
os_3yr,autogluon,0.09700722394220847,0.23816568047337278,0.7202684094503575
os_3yr,autogluon,0.09700722394220847,0.23964497041420119,0.7202684094503575
os_3yr,autogluon,0.09907120743034056,0.23964497041420119,0.7202684094503575
os_3yr,autogluon,0.09907120743034056,0.2455621301775148,0.7202684094503575
os_3yr,autogluon,0.1001031991744066,0.2455621301775148,0.7202684094503575
os_3yr,autogluon,0.1001031991744066,0.2485207100591716,0.7202684094503575
os_3yr,autogluon,0.1021671826625387,0.2485207100591716,0.7202684094503575
os_3yr,autogluon,0.1021671826625387,0.25,0.7202684094503575
os_3yr,autogluon,0.10526315789473684,0.25,0.7202684094503575
os_3yr,autogluon,0.10526315789473684,0.2514792899408284,0.7202684094503575
os_3yr,autogluon,0.10732714138286893,0.2514792899408284,0.7202684094503575
os_3yr,autogluon,0.10732714138286893,0.2603550295857988,0.7202684094503575
os_3yr,autogluon,0.10939112487100103,0.2603550295857988,0.7202684094503575
os_3yr,autogluon,0.10939112487100103,0.2692307692307692,0.7202684094503575
os_3yr,autogluon,0.11042311661506708,0.2692307692307692,0.7202684094503575
os_3yr,autogluon,0.11042311661506708,0.27218934911242604,0.7202684094503575
os_3yr,autogluon,0.11351909184726522,0.27218934911242604,0.7202684094503575
os_3yr,autogluon,0.11351909184726522,0.27662721893491127,0.7202684094503575
os_3yr,autogluon,0.11558307533539731,0.27662721893491127,0.7202684094503575
os_3yr,autogluon,0.11558307533539731,0.2781065088757396,0.7202684094503575
os_3yr,autogluon,0.11764705882352941,0.2781065088757396,0.7202684094503575
os_3yr,autogluon,0.11764705882352941,0.28106508875739644,0.7202684094503575
os_3yr,autogluon,0.12074303405572756,0.28106508875739644,0.7202684094503575
os_3yr,autogluon,0.12074303405572756,0.28994082840236685,0.7202684094503575
os_3yr,autogluon,0.1217750257997936,0.28994082840236685,0.7202684094503575
os_3yr,autogluon,0.1217750257997936,0.29289940828402367,0.7202684094503575
os_3yr,autogluon,0.12487100103199174,0.29289940828402367,0.7202684094503575
os_3yr,autogluon,0.12487100103199174,0.2958579881656805,0.7202684094503575
os_3yr,autogluon,0.1259029927760578,0.2958579881656805,0.7202684094503575
os_3yr,autogluon,0.1259029927760578,0.2988165680473373,0.7202684094503575
os_3yr,autogluon,0.12693498452012383,0.2988165680473373,0.7202684094503575
os_3yr,autogluon,0.12693498452012383,0.3106508875739645,0.7202684094503575
os_3yr,autogluon,0.12899896800825594,0.3106508875739645,0.7202684094503575
os_3yr,autogluon,0.12899896800825594,0.3136094674556213,0.7202684094503575
os_3yr,autogluon,0.13003095975232198,0.3136094674556213,0.7202684094503575
os_3yr,autogluon,0.13003095975232198,0.3150887573964497,0.7202684094503575
os_3yr,autogluon,0.13209494324045407,0.3150887573964497,0.7202684094503575
os_3yr,autogluon,0.13209494324045407,0.3165680473372781,0.7202684094503575
os_3yr,autogluon,0.13312693498452013,0.3165680473372781,0.7202684094503575
os_3yr,autogluon,0.13312693498452013,0.31952662721893493,0.7202684094503575
os_3yr,autogluon,0.13415892672858618,0.31952662721893493,0.7202684094503575
os_3yr,autogluon,0.13415892672858618,0.3254437869822485,0.7202684094503575
os_3yr,autogluon,0.13519091847265222,0.3254437869822485,0.7202684094503575
os_3yr,autogluon,0.13519091847265222,0.3269230769230769,0.7202684094503575
os_3yr,autogluon,0.13622291021671826,0.3269230769230769,0.7202684094503575
os_3yr,autogluon,0.13622291021671826,0.32988165680473375,0.7202684094503575
os_3yr,autogluon,0.13828689370485037,0.32988165680473375,0.7202684094503575
os_3yr,autogluon,0.13828689370485037,0.33136094674556216,0.7202684094503575
os_3yr,autogluon,0.1393188854489164,0.33136094674556216,0.7202684094503575
os_3yr,autogluon,0.1393188854489164,0.3343195266272189,0.7202684094503575
os_3yr,autogluon,0.14035087719298245,0.3343195266272189,0.7202684094503575
os_3yr,autogluon,0.14035087719298245,0.33727810650887574,0.7202684094503575
os_3yr,autogluon,0.14241486068111456,0.33727810650887574,0.7202684094503575
os_3yr,autogluon,0.14241486068111456,0.33875739644970415,0.7202684094503575
os_3yr,autogluon,0.14551083591331268,0.33875739644970415,0.7202684094503575
os_3yr,autogluon,0.14551083591331268,0.34615384615384615,0.7202684094503575
os_3yr,autogluon,0.1475748194014448,0.34615384615384615,0.7202684094503575
os_3yr,autogluon,0.1475748194014448,0.3505917159763314,0.7202684094503575
os_3yr,autogluon,0.14963880288957687,0.3505917159763314,0.7202684094503575
os_3yr,autogluon,0.14963880288957687,0.35502958579881655,0.7202684094503575
os_3yr,autogluon,0.15273477812177502,0.35502958579881655,0.7202684094503575
os_3yr,autogluon,0.15273477812177502,0.35798816568047337,0.7202684094503575
os_3yr,autogluon,0.15376676986584106,0.35798816568047337,0.7202684094503575
os_3yr,autogluon,0.15376676986584106,0.3609467455621302,0.7202684094503575
os_3yr,autogluon,0.15583075335397317,0.3609467455621302,0.7202684094503575
os_3yr,autogluon,0.15583075335397317,0.3624260355029586,0.7202684094503575
os_3yr,autogluon,0.15789473684210525,0.3624260355029586,0.7202684094503575
os_3yr,autogluon,0.15789473684210525,0.363905325443787,0.7202684094503575
os_3yr,autogluon,0.15892672858617132,0.363905325443787,0.7202684094503575
os_3yr,autogluon,0.15892672858617132,0.36538461538461536,0.7202684094503575
os_3yr,autogluon,0.16305469556243551,0.36538461538461536,0.7202684094503575
os_3yr,autogluon,0.16305469556243551,0.3683431952662722,0.7202684094503575
os_3yr,autogluon,0.16408668730650156,0.3683431952662722,0.7202684094503575
os_3yr,autogluon,0.16408668730650156,0.3727810650887574,0.7202684094503575
os_3yr,autogluon,0.16615067079463364,0.3727810650887574,0.7202684094503575
os_3yr,autogluon,0.16615067079463364,0.3742603550295858,0.7202684094503575
os_3yr,autogluon,0.16718266253869968,0.3742603550295858,0.7202684094503575
os_3yr,autogluon,0.16718266253869968,0.3801775147928994,0.7202684094503575
os_3yr,autogluon,0.17027863777089783,0.3801775147928994,0.7202684094503575
os_3yr,autogluon,0.17027863777089783,0.3816568047337278,0.7202684094503575
os_3yr,autogluon,0.17131062951496387,0.3816568047337278,0.7202684094503575
os_3yr,autogluon,0.17131062951496387,0.3831360946745562,0.7202684094503575
os_3yr,autogluon,0.17337461300309598,0.3831360946745562,0.7202684094503575
os_3yr,autogluon,0.17337461300309598,0.38461538461538464,0.7202684094503575
os_3yr,autogluon,0.17440660474716202,0.38461538461538464,0.7202684094503575
os_3yr,autogluon,0.17440660474716202,0.3890532544378698,0.7202684094503575
os_3yr,autogluon,0.17543859649122806,0.3890532544378698,0.7202684094503575
os_3yr,autogluon,0.17543859649122806,0.39497041420118345,0.7202684094503575
os_3yr,autogluon,0.17647058823529413,0.39497041420118345,0.7202684094503575
os_3yr,autogluon,0.17647058823529413,0.40088757396449703,0.7202684094503575
os_3yr,autogluon,0.17750257997936017,0.40088757396449703,0.7202684094503575
os_3yr,autogluon,0.17750257997936017,0.40236686390532544,0.7202684094503575
os_3yr,autogluon,0.1785345717234262,0.40236686390532544,0.7202684094503575
os_3yr,autogluon,0.1785345717234262,0.40532544378698226,0.7202684094503575
os_3yr,autogluon,0.17956656346749225,0.40532544378698226,0.7202684094503575
os_3yr,autogluon,0.17956656346749225,0.4156804733727811,0.7202684094503575
os_3yr,autogluon,0.18059855521155832,0.4156804733727811,0.7202684094503575
os_3yr,autogluon,0.18059855521155832,0.42011834319526625,0.7202684094503575
os_3yr,autogluon,0.18472652218782248,0.42011834319526625,0.7202684094503575
os_3yr,autogluon,0.18472652218782248,0.4230769230769231,0.7202684094503575
os_3yr,autogluon,0.1867905056759546,0.4230769230769231,0.7202684094503575
os_3yr,autogluon,0.1867905056759546,0.4260355029585799,0.7202684094503575
os_3yr,autogluon,0.18885448916408668,0.4260355029585799,0.7202684094503575
os_3yr,autogluon,0.18885448916408668,0.4289940828402367,0.7202684094503575
os_3yr,autogluon,0.19401444788441694,0.4289940828402367,0.7202684094503575
os_3yr,autogluon,0.19401444788441694,0.43047337278106507,0.7202684094503575
os_3yr,autogluon,0.19504643962848298,0.43047337278106507,0.7202684094503575
os_3yr,autogluon,0.19504643962848298,0.4319526627218935,0.7202684094503575
os_3yr,autogluon,0.19607843137254902,0.4319526627218935,0.7202684094503575
os_3yr,autogluon,0.19607843137254902,0.4334319526627219,0.7202684094503575
os_3yr,autogluon,0.19814241486068113,0.4334319526627219,0.7202684094503575
os_3yr,autogluon,0.19814241486068113,0.4378698224852071,0.7202684094503575
os_3yr,autogluon,0.2002063983488132,0.4378698224852071,0.7202684094503575
os_3yr,autogluon,0.2002063983488132,0.4408284023668639,0.7202684094503575
os_3yr,autogluon,0.20330237358101136,0.4408284023668639,0.7202684094503575
os_3yr,autogluon,0.20330237358101136,0.4452662721893491,0.7202684094503575
os_3yr,autogluon,0.2043343653250774,0.4452662721893491,0.7202684094503575
os_3yr,autogluon,0.2043343653250774,0.44822485207100593,0.7202684094503575
os_3yr,autogluon,0.20536635706914344,0.44822485207100593,0.7202684094503575
os_3yr,autogluon,0.20536635706914344,0.44970414201183434,0.7202684094503575
os_3yr,autogluon,0.20639834881320948,0.44970414201183434,0.7202684094503575
os_3yr,autogluon,0.20639834881320948,0.4541420118343195,0.7202684094503575
os_3yr,autogluon,0.20949432404540763,0.4541420118343195,0.7202684094503575
os_3yr,autogluon,0.20949432404540763,0.46153846153846156,0.7202684094503575
os_3yr,autogluon,0.21052631578947367,0.46153846153846156,0.7202684094503575
os_3yr,autogluon,0.21052631578947367,0.46597633136094674,0.7202684094503575
os_3yr,autogluon,0.21155830753353974,0.46597633136094674,0.7202684094503575
os_3yr,autogluon,0.21155830753353974,0.47041420118343197,0.7202684094503575
os_3yr,autogluon,0.21259029927760578,0.47041420118343197,0.7202684094503575
os_3yr,autogluon,0.21259029927760578,0.47633136094674555,0.7202684094503575
os_3yr,autogluon,0.21362229102167182,0.47633136094674555,0.7202684094503575
os_3yr,autogluon,0.21362229102167182,0.4822485207100592,0.7202684094503575
os_3yr,autogluon,0.21465428276573786,0.4822485207100592,0.7202684094503575
os_3yr,autogluon,0.21465428276573786,0.48668639053254437,0.7202684094503575
os_3yr,autogluon,0.21671826625386997,0.48668639053254437,0.7202684094503575
os_3yr,autogluon,0.21671826625386997,0.4881656804733728,0.7202684094503575
os_3yr,autogluon,0.21878224974200206,0.4881656804733728,0.7202684094503575
os_3yr,autogluon,0.21878224974200206,0.4911242603550296,0.7202684094503575
os_3yr,autogluon,0.21981424148606812,0.4911242603550296,0.7202684094503575
os_3yr,autogluon,0.21981424148606812,0.492603550295858,0.7202684094503575
os_3yr,autogluon,0.2218782249742002,0.492603550295858,0.7202684094503575
os_3yr,autogluon,0.2218782249742002,0.5,0.7202684094503575
os_3yr,autogluon,0.22291021671826625,0.5,0.7202684094503575
os_3yr,autogluon,0.22291021671826625,0.5014792899408284,0.7202684094503575
os_3yr,autogluon,0.22394220846233232,0.5014792899408284,0.7202684094503575
os_3yr,autogluon,0.22394220846233232,0.5029585798816568,0.7202684094503575
os_3yr,autogluon,0.2260061919504644,0.5029585798816568,0.7202684094503575
os_3yr,autogluon,0.2260061919504644,0.5044378698224852,0.7202684094503575
os_3yr,autogluon,0.22703818369453044,0.5044378698224852,0.7202684094503575
os_3yr,autogluon,0.22703818369453044,0.507396449704142,0.7202684094503575
os_3yr,autogluon,0.22807017543859648,0.507396449704142,0.7202684094503575
os_3yr,autogluon,0.22807017543859648,0.5118343195266272,0.7202684094503575
os_3yr,autogluon,0.22910216718266255,0.5118343195266272,0.7202684094503575
os_3yr,autogluon,0.22910216718266255,0.5177514792899408,0.7202684094503575
os_3yr,autogluon,0.2301341589267286,0.5177514792899408,0.7202684094503575
os_3yr,autogluon,0.2301341589267286,0.5236686390532544,0.7202684094503575
os_3yr,autogluon,0.23735810113519093,0.5236686390532544,0.7202684094503575
os_3yr,autogluon,0.23735810113519093,0.5251479289940828,0.7202684094503575
os_3yr,autogluon,0.23839009287925697,0.5251479289940828,0.7202684094503575
os_3yr,autogluon,0.23839009287925697,0.5266272189349113,0.7202684094503575
os_3yr,autogluon,0.239422084623323,0.5266272189349113,0.7202684094503575
os_3yr,autogluon,0.239422084623323,0.5281065088757396,0.7202684094503575
os_3yr,autogluon,0.24045407636738905,0.5281065088757396,0.7202684094503575
os_3yr,autogluon,0.24045407636738905,0.5295857988165681,0.7202684094503575
os_3yr,autogluon,0.24251805985552116,0.5295857988165681,0.7202684094503575
os_3yr,autogluon,0.24251805985552116,0.5310650887573964,0.7202684094503575
os_3yr,autogluon,0.2435500515995872,0.5310650887573964,0.7202684094503575
os_3yr,autogluon,0.2435500515995872,0.5325443786982249,0.7202684094503575
os_3yr,autogluon,0.24458204334365324,0.5325443786982249,0.7202684094503575
os_3yr,autogluon,0.24458204334365324,0.5340236686390533,0.7202684094503575
os_3yr,autogluon,0.2476780185758514,0.5340236686390533,0.7202684094503575
os_3yr,autogluon,0.2476780185758514,0.5369822485207101,0.7202684094503575
os_3yr,autogluon,0.24871001031991744,0.5369822485207101,0.7202684094503575
os_3yr,autogluon,0.24871001031991744,0.5399408284023669,0.7202684094503575
os_3yr,autogluon,0.2518059855521156,0.5399408284023669,0.7202684094503575
os_3yr,autogluon,0.2518059855521156,0.5488165680473372,0.7202684094503575
os_3yr,autogluon,0.2528379772961816,0.5488165680473372,0.7202684094503575
os_3yr,autogluon,0.2528379772961816,0.5532544378698225,0.7202684094503575
os_3yr,autogluon,0.25386996904024767,0.5532544378698225,0.7202684094503575
os_3yr,autogluon,0.25386996904024767,0.5576923076923077,0.7202684094503575
os_3yr,autogluon,0.2549019607843137,0.5576923076923077,0.7202684094503575
os_3yr,autogluon,0.2549019607843137,0.5650887573964497,0.7202684094503575
os_3yr,autogluon,0.25696594427244585,0.5650887573964497,0.7202684094503575
os_3yr,autogluon,0.25696594427244585,0.5665680473372781,0.7202684094503575
os_3yr,autogluon,0.2579979360165119,0.5665680473372781,0.7202684094503575
os_3yr,autogluon,0.2579979360165119,0.5680473372781065,0.7202684094503575
os_3yr,autogluon,0.2590299277605779,0.5680473372781065,0.7202684094503575
os_3yr,autogluon,0.2590299277605779,0.5695266272189349,0.7202684094503575
os_3yr,autogluon,0.26109391124871,0.5695266272189349,0.7202684094503575
os_3yr,autogluon,0.26109391124871,0.5710059171597633,0.7202684094503575
os_3yr,autogluon,0.26212590299277605,0.5710059171597633,0.7202684094503575
os_3yr,autogluon,0.26212590299277605,0.5724852071005917,0.7202684094503575
os_3yr,autogluon,0.2631578947368421,0.5724852071005917,0.7202684094503575
os_3yr,autogluon,0.2631578947368421,0.5754437869822485,0.7202684094503575
os_3yr,autogluon,0.26418988648090813,0.5754437869822485,0.7202684094503575
os_3yr,autogluon,0.26418988648090813,0.5769230769230769,0.7202684094503575
os_3yr,autogluon,0.26522187822497423,0.5769230769230769,0.7202684094503575
os_3yr,autogluon,0.26522187822497423,0.5798816568047337,0.7202684094503575
os_3yr,autogluon,0.2672858617131063,0.5798816568047337,0.7202684094503575
os_3yr,autogluon,0.2672858617131063,0.5828402366863905,0.7202684094503575
os_3yr,autogluon,0.2693498452012384,0.5828402366863905,0.7202684094503575
os_3yr,autogluon,0.2693498452012384,0.584319526627219,0.7202684094503575
os_3yr,autogluon,0.27038183694530443,0.584319526627219,0.7202684094503575
os_3yr,autogluon,0.27038183694530443,0.5872781065088757,0.7202684094503575
os_3yr,autogluon,0.27450980392156865,0.5872781065088757,0.7202684094503575
os_3yr,autogluon,0.27450980392156865,0.5887573964497042,0.7202684094503575
os_3yr,autogluon,0.27657378740970073,0.5887573964497042,0.7202684094503575
os_3yr,autogluon,0.27657378740970073,0.591715976331361,0.7202684094503575
os_3yr,autogluon,0.2776057791537668,0.591715976331361,0.7202684094503575
os_3yr,autogluon,0.2776057791537668,0.5931952662721893,0.7202684094503575
os_3yr,autogluon,0.2786377708978328,0.5931952662721893,0.7202684094503575
os_3yr,autogluon,0.2786377708978328,0.5946745562130178,0.7202684094503575
os_3yr,autogluon,0.27966976264189886,0.5946745562130178,0.7202684094503575
os_3yr,autogluon,0.27966976264189886,0.5961538461538461,0.7202684094503575
os_3yr,autogluon,0.28173374613003094,0.5961538461538461,0.7202684094503575
os_3yr,autogluon,0.28173374613003094,0.5976331360946746,0.7202684094503575
os_3yr,autogluon,0.2837977296181631,0.5976331360946746,0.7202684094503575
os_3yr,autogluon,0.2837977296181631,0.599112426035503,0.7202684094503575
os_3yr,autogluon,0.2848297213622291,0.599112426035503,0.7202684094503575
os_3yr,autogluon,0.2848297213622291,0.6005917159763313,0.7202684094503575
os_3yr,autogluon,0.28586171310629516,0.6005917159763313,0.7202684094503575
os_3yr,autogluon,0.28586171310629516,0.6050295857988166,0.7202684094503575
os_3yr,autogluon,0.28792569659442724,0.6050295857988166,0.7202684094503575
os_3yr,autogluon,0.28792569659442724,0.6079881656804734,0.7202684094503575
os_3yr,autogluon,0.2889576883384933,0.6079881656804734,0.7202684094503575
os_3yr,autogluon,0.2889576883384933,0.6094674556213018,0.7202684094503575
os_3yr,autogluon,0.2899896800825593,0.6094674556213018,0.7202684094503575
os_3yr,autogluon,0.2899896800825593,0.6109467455621301,0.7202684094503575
os_3yr,autogluon,0.29205366357069146,0.6109467455621301,0.7202684094503575
os_3yr,autogluon,0.29205366357069146,0.6124260355029586,0.7202684094503575
os_3yr,autogluon,0.2961816305469556,0.6124260355029586,0.7202684094503575
os_3yr,autogluon,0.2961816305469556,0.613905325443787,0.7202684094503575
os_3yr,autogluon,0.2982456140350877,0.613905325443787,0.7202684094503575
os_3yr,autogluon,0.2982456140350877,0.6153846153846154,0.7202684094503575
os_3yr,autogluon,0.29927760577915374,0.6153846153846154,0.7202684094503575
os_3yr,autogluon,0.29927760577915374,0.6168639053254438,0.7202684094503575
os_3yr,autogluon,0.30340557275541796,0.6168639053254438,0.7202684094503575
os_3yr,autogluon,0.30340557275541796,0.6183431952662722,0.7202684094503575
os_3yr,autogluon,0.30546955624355004,0.6183431952662722,0.7202684094503575
os_3yr,autogluon,0.30546955624355004,0.6198224852071006,0.7202684094503575
os_3yr,autogluon,0.3106295149638803,0.6198224852071006,0.7202684094503575
os_3yr,autogluon,0.3106295149638803,0.621301775147929,0.7202684094503575
os_3yr,autogluon,0.3126934984520124,0.621301775147929,0.7202684094503575
os_3yr,autogluon,0.3126934984520124,0.6227810650887574,0.7202684094503575
os_3yr,autogluon,0.3137254901960784,0.6227810650887574,0.7202684094503575
os_3yr,autogluon,0.3137254901960784,0.6257396449704142,0.7202684094503575
os_3yr,autogluon,0.31991744066047473,0.6257396449704142,0.7202684094503575
os_3yr,autogluon,0.31991744066047473,0.6272189349112426,0.7202684094503575
os_3yr,autogluon,0.32094943240454077,0.6272189349112426,0.7202684094503575
os_3yr,autogluon,0.32094943240454077,0.6405325443786982,0.7202684094503575
os_3yr,autogluon,0.32301341589267285,0.6405325443786982,0.7202684094503575
os_3yr,autogluon,0.32301341589267285,0.6420118343195266,0.7202684094503575
os_3yr,autogluon,0.32610939112487103,0.6420118343195266,0.7202684094503575
os_3yr,autogluon,0.32610939112487103,0.6479289940828402,0.7202684094503575
os_3yr,autogluon,0.3281733746130031,0.6479289940828402,0.7202684094503575
os_3yr,autogluon,0.3281733746130031,0.6494082840236687,0.7202684094503575
os_3yr,autogluon,0.32920536635706915,0.6494082840236687,0.7202684094503575
os_3yr,autogluon,0.32920536635706915,0.6523668639053254,0.7202684094503575
os_3yr,autogluon,0.3333333333333333,0.6523668639053254,0.7202684094503575
os_3yr,autogluon,0.3333333333333333,0.6538461538461539,0.7202684094503575
os_3yr,autogluon,0.33539731682146545,0.6538461538461539,0.7202684094503575
os_3yr,autogluon,0.33539731682146545,0.6568047337278107,0.7202684094503575
os_3yr,autogluon,0.3364293085655315,0.6568047337278107,0.7202684094503575
os_3yr,autogluon,0.3364293085655315,0.658284023668639,0.7202684094503575
os_3yr,autogluon,0.33746130030959753,0.658284023668639,0.7202684094503575
os_3yr,autogluon,0.33746130030959753,0.6597633136094675,0.7202684094503575
os_3yr,autogluon,0.3395252837977296,0.6597633136094675,0.7202684094503575
os_3yr,autogluon,0.3395252837977296,0.6627218934911243,0.7202684094503575
os_3yr,autogluon,0.34055727554179566,0.6627218934911243,0.7202684094503575
os_3yr,autogluon,0.34055727554179566,0.6642011834319527,0.7202684094503575
os_3yr,autogluon,0.3415892672858617,0.6642011834319527,0.7202684094503575
os_3yr,autogluon,0.3415892672858617,0.665680473372781,0.7202684094503575
os_3yr,autogluon,0.34262125902992774,0.665680473372781,0.7202684094503575
os_3yr,autogluon,0.34262125902992774,0.6671597633136095,0.7202684094503575
os_3yr,autogluon,0.34674922600619196,0.6671597633136095,0.7202684094503575
os_3yr,autogluon,0.34674922600619196,0.6686390532544378,0.7202684094503575
os_3yr,autogluon,0.3508771929824561,0.6686390532544378,0.7202684094503575
os_3yr,autogluon,0.3508771929824561,0.6745562130177515,0.7202684094503575
os_3yr,autogluon,0.35190918472652216,0.6745562130177515,0.7202684094503575
os_3yr,autogluon,0.35190918472652216,0.6834319526627219,0.7202684094503575
os_3yr,autogluon,0.3539731682146543,0.6834319526627219,0.7202684094503575
os_3yr,autogluon,0.3539731682146543,0.6849112426035503,0.7202684094503575
os_3yr,autogluon,0.35810113519091846,0.6849112426035503,0.7202684094503575
os_3yr,autogluon,0.35810113519091846,0.6863905325443787,0.7202684094503575
os_3yr,autogluon,0.3591331269349845,0.6863905325443787,0.7202684094503575
os_3yr,autogluon,0.3591331269349845,0.6878698224852071,0.7202684094503575
os_3yr,autogluon,0.3632610939112487,0.6878698224852071,0.7202684094503575
os_3yr,autogluon,0.3632610939112487,0.6908284023668639,0.7202684094503575
os_3yr,autogluon,0.36429308565531476,0.6908284023668639,0.7202684094503575
os_3yr,autogluon,0.36429308565531476,0.6952662721893491,0.7202684094503575
os_3yr,autogluon,0.3653250773993808,0.6952662721893491,0.7202684094503575
os_3yr,autogluon,0.3653250773993808,0.6982248520710059,0.7202684094503575
os_3yr,autogluon,0.3673890608875129,0.6982248520710059,0.7202684094503575
os_3yr,autogluon,0.3673890608875129,0.6997041420118343,0.7202684094503575
os_3yr,autogluon,0.36945304437564497,0.6997041420118343,0.7202684094503575
os_3yr,autogluon,0.36945304437564497,0.7011834319526628,0.7202684094503575
os_3yr,autogluon,0.3715170278637771,0.7011834319526628,0.7202684094503575
os_3yr,autogluon,0.3715170278637771,0.7026627218934911,0.7202684094503575
os_3yr,autogluon,0.37254901960784315,0.7026627218934911,0.7202684094503575
os_3yr,autogluon,0.37254901960784315,0.7085798816568047,0.7202684094503575
os_3yr,autogluon,0.3766769865841073,0.7085798816568047,0.7202684094503575
os_3yr,autogluon,0.3766769865841073,0.7100591715976331,0.7202684094503575
os_3yr,autogluon,0.37874097007223945,0.7100591715976331,0.7202684094503575
os_3yr,autogluon,0.37874097007223945,0.7115384615384616,0.7202684094503575
os_3yr,autogluon,0.3797729618163055,0.7115384615384616,0.7202684094503575
os_3yr,autogluon,0.38080495356037153,0.7130177514792899,0.7202684094503575
os_3yr,autogluon,0.38390092879256965,0.7130177514792899,0.7202684094503575
os_3yr,autogluon,0.38390092879256965,0.7174556213017751,0.7202684094503575
os_3yr,autogluon,0.3849329205366357,0.7174556213017751,0.7202684094503575
os_3yr,autogluon,0.3849329205366357,0.7189349112426036,0.7202684094503575
os_3yr,autogluon,0.38802889576883387,0.7189349112426036,0.7202684094503575
os_3yr,autogluon,0.38802889576883387,0.7204142011834319,0.7202684094503575
os_3yr,autogluon,0.39215686274509803,0.7204142011834319,0.7202684094503575
os_3yr,autogluon,0.39215686274509803,0.7248520710059172,0.7202684094503575
os_3yr,autogluon,0.3942208462332301,0.7248520710059172,0.7202684094503575
os_3yr,autogluon,0.3942208462332301,0.7263313609467456,0.7202684094503575
os_3yr,autogluon,0.39628482972136225,0.7263313609467456,0.7202684094503575
os_3yr,autogluon,0.39628482972136225,0.7322485207100592,0.7202684094503575
os_3yr,autogluon,0.3973168214654283,0.7322485207100592,0.7202684094503575
os_3yr,autogluon,0.3973168214654283,0.7337278106508875,0.7202684094503575
os_3yr,autogluon,0.4004127966976264,0.7337278106508875,0.7202684094503575
os_3yr,autogluon,0.4004127966976264,0.7366863905325444,0.7202684094503575
os_3yr,autogluon,0.40144478844169246,0.7366863905325444,0.7202684094503575
os_3yr,autogluon,0.40144478844169246,0.7396449704142012,0.7202684094503575
os_3yr,autogluon,0.40350877192982454,0.7396449704142012,0.7202684094503575
os_3yr,autogluon,0.40454076367389064,0.7396449704142012,0.7202684094503575
os_3yr,autogluon,0.40454076367389064,0.742603550295858,0.7202684094503575
os_3yr,autogluon,0.40763673890608876,0.742603550295858,0.7202684094503575
os_3yr,autogluon,0.40763673890608876,0.7440828402366864,0.7202684094503575
os_3yr,autogluon,0.4117647058823529,0.7440828402366864,0.7202684094503575
os_3yr,autogluon,0.41382868937048506,0.7440828402366864,0.7202684094503575
os_3yr,autogluon,0.41382868937048506,0.7470414201183432,0.7202684094503575
os_3yr,autogluon,0.4148606811145511,0.7470414201183432,0.7202684094503575
os_3yr,autogluon,0.4148606811145511,0.7529585798816568,0.7202684094503575
os_3yr,autogluon,0.41589267285861714,0.7529585798816568,0.7202684094503575
os_3yr,autogluon,0.41589267285861714,0.7544378698224852,0.7202684094503575
os_3yr,autogluon,0.41898864809081526,0.7544378698224852,0.7202684094503575
os_3yr,autogluon,0.41898864809081526,0.757396449704142,0.7202684094503575
os_3yr,autogluon,0.42105263157894735,0.757396449704142,0.7202684094503575
os_3yr,autogluon,0.42105263157894735,0.7588757396449705,0.7202684094503575
os_3yr,autogluon,0.42208462332301344,0.7588757396449705,0.7202684094503575
os_3yr,autogluon,0.42208462332301344,0.764792899408284,0.7202684094503575
os_3yr,autogluon,0.4231166150670795,0.764792899408284,0.7202684094503575
os_3yr,autogluon,0.4231166150670795,0.7662721893491125,0.7202684094503575
os_3yr,autogluon,0.4241486068111455,0.7662721893491125,0.7202684094503575
os_3yr,autogluon,0.4241486068111455,0.7677514792899408,0.7202684094503575
os_3yr,autogluon,0.42518059855521156,0.7677514792899408,0.7202684094503575
os_3yr,autogluon,0.42518059855521156,0.7692307692307693,0.7202684094503575
os_3yr,autogluon,0.4262125902992776,0.7707100591715976,0.7202684094503575
os_3yr,autogluon,0.4293085655314757,0.7707100591715976,0.7202684094503575
os_3yr,autogluon,0.4293085655314757,0.772189349112426,0.7202684094503575
os_3yr,autogluon,0.434468524251806,0.772189349112426,0.7202684094503575
os_3yr,autogluon,0.434468524251806,0.7736686390532544,0.7202684094503575
os_3yr,autogluon,0.43550051599587203,0.7736686390532544,0.7202684094503575
os_3yr,autogluon,0.4375644994840041,0.7751479289940828,0.7202684094503575
os_3yr,autogluon,0.43962848297213625,0.7751479289940828,0.7202684094503575
os_3yr,autogluon,0.43962848297213625,0.7781065088757396,0.7202684094503575
os_3yr,autogluon,0.4406604747162023,0.7795857988165681,0.7202684094503575
os_3yr,autogluon,0.44169246646026833,0.7795857988165681,0.7202684094503575
os_3yr,autogluon,0.44169246646026833,0.7855029585798816,0.7202684094503575
os_3yr,autogluon,0.44272445820433437,0.7855029585798816,0.7202684094503575
os_3yr,autogluon,0.44272445820433437,0.7869822485207101,0.7202684094503575
os_3yr,autogluon,0.4437564499484004,0.7869822485207101,0.7202684094503575
os_3yr,autogluon,0.4437564499484004,0.7884615384615384,0.7202684094503575
os_3yr,autogluon,0.44478844169246645,0.7884615384615384,0.7202684094503575
os_3yr,autogluon,0.44478844169246645,0.7899408284023669,0.7202684094503575
os_3yr,autogluon,0.4458204334365325,0.7899408284023669,0.7202684094503575
os_3yr,autogluon,0.4458204334365325,0.7914201183431953,0.7202684094503575
os_3yr,autogluon,0.45304437564499483,0.7914201183431953,0.7202684094503575
os_3yr,autogluon,0.45304437564499483,0.7928994082840237,0.7202684094503575
os_3yr,autogluon,0.45923632610939114,0.7928994082840237,0.7202684094503575
os_3yr,autogluon,0.45923632610939114,0.7988165680473372,0.7202684094503575
os_3yr,autogluon,0.45923632610939114,0.8017751479289941,0.7202684094503575
os_3yr,autogluon,0.45923632610939114,0.8032544378698225,0.7202684094503575
os_3yr,autogluon,0.4613003095975232,0.8032544378698225,0.7202684094503575
os_3yr,autogluon,0.4613003095975232,0.8062130177514792,0.7202684094503575
os_3yr,autogluon,0.46233230134158926,0.8062130177514792,0.7202684094503575
os_3yr,autogluon,0.46439628482972134,0.8076923076923077,0.7202684094503575
os_3yr,autogluon,0.46542827657378744,0.8076923076923077,0.7202684094503575
os_3yr,autogluon,0.46542827657378744,0.8106508875739645,0.7202684094503575
os_3yr,autogluon,0.4674922600619195,0.8106508875739645,0.7202684094503575
os_3yr,autogluon,0.4674922600619195,0.8136094674556213,0.7202684094503575
os_3yr,autogluon,0.4695562435500516,0.8136094674556213,0.7202684094503575
os_3yr,autogluon,0.4695562435500516,0.8165680473372781,0.7202684094503575
os_3yr,autogluon,0.47058823529411764,0.8165680473372781,0.7202684094503575
os_3yr,autogluon,0.47058823529411764,0.8180473372781065,0.7202684094503575
os_3yr,autogluon,0.4716202270381837,0.8180473372781065,0.7202684094503575
os_3yr,autogluon,0.4716202270381837,0.8210059171597633,0.7202684094503575
os_3yr,autogluon,0.47368421052631576,0.8210059171597633,0.7202684094503575
os_3yr,autogluon,0.47368421052631576,0.8239644970414202,0.7202684094503575
os_3yr,autogluon,0.47471620227038186,0.8239644970414202,0.7202684094503575
os_3yr,autogluon,0.47471620227038186,0.8269230769230769,0.7202684094503575
os_3yr,autogluon,0.4757481940144479,0.8269230769230769,0.7202684094503575
os_3yr,autogluon,0.4757481940144479,0.8284023668639053,0.7202684094503575
os_3yr,autogluon,0.47678018575851394,0.8284023668639053,0.7202684094503575
os_3yr,autogluon,0.47678018575851394,0.8298816568047337,0.7202684094503575
os_3yr,autogluon,0.47678018575851394,0.8328402366863905,0.7202684094503575
os_3yr,autogluon,0.478844169246646,0.8328402366863905,0.7202684094503575
os_3yr,autogluon,0.47987616099071206,0.834319526627219,0.7202684094503575
os_3yr,autogluon,0.48194014447884415,0.834319526627219,0.7202684094503575
os_3yr,autogluon,0.48194014447884415,0.8357988165680473,0.7202684094503575
os_3yr,autogluon,0.48297213622291024,0.8372781065088757,0.7202684094503575
os_3yr,autogluon,0.48606811145510836,0.8372781065088757,0.7202684094503575
os_3yr,autogluon,0.48606811145510836,0.8387573964497042,0.7202684094503575
os_3yr,autogluon,0.4871001031991744,0.8387573964497042,0.7202684094503575
os_3yr,autogluon,0.4871001031991744,0.8402366863905325,0.7202684094503575
os_3yr,autogluon,0.49122807017543857,0.8402366863905325,0.7202684094503575
os_3yr,autogluon,0.49226006191950467,0.841715976331361,0.7202684094503575
os_3yr,autogluon,0.4932920536635707,0.841715976331361,0.7202684094503575
os_3yr,autogluon,0.49638802889576883,0.841715976331361,0.7202684094503575
os_3yr,autogluon,0.5015479876160991,0.841715976331361,0.7202684094503575
os_3yr,autogluon,0.5015479876160991,0.8476331360946746,0.7202684094503575
os_3yr,autogluon,0.5056759545923633,0.8476331360946746,0.7202684094503575
os_3yr,autogluon,0.5056759545923633,0.849112426035503,0.7202684094503575
os_3yr,autogluon,0.5067079463364293,0.8505917159763313,0.7202684094503575
os_3yr,autogluon,0.5077399380804953,0.8505917159763313,0.7202684094503575
os_3yr,autogluon,0.5077399380804953,0.8550295857988166,0.7202684094503575
os_3yr,autogluon,0.5159958720330238,0.8550295857988166,0.7202684094503575
os_3yr,autogluon,0.5159958720330238,0.8579881656804734,0.7202684094503575
os_3yr,autogluon,0.5170278637770898,0.8579881656804734,0.7202684094503575
os_3yr,autogluon,0.5170278637770898,0.8609467455621301,0.7202684094503575
os_3yr,autogluon,0.5180598555211559,0.8609467455621301,0.7202684094503575
os_3yr,autogluon,0.5180598555211559,0.8624260355029586,0.7202684094503575
os_3yr,autogluon,0.5263157894736842,0.8624260355029586,0.7202684094503575
os_3yr,autogluon,0.5263157894736842,0.8653846153846154,0.7202684094503575
os_3yr,autogluon,0.5294117647058824,0.8653846153846154,0.7202684094503575
os_3yr,autogluon,0.5294117647058824,0.8668639053254438,0.7202684094503575
os_3yr,autogluon,0.5314757481940144,0.8668639053254438,0.7202684094503575
os_3yr,autogluon,0.5314757481940144,0.8698224852071006,0.7202684094503575
os_3yr,autogluon,0.5335397316821465,0.8698224852071006,0.7202684094503575
os_3yr,autogluon,0.5335397316821465,0.871301775147929,0.7202684094503575
os_3yr,autogluon,0.5345717234262126,0.871301775147929,0.7202684094503575
os_3yr,autogluon,0.5345717234262126,0.8727810650887574,0.7202684094503575
os_3yr,autogluon,0.5366357069143447,0.8727810650887574,0.7202684094503575
os_3yr,autogluon,0.5366357069143447,0.8742603550295858,0.7202684094503575
os_3yr,autogluon,0.5386996904024768,0.8742603550295858,0.7202684094503575
os_3yr,autogluon,0.5386996904024768,0.8757396449704142,0.7202684094503575
os_3yr,autogluon,0.544891640866873,0.8757396449704142,0.7202684094503575
os_3yr,autogluon,0.544891640866873,0.878698224852071,0.7202684094503575
os_3yr,autogluon,0.5469556243550051,0.878698224852071,0.7202684094503575
os_3yr,autogluon,0.5469556243550051,0.8801775147928994,0.7202684094503575
os_3yr,autogluon,0.5500515995872033,0.8801775147928994,0.7202684094503575
os_3yr,autogluon,0.5500515995872033,0.8816568047337278,0.7202684094503575
os_3yr,autogluon,0.5521155830753354,0.8816568047337278,0.7202684094503575
os_3yr,autogluon,0.5521155830753354,0.8831360946745562,0.7202684094503575
os_3yr,autogluon,0.5541795665634675,0.8831360946745562,0.7202684094503575
os_3yr,autogluon,0.5541795665634675,0.886094674556213,0.7202684094503575
os_3yr,autogluon,0.56656346749226,0.886094674556213,0.7202684094503575
os_3yr,autogluon,0.56656346749226,0.8875739644970414,0.7202684094503575
os_3yr,autogluon,0.5758513931888545,0.8875739644970414,0.7202684094503575
os_3yr,autogluon,0.5758513931888545,0.8890532544378699,0.7202684094503575
os_3yr,autogluon,0.5810113519091847,0.8890532544378699,0.7202684094503575
os_3yr,autogluon,0.5810113519091847,0.8905325443786982,0.7202684094503575
os_3yr,autogluon,0.5933952528379773,0.8905325443786982,0.7202684094503575
os_3yr,autogluon,0.5933952528379773,0.893491124260355,0.7202684094503575
os_3yr,autogluon,0.5954592363261094,0.893491124260355,0.7202684094503575
os_3yr,autogluon,0.5954592363261094,0.8949704142011834,0.7202684094503575
os_3yr,autogluon,0.5975232198142415,0.8949704142011834,0.7202684094503575
os_3yr,autogluon,0.5975232198142415,0.8964497041420119,0.7202684094503575
os_3yr,autogluon,0.5985552115583075,0.8964497041420119,0.7202684094503575
os_3yr,autogluon,0.5985552115583075,0.8979289940828402,0.7202684094503575
os_3yr,autogluon,0.6006191950464397,0.8979289940828402,0.7202684094503575
os_3yr,autogluon,0.6006191950464397,0.9023668639053254,0.7202684094503575
os_3yr,autogluon,0.6037151702786377,0.9023668639053254,0.7202684094503575
os_3yr,autogluon,0.6037151702786377,0.9038461538461539,0.7202684094503575
os_3yr,autogluon,0.6099071207430341,0.9038461538461539,0.7202684094503575
os_3yr,autogluon,0.6099071207430341,0.9053254437869822,0.7202684094503575
os_3yr,autogluon,0.6140350877192983,0.9053254437869822,0.7202684094503575
os_3yr,autogluon,0.6140350877192983,0.9068047337278107,0.7202684094503575
os_3yr,autogluon,0.6171310629514963,0.9068047337278107,0.7202684094503575
os_3yr,autogluon,0.6171310629514963,0.908284023668639,0.7202684094503575
os_3yr,autogluon,0.6212590299277606,0.908284023668639,0.7202684094503575
os_3yr,autogluon,0.6212590299277606,0.9097633136094675,0.7202684094503575
os_3yr,autogluon,0.6233230134158927,0.9097633136094675,0.7202684094503575
os_3yr,autogluon,0.6233230134158927,0.9112426035502958,0.7202684094503575
os_3yr,autogluon,0.6243550051599587,0.9112426035502958,0.7202684094503575
os_3yr,autogluon,0.6243550051599587,0.9127218934911243,0.7202684094503575
os_3yr,autogluon,0.6326109391124871,0.9127218934911243,0.7202684094503575
os_3yr,autogluon,0.6326109391124871,0.9142011834319527,0.7202684094503575
os_3yr,autogluon,0.6491228070175439,0.9142011834319527,0.7202684094503575
os_3yr,autogluon,0.6491228070175439,0.915680473372781,0.7202684094503575
os_3yr,autogluon,0.653250773993808,0.915680473372781,0.7202684094503575
os_3yr,autogluon,0.653250773993808,0.9201183431952663,0.7202684094503575
os_3yr,autogluon,0.6553147574819401,0.9201183431952663,0.7202684094503575
os_3yr,autogluon,0.6553147574819401,0.9215976331360947,0.7202684094503575
os_3yr,autogluon,0.6584107327141383,0.9215976331360947,0.7202684094503575
os_3yr,autogluon,0.6584107327141383,0.9230769230769231,0.7202684094503575
os_3yr,autogluon,0.6625386996904025,0.9230769230769231,0.7202684094503575
os_3yr,autogluon,0.6625386996904025,0.9245562130177515,0.7202684094503575
os_3yr,autogluon,0.6697626418988648,0.9245562130177515,0.7202684094503575
os_3yr,autogluon,0.6697626418988648,0.9260355029585798,0.7202684094503575
os_3yr,autogluon,0.6780185758513931,0.9260355029585798,0.7202684094503575
os_3yr,autogluon,0.6780185758513931,0.9275147928994083,0.7202684094503575
os_3yr,autogluon,0.6790505675954592,0.9275147928994083,0.7202684094503575
os_3yr,autogluon,0.6790505675954592,0.9289940828402367,0.7202684094503575
os_3yr,autogluon,0.6893704850361198,0.9289940828402367,0.7202684094503575
os_3yr,autogluon,0.6893704850361198,0.9304733727810651,0.7202684094503575
os_3yr,autogluon,0.6914344685242518,0.9304733727810651,0.7202684094503575
os_3yr,autogluon,0.6914344685242518,0.9319526627218935,0.7202684094503575
os_3yr,autogluon,0.6996904024767802,0.9319526627218935,0.7202684094503575
os_3yr,autogluon,0.6996904024767802,0.9334319526627219,0.7202684094503575
os_3yr,autogluon,0.7048503611971104,0.9334319526627219,0.7202684094503575
os_3yr,autogluon,0.7048503611971104,0.9349112426035503,0.7202684094503575
os_3yr,autogluon,0.7131062951496389,0.9349112426035503,0.7202684094503575
os_3yr,autogluon,0.7131062951496389,0.9363905325443787,0.7202684094503575
os_3yr,autogluon,0.7141382868937048,0.9363905325443787,0.7202684094503575
os_3yr,autogluon,0.7141382868937048,0.9378698224852071,0.7202684094503575
os_3yr,autogluon,0.717234262125903,0.9378698224852071,0.7202684094503575
os_3yr,autogluon,0.717234262125903,0.9393491124260355,0.7202684094503575
os_3yr,autogluon,0.7254901960784313,0.9393491124260355,0.7202684094503575
os_3yr,autogluon,0.7254901960784313,0.9408284023668639,0.7202684094503575
os_3yr,autogluon,0.7327141382868937,0.9408284023668639,0.7202684094503575
os_3yr,autogluon,0.7327141382868937,0.9423076923076923,0.7202684094503575
os_3yr,autogluon,0.7337461300309598,0.9423076923076923,0.7202684094503575
os_3yr,autogluon,0.7337461300309598,0.9437869822485208,0.7202684094503575
os_3yr,autogluon,0.7409700722394221,0.9437869822485208,0.7202684094503575
os_3yr,autogluon,0.7409700722394221,0.9452662721893491,0.7202684094503575
os_3yr,autogluon,0.7636738906088751,0.9452662721893491,0.7202684094503575
os_3yr,autogluon,0.7636738906088751,0.9467455621301775,0.7202684094503575
os_3yr,autogluon,0.7657378740970072,0.9467455621301775,0.7202684094503575
os_3yr,autogluon,0.7657378740970072,0.9482248520710059,0.7202684094503575
os_3yr,autogluon,0.7884416924664602,0.9482248520710059,0.7202684094503575
os_3yr,autogluon,0.7884416924664602,0.9497041420118343,0.7202684094503575
os_3yr,autogluon,0.8018575851393189,0.9497041420118343,0.7202684094503575
os_3yr,autogluon,0.8018575851393189,0.9511834319526628,0.7202684094503575
os_3yr,autogluon,0.8028895768833849,0.9511834319526628,0.7202684094503575
os_3yr,autogluon,0.8028895768833849,0.9526627218934911,0.7202684094503575
os_3yr,autogluon,0.803921568627451,0.9526627218934911,0.7202684094503575
os_3yr,autogluon,0.803921568627451,0.9541420118343196,0.7202684094503575
os_3yr,autogluon,0.8070175438596491,0.9541420118343196,0.7202684094503575
os_3yr,autogluon,0.8070175438596491,0.9556213017751479,0.7202684094503575
os_3yr,autogluon,0.8173374613003096,0.9556213017751479,0.7202684094503575
os_3yr,autogluon,0.8173374613003096,0.9571005917159763,0.7202684094503575
os_3yr,autogluon,0.826625386996904,0.9571005917159763,0.7202684094503575
os_3yr,autogluon,0.826625386996904,0.9585798816568047,0.7202684094503575
os_3yr,autogluon,0.8276573787409701,0.9585798816568047,0.7202684094503575
os_3yr,autogluon,0.8276573787409701,0.9600591715976331,0.7202684094503575
os_3yr,autogluon,0.8307533539731682,0.9600591715976331,0.7202684094503575
os_3yr,autogluon,0.8307533539731682,0.9615384615384616,0.7202684094503575
os_3yr,autogluon,0.8421052631578947,0.9615384615384616,0.7202684094503575
os_3yr,autogluon,0.8421052631578947,0.9630177514792899,0.7202684094503575
os_3yr,autogluon,0.847265221878225,0.9630177514792899,0.7202684094503575
os_3yr,autogluon,0.847265221878225,0.9659763313609467,0.7202684094503575
os_3yr,autogluon,0.848297213622291,0.9659763313609467,0.7202684094503575
os_3yr,autogluon,0.848297213622291,0.9674556213017751,0.7202684094503575
os_3yr,autogluon,0.8513931888544891,0.9674556213017751,0.7202684094503575
os_3yr,autogluon,0.8513931888544891,0.9689349112426036,0.7202684094503575
os_3yr,autogluon,0.8637770897832817,0.9689349112426036,0.7202684094503575
os_3yr,autogluon,0.8637770897832817,0.9704142011834319,0.7202684094503575
os_3yr,autogluon,0.8658410732714138,0.9704142011834319,0.7202684094503575
os_3yr,autogluon,0.8658410732714138,0.9718934911242604,0.7202684094503575
os_3yr,autogluon,0.8720330237358102,0.9718934911242604,0.7202684094503575
os_3yr,autogluon,0.8720330237358102,0.9733727810650887,0.7202684094503575
os_3yr,autogluon,0.8730650154798761,0.9733727810650887,0.7202684094503575
os_3yr,autogluon,0.8730650154798761,0.9748520710059172,0.7202684094503575
os_3yr,autogluon,0.8854489164086687,0.9748520710059172,0.7202684094503575
os_3yr,autogluon,0.8854489164086687,0.9763313609467456,0.7202684094503575
os_3yr,autogluon,0.8864809081527347,0.9763313609467456,0.7202684094503575
os_3yr,autogluon,0.8864809081527347,0.9792899408284024,0.7202684094503575
os_3yr,autogluon,0.891640866873065,0.9792899408284024,0.7202684094503575
os_3yr,autogluon,0.891640866873065,0.9807692307692307,0.7202684094503575
os_3yr,autogluon,0.8926728586171311,0.9807692307692307,0.7202684094503575
os_3yr,autogluon,0.8926728586171311,0.9837278106508875,0.7202684094503575
os_3yr,autogluon,0.8947368421052632,0.9837278106508875,0.7202684094503575
os_3yr,autogluon,0.8947368421052632,0.9866863905325444,0.7202684094503575
os_3yr,autogluon,0.8957688338493293,0.9866863905325444,0.7202684094503575
os_3yr,autogluon,0.8957688338493293,0.9896449704142012,0.7202684094503575
os_3yr,autogluon,0.8968008255933952,0.9896449704142012,0.7202684094503575
os_3yr,autogluon,0.8968008255933952,0.9911242603550295,0.7202684094503575
os_3yr,autogluon,0.9019607843137255,0.9911242603550295,0.7202684094503575
os_3yr,autogluon,0.9019607843137255,0.992603550295858,0.7202684094503575
os_3yr,autogluon,0.9184726522187823,0.992603550295858,0.7202684094503575
os_3yr,autogluon,0.9184726522187823,0.9940828402366864,0.7202684094503575
os_3yr,autogluon,0.9453044375644994,0.9940828402366864,0.7202684094503575
os_3yr,autogluon,0.9453044375644994,0.9955621301775148,0.7202684094503575
os_3yr,autogluon,0.95562435500516,0.9955621301775148,0.7202684094503575
os_3yr,autogluon,0.95562435500516,0.9970414201183432,0.7202684094503575
os_3yr,autogluon,0.9628482972136223,0.9970414201183432,0.7202684094503575
os_3yr,autogluon,0.9628482972136223,0.9985207100591716,0.7202684094503575
os_3yr,autogluon,0.9711042311661506,0.9985207100591716,0.7202684094503575
os_3yr,autogluon,0.9711042311661506,1.0,0.7202684094503575
os_3yr,autogluon,1.0,1.0,0.7202684094503575
os_3yr,catboost,0.0,0.0,0.7189913959978261
os_3yr,catboost,0.0,0.0014792899408284023,0.7189913959978261
os_3yr,catboost,0.0,0.010355029585798817,0.7189913959978261
os_3yr,catboost,0.0020639834881320948,0.010355029585798817,0.7189913959978261
os_3yr,catboost,0.0020639834881320948,0.011834319526627219,0.7189913959978261
os_3yr,catboost,0.0030959752321981426,0.011834319526627219,0.7189913959978261
os_3yr,catboost,0.0030959752321981426,0.019230769230769232,0.7189913959978261
os_3yr,catboost,0.005159958720330237,0.019230769230769232,0.7189913959978261
os_3yr,catboost,0.005159958720330237,0.020710059171597635,0.7189913959978261
os_3yr,catboost,0.006191950464396285,0.020710059171597635,0.7189913959978261
os_3yr,catboost,0.006191950464396285,0.04881656804733728,0.7189913959978261
os_3yr,catboost,0.007223942208462332,0.04881656804733728,0.7189913959978261
os_3yr,catboost,0.007223942208462332,0.05473372781065089,0.7189913959978261
os_3yr,catboost,0.009287925696594427,0.05473372781065089,0.7189913959978261
os_3yr,catboost,0.009287925696594427,0.057692307692307696,0.7189913959978261
os_3yr,catboost,0.010319917440660475,0.057692307692307696,0.7189913959978261
os_3yr,catboost,0.010319917440660475,0.0695266272189349,0.7189913959978261
os_3yr,catboost,0.011351909184726523,0.0695266272189349,0.7189913959978261
os_3yr,catboost,0.011351909184726523,0.07544378698224852,0.7189913959978261
os_3yr,catboost,0.017543859649122806,0.07544378698224852,0.7189913959978261
os_3yr,catboost,0.017543859649122806,0.09911242603550297,0.7189913959978261
os_3yr,catboost,0.018575851393188854,0.09911242603550297,0.7189913959978261
os_3yr,catboost,0.018575851393188854,0.11242603550295859,0.7189913959978261
os_3yr,catboost,0.0196078431372549,0.11242603550295859,0.7189913959978261
os_3yr,catboost,0.0196078431372549,0.11686390532544379,0.7189913959978261
os_3yr,catboost,0.02063983488132095,0.11686390532544379,0.7189913959978261
os_3yr,catboost,0.02063983488132095,0.11834319526627218,0.7189913959978261
os_3yr,catboost,0.022703818369453045,0.11834319526627218,0.7189913959978261
os_3yr,catboost,0.022703818369453045,0.11982248520710059,0.7189913959978261
os_3yr,catboost,0.023735810113519093,0.11982248520710059,0.7189913959978261
os_3yr,catboost,0.023735810113519093,0.12130177514792899,0.7189913959978261
os_3yr,catboost,0.02476780185758514,0.12130177514792899,0.7189913959978261
os_3yr,catboost,0.02476780185758514,0.1257396449704142,0.7189913959978261
os_3yr,catboost,0.026831785345717233,0.1257396449704142,0.7189913959978261
os_3yr,catboost,0.026831785345717233,0.1301775147928994,0.7189913959978261
os_3yr,catboost,0.02786377708978328,0.1301775147928994,0.7189913959978261
os_3yr,catboost,0.02786377708978328,0.13757396449704143,0.7189913959978261
os_3yr,catboost,0.02889576883384933,0.13757396449704143,0.7189913959978261
os_3yr,catboost,0.02889576883384933,0.1390532544378698,0.7189913959978261
os_3yr,catboost,0.029927760577915376,0.1390532544378698,0.7189913959978261
os_3yr,catboost,0.029927760577915376,0.14201183431952663,0.7189913959978261
os_3yr,catboost,0.030959752321981424,0.14201183431952663,0.7189913959978261
os_3yr,catboost,0.030959752321981424,0.14349112426035504,0.7189913959978261
os_3yr,catboost,0.03199174406604747,0.14349112426035504,0.7189913959978261
os_3yr,catboost,0.03199174406604747,0.14792899408284024,0.7189913959978261
os_3yr,catboost,0.033023735810113516,0.14792899408284024,0.7189913959978261
os_3yr,catboost,0.033023735810113516,0.14940828402366865,0.7189913959978261
os_3yr,catboost,0.034055727554179564,0.14940828402366865,0.7189913959978261
os_3yr,catboost,0.034055727554179564,0.15088757396449703,0.7189913959978261
os_3yr,catboost,0.03508771929824561,0.15088757396449703,0.7189913959978261
os_3yr,catboost,0.03508771929824561,0.15236686390532544,0.7189913959978261
os_3yr,catboost,0.03611971104231166,0.15236686390532544,0.7189913959978261
os_3yr,catboost,0.03611971104231166,0.15680473372781065,0.7189913959978261
os_3yr,catboost,0.03715170278637771,0.15680473372781065,0.7189913959978261
os_3yr,catboost,0.03715170278637771,0.15828402366863906,0.7189913959978261
os_3yr,catboost,0.038183694530443756,0.15828402366863906,0.7189913959978261
os_3yr,catboost,0.038183694530443756,0.16124260355029585,0.7189913959978261
os_3yr,catboost,0.04024767801857585,0.16124260355029585,0.7189913959978261
os_3yr,catboost,0.04024767801857585,0.16568047337278108,0.7189913959978261
os_3yr,catboost,0.04231166150670795,0.16568047337278108,0.7189913959978261
os_3yr,catboost,0.04231166150670795,0.16863905325443787,0.7189913959978261
os_3yr,catboost,0.043343653250773995,0.16863905325443787,0.7189913959978261
os_3yr,catboost,0.043343653250773995,0.1760355029585799,0.7189913959978261
os_3yr,catboost,0.048503611971104234,0.1760355029585799,0.7189913959978261
os_3yr,catboost,0.048503611971104234,0.17751479289940827,0.7189913959978261
os_3yr,catboost,0.05056759545923633,0.17751479289940827,0.7189913959978261
os_3yr,catboost,0.05056759545923633,0.1819526627218935,0.7189913959978261
os_3yr,catboost,0.05159958720330237,0.1819526627218935,0.7189913959978261
os_3yr,catboost,0.05159958720330237,0.1863905325443787,0.7189913959978261
os_3yr,catboost,0.05263157894736842,0.1863905325443787,0.7189913959978261
os_3yr,catboost,0.05263157894736842,0.1878698224852071,0.7189913959978261
os_3yr,catboost,0.053663570691434466,0.1878698224852071,0.7189913959978261
os_3yr,catboost,0.053663570691434466,0.1893491124260355,0.7189913959978261
os_3yr,catboost,0.054695562435500514,0.1893491124260355,0.7189913959978261
os_3yr,catboost,0.054695562435500514,0.19230769230769232,0.7189913959978261
os_3yr,catboost,0.05779153766769866,0.19230769230769232,0.7189913959978261
os_3yr,catboost,0.05779153766769866,0.1997041420118343,0.7189913959978261
os_3yr,catboost,0.05985552115583075,0.1997041420118343,0.7189913959978261
os_3yr,catboost,0.05985552115583075,0.20562130177514792,0.7189913959978261
os_3yr,catboost,0.06191950464396285,0.20562130177514792,0.7189913959978261
os_3yr,catboost,0.06191950464396285,0.21153846153846154,0.7189913959978261
os_3yr,catboost,0.06398348813209494,0.21153846153846154,0.7189913959978261
os_3yr,catboost,0.06398348813209494,0.22337278106508876,0.7189913959978261
os_3yr,catboost,0.06604747162022703,0.22337278106508876,0.7189913959978261
os_3yr,catboost,0.06604747162022703,0.22633136094674555,0.7189913959978261
os_3yr,catboost,0.06707946336429309,0.22633136094674555,0.7189913959978261
os_3yr,catboost,0.06707946336429309,0.23520710059171598,0.7189913959978261
os_3yr,catboost,0.07017543859649122,0.23520710059171598,0.7189913959978261
os_3yr,catboost,0.07017543859649122,0.2411242603550296,0.7189913959978261
os_3yr,catboost,0.07327141382868937,0.2411242603550296,0.7189913959978261
os_3yr,catboost,0.07327141382868937,0.24260355029585798,0.7189913959978261
os_3yr,catboost,0.07430340557275542,0.24260355029585798,0.7189913959978261
os_3yr,catboost,0.07430340557275542,0.2440828402366864,0.7189913959978261
os_3yr,catboost,0.07533539731682147,0.2440828402366864,0.7189913959978261
os_3yr,catboost,0.07533539731682147,0.2529585798816568,0.7189913959978261
os_3yr,catboost,0.0804953560371517,0.2529585798816568,0.7189913959978261
os_3yr,catboost,0.0804953560371517,0.25443786982248523,0.7189913959978261
os_3yr,catboost,0.08152734778121776,0.25443786982248523,0.7189913959978261
os_3yr,catboost,0.08152734778121776,0.2588757396449704,0.7189913959978261
os_3yr,catboost,0.0825593395252838,0.2588757396449704,0.7189913959978261
os_3yr,catboost,0.0825593395252838,0.26479289940828404,0.7189913959978261
os_3yr,catboost,0.0846233230134159,0.26479289940828404,0.7189913959978261
os_3yr,catboost,0.0846233230134159,0.26627218934911245,0.7189913959978261
os_3yr,catboost,0.08565531475748193,0.26627218934911245,0.7189913959978261
os_3yr,catboost,0.08565531475748193,0.27071005917159763,0.7189913959978261
os_3yr,catboost,0.08668730650154799,0.27071005917159763,0.7189913959978261
os_3yr,catboost,0.08668730650154799,0.27218934911242604,0.7189913959978261
os_3yr,catboost,0.08771929824561403,0.27218934911242604,0.7189913959978261
os_3yr,catboost,0.08771929824561403,0.27662721893491127,0.7189913959978261
os_3yr,catboost,0.08875128998968008,0.27662721893491127,0.7189913959978261
os_3yr,catboost,0.08875128998968008,0.28106508875739644,0.7189913959978261
os_3yr,catboost,0.08978328173374613,0.28106508875739644,0.7189913959978261
os_3yr,catboost,0.08978328173374613,0.28254437869822485,0.7189913959978261
os_3yr,catboost,0.09081527347781218,0.28254437869822485,0.7189913959978261
os_3yr,catboost,0.09081527347781218,0.28402366863905326,0.7189913959978261
os_3yr,catboost,0.09184726522187822,0.28402366863905326,0.7189913959978261
os_3yr,catboost,0.09184726522187822,0.28550295857988167,0.7189913959978261
os_3yr,catboost,0.09287925696594428,0.28550295857988167,0.7189913959978261
os_3yr,catboost,0.09287925696594428,0.2869822485207101,0.7189913959978261
os_3yr,catboost,0.09391124871001032,0.2869822485207101,0.7189913959978261
os_3yr,catboost,0.09391124871001032,0.28846153846153844,0.7189913959978261
os_3yr,catboost,0.09494324045407637,0.28846153846153844,0.7189913959978261
os_3yr,catboost,0.09494324045407637,0.28994082840236685,0.7189913959978261
os_3yr,catboost,0.09700722394220847,0.28994082840236685,0.7189913959978261
os_3yr,catboost,0.09700722394220847,0.2943786982248521,0.7189913959978261
os_3yr,catboost,0.10113519091847266,0.2943786982248521,0.7189913959978261
os_3yr,catboost,0.10113519091847266,0.2958579881656805,0.7189913959978261
os_3yr,catboost,0.1042311661506708,0.2958579881656805,0.7189913959978261
os_3yr,catboost,0.1042311661506708,0.30177514792899407,0.7189913959978261
os_3yr,catboost,0.10629514963880289,0.30177514792899407,0.7189913959978261
os_3yr,catboost,0.10629514963880289,0.3032544378698225,0.7189913959978261
os_3yr,catboost,0.10732714138286893,0.3032544378698225,0.7189913959978261
os_3yr,catboost,0.10732714138286893,0.3062130177514793,0.7189913959978261
os_3yr,catboost,0.10835913312693499,0.3062130177514793,0.7189913959978261
os_3yr,catboost,0.10835913312693499,0.3091715976331361,0.7189913959978261
os_3yr,catboost,0.11042311661506708,0.3091715976331361,0.7189913959978261
os_3yr,catboost,0.11042311661506708,0.3106508875739645,0.7189913959978261
os_3yr,catboost,0.11248710010319918,0.3106508875739645,0.7189913959978261
os_3yr,catboost,0.11248710010319918,0.3121301775147929,0.7189913959978261
os_3yr,catboost,0.11455108359133127,0.3121301775147929,0.7189913959978261
os_3yr,catboost,0.11455108359133127,0.3180473372781065,0.7189913959978261
os_3yr,catboost,0.11661506707946337,0.3180473372781065,0.7189913959978261
os_3yr,catboost,0.11661506707946337,0.3239644970414201,0.7189913959978261
os_3yr,catboost,0.11764705882352941,0.3239644970414201,0.7189913959978261
os_3yr,catboost,0.11764705882352941,0.3328402366863905,0.7189913959978261
os_3yr,catboost,0.11867905056759546,0.3328402366863905,0.7189913959978261
os_3yr,catboost,0.11867905056759546,0.3343195266272189,0.7189913959978261
os_3yr,catboost,0.1197110423116615,0.3343195266272189,0.7189913959978261
os_3yr,catboost,0.1197110423116615,0.33579881656804733,0.7189913959978261
os_3yr,catboost,0.1238390092879257,0.33579881656804733,0.7189913959978261
os_3yr,catboost,0.1238390092879257,0.34171597633136097,0.7189913959978261
os_3yr,catboost,0.12487100103199174,0.34171597633136097,0.7189913959978261
os_3yr,catboost,0.12487100103199174,0.34467455621301774,0.7189913959978261
os_3yr,catboost,0.1259029927760578,0.34467455621301774,0.7189913959978261
os_3yr,catboost,0.1259029927760578,0.35650887573964496,0.7189913959978261
os_3yr,catboost,0.12899896800825594,0.35650887573964496,0.7189913959978261
os_3yr,catboost,0.12899896800825594,0.3594674556213018,0.7189913959978261
os_3yr,catboost,0.13415892672858618,0.3594674556213018,0.7189913959978261
os_3yr,catboost,0.13415892672858618,0.363905325443787,0.7189913959978261
os_3yr,catboost,0.13519091847265222,0.363905325443787,0.7189913959978261
os_3yr,catboost,0.13519091847265222,0.36538461538461536,0.7189913959978261
os_3yr,catboost,0.1393188854489164,0.36538461538461536,0.7189913959978261
os_3yr,catboost,0.1393188854489164,0.3668639053254438,0.7189913959978261
os_3yr,catboost,0.14035087719298245,0.3668639053254438,0.7189913959978261
os_3yr,catboost,0.14035087719298245,0.371301775147929,0.7189913959978261
os_3yr,catboost,0.14138286893704852,0.371301775147929,0.7189913959978261
os_3yr,catboost,0.14138286893704852,0.3727810650887574,0.7189913959978261
os_3yr,catboost,0.1434468524251806,0.3727810650887574,0.7189913959978261
os_3yr,catboost,0.1434468524251806,0.3772189349112426,0.7189913959978261
os_3yr,catboost,0.14551083591331268,0.3772189349112426,0.7189913959978261
os_3yr,catboost,0.14551083591331268,0.378698224852071,0.7189913959978261
os_3yr,catboost,0.1475748194014448,0.378698224852071,0.7189913959978261
os_3yr,catboost,0.1475748194014448,0.3801775147928994,0.7189913959978261
os_3yr,catboost,0.14860681114551083,0.3801775147928994,0.7189913959978261
os_3yr,catboost,0.14860681114551083,0.3816568047337278,0.7189913959978261
os_3yr,catboost,0.15273477812177502,0.3816568047337278,0.7189913959978261
os_3yr,catboost,0.15273477812177502,0.3875739644970414,0.7189913959978261
os_3yr,catboost,0.1568627450980392,0.3875739644970414,0.7189913959978261
os_3yr,catboost,0.1568627450980392,0.39497041420118345,0.7189913959978261
os_3yr,catboost,0.15789473684210525,0.39497041420118345,0.7189913959978261
os_3yr,catboost,0.15789473684210525,0.3979289940828402,0.7189913959978261
os_3yr,catboost,0.16202270381836945,0.3979289940828402,0.7189913959978261
os_3yr,catboost,0.16202270381836945,0.3994082840236686,0.7189913959978261
os_3yr,catboost,0.16305469556243551,0.3994082840236686,0.7189913959978261
os_3yr,catboost,0.16305469556243551,0.40088757396449703,0.7189913959978261
os_3yr,catboost,0.1651186790505676,0.40088757396449703,0.7189913959978261
os_3yr,catboost,0.1651186790505676,0.40236686390532544,0.7189913959978261
os_3yr,catboost,0.17027863777089783,0.40236686390532544,0.7189913959978261
os_3yr,catboost,0.17027863777089783,0.40384615384615385,0.7189913959978261
os_3yr,catboost,0.17131062951496387,0.40384615384615385,0.7189913959978261
os_3yr,catboost,0.17131062951496387,0.40532544378698226,0.7189913959978261
os_3yr,catboost,0.17337461300309598,0.40532544378698226,0.7189913959978261
os_3yr,catboost,0.17337461300309598,0.4068047337278107,0.7189913959978261
os_3yr,catboost,0.17440660474716202,0.4068047337278107,0.7189913959978261
os_3yr,catboost,0.17440660474716202,0.41124260355029585,0.7189913959978261
os_3yr,catboost,0.17750257997936017,0.41124260355029585,0.7189913959978261
os_3yr,catboost,0.17750257997936017,0.41272189349112426,0.7189913959978261
os_3yr,catboost,0.17956656346749225,0.41272189349112426,0.7189913959978261
os_3yr,catboost,0.17956656346749225,0.4156804733727811,0.7189913959978261
os_3yr,catboost,0.18163054695562436,0.4156804733727811,0.7189913959978261
os_3yr,catboost,0.18163054695562436,0.4171597633136095,0.7189913959978261
os_3yr,catboost,0.1826625386996904,0.4171597633136095,0.7189913959978261
os_3yr,catboost,0.1826625386996904,0.42159763313609466,0.7189913959978261
os_3yr,catboost,0.18369453044375644,0.42159763313609466,0.7189913959978261
os_3yr,catboost,0.18369453044375644,0.4275147928994083,0.7189913959978261
os_3yr,catboost,0.18575851393188855,0.4275147928994083,0.7189913959978261
os_3yr,catboost,0.18575851393188855,0.4289940828402367,0.7189913959978261
os_3yr,catboost,0.18988648090815274,0.4289940828402367,0.7189913959978261
os_3yr,catboost,0.18988648090815274,0.43047337278106507,0.7189913959978261
os_3yr,catboost,0.19091847265221878,0.43047337278106507,0.7189913959978261
os_3yr,catboost,0.19091847265221878,0.4349112426035503,0.7189913959978261
os_3yr,catboost,0.19195046439628483,0.4349112426035503,0.7189913959978261
os_3yr,catboost,0.19195046439628483,0.4363905325443787,0.7189913959978261
os_3yr,catboost,0.19298245614035087,0.4363905325443787,0.7189913959978261
os_3yr,catboost,0.19298245614035087,0.4378698224852071,0.7189913959978261
os_3yr,catboost,0.19401444788441694,0.4378698224852071,0.7189913959978261
os_3yr,catboost,0.19401444788441694,0.4423076923076923,0.7189913959978261
os_3yr,catboost,0.19607843137254902,0.4423076923076923,0.7189913959978261
os_3yr,catboost,0.19607843137254902,0.4452662721893491,0.7189913959978261
os_3yr,catboost,0.19711042311661506,0.4452662721893491,0.7189913959978261
os_3yr,catboost,0.19711042311661506,0.4526627218934911,0.7189913959978261
os_3yr,catboost,0.19814241486068113,0.4526627218934911,0.7189913959978261
os_3yr,catboost,0.19814241486068113,0.45857988165680474,0.7189913959978261
os_3yr,catboost,0.20123839009287925,0.45857988165680474,0.7189913959978261
os_3yr,catboost,0.20123839009287925,0.46005917159763315,0.7189913959978261
os_3yr,catboost,0.20227038183694532,0.46005917159763315,0.7189913959978261
os_3yr,catboost,0.20227038183694532,0.46153846153846156,0.7189913959978261
os_3yr,catboost,0.20330237358101136,0.46153846153846156,0.7189913959978261
os_3yr,catboost,0.20330237358101136,0.46449704142011833,0.7189913959978261
os_3yr,catboost,0.20536635706914344,0.46449704142011833,0.7189913959978261
os_3yr,catboost,0.20536635706914344,0.46597633136094674,0.7189913959978261
os_3yr,catboost,0.20639834881320948,0.46597633136094674,0.7189913959978261
os_3yr,catboost,0.20639834881320948,0.46893491124260356,0.7189913959978261
os_3yr,catboost,0.2084623323013416,0.46893491124260356,0.7189913959978261
os_3yr,catboost,0.2084623323013416,0.47041420118343197,0.7189913959978261
os_3yr,catboost,0.21259029927760578,0.47041420118343197,0.7189913959978261
os_3yr,catboost,0.21259029927760578,0.47337278106508873,0.7189913959978261
os_3yr,catboost,0.21465428276573786,0.47337278106508873,0.7189913959978261
os_3yr,catboost,0.21465428276573786,0.47485207100591714,0.7189913959978261
os_3yr,catboost,0.21671826625386997,0.47485207100591714,0.7189913959978261
os_3yr,catboost,0.21671826625386997,0.47633136094674555,0.7189913959978261
os_3yr,catboost,0.21775025799793601,0.47633136094674555,0.7189913959978261
os_3yr,catboost,0.21775025799793601,0.47781065088757396,0.7189913959978261
os_3yr,catboost,0.21878224974200206,0.47781065088757396,0.7189913959978261
os_3yr,catboost,0.21878224974200206,0.47928994082840237,0.7189913959978261
os_3yr,catboost,0.21981424148606812,0.47928994082840237,0.7189913959978261
os_3yr,catboost,0.21981424148606812,0.4807692307692308,0.7189913959978261
os_3yr,catboost,0.22291021671826625,0.4807692307692308,0.7189913959978261
os_3yr,catboost,0.22291021671826625,0.4822485207100592,0.7189913959978261
os_3yr,catboost,0.22394220846233232,0.4822485207100592,0.7189913959978261
os_3yr,catboost,0.22394220846233232,0.48668639053254437,0.7189913959978261
os_3yr,catboost,0.2260061919504644,0.48668639053254437,0.7189913959978261
os_3yr,catboost,0.2260061919504644,0.4881656804733728,0.7189913959978261
os_3yr,catboost,0.23219814241486067,0.4881656804733728,0.7189913959978261
os_3yr,catboost,0.23219814241486067,0.4896449704142012,0.7189913959978261
os_3yr,catboost,0.23529411764705882,0.4896449704142012,0.7189913959978261
os_3yr,catboost,0.23529411764705882,0.49556213017751477,0.7189913959978261
os_3yr,catboost,0.23632610939112486,0.49556213017751477,0.7189913959978261
os_3yr,catboost,0.23632610939112486,0.5,0.7189913959978261
os_3yr,catboost,0.23735810113519093,0.5,0.7189913959978261
os_3yr,catboost,0.23735810113519093,0.5044378698224852,0.7189913959978261
os_3yr,catboost,0.23839009287925697,0.5044378698224852,0.7189913959978261
os_3yr,catboost,0.23839009287925697,0.5059171597633136,0.7189913959978261
os_3yr,catboost,0.24045407636738905,0.5059171597633136,0.7189913959978261
os_3yr,catboost,0.24045407636738905,0.5088757396449705,0.7189913959978261
os_3yr,catboost,0.24148606811145512,0.5088757396449705,0.7189913959978261
os_3yr,catboost,0.24148606811145512,0.5103550295857988,0.7189913959978261
os_3yr,catboost,0.24251805985552116,0.5103550295857988,0.7189913959978261
os_3yr,catboost,0.24251805985552116,0.5133136094674556,0.7189913959978261
os_3yr,catboost,0.2435500515995872,0.5133136094674556,0.7189913959978261
os_3yr,catboost,0.2435500515995872,0.5192307692307693,0.7189913959978261
os_3yr,catboost,0.24458204334365324,0.5192307692307693,0.7189913959978261
os_3yr,catboost,0.24458204334365324,0.5207100591715976,0.7189913959978261
os_3yr,catboost,0.2476780185758514,0.5207100591715976,0.7189913959978261
os_3yr,catboost,0.2476780185758514,0.522189349112426,0.7189913959978261
os_3yr,catboost,0.24974200206398348,0.522189349112426,0.7189913959978261
os_3yr,catboost,0.24974200206398348,0.5251479289940828,0.7189913959978261
os_3yr,catboost,0.2518059855521156,0.5251479289940828,0.7189913959978261
os_3yr,catboost,0.2518059855521156,0.5281065088757396,0.7189913959978261
os_3yr,catboost,0.2528379772961816,0.5281065088757396,0.7189913959978261
os_3yr,catboost,0.2528379772961816,0.5295857988165681,0.7189913959978261
os_3yr,catboost,0.2549019607843137,0.5295857988165681,0.7189913959978261
os_3yr,catboost,0.2549019607843137,0.5340236686390533,0.7189913959978261
os_3yr,catboost,0.25593395252837975,0.5340236686390533,0.7189913959978261
os_3yr,catboost,0.25593395252837975,0.5355029585798816,0.7189913959978261
os_3yr,catboost,0.2579979360165119,0.5355029585798816,0.7189913959978261
os_3yr,catboost,0.2579979360165119,0.5369822485207101,0.7189913959978261
os_3yr,catboost,0.26006191950464397,0.5369822485207101,0.7189913959978261
os_3yr,catboost,0.26006191950464397,0.5384615384615384,0.7189913959978261
os_3yr,catboost,0.26109391124871,0.5384615384615384,0.7189913959978261
os_3yr,catboost,0.26109391124871,0.5399408284023669,0.7189913959978261
os_3yr,catboost,0.2631578947368421,0.5399408284023669,0.7189913959978261
os_3yr,catboost,0.2631578947368421,0.5428994082840237,0.7189913959978261
os_3yr,catboost,0.26418988648090813,0.5428994082840237,0.7189913959978261
os_3yr,catboost,0.26418988648090813,0.5488165680473372,0.7189913959978261
os_3yr,catboost,0.26625386996904027,0.5488165680473372,0.7189913959978261
os_3yr,catboost,0.26625386996904027,0.5502958579881657,0.7189913959978261
os_3yr,catboost,0.26831785345717235,0.5502958579881657,0.7189913959978261
os_3yr,catboost,0.26831785345717235,0.5517751479289941,0.7189913959978261
os_3yr,catboost,0.2693498452012384,0.5517751479289941,0.7189913959978261
os_3yr,catboost,0.2693498452012384,0.5576923076923077,0.7189913959978261
os_3yr,catboost,0.27347781217750256,0.5576923076923077,0.7189913959978261
os_3yr,catboost,0.27347781217750256,0.5591715976331361,0.7189913959978261
os_3yr,catboost,0.27450980392156865,0.5591715976331361,0.7189913959978261
os_3yr,catboost,0.27450980392156865,0.5621301775147929,0.7189913959978261
os_3yr,catboost,0.2755417956656347,0.5621301775147929,0.7189913959978261
os_3yr,catboost,0.2755417956656347,0.5636094674556213,0.7189913959978261
os_3yr,catboost,0.2776057791537668,0.5636094674556213,0.7189913959978261
os_3yr,catboost,0.2776057791537668,0.5680473372781065,0.7189913959978261
os_3yr,catboost,0.2786377708978328,0.5680473372781065,0.7189913959978261
os_3yr,catboost,0.2786377708978328,0.5695266272189349,0.7189913959978261
os_3yr,catboost,0.27966976264189886,0.5695266272189349,0.7189913959978261
os_3yr,catboost,0.27966976264189886,0.5754437869822485,0.7189913959978261
os_3yr,catboost,0.28173374613003094,0.5754437869822485,0.7189913959978261
os_3yr,catboost,0.28173374613003094,0.5813609467455622,0.7189913959978261
os_3yr,catboost,0.2848297213622291,0.5813609467455622,0.7189913959978261
os_3yr,catboost,0.2848297213622291,0.5828402366863905,0.7189913959978261
os_3yr,catboost,0.28792569659442724,0.5828402366863905,0.7189913959978261
os_3yr,catboost,0.28792569659442724,0.5857988165680473,0.7189913959978261
os_3yr,catboost,0.2889576883384933,0.5857988165680473,0.7189913959978261
os_3yr,catboost,0.2889576883384933,0.5872781065088757,0.7189913959978261
os_3yr,catboost,0.2930856553147575,0.5872781065088757,0.7189913959978261
os_3yr,catboost,0.2930856553147575,0.5931952662721893,0.7189913959978261
os_3yr,catboost,0.29411764705882354,0.5931952662721893,0.7189913959978261
os_3yr,catboost,0.29411764705882354,0.5946745562130178,0.7189913959978261
os_3yr,catboost,0.2961816305469556,0.5946745562130178,0.7189913959978261
os_3yr,catboost,0.2961816305469556,0.5961538461538461,0.7189913959978261
os_3yr,catboost,0.29927760577915374,0.5961538461538461,0.7189913959978261
os_3yr,catboost,0.29927760577915374,0.5976331360946746,0.7189913959978261
os_3yr,catboost,0.30030959752321984,0.5976331360946746,0.7189913959978261
os_3yr,catboost,0.30030959752321984,0.599112426035503,0.7189913959978261
os_3yr,catboost,0.30856553147574817,0.599112426035503,0.7189913959978261
os_3yr,catboost,0.30856553147574817,0.6035502958579881,0.7189913959978261
os_3yr,catboost,0.30959752321981426,0.6035502958579881,0.7189913959978261
os_3yr,catboost,0.30959752321981426,0.6050295857988166,0.7189913959978261
os_3yr,catboost,0.3106295149638803,0.6050295857988166,0.7189913959978261
os_3yr,catboost,0.3106295149638803,0.606508875739645,0.7189913959978261
os_3yr,catboost,0.3126934984520124,0.606508875739645,0.7189913959978261
os_3yr,catboost,0.3126934984520124,0.6079881656804734,0.7189913959978261
os_3yr,catboost,0.3157894736842105,0.6079881656804734,0.7189913959978261
os_3yr,catboost,0.3157894736842105,0.6094674556213018,0.7189913959978261
os_3yr,catboost,0.31785345717234265,0.6094674556213018,0.7189913959978261
os_3yr,catboost,0.31785345717234265,0.6168639053254438,0.7189913959978261
os_3yr,catboost,0.32507739938080493,0.6168639053254438,0.7189913959978261
os_3yr,catboost,0.32507739938080493,0.6198224852071006,0.7189913959978261
os_3yr,catboost,0.32610939112487103,0.6198224852071006,0.7189913959978261
os_3yr,catboost,0.32610939112487103,0.621301775147929,0.7189913959978261
os_3yr,catboost,0.32714138286893707,0.621301775147929,0.7189913959978261
os_3yr,catboost,0.32714138286893707,0.6242603550295858,0.7189913959978261
os_3yr,catboost,0.3281733746130031,0.6242603550295858,0.7189913959978261
os_3yr,catboost,0.3281733746130031,0.628698224852071,0.7189913959978261
os_3yr,catboost,0.32920536635706915,0.628698224852071,0.7189913959978261
os_3yr,catboost,0.32920536635706915,0.6301775147928994,0.7189913959978261
os_3yr,catboost,0.3302373581011352,0.6301775147928994,0.7189913959978261
os_3yr,catboost,0.3302373581011352,0.6316568047337278,0.7189913959978261
os_3yr,catboost,0.33126934984520123,0.6316568047337278,0.7189913959978261
os_3yr,catboost,0.33126934984520123,0.6331360946745562,0.7189913959978261
os_3yr,catboost,0.3364293085655315,0.6331360946745562,0.7189913959978261
os_3yr,catboost,0.3364293085655315,0.6346153846153846,0.7189913959978261
os_3yr,catboost,0.3395252837977296,0.6346153846153846,0.7189913959978261
os_3yr,catboost,0.3395252837977296,0.636094674556213,0.7189913959978261
os_3yr,catboost,0.34055727554179566,0.636094674556213,0.7189913959978261
os_3yr,catboost,0.34055727554179566,0.643491124260355,0.7189913959978261
os_3yr,catboost,0.3415892672858617,0.643491124260355,0.7189913959978261
os_3yr,catboost,0.3415892672858617,0.6464497041420119,0.7189913959978261
os_3yr,catboost,0.347781217750258,0.6464497041420119,0.7189913959978261
os_3yr,catboost,0.347781217750258,0.6479289940828402,0.7189913959978261
os_3yr,catboost,0.34881320949432404,0.6479289940828402,0.7189913959978261
os_3yr,catboost,0.34881320949432404,0.6494082840236687,0.7189913959978261
os_3yr,catboost,0.35190918472652216,0.6494082840236687,0.7189913959978261
os_3yr,catboost,0.35190918472652216,0.6523668639053254,0.7189913959978261
os_3yr,catboost,0.3560371517027864,0.6523668639053254,0.7189913959978261
os_3yr,catboost,0.3560371517027864,0.6538461538461539,0.7189913959978261
os_3yr,catboost,0.3570691434468524,0.6538461538461539,0.7189913959978261
os_3yr,catboost,0.3570691434468524,0.6553254437869822,0.7189913959978261
os_3yr,catboost,0.35810113519091846,0.6553254437869822,0.7189913959978261
os_3yr,catboost,0.35810113519091846,0.6568047337278107,0.7189913959978261
os_3yr,catboost,0.36016511867905054,0.6568047337278107,0.7189913959978261
os_3yr,catboost,0.36016511867905054,0.658284023668639,0.7189913959978261
os_3yr,catboost,0.36119711042311664,0.658284023668639,0.7189913959978261
os_3yr,catboost,0.36119711042311664,0.6627218934911243,0.7189913959978261
os_3yr,catboost,0.36429308565531476,0.6627218934911243,0.7189913959978261
os_3yr,catboost,0.36429308565531476,0.6671597633136095,0.7189913959978261
os_3yr,catboost,0.3653250773993808,0.6671597633136095,0.7189913959978261
os_3yr,catboost,0.3653250773993808,0.6686390532544378,0.7189913959978261
os_3yr,catboost,0.3673890608875129,0.6686390532544378,0.7189913959978261
os_3yr,catboost,0.3673890608875129,0.6715976331360947,0.7189913959978261
os_3yr,catboost,0.3684210526315789,0.6715976331360947,0.7189913959978261
os_3yr,catboost,0.3684210526315789,0.6730769230769231,0.7189913959978261
os_3yr,catboost,0.36945304437564497,0.6730769230769231,0.7189913959978261
os_3yr,catboost,0.36945304437564497,0.6745562130177515,0.7189913959978261
os_3yr,catboost,0.3735810113519092,0.6745562130177515,0.7189913959978261
os_3yr,catboost,0.3735810113519092,0.6789940828402367,0.7189913959978261
os_3yr,catboost,0.3746130030959752,0.6789940828402367,0.7189913959978261
os_3yr,catboost,0.3746130030959752,0.6849112426035503,0.7189913959978261
os_3yr,catboost,0.37564499484004127,0.6849112426035503,0.7189913959978261
os_3yr,catboost,0.37564499484004127,0.6878698224852071,0.7189913959978261
os_3yr,catboost,0.3766769865841073,0.6878698224852071,0.7189913959978261
os_3yr,catboost,0.3766769865841073,0.6952662721893491,0.7189913959978261
os_3yr,catboost,0.37770897832817335,0.6952662721893491,0.7189913959978261
os_3yr,catboost,0.37770897832817335,0.6967455621301775,0.7189913959978261
os_3yr,catboost,0.3828689370485036,0.6967455621301775,0.7189913959978261
os_3yr,catboost,0.3828689370485036,0.7026627218934911,0.7189913959978261
os_3yr,catboost,0.38390092879256965,0.7026627218934911,0.7189913959978261
os_3yr,catboost,0.38390092879256965,0.7085798816568047,0.7189913959978261
os_3yr,catboost,0.3849329205366357,0.7085798816568047,0.7189913959978261
os_3yr,catboost,0.3849329205366357,0.7144970414201184,0.7189913959978261
os_3yr,catboost,0.38699690402476783,0.7144970414201184,0.7189913959978261
os_3yr,catboost,0.38699690402476783,0.7174556213017751,0.7189913959978261
os_3yr,catboost,0.38802889576883387,0.7174556213017751,0.7189913959978261
os_3yr,catboost,0.38802889576883387,0.7189349112426036,0.7189913959978261
os_3yr,catboost,0.3890608875128999,0.7189349112426036,0.7189913959978261
os_3yr,catboost,0.3890608875128999,0.7204142011834319,0.7189913959978261
os_3yr,catboost,0.3931888544891641,0.7204142011834319,0.7189913959978261
os_3yr,catboost,0.3931888544891641,0.7218934911242604,0.7189913959978261
os_3yr,catboost,0.3942208462332301,0.7218934911242604,0.7189913959978261
os_3yr,catboost,0.3942208462332301,0.7233727810650887,0.7189913959978261
os_3yr,catboost,0.39628482972136225,0.7233727810650887,0.7189913959978261
os_3yr,catboost,0.39628482972136225,0.7263313609467456,0.7189913959978261
os_3yr,catboost,0.3993808049535604,0.7263313609467456,0.7189913959978261
os_3yr,catboost,0.3993808049535604,0.727810650887574,0.7189913959978261
os_3yr,catboost,0.40144478844169246,0.727810650887574,0.7189913959978261
os_3yr,catboost,0.40144478844169246,0.7292899408284024,0.7189913959978261
os_3yr,catboost,0.4024767801857585,0.7292899408284024,0.7189913959978261
os_3yr,catboost,0.4024767801857585,0.735207100591716,0.7189913959978261
os_3yr,catboost,0.40454076367389064,0.735207100591716,0.7189913959978261
os_3yr,catboost,0.40454076367389064,0.7381656804733728,0.7189913959978261
os_3yr,catboost,0.4055727554179567,0.7381656804733728,0.7189913959978261
os_3yr,catboost,0.4055727554179567,0.7411242603550295,0.7189913959978261
os_3yr,catboost,0.40763673890608876,0.7411242603550295,0.7189913959978261
os_3yr,catboost,0.40763673890608876,0.742603550295858,0.7189913959978261
os_3yr,catboost,0.4086687306501548,0.742603550295858,0.7189913959978261
os_3yr,catboost,0.4086687306501548,0.7440828402366864,0.7189913959978261
os_3yr,catboost,0.4107327141382869,0.7440828402366864,0.7189913959978261
os_3yr,catboost,0.41382868937048506,0.7440828402366864,0.7189913959978261
os_3yr,catboost,0.41382868937048506,0.7455621301775148,0.7189913959978261
os_3yr,catboost,0.4169246646026832,0.7455621301775148,0.7189913959978261
os_3yr,catboost,0.4200206398348813,0.7455621301775148,0.7189913959978261
os_3yr,catboost,0.42105263157894735,0.7455621301775148,0.7189913959978261
os_3yr,catboost,0.42105263157894735,0.7470414201183432,0.7189913959978261
os_3yr,catboost,0.42208462332301344,0.7470414201183432,0.7189913959978261
os_3yr,catboost,0.42208462332301344,0.7485207100591716,0.7189913959978261
os_3yr,catboost,0.4231166150670795,0.7485207100591716,0.7189913959978261
os_3yr,catboost,0.4231166150670795,0.75,0.7189913959978261
os_3yr,catboost,0.4262125902992776,0.75,0.7189913959978261
os_3yr,catboost,0.4262125902992776,0.7529585798816568,0.7189913959978261
os_3yr,catboost,0.43034055727554177,0.7529585798816568,0.7189913959978261
os_3yr,catboost,0.43034055727554177,0.7544378698224852,0.7189913959978261
os_3yr,catboost,0.43343653250773995,0.7544378698224852,0.7189913959978261
os_3yr,catboost,0.43343653250773995,0.7559171597633136,0.7189913959978261
os_3yr,catboost,0.434468524251806,0.7559171597633136,0.7189913959978261
os_3yr,catboost,0.434468524251806,0.757396449704142,0.7189913959978261
os_3yr,catboost,0.43653250773993807,0.757396449704142,0.7189913959978261
os_3yr,catboost,0.43859649122807015,0.757396449704142,0.7189913959978261
os_3yr,catboost,0.4406604747162023,0.7588757396449705,0.7189913959978261
os_3yr,catboost,0.4437564499484004,0.7588757396449705,0.7189913959978261
os_3yr,catboost,0.4437564499484004,0.7603550295857988,0.7189913959978261
os_3yr,catboost,0.44478844169246645,0.7603550295857988,0.7189913959978261
os_3yr,catboost,0.44478844169246645,0.7633136094674556,0.7189913959978261
os_3yr,catboost,0.4458204334365325,0.7633136094674556,0.7189913959978261
os_3yr,catboost,0.44685242518059853,0.764792899408284,0.7189913959978261
os_3yr,catboost,0.45098039215686275,0.764792899408284,0.7189913959978261
os_3yr,catboost,0.45098039215686275,0.7662721893491125,0.7189913959978261
os_3yr,catboost,0.4520123839009288,0.7662721893491125,0.7189913959978261
os_3yr,catboost,0.4520123839009288,0.7692307692307693,0.7189913959978261
os_3yr,catboost,0.45614035087719296,0.7692307692307693,0.7189913959978261
os_3yr,catboost,0.45614035087719296,0.7707100591715976,0.7189913959978261
os_3yr,catboost,0.45923632610939114,0.7707100591715976,0.7189913959978261
os_3yr,catboost,0.45923632610939114,0.772189349112426,0.7189913959978261
os_3yr,catboost,0.46439628482972134,0.772189349112426,0.7189913959978261
os_3yr,catboost,0.46439628482972134,0.7795857988165681,0.7189913959978261
os_3yr,catboost,0.4664602683178535,0.7795857988165681,0.7189913959978261
os_3yr,catboost,0.4664602683178535,0.7840236686390533,0.7189913959978261
os_3yr,catboost,0.4674922600619195,0.7840236686390533,0.7189913959978261
os_3yr,catboost,0.4674922600619195,0.7855029585798816,0.7189913959978261
os_3yr,catboost,0.47058823529411764,0.7855029585798816,0.7189913959978261
os_3yr,catboost,0.4716202270381837,0.7869822485207101,0.7189913959978261
os_3yr,catboost,0.47368421052631576,0.7869822485207101,0.7189913959978261
os_3yr,catboost,0.47368421052631576,0.7914201183431953,0.7189913959978261
os_3yr,catboost,0.47471620227038186,0.7914201183431953,0.7189913959978261
os_3yr,catboost,0.47471620227038186,0.7943786982248521,0.7189913959978261
os_3yr,catboost,0.478844169246646,0.7943786982248521,0.7189913959978261
os_3yr,catboost,0.47987616099071206,0.7958579881656804,0.7189913959978261
os_3yr,catboost,0.47987616099071206,0.7973372781065089,0.7189913959978261
os_3yr,catboost,0.48194014447884415,0.7988165680473372,0.7189913959978261
os_3yr,catboost,0.4871001031991744,0.7988165680473372,0.7189913959978261
os_3yr,catboost,0.4871001031991744,0.8047337278106509,0.7189913959978261
os_3yr,catboost,0.4891640866873065,0.8062130177514792,0.7189913959978261
os_3yr,catboost,0.4891640866873065,0.8076923076923077,0.7189913959978261
os_3yr,catboost,0.49019607843137253,0.8091715976331361,0.7189913959978261
os_3yr,catboost,0.4932920536635707,0.8091715976331361,0.7189913959978261
os_3yr,catboost,0.4932920536635707,0.8106508875739645,0.7189913959978261
os_3yr,catboost,0.49432404540763675,0.8121301775147929,0.7189913959978261
os_3yr,catboost,0.49432404540763675,0.8136094674556213,0.7189913959978261
os_3yr,catboost,0.49638802889576883,0.8136094674556213,0.7189913959978261
os_3yr,catboost,0.49638802889576883,0.8150887573964497,0.7189913959978261
os_3yr,catboost,0.49742002063983487,0.8150887573964497,0.7189913959978261
os_3yr,catboost,0.49742002063983487,0.8165680473372781,0.7189913959978261
os_3yr,catboost,0.49948400412796695,0.8165680473372781,0.7189913959978261
os_3yr,catboost,0.49948400412796695,0.8210059171597633,0.7189913959978261
os_3yr,catboost,0.500515995872033,0.8210059171597633,0.7189913959978261
os_3yr,catboost,0.500515995872033,0.8254437869822485,0.7189913959978261
os_3yr,catboost,0.5015479876160991,0.8254437869822485,0.7189913959978261
os_3yr,catboost,0.5015479876160991,0.8269230769230769,0.7189913959978261
os_3yr,catboost,0.5036119711042312,0.8269230769230769,0.7189913959978261
os_3yr,catboost,0.5036119711042312,0.8284023668639053,0.7189913959978261
os_3yr,catboost,0.5046439628482973,0.8284023668639053,0.7189913959978261
os_3yr,catboost,0.5046439628482973,0.8298816568047337,0.7189913959978261
os_3yr,catboost,0.5056759545923633,0.8298816568047337,0.7189913959978261
os_3yr,catboost,0.5056759545923633,0.8313609467455622,0.7189913959978261
os_3yr,catboost,0.5067079463364293,0.8313609467455622,0.7189913959978261
os_3yr,catboost,0.5067079463364293,0.834319526627219,0.7189913959978261
os_3yr,catboost,0.5077399380804953,0.834319526627219,0.7189913959978261
os_3yr,catboost,0.5077399380804953,0.8357988165680473,0.7189913959978261
os_3yr,catboost,0.5087719298245614,0.8357988165680473,0.7189913959978261
os_3yr,catboost,0.5087719298245614,0.8372781065088757,0.7189913959978261
os_3yr,catboost,0.5108359133126935,0.8372781065088757,0.7189913959978261
os_3yr,catboost,0.5108359133126935,0.8387573964497042,0.7189913959978261
os_3yr,catboost,0.5180598555211559,0.8387573964497042,0.7189913959978261
os_3yr,catboost,0.5180598555211559,0.8431952662721893,0.7189913959978261
os_3yr,catboost,0.5201238390092879,0.8431952662721893,0.7189913959978261
os_3yr,catboost,0.5201238390092879,0.8476331360946746,0.7189913959978261
os_3yr,catboost,0.52218782249742,0.8476331360946746,0.7189913959978261
os_3yr,catboost,0.52218782249742,0.8505917159763313,0.7189913959978261
os_3yr,catboost,0.52218782249742,0.8535502958579881,0.7189913959978261
os_3yr,catboost,0.52218782249742,0.8550295857988166,0.7189913959978261
os_3yr,catboost,0.5232198142414861,0.8550295857988166,0.7189913959978261
os_3yr,catboost,0.5232198142414861,0.8579881656804734,0.7189913959978261
os_3yr,catboost,0.5242518059855521,0.8579881656804734,0.7189913959978261
os_3yr,catboost,0.5242518059855521,0.8594674556213018,0.7189913959978261
os_3yr,catboost,0.5252837977296182,0.8594674556213018,0.7189913959978261
os_3yr,catboost,0.5252837977296182,0.8609467455621301,0.7189913959978261
os_3yr,catboost,0.5263157894736842,0.8609467455621301,0.7189913959978261
os_3yr,catboost,0.5263157894736842,0.8624260355029586,0.7189913959978261
os_3yr,catboost,0.5273477812177503,0.8624260355029586,0.7189913959978261
os_3yr,catboost,0.5273477812177503,0.863905325443787,0.7189913959978261
os_3yr,catboost,0.5283797729618163,0.863905325443787,0.7189913959978261
os_3yr,catboost,0.5294117647058824,0.8653846153846154,0.7189913959978261
os_3yr,catboost,0.5304437564499485,0.8653846153846154,0.7189913959978261
os_3yr,catboost,0.5304437564499485,0.8668639053254438,0.7189913959978261
os_3yr,catboost,0.5314757481940144,0.8668639053254438,0.7189913959978261
os_3yr,catboost,0.5314757481940144,0.8727810650887574,0.7189913959978261
os_3yr,catboost,0.5366357069143447,0.8727810650887574,0.7189913959978261
os_3yr,catboost,0.5366357069143447,0.8742603550295858,0.7189913959978261
os_3yr,catboost,0.5376676986584107,0.8742603550295858,0.7189913959978261
os_3yr,catboost,0.5376676986584107,0.8757396449704142,0.7189913959978261
os_3yr,catboost,0.5386996904024768,0.8757396449704142,0.7189913959978261
os_3yr,catboost,0.5386996904024768,0.878698224852071,0.7189913959978261
os_3yr,catboost,0.5397316821465429,0.878698224852071,0.7189913959978261
os_3yr,catboost,0.5397316821465429,0.8816568047337278,0.7189913959978261
os_3yr,catboost,0.544891640866873,0.8816568047337278,0.7189913959978261
os_3yr,catboost,0.544891640866873,0.886094674556213,0.7189913959978261
os_3yr,catboost,0.5469556243550051,0.886094674556213,0.7189913959978261
os_3yr,catboost,0.5469556243550051,0.8890532544378699,0.7189913959978261
os_3yr,catboost,0.5531475748194015,0.8890532544378699,0.7189913959978261
os_3yr,catboost,0.5531475748194015,0.893491124260355,0.7189913959978261
os_3yr,catboost,0.5562435500515995,0.893491124260355,0.7189913959978261
os_3yr,catboost,0.5562435500515995,0.8964497041420119,0.7189913959978261
os_3yr,catboost,0.5583075335397317,0.8964497041420119,0.7189913959978261
os_3yr,catboost,0.5583075335397317,0.8979289940828402,0.7189913959978261
os_3yr,catboost,0.5624355005159959,0.8979289940828402,0.7189913959978261
os_3yr,catboost,0.5624355005159959,0.8994082840236687,0.7189913959978261
os_3yr,catboost,0.5686274509803921,0.8994082840236687,0.7189913959978261
os_3yr,catboost,0.5686274509803921,0.900887573964497,0.7189913959978261
os_3yr,catboost,0.5768833849329206,0.900887573964497,0.7189913959978261
os_3yr,catboost,0.5768833849329206,0.9023668639053254,0.7189913959978261
os_3yr,catboost,0.5799793601651186,0.9023668639053254,0.7189913959978261
os_3yr,catboost,0.5799793601651186,0.9038461538461539,0.7189913959978261
os_3yr,catboost,0.5820433436532507,0.9038461538461539,0.7189913959978261
os_3yr,catboost,0.5820433436532507,0.9053254437869822,0.7189913959978261
os_3yr,catboost,0.5830753353973168,0.9053254437869822,0.7189913959978261
os_3yr,catboost,0.5830753353973168,0.9068047337278107,0.7189913959978261
os_3yr,catboost,0.586171310629515,0.9068047337278107,0.7189913959978261
os_3yr,catboost,0.586171310629515,0.908284023668639,0.7189913959978261
os_3yr,catboost,0.5892672858617131,0.908284023668639,0.7189913959978261
os_3yr,catboost,0.5892672858617131,0.9097633136094675,0.7189913959978261
os_3yr,catboost,0.5923632610939112,0.9097633136094675,0.7189913959978261
os_3yr,catboost,0.5923632610939112,0.9112426035502958,0.7189913959978261
os_3yr,catboost,0.6068111455108359,0.9112426035502958,0.7189913959978261
os_3yr,catboost,0.6068111455108359,0.9127218934911243,0.7189913959978261
os_3yr,catboost,0.6130030959752322,0.9127218934911243,0.7189913959978261
os_3yr,catboost,0.6130030959752322,0.9142011834319527,0.7189913959978261
os_3yr,catboost,0.6191950464396285,0.9142011834319527,0.7189913959978261
os_3yr,catboost,0.6191950464396285,0.915680473372781,0.7189913959978261
os_3yr,catboost,0.6470588235294118,0.915680473372781,0.7189913959978261
os_3yr,catboost,0.6470588235294118,0.9171597633136095,0.7189913959978261
os_3yr,catboost,0.6501547987616099,0.9171597633136095,0.7189913959978261
os_3yr,catboost,0.6501547987616099,0.9186390532544378,0.7189913959978261
os_3yr,catboost,0.6697626418988648,0.9186390532544378,0.7189913959978261
os_3yr,catboost,0.6697626418988648,0.9201183431952663,0.7189913959978261
os_3yr,catboost,0.673890608875129,0.9201183431952663,0.7189913959978261
os_3yr,catboost,0.673890608875129,0.9215976331360947,0.7189913959978261
os_3yr,catboost,0.6780185758513931,0.9215976331360947,0.7189913959978261
os_3yr,catboost,0.6780185758513931,0.9230769230769231,0.7189913959978261
os_3yr,catboost,0.695562435500516,0.9230769230769231,0.7189913959978261
os_3yr,catboost,0.695562435500516,0.9245562130177515,0.7189913959978261
os_3yr,catboost,0.6996904024767802,0.9245562130177515,0.7189913959978261
os_3yr,catboost,0.6996904024767802,0.9275147928994083,0.7189913959978261
os_3yr,catboost,0.7038183694530443,0.9275147928994083,0.7189913959978261
os_3yr,catboost,0.7038183694530443,0.9289940828402367,0.7189913959978261
os_3yr,catboost,0.717234262125903,0.9289940828402367,0.7189913959978261
os_3yr,catboost,0.717234262125903,0.9304733727810651,0.7189913959978261
os_3yr,catboost,0.7203302373581011,0.9304733727810651,0.7189913959978261
os_3yr,catboost,0.7203302373581011,0.9319526627218935,0.7189913959978261
os_3yr,catboost,0.7244582043343654,0.9319526627218935,0.7189913959978261
os_3yr,catboost,0.7244582043343654,0.9334319526627219,0.7189913959978261
os_3yr,catboost,0.7471620227038184,0.9334319526627219,0.7189913959978261
os_3yr,catboost,0.7471620227038184,0.9349112426035503,0.7189913959978261
os_3yr,catboost,0.7481940144478845,0.9349112426035503,0.7189913959978261
os_3yr,catboost,0.7481940144478845,0.9363905325443787,0.7189913959978261
os_3yr,catboost,0.7523219814241486,0.9363905325443787,0.7189913959978261
os_3yr,catboost,0.7523219814241486,0.9378698224852071,0.7189913959978261
os_3yr,catboost,0.7574819401444789,0.9378698224852071,0.7189913959978261
os_3yr,catboost,0.7574819401444789,0.9408284023668639,0.7189913959978261
os_3yr,catboost,0.762641898864809,0.9408284023668639,0.7189913959978261
os_3yr,catboost,0.762641898864809,0.9423076923076923,0.7189913959978261
os_3yr,catboost,0.7647058823529411,0.9423076923076923,0.7189913959978261
os_3yr,catboost,0.7647058823529411,0.9452662721893491,0.7189913959978261
os_3yr,catboost,0.7719298245614035,0.9452662721893491,0.7189913959978261
os_3yr,catboost,0.7719298245614035,0.9467455621301775,0.7189913959978261
os_3yr,catboost,0.7729618163054696,0.9467455621301775,0.7189913959978261
os_3yr,catboost,0.7729618163054696,0.9482248520710059,0.7189913959978261
os_3yr,catboost,0.7832817337461301,0.9482248520710059,0.7189913959978261
os_3yr,catboost,0.7832817337461301,0.9497041420118343,0.7189913959978261
os_3yr,catboost,0.8028895768833849,0.9497041420118343,0.7189913959978261
os_3yr,catboost,0.8028895768833849,0.9511834319526628,0.7189913959978261
os_3yr,catboost,0.8059855521155831,0.9511834319526628,0.7189913959978261
os_3yr,catboost,0.8059855521155831,0.9526627218934911,0.7189913959978261
os_3yr,catboost,0.8080495356037152,0.9526627218934911,0.7189913959978261
os_3yr,catboost,0.8080495356037152,0.9541420118343196,0.7189913959978261
os_3yr,catboost,0.8142414860681114,0.9541420118343196,0.7189913959978261
os_3yr,catboost,0.8142414860681114,0.9556213017751479,0.7189913959978261
os_3yr,catboost,0.8369453044375645,0.9556213017751479,0.7189913959978261
os_3yr,catboost,0.8369453044375645,0.9585798816568047,0.7189913959978261
os_3yr,catboost,0.8379772961816305,0.9585798816568047,0.7189913959978261
os_3yr,catboost,0.8379772961816305,0.9600591715976331,0.7189913959978261
os_3yr,catboost,0.849329205366357,0.9600591715976331,0.7189913959978261
os_3yr,catboost,0.849329205366357,0.9615384615384616,0.7189913959978261
os_3yr,catboost,0.8565531475748194,0.9615384615384616,0.7189913959978261
os_3yr,catboost,0.8565531475748194,0.9644970414201184,0.7189913959978261
os_3yr,catboost,0.8648090815273478,0.9644970414201184,0.7189913959978261
os_3yr,catboost,0.8648090815273478,0.9659763313609467,0.7189913959978261
os_3yr,catboost,0.868937048503612,0.9659763313609467,0.7189913959978261
os_3yr,catboost,0.868937048503612,0.9674556213017751,0.7189913959978261
os_3yr,catboost,0.8771929824561403,0.9674556213017751,0.7189913959978261
os_3yr,catboost,0.8771929824561403,0.9689349112426036,0.7189913959978261
os_3yr,catboost,0.8792569659442725,0.9689349112426036,0.7189913959978261
os_3yr,catboost,0.8792569659442725,0.9704142011834319,0.7189913959978261
os_3yr,catboost,0.8998968008255934,0.9704142011834319,0.7189913959978261
os_3yr,catboost,0.8998968008255934,0.9733727810650887,0.7189913959978261
os_3yr,catboost,0.9060887512899897,0.9733727810650887,0.7189913959978261
os_3yr,catboost,0.9060887512899897,0.9748520710059172,0.7189913959978261
os_3yr,catboost,0.9122807017543859,0.9748520710059172,0.7189913959978261
os_3yr,catboost,0.9122807017543859,0.9763313609467456,0.7189913959978261
os_3yr,catboost,0.9226006191950464,0.9763313609467456,0.7189913959978261
os_3yr,catboost,0.9226006191950464,0.977810650887574,0.7189913959978261
os_3yr,catboost,0.9277605779153767,0.977810650887574,0.7189913959978261
os_3yr,catboost,0.9277605779153767,0.9807692307692307,0.7189913959978261
os_3yr,catboost,0.934984520123839,0.9807692307692307,0.7189913959978261
os_3yr,catboost,0.934984520123839,0.9837278106508875,0.7189913959978261
os_3yr,catboost,0.9391124871001032,0.9837278106508875,0.7189913959978261
os_3yr,catboost,0.9391124871001032,0.985207100591716,0.7189913959978261
os_3yr,catboost,0.9432404540763674,0.985207100591716,0.7189913959978261
os_3yr,catboost,0.9432404540763674,0.9866863905325444,0.7189913959978261
os_3yr,catboost,0.9463364293085655,0.9866863905325444,0.7189913959978261
os_3yr,catboost,0.9463364293085655,0.9881656804733728,0.7189913959978261
os_3yr,catboost,0.9535603715170279,0.9881656804733728,0.7189913959978261
os_3yr,catboost,0.9535603715170279,0.9896449704142012,0.7189913959978261
os_3yr,catboost,0.957688338493292,0.9896449704142012,0.7189913959978261
os_3yr,catboost,0.957688338493292,0.9911242603550295,0.7189913959978261
os_3yr,catboost,0.9618163054695562,0.9911242603550295,0.7189913959978261
os_3yr,catboost,0.9618163054695562,0.9940828402366864,0.7189913959978261
os_3yr,catboost,0.9793601651186791,0.9940828402366864,0.7189913959978261
os_3yr,catboost,0.9793601651186791,0.9955621301775148,0.7189913959978261
os_3yr,catboost,0.9855521155830753,0.9955621301775148,0.7189913959978261
os_3yr,catboost,0.9855521155830753,0.9970414201183432,0.7189913959978261
os_3yr,catboost,0.9989680082559339,0.9970414201183432,0.7189913959978261
os_3yr,catboost,0.9989680082559339,0.9985207100591716,0.7189913959978261
os_3yr,catboost,1.0,0.9985207100591716,0.7189913959978261
os_3yr,catboost,1.0,1.0,0.7189913959978261
os_3yr,random_forest,0.0,0.0,0.7196669231379876
os_3yr,random_forest,0.0010319917440660474,0.0,0.7196669231379876
os_3yr,random_forest,0.0041279669762641896,0.0,0.7196669231379876
os_3yr,random_forest,0.0041279669762641896,0.016272189349112426,0.7196669231379876
os_3yr,random_forest,0.005159958720330237,0.016272189349112426,0.7196669231379876
os_3yr,random_forest,0.005159958720330237,0.019230769230769232,0.7196669231379876
os_3yr,random_forest,0.006191950464396285,0.019230769230769232,0.7196669231379876
os_3yr,random_forest,0.006191950464396285,0.020710059171597635,0.7196669231379876
os_3yr,random_forest,0.007223942208462332,0.020710059171597635,0.7196669231379876
os_3yr,random_forest,0.007223942208462332,0.029585798816568046,0.7196669231379876
os_3yr,random_forest,0.008255933952528379,0.029585798816568046,0.7196669231379876
os_3yr,random_forest,0.008255933952528379,0.034023668639053255,0.7196669231379876
os_3yr,random_forest,0.009287925696594427,0.034023668639053255,0.7196669231379876
os_3yr,random_forest,0.009287925696594427,0.038461538461538464,0.7196669231379876
os_3yr,random_forest,0.010319917440660475,0.038461538461538464,0.7196669231379876
os_3yr,random_forest,0.01238390092879257,0.038461538461538464,0.7196669231379876
os_3yr,random_forest,0.01238390092879257,0.03994082840236687,0.7196669231379876
os_3yr,random_forest,0.013415892672858616,0.04142011834319527,0.7196669231379876
os_3yr,random_forest,0.013415892672858616,0.04881656804733728,0.7196669231379876
os_3yr,random_forest,0.013415892672858616,0.051775147928994084,0.7196669231379876
os_3yr,random_forest,0.013415892672858616,0.057692307692307696,0.7196669231379876
os_3yr,random_forest,0.014447884416924664,0.057692307692307696,0.7196669231379876
os_3yr,random_forest,0.014447884416924664,0.05917159763313609,0.7196669231379876
os_3yr,random_forest,0.015479876160990712,0.05917159763313609,0.7196669231379876
os_3yr,random_forest,0.015479876160990712,0.07396449704142012,0.7196669231379876
os_3yr,random_forest,0.016511867905056758,0.07544378698224852,0.7196669231379876
os_3yr,random_forest,0.016511867905056758,0.07692307692307693,0.7196669231379876
os_3yr,random_forest,0.017543859649122806,0.07692307692307693,0.7196669231379876
os_3yr,random_forest,0.017543859649122806,0.07840236686390532,0.7196669231379876
os_3yr,random_forest,0.018575851393188854,0.07840236686390532,0.7196669231379876
os_3yr,random_forest,0.018575851393188854,0.07988165680473373,0.7196669231379876
os_3yr,random_forest,0.0196078431372549,0.07988165680473373,0.7196669231379876
os_3yr,random_forest,0.0196078431372549,0.08431952662721894,0.7196669231379876
os_3yr,random_forest,0.025799793601651185,0.08431952662721894,0.7196669231379876
os_3yr,random_forest,0.025799793601651185,0.09319526627218935,0.7196669231379876
os_3yr,random_forest,0.026831785345717233,0.09319526627218935,0.7196669231379876
os_3yr,random_forest,0.026831785345717233,0.09763313609467456,0.7196669231379876
os_3yr,random_forest,0.02786377708978328,0.09763313609467456,0.7196669231379876
os_3yr,random_forest,0.02786377708978328,0.09911242603550297,0.7196669231379876
os_3yr,random_forest,0.02889576883384933,0.09911242603550297,0.7196669231379876
os_3yr,random_forest,0.02889576883384933,0.10355029585798817,0.7196669231379876
os_3yr,random_forest,0.029927760577915376,0.10502958579881656,0.7196669231379876
os_3yr,random_forest,0.029927760577915376,0.11834319526627218,0.7196669231379876
os_3yr,random_forest,0.030959752321981424,0.11834319526627218,0.7196669231379876
os_3yr,random_forest,0.030959752321981424,0.1242603550295858,0.7196669231379876
os_3yr,random_forest,0.030959752321981424,0.1257396449704142,0.7196669231379876
os_3yr,random_forest,0.03199174406604747,0.1257396449704142,0.7196669231379876
os_3yr,random_forest,0.03199174406604747,0.128698224852071,0.7196669231379876
os_3yr,random_forest,0.033023735810113516,0.128698224852071,0.7196669231379876
os_3yr,random_forest,0.033023735810113516,0.1346153846153846,0.7196669231379876
os_3yr,random_forest,0.034055727554179564,0.1346153846153846,0.7196669231379876
os_3yr,random_forest,0.034055727554179564,0.1390532544378698,0.7196669231379876
os_3yr,random_forest,0.03508771929824561,0.1390532544378698,0.7196669231379876
os_3yr,random_forest,0.03508771929824561,0.14053254437869822,0.7196669231379876
os_3yr,random_forest,0.03715170278637771,0.14053254437869822,0.7196669231379876
os_3yr,random_forest,0.03715170278637771,0.14201183431952663,0.7196669231379876
os_3yr,random_forest,0.04024767801857585,0.14201183431952663,0.7196669231379876
os_3yr,random_forest,0.0412796697626419,0.14497041420118342,0.7196669231379876
os_3yr,random_forest,0.0412796697626419,0.14644970414201183,0.7196669231379876
os_3yr,random_forest,0.04231166150670795,0.14644970414201183,0.7196669231379876
os_3yr,random_forest,0.04437564499484004,0.14644970414201183,0.7196669231379876
os_3yr,random_forest,0.047471620227038186,0.14644970414201183,0.7196669231379876
os_3yr,random_forest,0.047471620227038186,0.15088757396449703,0.7196669231379876
os_3yr,random_forest,0.047471620227038186,0.15384615384615385,0.7196669231379876
os_3yr,random_forest,0.048503611971104234,0.15532544378698224,0.7196669231379876
os_3yr,random_forest,0.048503611971104234,0.15828402366863906,0.7196669231379876
os_3yr,random_forest,0.048503611971104234,0.16124260355029585,0.7196669231379876
os_3yr,random_forest,0.04953560371517028,0.16124260355029585,0.7196669231379876
os_3yr,random_forest,0.04953560371517028,0.16272189349112426,0.7196669231379876
os_3yr,random_forest,0.05159958720330237,0.16272189349112426,0.7196669231379876
os_3yr,random_forest,0.05159958720330237,0.16420118343195267,0.7196669231379876
os_3yr,random_forest,0.05159958720330237,0.16715976331360946,0.7196669231379876
os_3yr,random_forest,0.05263157894736842,0.16715976331360946,0.7196669231379876
os_3yr,random_forest,0.05263157894736842,0.17159763313609466,0.7196669231379876
os_3yr,random_forest,0.053663570691434466,0.17159763313609466,0.7196669231379876
os_3yr,random_forest,0.053663570691434466,0.17455621301775148,0.7196669231379876
os_3yr,random_forest,0.054695562435500514,0.17455621301775148,0.7196669231379876
os_3yr,random_forest,0.054695562435500514,0.1760355029585799,0.7196669231379876
os_3yr,random_forest,0.05572755417956656,0.17751479289940827,0.7196669231379876
os_3yr,random_forest,0.05572755417956656,0.1834319526627219,0.7196669231379876
os_3yr,random_forest,0.05779153766769866,0.1834319526627219,0.7196669231379876
os_3yr,random_forest,0.05779153766769866,0.1849112426035503,0.7196669231379876
os_3yr,random_forest,0.058823529411764705,0.1849112426035503,0.7196669231379876
os_3yr,random_forest,0.058823529411764705,0.1863905325443787,0.7196669231379876
os_3yr,random_forest,0.05985552115583075,0.1863905325443787,0.7196669231379876
os_3yr,random_forest,0.05985552115583075,0.1937869822485207,0.7196669231379876
os_3yr,random_forest,0.0608875128998968,0.1937869822485207,0.7196669231379876
os_3yr,random_forest,0.06191950464396285,0.1952662721893491,0.7196669231379876
os_3yr,random_forest,0.06191950464396285,0.20118343195266272,0.7196669231379876
os_3yr,random_forest,0.0629514963880289,0.20118343195266272,0.7196669231379876
os_3yr,random_forest,0.0629514963880289,0.20266272189349113,0.7196669231379876
os_3yr,random_forest,0.06501547987616099,0.20266272189349113,0.7196669231379876
os_3yr,random_forest,0.06501547987616099,0.20414201183431951,0.7196669231379876
os_3yr,random_forest,0.06707946336429309,0.20414201183431951,0.7196669231379876
os_3yr,random_forest,0.06707946336429309,0.20562130177514792,0.7196669231379876
os_3yr,random_forest,0.06914344685242518,0.20562130177514792,0.7196669231379876
os_3yr,random_forest,0.06914344685242518,0.20857988165680474,0.7196669231379876
os_3yr,random_forest,0.07120743034055728,0.20857988165680474,0.7196669231379876
os_3yr,random_forest,0.07120743034055728,0.21005917159763313,0.7196669231379876
os_3yr,random_forest,0.07223942208462332,0.21005917159763313,0.7196669231379876
os_3yr,random_forest,0.07223942208462332,0.21301775147928995,0.7196669231379876
os_3yr,random_forest,0.07327141382868937,0.21597633136094674,0.7196669231379876
os_3yr,random_forest,0.07430340557275542,0.21597633136094674,0.7196669231379876
os_3yr,random_forest,0.07430340557275542,0.22041420118343194,0.7196669231379876
os_3yr,random_forest,0.07533539731682147,0.22041420118343194,0.7196669231379876
os_3yr,random_forest,0.07533539731682147,0.22485207100591717,0.7196669231379876
os_3yr,random_forest,0.07636738906088751,0.22633136094674555,0.7196669231379876
os_3yr,random_forest,0.07636738906088751,0.22781065088757396,0.7196669231379876
os_3yr,random_forest,0.07739938080495357,0.22781065088757396,0.7196669231379876
os_3yr,random_forest,0.07739938080495357,0.23076923076923078,0.7196669231379876
os_3yr,random_forest,0.0784313725490196,0.23076923076923078,0.7196669231379876
os_3yr,random_forest,0.0784313725490196,0.23520710059171598,0.7196669231379876
os_3yr,random_forest,0.07946336429308566,0.23520710059171598,0.7196669231379876
os_3yr,random_forest,0.07946336429308566,0.23816568047337278,0.7196669231379876
os_3yr,random_forest,0.0804953560371517,0.23816568047337278,0.7196669231379876
os_3yr,random_forest,0.0804953560371517,0.2411242603550296,0.7196669231379876
os_3yr,random_forest,0.08152734778121776,0.2411242603550296,0.7196669231379876
os_3yr,random_forest,0.08152734778121776,0.2455621301775148,0.7196669231379876
os_3yr,random_forest,0.0846233230134159,0.2455621301775148,0.7196669231379876
os_3yr,random_forest,0.0846233230134159,0.2485207100591716,0.7196669231379876
os_3yr,random_forest,0.08565531475748193,0.2485207100591716,0.7196669231379876
os_3yr,random_forest,0.08668730650154799,0.2514792899408284,0.7196669231379876
os_3yr,random_forest,0.08875128998968008,0.2514792899408284,0.7196669231379876
os_3yr,random_forest,0.08875128998968008,0.25443786982248523,0.7196669231379876
os_3yr,random_forest,0.08978328173374613,0.2559171597633136,0.7196669231379876
os_3yr,random_forest,0.08978328173374613,0.2588757396449704,0.7196669231379876
os_3yr,random_forest,0.09184726522187822,0.2588757396449704,0.7196669231379876
os_3yr,random_forest,0.09494324045407637,0.2603550295857988,0.7196669231379876
os_3yr,random_forest,0.09494324045407637,0.2677514792899408,0.7196669231379876
os_3yr,random_forest,0.09597523219814241,0.2677514792899408,0.7196669231379876
os_3yr,random_forest,0.09597523219814241,0.2692307692307692,0.7196669231379876
os_3yr,random_forest,0.09700722394220847,0.2692307692307692,0.7196669231379876
os_3yr,random_forest,0.09700722394220847,0.27071005917159763,0.7196669231379876
os_3yr,random_forest,0.09907120743034056,0.27071005917159763,0.7196669231379876
os_3yr,random_forest,0.09907120743034056,0.27366863905325445,0.7196669231379876
os_3yr,random_forest,0.10113519091847266,0.27514792899408286,0.7196669231379876
os_3yr,random_forest,0.10319917440660474,0.27514792899408286,0.7196669231379876
os_3yr,random_forest,0.10319917440660474,0.27662721893491127,0.7196669231379876
os_3yr,random_forest,0.10319917440660474,0.27958579881656803,0.7196669231379876
os_3yr,random_forest,0.10526315789473684,0.27958579881656803,0.7196669231379876
os_3yr,random_forest,0.10526315789473684,0.28106508875739644,0.7196669231379876
os_3yr,random_forest,0.10629514963880289,0.28106508875739644,0.7196669231379876
os_3yr,random_forest,0.10629514963880289,0.28254437869822485,0.7196669231379876
os_3yr,random_forest,0.10629514963880289,0.28550295857988167,0.7196669231379876
os_3yr,random_forest,0.10732714138286893,0.28550295857988167,0.7196669231379876
os_3yr,random_forest,0.10732714138286893,0.2869822485207101,0.7196669231379876
os_3yr,random_forest,0.10939112487100103,0.28846153846153844,0.7196669231379876
os_3yr,random_forest,0.10939112487100103,0.29142011834319526,0.7196669231379876
os_3yr,random_forest,0.10939112487100103,0.2943786982248521,0.7196669231379876
os_3yr,random_forest,0.10939112487100103,0.2958579881656805,0.7196669231379876
os_3yr,random_forest,0.11145510835913312,0.2973372781065089,0.7196669231379876
os_3yr,random_forest,0.11145510835913312,0.2988165680473373,0.7196669231379876
os_3yr,random_forest,0.11248710010319918,0.2988165680473373,0.7196669231379876
os_3yr,random_forest,0.11248710010319918,0.3047337278106509,0.7196669231379876
os_3yr,random_forest,0.11351909184726522,0.3047337278106509,0.7196669231379876
os_3yr,random_forest,0.11351909184726522,0.3091715976331361,0.7196669231379876
os_3yr,random_forest,0.11661506707946337,0.3091715976331361,0.7196669231379876
os_3yr,random_forest,0.11661506707946337,0.3150887573964497,0.7196669231379876
os_3yr,random_forest,0.11764705882352941,0.3150887573964497,0.7196669231379876
os_3yr,random_forest,0.11764705882352941,0.3180473372781065,0.7196669231379876
os_3yr,random_forest,0.11867905056759546,0.3180473372781065,0.7196669231379876
os_3yr,random_forest,0.11867905056759546,0.31952662721893493,0.7196669231379876
os_3yr,random_forest,0.1197110423116615,0.31952662721893493,0.7196669231379876
os_3yr,random_forest,0.1197110423116615,0.3210059171597633,0.7196669231379876
os_3yr,random_forest,0.12074303405572756,0.3210059171597633,0.7196669231379876
os_3yr,random_forest,0.12074303405572756,0.32988165680473375,0.7196669231379876
os_3yr,random_forest,0.12280701754385964,0.32988165680473375,0.7196669231379876
os_3yr,random_forest,0.12280701754385964,0.33136094674556216,0.7196669231379876
os_3yr,random_forest,0.1238390092879257,0.33136094674556216,0.7196669231379876
os_3yr,random_forest,0.1238390092879257,0.3343195266272189,0.7196669231379876
os_3yr,random_forest,0.12487100103199174,0.3343195266272189,0.7196669231379876
os_3yr,random_forest,0.12487100103199174,0.33579881656804733,0.7196669231379876
os_3yr,random_forest,0.1259029927760578,0.33727810650887574,0.7196669231379876
os_3yr,random_forest,0.1259029927760578,0.33875739644970415,0.7196669231379876
os_3yr,random_forest,0.12693498452012383,0.33875739644970415,0.7196669231379876
os_3yr,random_forest,0.12693498452012383,0.34023668639053256,0.7196669231379876
os_3yr,random_forest,0.13003095975232198,0.34023668639053256,0.7196669231379876
os_3yr,random_forest,0.13003095975232198,0.34171597633136097,0.7196669231379876
os_3yr,random_forest,0.13312693498452013,0.34171597633136097,0.7196669231379876
os_3yr,random_forest,0.13312693498452013,0.34467455621301774,0.7196669231379876
os_3yr,random_forest,0.13415892672858618,0.34467455621301774,0.7196669231379876
os_3yr,random_forest,0.13415892672858618,0.35355029585798814,0.7196669231379876
os_3yr,random_forest,0.13622291021671826,0.35355029585798814,0.7196669231379876
os_3yr,random_forest,0.13622291021671826,0.35502958579881655,0.7196669231379876
os_3yr,random_forest,0.13725490196078433,0.35502958579881655,0.7196669231379876
os_3yr,random_forest,0.13725490196078433,0.35650887573964496,0.7196669231379876
os_3yr,random_forest,0.1393188854489164,0.35650887573964496,0.7196669231379876
os_3yr,random_forest,0.1393188854489164,0.35798816568047337,0.7196669231379876
os_3yr,random_forest,0.14035087719298245,0.35798816568047337,0.7196669231379876
os_3yr,random_forest,0.14035087719298245,0.3609467455621302,0.7196669231379876
os_3yr,random_forest,0.14138286893704852,0.3609467455621302,0.7196669231379876
os_3yr,random_forest,0.14138286893704852,0.3624260355029586,0.7196669231379876
os_3yr,random_forest,0.14241486068111456,0.363905325443787,0.7196669231379876
os_3yr,random_forest,0.14241486068111456,0.36538461538461536,0.7196669231379876
os_3yr,random_forest,0.14447884416924664,0.36538461538461536,0.7196669231379876
os_3yr,random_forest,0.14447884416924664,0.3698224852071006,0.7196669231379876
os_3yr,random_forest,0.14551083591331268,0.3727810650887574,0.7196669231379876
os_3yr,random_forest,0.14860681114551083,0.3727810650887574,0.7196669231379876
os_3yr,random_forest,0.14860681114551083,0.3742603550295858,0.7196669231379876
os_3yr,random_forest,0.14963880288957687,0.3742603550295858,0.7196669231379876
os_3yr,random_forest,0.14963880288957687,0.3757396449704142,0.7196669231379876
os_3yr,random_forest,0.15067079463364294,0.3757396449704142,0.7196669231379876
os_3yr,random_forest,0.15170278637770898,0.3772189349112426,0.7196669231379876
os_3yr,random_forest,0.15170278637770898,0.3831360946745562,0.7196669231379876
os_3yr,random_forest,0.15376676986584106,0.3831360946745562,0.7196669231379876
os_3yr,random_forest,0.15479876160990713,0.38461538461538464,0.7196669231379876
os_3yr,random_forest,0.1568627450980392,0.38461538461538464,0.7196669231379876
os_3yr,random_forest,0.1568627450980392,0.386094674556213,0.7196669231379876
os_3yr,random_forest,0.15995872033023736,0.386094674556213,0.7196669231379876
os_3yr,random_forest,0.15995872033023736,0.3905325443786982,0.7196669231379876
os_3yr,random_forest,0.1609907120743034,0.3905325443786982,0.7196669231379876
os_3yr,random_forest,0.1609907120743034,0.39201183431952663,0.7196669231379876
os_3yr,random_forest,0.16202270381836945,0.39201183431952663,0.7196669231379876
os_3yr,random_forest,0.16202270381836945,0.39349112426035504,0.7196669231379876
os_3yr,random_forest,0.16305469556243551,0.39497041420118345,0.7196669231379876
os_3yr,random_forest,0.16408668730650156,0.39497041420118345,0.7196669231379876
os_3yr,random_forest,0.16408668730650156,0.39644970414201186,0.7196669231379876
os_3yr,random_forest,0.1651186790505676,0.39644970414201186,0.7196669231379876
os_3yr,random_forest,0.1651186790505676,0.3979289940828402,0.7196669231379876
os_3yr,random_forest,0.16615067079463364,0.3979289940828402,0.7196669231379876
os_3yr,random_forest,0.16615067079463364,0.3994082840236686,0.7196669231379876
os_3yr,random_forest,0.16821465428276575,0.3994082840236686,0.7196669231379876
os_3yr,random_forest,0.16821465428276575,0.40236686390532544,0.7196669231379876
os_3yr,random_forest,0.17027863777089783,0.40236686390532544,0.7196669231379876
os_3yr,random_forest,0.17027863777089783,0.40384615384615385,0.7196669231379876
os_3yr,random_forest,0.17027863777089783,0.4068047337278107,0.7196669231379876
os_3yr,random_forest,0.17027863777089783,0.40976331360946744,0.7196669231379876
os_3yr,random_forest,0.17337461300309598,0.40976331360946744,0.7196669231379876
os_3yr,random_forest,0.17337461300309598,0.41124260355029585,0.7196669231379876
os_3yr,random_forest,0.17440660474716202,0.41124260355029585,0.7196669231379876
os_3yr,random_forest,0.17440660474716202,0.41272189349112426,0.7196669231379876
os_3yr,random_forest,0.1785345717234262,0.41272189349112426,0.7196669231379876
os_3yr,random_forest,0.1785345717234262,0.41420118343195267,0.7196669231379876
os_3yr,random_forest,0.17956656346749225,0.41420118343195267,0.7196669231379876
os_3yr,random_forest,0.17956656346749225,0.41863905325443784,0.7196669231379876
os_3yr,random_forest,0.18059855521155832,0.41863905325443784,0.7196669231379876
os_3yr,random_forest,0.18059855521155832,0.42011834319526625,0.7196669231379876
os_3yr,random_forest,0.1826625386996904,0.42011834319526625,0.7196669231379876
os_3yr,random_forest,0.18472652218782248,0.42011834319526625,0.7196669231379876
os_3yr,random_forest,0.18472652218782248,0.42159763313609466,0.7196669231379876
os_3yr,random_forest,0.18575851393188855,0.42159763313609466,0.7196669231379876
os_3yr,random_forest,0.18575851393188855,0.4230769230769231,0.7196669231379876
os_3yr,random_forest,0.1867905056759546,0.4230769230769231,0.7196669231379876
os_3yr,random_forest,0.1867905056759546,0.4245562130177515,0.7196669231379876
os_3yr,random_forest,0.18782249742002063,0.4245562130177515,0.7196669231379876
os_3yr,random_forest,0.18782249742002063,0.4275147928994083,0.7196669231379876
os_3yr,random_forest,0.18782249742002063,0.4349112426035503,0.7196669231379876
os_3yr,random_forest,0.18988648090815274,0.4349112426035503,0.7196669231379876
os_3yr,random_forest,0.18988648090815274,0.4393491124260355,0.7196669231379876
os_3yr,random_forest,0.19091847265221878,0.4393491124260355,0.7196669231379876
os_3yr,random_forest,0.19091847265221878,0.4408284023668639,0.7196669231379876
os_3yr,random_forest,0.19195046439628483,0.4408284023668639,0.7196669231379876
os_3yr,random_forest,0.19401444788441694,0.4423076923076923,0.7196669231379876
os_3yr,random_forest,0.19401444788441694,0.4467455621301775,0.7196669231379876
os_3yr,random_forest,0.19504643962848298,0.4467455621301775,0.7196669231379876
os_3yr,random_forest,0.19504643962848298,0.44822485207100593,0.7196669231379876
os_3yr,random_forest,0.19711042311661506,0.44822485207100593,0.7196669231379876
os_3yr,random_forest,0.19711042311661506,0.4541420118343195,0.7196669231379876
os_3yr,random_forest,0.19814241486068113,0.4541420118343195,0.7196669231379876
os_3yr,random_forest,0.19814241486068113,0.4556213017751479,0.7196669231379876
os_3yr,random_forest,0.2002063983488132,0.4556213017751479,0.7196669231379876
os_3yr,random_forest,0.2043343653250774,0.4556213017751479,0.7196669231379876
os_3yr,random_forest,0.20639834881320948,0.4556213017751479,0.7196669231379876
os_3yr,random_forest,0.20639834881320948,0.45710059171597633,0.7196669231379876
os_3yr,random_forest,0.2084623323013416,0.45710059171597633,0.7196669231379876
os_3yr,random_forest,0.20949432404540763,0.46005917159763315,0.7196669231379876
os_3yr,random_forest,0.20949432404540763,0.4630177514792899,0.7196669231379876
os_3yr,random_forest,0.21259029927760578,0.4630177514792899,0.7196669231379876
os_3yr,random_forest,0.21259029927760578,0.46893491124260356,0.7196669231379876
os_3yr,random_forest,0.21362229102167182,0.46893491124260356,0.7196669231379876
os_3yr,random_forest,0.21362229102167182,0.47041420118343197,0.7196669231379876
os_3yr,random_forest,0.21362229102167182,0.47337278106508873,0.7196669231379876
os_3yr,random_forest,0.21362229102167182,0.47633136094674555,0.7196669231379876
os_3yr,random_forest,0.21465428276573786,0.47633136094674555,0.7196669231379876
os_3yr,random_forest,0.21465428276573786,0.47781065088757396,0.7196669231379876
os_3yr,random_forest,0.21775025799793601,0.47781065088757396,0.7196669231379876
os_3yr,random_forest,0.21775025799793601,0.4822485207100592,0.7196669231379876
os_3yr,random_forest,0.2218782249742002,0.4822485207100592,0.7196669231379876
os_3yr,random_forest,0.2218782249742002,0.48372781065088755,0.7196669231379876
os_3yr,random_forest,0.22291021671826625,0.48372781065088755,0.7196669231379876
os_3yr,random_forest,0.22291021671826625,0.48520710059171596,0.7196669231379876
os_3yr,random_forest,0.22394220846233232,0.48668639053254437,0.7196669231379876
os_3yr,random_forest,0.2260061919504644,0.48668639053254437,0.7196669231379876
os_3yr,random_forest,0.2260061919504644,0.4896449704142012,0.7196669231379876
os_3yr,random_forest,0.22807017543859648,0.4896449704142012,0.7196669231379876
os_3yr,random_forest,0.23116615067079463,0.4896449704142012,0.7196669231379876
os_3yr,random_forest,0.23116615067079463,0.492603550295858,0.7196669231379876
os_3yr,random_forest,0.23219814241486067,0.4940828402366864,0.7196669231379876
os_3yr,random_forest,0.23219814241486067,0.49556213017751477,0.7196669231379876
os_3yr,random_forest,0.23735810113519093,0.49556213017751477,0.7196669231379876
os_3yr,random_forest,0.23735810113519093,0.4970414201183432,0.7196669231379876
os_3yr,random_forest,0.23839009287925697,0.4970414201183432,0.7196669231379876
os_3yr,random_forest,0.23839009287925697,0.5,0.7196669231379876
os_3yr,random_forest,0.239422084623323,0.5,0.7196669231379876
os_3yr,random_forest,0.239422084623323,0.5044378698224852,0.7196669231379876
os_3yr,random_forest,0.24045407636738905,0.5044378698224852,0.7196669231379876
os_3yr,random_forest,0.24045407636738905,0.5059171597633136,0.7196669231379876
os_3yr,random_forest,0.24148606811145512,0.5059171597633136,0.7196669231379876
os_3yr,random_forest,0.2435500515995872,0.5059171597633136,0.7196669231379876
os_3yr,random_forest,0.2435500515995872,0.5103550295857988,0.7196669231379876
os_3yr,random_forest,0.24458204334365324,0.5103550295857988,0.7196669231379876
os_3yr,random_forest,0.24458204334365324,0.514792899408284,0.7196669231379876
os_3yr,random_forest,0.2476780185758514,0.514792899408284,0.7196669231379876
os_3yr,random_forest,0.2476780185758514,0.5177514792899408,0.7196669231379876
os_3yr,random_forest,0.24974200206398348,0.5177514792899408,0.7196669231379876
os_3yr,random_forest,0.24974200206398348,0.522189349112426,0.7196669231379876
os_3yr,random_forest,0.2518059855521156,0.522189349112426,0.7196669231379876
os_3yr,random_forest,0.2528379772961816,0.5236686390532544,0.7196669231379876
os_3yr,random_forest,0.2528379772961816,0.5251479289940828,0.7196669231379876
os_3yr,random_forest,0.2549019607843137,0.5251479289940828,0.7196669231379876
os_3yr,random_forest,0.2549019607843137,0.5266272189349113,0.7196669231379876
os_3yr,random_forest,0.2549019607843137,0.5310650887573964,0.7196669231379876
os_3yr,random_forest,0.2549019607843137,0.5325443786982249,0.7196669231379876
os_3yr,random_forest,0.25593395252837975,0.5325443786982249,0.7196669231379876
os_3yr,random_forest,0.25593395252837975,0.5369822485207101,0.7196669231379876
os_3yr,random_forest,0.2590299277605779,0.5369822485207101,0.7196669231379876
os_3yr,random_forest,0.26006191950464397,0.5369822485207101,0.7196669231379876
os_3yr,random_forest,0.26006191950464397,0.5384615384615384,0.7196669231379876
os_3yr,random_forest,0.26109391124871,0.5384615384615384,0.7196669231379876
os_3yr,random_forest,0.2631578947368421,0.5399408284023669,0.7196669231379876
os_3yr,random_forest,0.2631578947368421,0.5414201183431953,0.7196669231379876
os_3yr,random_forest,0.26418988648090813,0.5428994082840237,0.7196669231379876
os_3yr,random_forest,0.2672858617131063,0.5428994082840237,0.7196669231379876
os_3yr,random_forest,0.2672858617131063,0.5488165680473372,0.7196669231379876
os_3yr,random_forest,0.27038183694530443,0.5488165680473372,0.7196669231379876
os_3yr,random_forest,0.27038183694530443,0.5502958579881657,0.7196669231379876
os_3yr,random_forest,0.27450980392156865,0.5502958579881657,0.7196669231379876
os_3yr,random_forest,0.27450980392156865,0.5517751479289941,0.7196669231379876
os_3yr,random_forest,0.2776057791537668,0.5517751479289941,0.7196669231379876
os_3yr,random_forest,0.27966976264189886,0.5517751479289941,0.7196669231379876
os_3yr,random_forest,0.27966976264189886,0.5532544378698225,0.7196669231379876
os_3yr,random_forest,0.28276573787409703,0.5532544378698225,0.7196669231379876
os_3yr,random_forest,0.28276573787409703,0.5547337278106509,0.7196669231379876
os_3yr,random_forest,0.2848297213622291,0.5547337278106509,0.7196669231379876
os_3yr,random_forest,0.2848297213622291,0.5562130177514792,0.7196669231379876
os_3yr,random_forest,0.28586171310629516,0.5576923076923077,0.7196669231379876
os_3yr,random_forest,0.28586171310629516,0.5591715976331361,0.7196669231379876
os_3yr,random_forest,0.2868937048503612,0.5591715976331361,0.7196669231379876
os_3yr,random_forest,0.2868937048503612,0.5621301775147929,0.7196669231379876
os_3yr,random_forest,0.28792569659442724,0.5650887573964497,0.7196669231379876
os_3yr,random_forest,0.29205366357069146,0.5650887573964497,0.7196669231379876
os_3yr,random_forest,0.29205366357069146,0.5695266272189349,0.7196669231379876
os_3yr,random_forest,0.2930856553147575,0.5695266272189349,0.7196669231379876
os_3yr,random_forest,0.2930856553147575,0.5724852071005917,0.7196669231379876
os_3yr,random_forest,0.2951496388028896,0.5724852071005917,0.7196669231379876
os_3yr,random_forest,0.2951496388028896,0.5754437869822485,0.7196669231379876
os_3yr,random_forest,0.2961816305469556,0.5754437869822485,0.7196669231379876
os_3yr,random_forest,0.2982456140350877,0.5769230769230769,0.7196669231379876
os_3yr,random_forest,0.2982456140350877,0.5798816568047337,0.7196669231379876
os_3yr,random_forest,0.3013415892672859,0.5813609467455622,0.7196669231379876
os_3yr,random_forest,0.30340557275541796,0.5813609467455622,0.7196669231379876
os_3yr,random_forest,0.30340557275541796,0.5828402366863905,0.7196669231379876
os_3yr,random_forest,0.30546955624355004,0.5828402366863905,0.7196669231379876
os_3yr,random_forest,0.30546955624355004,0.584319526627219,0.7196669231379876
os_3yr,random_forest,0.3065015479876161,0.584319526627219,0.7196669231379876
os_3yr,random_forest,0.3065015479876161,0.5857988165680473,0.7196669231379876
os_3yr,random_forest,0.30856553147574817,0.5857988165680473,0.7196669231379876
os_3yr,random_forest,0.30959752321981426,0.5872781065088757,0.7196669231379876
os_3yr,random_forest,0.3106295149638803,0.5872781065088757,0.7196669231379876
os_3yr,random_forest,0.3106295149638803,0.5887573964497042,0.7196669231379876
os_3yr,random_forest,0.31166150670794635,0.5887573964497042,0.7196669231379876
os_3yr,random_forest,0.31166150670794635,0.5902366863905325,0.7196669231379876
os_3yr,random_forest,0.3126934984520124,0.5902366863905325,0.7196669231379876
os_3yr,random_forest,0.3126934984520124,0.591715976331361,0.7196669231379876
os_3yr,random_forest,0.31475748194014447,0.591715976331361,0.7196669231379876
os_3yr,random_forest,0.31475748194014447,0.6050295857988166,0.7196669231379876
os_3yr,random_forest,0.3157894736842105,0.606508875739645,0.7196669231379876
os_3yr,random_forest,0.3157894736842105,0.6094674556213018,0.7196669231379876
os_3yr,random_forest,0.3188854489164087,0.6094674556213018,0.7196669231379876
os_3yr,random_forest,0.3188854489164087,0.6124260355029586,0.7196669231379876
os_3yr,random_forest,0.3219814241486068,0.6124260355029586,0.7196669231379876
os_3yr,random_forest,0.3219814241486068,0.613905325443787,0.7196669231379876
os_3yr,random_forest,0.32610939112487103,0.613905325443787,0.7196669231379876
os_3yr,random_forest,0.32610939112487103,0.6153846153846154,0.7196669231379876
os_3yr,random_forest,0.3302373581011352,0.6153846153846154,0.7196669231379876
os_3yr,random_forest,0.3302373581011352,0.6168639053254438,0.7196669231379876
os_3yr,random_forest,0.33126934984520123,0.6168639053254438,0.7196669231379876
os_3yr,random_forest,0.33126934984520123,0.6183431952662722,0.7196669231379876
os_3yr,random_forest,0.3323013415892673,0.6183431952662722,0.7196669231379876
os_3yr,random_forest,0.3333333333333333,0.6198224852071006,0.7196669231379876
os_3yr,random_forest,0.33436532507739936,0.6198224852071006,0.7196669231379876
os_3yr,random_forest,0.33436532507739936,0.621301775147929,0.7196669231379876
os_3yr,random_forest,0.33539731682146545,0.6227810650887574,0.7196669231379876
os_3yr,random_forest,0.33746130030959753,0.6227810650887574,0.7196669231379876
os_3yr,random_forest,0.33746130030959753,0.6242603550295858,0.7196669231379876
os_3yr,random_forest,0.3384932920536636,0.6242603550295858,0.7196669231379876
os_3yr,random_forest,0.3384932920536636,0.6272189349112426,0.7196669231379876
os_3yr,random_forest,0.3395252837977296,0.6272189349112426,0.7196669231379876
os_3yr,random_forest,0.3395252837977296,0.6316568047337278,0.7196669231379876
os_3yr,random_forest,0.34055727554179566,0.6346153846153846,0.7196669231379876
os_3yr,random_forest,0.3415892672858617,0.6346153846153846,0.7196669231379876
os_3yr,random_forest,0.3415892672858617,0.6390532544378699,0.7196669231379876
os_3yr,random_forest,0.34365325077399383,0.6390532544378699,0.7196669231379876
os_3yr,random_forest,0.3457172342621259,0.6390532544378699,0.7196669231379876
os_3yr,random_forest,0.3457172342621259,0.6420118343195266,0.7196669231379876
os_3yr,random_forest,0.34674922600619196,0.6420118343195266,0.7196669231379876
os_3yr,random_forest,0.34674922600619196,0.6464497041420119,0.7196669231379876
os_3yr,random_forest,0.347781217750258,0.6464497041420119,0.7196669231379876
os_3yr,random_forest,0.347781217750258,0.6494082840236687,0.7196669231379876
os_3yr,random_forest,0.3498452012383901,0.6494082840236687,0.7196669231379876
os_3yr,random_forest,0.3498452012383901,0.650887573964497,0.7196669231379876
os_3yr,random_forest,0.3508771929824561,0.650887573964497,0.7196669231379876
os_3yr,random_forest,0.3508771929824561,0.6538461538461539,0.7196669231379876
os_3yr,random_forest,0.35190918472652216,0.6538461538461539,0.7196669231379876
os_3yr,random_forest,0.35190918472652216,0.6568047337278107,0.7196669231379876
os_3yr,random_forest,0.3539731682146543,0.6568047337278107,0.7196669231379876
os_3yr,random_forest,0.3539731682146543,0.658284023668639,0.7196669231379876
os_3yr,random_forest,0.3560371517027864,0.658284023668639,0.7196669231379876
os_3yr,random_forest,0.3560371517027864,0.6627218934911243,0.7196669231379876
os_3yr,random_forest,0.3570691434468524,0.6627218934911243,0.7196669231379876
os_3yr,random_forest,0.3570691434468524,0.6671597633136095,0.7196669231379876
os_3yr,random_forest,0.3591331269349845,0.6671597633136095,0.7196669231379876
os_3yr,random_forest,0.3591331269349845,0.6686390532544378,0.7196669231379876
os_3yr,random_forest,0.36016511867905054,0.6686390532544378,0.7196669231379876
os_3yr,random_forest,0.36016511867905054,0.6701183431952663,0.7196669231379876
os_3yr,random_forest,0.3622291021671827,0.6701183431952663,0.7196669231379876
os_3yr,random_forest,0.3622291021671827,0.6715976331360947,0.7196669231379876
os_3yr,random_forest,0.3632610939112487,0.6715976331360947,0.7196669231379876
os_3yr,random_forest,0.3632610939112487,0.6745562130177515,0.7196669231379876
os_3yr,random_forest,0.36429308565531476,0.6745562130177515,0.7196669231379876
os_3yr,random_forest,0.36429308565531476,0.6760355029585798,0.7196669231379876
os_3yr,random_forest,0.3653250773993808,0.6760355029585798,0.7196669231379876
os_3yr,random_forest,0.3653250773993808,0.6775147928994083,0.7196669231379876
os_3yr,random_forest,0.36635706914344685,0.6819526627218935,0.7196669231379876
os_3yr,random_forest,0.36635706914344685,0.6893491124260355,0.7196669231379876
os_3yr,random_forest,0.3673890608875129,0.6893491124260355,0.7196669231379876
os_3yr,random_forest,0.3673890608875129,0.6908284023668639,0.7196669231379876
os_3yr,random_forest,0.3684210526315789,0.6923076923076923,0.7196669231379876
os_3yr,random_forest,0.3684210526315789,0.6937869822485208,0.7196669231379876
os_3yr,random_forest,0.37048503611971106,0.6937869822485208,0.7196669231379876
os_3yr,random_forest,0.37048503611971106,0.7026627218934911,0.7196669231379876
os_3yr,random_forest,0.37254901960784315,0.7026627218934911,0.7196669231379876
os_3yr,random_forest,0.37254901960784315,0.7071005917159763,0.7196669231379876
os_3yr,random_forest,0.3735810113519092,0.7071005917159763,0.7196669231379876
os_3yr,random_forest,0.3735810113519092,0.7115384615384616,0.7196669231379876
os_3yr,random_forest,0.37564499484004127,0.7115384615384616,0.7196669231379876
os_3yr,random_forest,0.37564499484004127,0.7130177514792899,0.7196669231379876
os_3yr,random_forest,0.37874097007223945,0.7130177514792899,0.7196669231379876
os_3yr,random_forest,0.37874097007223945,0.7144970414201184,0.7196669231379876
os_3yr,random_forest,0.3797729618163055,0.7144970414201184,0.7196669231379876
os_3yr,random_forest,0.3797729618163055,0.7159763313609467,0.7196669231379876
os_3yr,random_forest,0.38080495356037153,0.7159763313609467,0.7196669231379876
os_3yr,random_forest,0.38080495356037153,0.7174556213017751,0.7196669231379876
os_3yr,random_forest,0.38699690402476783,0.7174556213017751,0.7196669231379876
os_3yr,random_forest,0.38699690402476783,0.7204142011834319,0.7196669231379876
os_3yr,random_forest,0.38802889576883387,0.7204142011834319,0.7196669231379876
os_3yr,random_forest,0.38802889576883387,0.7218934911242604,0.7196669231379876
os_3yr,random_forest,0.391124871001032,0.7218934911242604,0.7196669231379876
os_3yr,random_forest,0.391124871001032,0.7233727810650887,0.7196669231379876
os_3yr,random_forest,0.39215686274509803,0.7233727810650887,0.7196669231379876
os_3yr,random_forest,0.39215686274509803,0.7248520710059172,0.7196669231379876
os_3yr,random_forest,0.3931888544891641,0.7248520710059172,0.7196669231379876
os_3yr,random_forest,0.3931888544891641,0.727810650887574,0.7196669231379876
os_3yr,random_forest,0.3993808049535604,0.727810650887574,0.7196669231379876
os_3yr,random_forest,0.3993808049535604,0.7307692307692307,0.7196669231379876
os_3yr,random_forest,0.4004127966976264,0.7307692307692307,0.7196669231379876
os_3yr,random_forest,0.40144478844169246,0.7322485207100592,0.7196669231379876
os_3yr,random_forest,0.4024767801857585,0.7322485207100592,0.7196669231379876
os_3yr,random_forest,0.40350877192982454,0.7337278106508875,0.7196669231379876
os_3yr,random_forest,0.4066047471620227,0.7337278106508875,0.7196669231379876
os_3yr,random_forest,0.4066047471620227,0.7396449704142012,0.7196669231379876
os_3yr,random_forest,0.40763673890608876,0.7396449704142012,0.7196669231379876
os_3yr,random_forest,0.40763673890608876,0.7411242603550295,0.7196669231379876
os_3yr,random_forest,0.4086687306501548,0.7411242603550295,0.7196669231379876
os_3yr,random_forest,0.4086687306501548,0.742603550295858,0.7196669231379876
os_3yr,random_forest,0.4107327141382869,0.742603550295858,0.7196669231379876
os_3yr,random_forest,0.4107327141382869,0.7440828402366864,0.7196669231379876
os_3yr,random_forest,0.4117647058823529,0.7440828402366864,0.7196669231379876
os_3yr,random_forest,0.41382868937048506,0.7440828402366864,0.7196669231379876
os_3yr,random_forest,0.41589267285861714,0.7440828402366864,0.7196669231379876
os_3yr,random_forest,0.41589267285861714,0.7470414201183432,0.7196669231379876
os_3yr,random_forest,0.4179566563467492,0.7470414201183432,0.7196669231379876
os_3yr,random_forest,0.41898864809081526,0.75,0.7196669231379876
os_3yr,random_forest,0.42105263157894735,0.75,0.7196669231379876
os_3yr,random_forest,0.4241486068111455,0.75,0.7196669231379876
os_3yr,random_forest,0.4241486068111455,0.7514792899408284,0.7196669231379876
os_3yr,random_forest,0.42518059855521156,0.7514792899408284,0.7196669231379876
os_3yr,random_forest,0.42518059855521156,0.7559171597633136,0.7196669231379876
os_3yr,random_forest,0.42518059855521156,0.7603550295857988,0.7196669231379876
os_3yr,random_forest,0.42518059855521156,0.7618343195266272,0.7196669231379876
os_3yr,random_forest,0.4262125902992776,0.7618343195266272,0.7196669231379876
os_3yr,random_forest,0.4262125902992776,0.7633136094674556,0.7196669231379876
os_3yr,random_forest,0.42724458204334365,0.7633136094674556,0.7196669231379876
os_3yr,random_forest,0.42724458204334365,0.772189349112426,0.7196669231379876
os_3yr,random_forest,0.4282765737874097,0.7736686390532544,0.7196669231379876
os_3yr,random_forest,0.4375644994840041,0.7736686390532544,0.7196669231379876
os_3yr,random_forest,0.4375644994840041,0.7751479289940828,0.7196669231379876
os_3yr,random_forest,0.43962848297213625,0.7751479289940828,0.7196669231379876
os_3yr,random_forest,0.43962848297213625,0.7766272189349113,0.7196669231379876
os_3yr,random_forest,0.44169246646026833,0.7766272189349113,0.7196669231379876
os_3yr,random_forest,0.44169246646026833,0.7781065088757396,0.7196669231379876
os_3yr,random_forest,0.44272445820433437,0.7781065088757396,0.7196669231379876
os_3yr,random_forest,0.44272445820433437,0.7840236686390533,0.7196669231379876
os_3yr,random_forest,0.4437564499484004,0.7840236686390533,0.7196669231379876
os_3yr,random_forest,0.4437564499484004,0.7855029585798816,0.7196669231379876
os_3yr,random_forest,0.4458204334365325,0.7855029585798816,0.7196669231379876
os_3yr,random_forest,0.4458204334365325,0.7869822485207101,0.7196669231379876
os_3yr,random_forest,0.4540763673890609,0.7869822485207101,0.7196669231379876
os_3yr,random_forest,0.4540763673890609,0.7899408284023669,0.7196669231379876
os_3yr,random_forest,0.45717234262125905,0.7899408284023669,0.7196669231379876
os_3yr,random_forest,0.45717234262125905,0.7914201183431953,0.7196669231379876
os_3yr,random_forest,0.4613003095975232,0.7914201183431953,0.7196669231379876
os_3yr,random_forest,0.4613003095975232,0.7928994082840237,0.7196669231379876
os_3yr,random_forest,0.4633642930856553,0.7928994082840237,0.7196669231379876
os_3yr,random_forest,0.4664602683178535,0.7928994082840237,0.7196669231379876
os_3yr,random_forest,0.4695562435500516,0.7928994082840237,0.7196669231379876
os_3yr,random_forest,0.4695562435500516,0.7943786982248521,0.7196669231379876
os_3yr,random_forest,0.47058823529411764,0.7958579881656804,0.7196669231379876
os_3yr,random_forest,0.47368421052631576,0.7958579881656804,0.7196669231379876
os_3yr,random_forest,0.47368421052631576,0.7973372781065089,0.7196669231379876
os_3yr,random_forest,0.47471620227038186,0.7973372781065089,0.7196669231379876
os_3yr,random_forest,0.47471620227038186,0.8017751479289941,0.7196669231379876
os_3yr,random_forest,0.47678018575851394,0.8032544378698225,0.7196669231379876
os_3yr,random_forest,0.47678018575851394,0.8047337278106509,0.7196669231379876
os_3yr,random_forest,0.478844169246646,0.8047337278106509,0.7196669231379876
os_3yr,random_forest,0.478844169246646,0.8062130177514792,0.7196669231379876
os_3yr,random_forest,0.48606811145510836,0.8062130177514792,0.7196669231379876
os_3yr,random_forest,0.48606811145510836,0.8076923076923077,0.7196669231379876
os_3yr,random_forest,0.49122807017543857,0.8076923076923077,0.7196669231379876
os_3yr,random_forest,0.49122807017543857,0.8106508875739645,0.7196669231379876
os_3yr,random_forest,0.49226006191950467,0.8106508875739645,0.7196669231379876
os_3yr,random_forest,0.49226006191950467,0.8121301775147929,0.7196669231379876
os_3yr,random_forest,0.4932920536635707,0.8121301775147929,0.7196669231379876
os_3yr,random_forest,0.4932920536635707,0.8150887573964497,0.7196669231379876
os_3yr,random_forest,0.49742002063983487,0.8150887573964497,0.7196669231379876
os_3yr,random_forest,0.4984520123839009,0.8165680473372781,0.7196669231379876
os_3yr,random_forest,0.500515995872033,0.8165680473372781,0.7196669231379876
os_3yr,random_forest,0.5015479876160991,0.8180473372781065,0.7196669231379876
os_3yr,random_forest,0.5015479876160991,0.8195266272189349,0.7196669231379876
os_3yr,random_forest,0.5025799793601651,0.8210059171597633,0.7196669231379876
os_3yr,random_forest,0.5077399380804953,0.8210059171597633,0.7196669231379876
os_3yr,random_forest,0.5077399380804953,0.8224852071005917,0.7196669231379876
os_3yr,random_forest,0.5098039215686274,0.8224852071005917,0.7196669231379876
os_3yr,random_forest,0.5118679050567595,0.8239644970414202,0.7196669231379876
os_3yr,random_forest,0.5118679050567595,0.8372781065088757,0.7196669231379876
os_3yr,random_forest,0.5139318885448917,0.8372781065088757,0.7196669231379876
os_3yr,random_forest,0.5159958720330238,0.8402366863905325,0.7196669231379876
os_3yr,random_forest,0.5170278637770898,0.8402366863905325,0.7196669231379876
os_3yr,random_forest,0.5170278637770898,0.8446745562130178,0.7196669231379876
os_3yr,random_forest,0.5180598555211559,0.8446745562130178,0.7196669231379876
os_3yr,random_forest,0.5180598555211559,0.8461538461538461,0.7196669231379876
os_3yr,random_forest,0.5201238390092879,0.8461538461538461,0.7196669231379876
os_3yr,random_forest,0.5201238390092879,0.849112426035503,0.7196669231379876
os_3yr,random_forest,0.5211558307533539,0.849112426035503,0.7196669231379876
os_3yr,random_forest,0.5211558307533539,0.8505917159763313,0.7196669231379876
os_3yr,random_forest,0.52218782249742,0.8505917159763313,0.7196669231379876
os_3yr,random_forest,0.52218782249742,0.8520710059171598,0.7196669231379876
os_3yr,random_forest,0.5232198142414861,0.8520710059171598,0.7196669231379876
os_3yr,random_forest,0.5232198142414861,0.8550295857988166,0.7196669231379876
os_3yr,random_forest,0.5273477812177503,0.8550295857988166,0.7196669231379876
os_3yr,random_forest,0.5273477812177503,0.8579881656804734,0.7196669231379876
os_3yr,random_forest,0.5294117647058824,0.8579881656804734,0.7196669231379876
os_3yr,random_forest,0.5294117647058824,0.8609467455621301,0.7196669231379876
os_3yr,random_forest,0.5304437564499485,0.8609467455621301,0.7196669231379876
os_3yr,random_forest,0.5304437564499485,0.8624260355029586,0.7196669231379876
os_3yr,random_forest,0.5335397316821465,0.8624260355029586,0.7196669231379876
os_3yr,random_forest,0.5335397316821465,0.863905325443787,0.7196669231379876
os_3yr,random_forest,0.5335397316821465,0.8668639053254438,0.7196669231379876
os_3yr,random_forest,0.5397316821465429,0.8668639053254438,0.7196669231379876
os_3yr,random_forest,0.5397316821465429,0.871301775147929,0.7196669231379876
os_3yr,random_forest,0.5407636738906089,0.871301775147929,0.7196669231379876
os_3yr,random_forest,0.5407636738906089,0.8772189349112426,0.7196669231379876
os_3yr,random_forest,0.541795665634675,0.8772189349112426,0.7196669231379876
os_3yr,random_forest,0.541795665634675,0.8801775147928994,0.7196669231379876
os_3yr,random_forest,0.541795665634675,0.8816568047337278,0.7196669231379876
os_3yr,random_forest,0.542827657378741,0.8816568047337278,0.7196669231379876
os_3yr,random_forest,0.542827657378741,0.8831360946745562,0.7196669231379876
os_3yr,random_forest,0.543859649122807,0.8831360946745562,0.7196669231379876
os_3yr,random_forest,0.544891640866873,0.8846153846153846,0.7196669231379876
os_3yr,random_forest,0.5459236326109391,0.8846153846153846,0.7196669231379876
os_3yr,random_forest,0.5459236326109391,0.8890532544378699,0.7196669231379876
os_3yr,random_forest,0.5500515995872033,0.8890532544378699,0.7196669231379876
os_3yr,random_forest,0.5500515995872033,0.8905325443786982,0.7196669231379876
os_3yr,random_forest,0.5521155830753354,0.8905325443786982,0.7196669231379876
os_3yr,random_forest,0.5521155830753354,0.8920118343195266,0.7196669231379876
os_3yr,random_forest,0.5552115583075335,0.8920118343195266,0.7196669231379876
os_3yr,random_forest,0.5552115583075335,0.893491124260355,0.7196669231379876
os_3yr,random_forest,0.5593395252837977,0.893491124260355,0.7196669231379876
os_3yr,random_forest,0.5593395252837977,0.8949704142011834,0.7196669231379876
os_3yr,random_forest,0.5603715170278638,0.8949704142011834,0.7196669231379876
os_3yr,random_forest,0.5603715170278638,0.8964497041420119,0.7196669231379876
os_3yr,random_forest,0.56656346749226,0.8964497041420119,0.7196669231379876
os_3yr,random_forest,0.56656346749226,0.8979289940828402,0.7196669231379876
os_3yr,random_forest,0.5675954592363261,0.8979289940828402,0.7196669231379876
os_3yr,random_forest,0.5675954592363261,0.8994082840236687,0.7196669231379876
os_3yr,random_forest,0.5748194014447885,0.8994082840236687,0.7196669231379876
os_3yr,random_forest,0.5748194014447885,0.900887573964497,0.7196669231379876
os_3yr,random_forest,0.5810113519091847,0.900887573964497,0.7196669231379876
os_3yr,random_forest,0.5810113519091847,0.9023668639053254,0.7196669231379876
os_3yr,random_forest,0.5841073271413829,0.9023668639053254,0.7196669231379876
os_3yr,random_forest,0.5841073271413829,0.9038461538461539,0.7196669231379876
os_3yr,random_forest,0.586171310629515,0.9038461538461539,0.7196669231379876
os_3yr,random_forest,0.5882352941176471,0.9038461538461539,0.7196669231379876
os_3yr,random_forest,0.5933952528379773,0.9038461538461539,0.7196669231379876
os_3yr,random_forest,0.5933952528379773,0.9068047337278107,0.7196669231379876
os_3yr,random_forest,0.5954592363261094,0.9068047337278107,0.7196669231379876
os_3yr,random_forest,0.5975232198142415,0.9068047337278107,0.7196669231379876
os_3yr,random_forest,0.5985552115583075,0.9068047337278107,0.7196669231379876
os_3yr,random_forest,0.5985552115583075,0.908284023668639,0.7196669231379876
os_3yr,random_forest,0.608875128998968,0.908284023668639,0.7196669231379876
os_3yr,random_forest,0.608875128998968,0.9112426035502958,0.7196669231379876
os_3yr,random_forest,0.6099071207430341,0.9112426035502958,0.7196669231379876
os_3yr,random_forest,0.6099071207430341,0.9127218934911243,0.7196669231379876
os_3yr,random_forest,0.6119711042311662,0.9127218934911243,0.7196669231379876
os_3yr,random_forest,0.6119711042311662,0.9142011834319527,0.7196669231379876
os_3yr,random_forest,0.6191950464396285,0.9142011834319527,0.7196669231379876
os_3yr,random_forest,0.6191950464396285,0.915680473372781,0.7196669231379876
os_3yr,random_forest,0.6212590299277606,0.915680473372781,0.7196669231379876
os_3yr,random_forest,0.6264189886480909,0.915680473372781,0.7196669231379876
os_3yr,random_forest,0.6264189886480909,0.9171597633136095,0.7196669231379876
os_3yr,random_forest,0.628482972136223,0.9171597633136095,0.7196669231379876
os_3yr,random_forest,0.630546955624355,0.9171597633136095,0.7196669231379876
os_3yr,random_forest,0.630546955624355,0.9186390532544378,0.7196669231379876
os_3yr,random_forest,0.631578947368421,0.9186390532544378,0.7196669231379876
os_3yr,random_forest,0.631578947368421,0.9201183431952663,0.7196669231379876
os_3yr,random_forest,0.6460268317853457,0.9201183431952663,0.7196669231379876
os_3yr,random_forest,0.6460268317853457,0.9215976331360947,0.7196669231379876
os_3yr,random_forest,0.6480908152734778,0.9215976331360947,0.7196669231379876
os_3yr,random_forest,0.6480908152734778,0.9230769230769231,0.7196669231379876
os_3yr,random_forest,0.6491228070175439,0.9230769230769231,0.7196669231379876
os_3yr,random_forest,0.6491228070175439,0.9245562130177515,0.7196669231379876
os_3yr,random_forest,0.651186790505676,0.9245562130177515,0.7196669231379876
os_3yr,random_forest,0.653250773993808,0.9245562130177515,0.7196669231379876
os_3yr,random_forest,0.6584107327141383,0.9245562130177515,0.7196669231379876
os_3yr,random_forest,0.6584107327141383,0.9260355029585798,0.7196669231379876
os_3yr,random_forest,0.6604747162022704,0.9260355029585798,0.7196669231379876
os_3yr,random_forest,0.6656346749226006,0.9260355029585798,0.7196669231379876
os_3yr,random_forest,0.6656346749226006,0.9275147928994083,0.7196669231379876
os_3yr,random_forest,0.6666666666666666,0.9275147928994083,0.7196669231379876
os_3yr,random_forest,0.6666666666666666,0.9289940828402367,0.7196669231379876
os_3yr,random_forest,0.6687306501547987,0.9289940828402367,0.7196669231379876
os_3yr,random_forest,0.6687306501547987,0.9304733727810651,0.7196669231379876
os_3yr,random_forest,0.672858617131063,0.9304733727810651,0.7196669231379876
os_3yr,random_forest,0.672858617131063,0.9319526627218935,0.7196669231379876
os_3yr,random_forest,0.673890608875129,0.9334319526627219,0.7196669231379876
os_3yr,random_forest,0.6780185758513931,0.9334319526627219,0.7196669231379876
os_3yr,random_forest,0.6780185758513931,0.9349112426035503,0.7196669231379876
os_3yr,random_forest,0.6873065015479877,0.9349112426035503,0.7196669231379876
os_3yr,random_forest,0.6883384932920537,0.9363905325443787,0.7196669231379876
os_3yr,random_forest,0.6904024767801857,0.9363905325443787,0.7196669231379876
os_3yr,random_forest,0.7027863777089783,0.9363905325443787,0.7196669231379876
os_3yr,random_forest,0.7027863777089783,0.9378698224852071,0.7196669231379876
os_3yr,random_forest,0.7048503611971104,0.9378698224852071,0.7196669231379876
os_3yr,random_forest,0.7048503611971104,0.9393491124260355,0.7196669231379876
os_3yr,random_forest,0.7069143446852425,0.9393491124260355,0.7196669231379876
os_3yr,random_forest,0.7069143446852425,0.9408284023668639,0.7196669231379876
os_3yr,random_forest,0.7089783281733746,0.9408284023668639,0.7196669231379876
os_3yr,random_forest,0.7110423116615067,0.9408284023668639,0.7196669231379876
os_3yr,random_forest,0.7141382868937048,0.9408284023668639,0.7196669231379876
os_3yr,random_forest,0.7162022703818369,0.9408284023668639,0.7196669231379876
os_3yr,random_forest,0.7162022703818369,0.9423076923076923,0.7196669231379876
os_3yr,random_forest,0.717234262125903,0.9423076923076923,0.7196669231379876
os_3yr,random_forest,0.718266253869969,0.9437869822485208,0.7196669231379876
os_3yr,random_forest,0.718266253869969,0.9452662721893491,0.7196669231379876
os_3yr,random_forest,0.7306501547987616,0.9452662721893491,0.7196669231379876
os_3yr,random_forest,0.7337461300309598,0.9452662721893491,0.7196669231379876
os_3yr,random_forest,0.7347781217750258,0.9452662721893491,0.7196669231379876
os_3yr,random_forest,0.7347781217750258,0.9467455621301775,0.7196669231379876
os_3yr,random_forest,0.739938080495356,0.9467455621301775,0.7196669231379876
os_3yr,random_forest,0.739938080495356,0.9482248520710059,0.7196669231379876
os_3yr,random_forest,0.7450980392156863,0.9482248520710059,0.7196669231379876
os_3yr,random_forest,0.7450980392156863,0.9497041420118343,0.7196669231379876
os_3yr,random_forest,0.7512899896800825,0.9497041420118343,0.7196669231379876
os_3yr,random_forest,0.7533539731682146,0.9497041420118343,0.7196669231379876
os_3yr,random_forest,0.7533539731682146,0.9511834319526628,0.7196669231379876
os_3yr,random_forest,0.7657378740970072,0.9511834319526628,0.7196669231379876
os_3yr,random_forest,0.7678018575851393,0.9511834319526628,0.7196669231379876
os_3yr,random_forest,0.7678018575851393,0.9526627218934911,0.7196669231379876
os_3yr,random_forest,0.7688338493292054,0.9526627218934911,0.7196669231379876
os_3yr,random_forest,0.7698658410732714,0.9541420118343196,0.7196669231379876
os_3yr,random_forest,0.7708978328173375,0.9541420118343196,0.7196669231379876
os_3yr,random_forest,0.7708978328173375,0.9556213017751479,0.7196669231379876
os_3yr,random_forest,0.7719298245614035,0.9556213017751479,0.7196669231379876
os_3yr,random_forest,0.7719298245614035,0.9585798816568047,0.7196669231379876
os_3yr,random_forest,0.7729618163054696,0.9600591715976331,0.7196669231379876
os_3yr,random_forest,0.7739938080495357,0.9600591715976331,0.7196669231379876
os_3yr,random_forest,0.7739938080495357,0.9615384615384616,0.7196669231379876
os_3yr,random_forest,0.7770897832817337,0.9615384615384616,0.7196669231379876
os_3yr,random_forest,0.7791537667698658,0.9615384615384616,0.7196669231379876
os_3yr,random_forest,0.7843137254901961,0.9615384615384616,0.7196669231379876
os_3yr,random_forest,0.7843137254901961,0.9630177514792899,0.7196669231379876
os_3yr,random_forest,0.7884416924664602,0.9630177514792899,0.7196669231379876
os_3yr,random_forest,0.7915376676986584,0.9630177514792899,0.7196669231379876
os_3yr,random_forest,0.803921568627451,0.9630177514792899,0.7196669231379876
os_3yr,random_forest,0.803921568627451,0.9644970414201184,0.7196669231379876
os_3yr,random_forest,0.804953560371517,0.9644970414201184,0.7196669231379876
os_3yr,random_forest,0.8070175438596491,0.9644970414201184,0.7196669231379876
os_3yr,random_forest,0.8173374613003096,0.9644970414201184,0.7196669231379876
os_3yr,random_forest,0.8173374613003096,0.9659763313609467,0.7196669231379876
os_3yr,random_forest,0.8204334365325078,0.9659763313609467,0.7196669231379876
os_3yr,random_forest,0.8224974200206399,0.9674556213017751,0.7196669231379876
os_3yr,random_forest,0.8224974200206399,0.9689349112426036,0.7196669231379876
os_3yr,random_forest,0.8245614035087719,0.9689349112426036,0.7196669231379876
os_3yr,random_forest,0.826625386996904,0.9689349112426036,0.7196669231379876
os_3yr,random_forest,0.8286893704850361,0.9689349112426036,0.7196669231379876
os_3yr,random_forest,0.8297213622291022,0.9689349112426036,0.7196669231379876
os_3yr,random_forest,0.8297213622291022,0.9704142011834319,0.7196669231379876
os_3yr,random_forest,0.8307533539731682,0.9704142011834319,0.7196669231379876
os_3yr,random_forest,0.8328173374613003,0.9704142011834319,0.7196669231379876
os_3yr,random_forest,0.8410732714138287,0.9704142011834319,0.7196669231379876
os_3yr,random_forest,0.8410732714138287,0.9718934911242604,0.7196669231379876
os_3yr,random_forest,0.8441692466460269,0.9718934911242604,0.7196669231379876
os_3yr,random_forest,0.846233230134159,0.9718934911242604,0.7196669231379876
os_3yr,random_forest,0.8544891640866873,0.9718934911242604,0.7196669231379876
os_3yr,random_forest,0.8544891640866873,0.9733727810650887,0.7196669231379876
os_3yr,random_forest,0.8586171310629515,0.9733727810650887,0.7196669231379876
os_3yr,random_forest,0.8627450980392157,0.9733727810650887,0.7196669231379876
os_3yr,random_forest,0.8679050567595459,0.9733727810650887,0.7196669231379876
os_3yr,random_forest,0.8679050567595459,0.9763313609467456,0.7196669231379876
os_3yr,random_forest,0.8699690402476781,0.9763313609467456,0.7196669231379876
os_3yr,random_forest,0.8720330237358102,0.9763313609467456,0.7196669231379876
os_3yr,random_forest,0.8782249742002064,0.9763313609467456,0.7196669231379876
os_3yr,random_forest,0.8802889576883385,0.9763313609467456,0.7196669231379876
os_3yr,random_forest,0.8802889576883385,0.977810650887574,0.7196669231379876
os_3yr,random_forest,0.8823529411764706,0.977810650887574,0.7196669231379876
os_3yr,random_forest,0.8823529411764706,0.9792899408284024,0.7196669231379876
os_3yr,random_forest,0.8833849329205367,0.9807692307692307,0.7196669231379876
os_3yr,random_forest,0.8885448916408669,0.9807692307692307,0.7196669231379876
os_3yr,random_forest,0.8885448916408669,0.9822485207100592,0.7196669231379876
os_3yr,random_forest,0.8968008255933952,0.9822485207100592,0.7196669231379876
os_3yr,random_forest,0.8988648090815273,0.9822485207100592,0.7196669231379876
os_3yr,random_forest,0.9009287925696594,0.9837278106508875,0.7196669231379876
os_3yr,random_forest,0.9029927760577915,0.9837278106508875,0.7196669231379876
os_3yr,random_forest,0.9029927760577915,0.985207100591716,0.7196669231379876
os_3yr,random_forest,0.9050567595459237,0.985207100591716,0.7196669231379876
os_3yr,random_forest,0.9071207430340558,0.985207100591716,0.7196669231379876
os_3yr,random_forest,0.9153766769865841,0.985207100591716,0.7196669231379876
os_3yr,random_forest,0.9153766769865841,0.9881656804733728,0.7196669231379876
os_3yr,random_forest,0.9215686274509803,0.9881656804733728,0.7196669231379876
os_3yr,random_forest,0.9215686274509803,0.9896449704142012,0.7196669231379876
os_3yr,random_forest,0.9267285861713106,0.9896449704142012,0.7196669231379876
os_3yr,random_forest,0.9267285861713106,0.9911242603550295,0.7196669231379876
os_3yr,random_forest,0.9308565531475749,0.9911242603550295,0.7196669231379876
os_3yr,random_forest,0.932920536635707,0.9911242603550295,0.7196669231379876
os_3yr,random_forest,0.9442724458204335,0.9911242603550295,0.7196669231379876
os_3yr,random_forest,0.9442724458204335,0.992603550295858,0.7196669231379876
os_3yr,random_forest,0.9535603715170279,0.992603550295858,0.7196669231379876
os_3yr,random_forest,0.9545923632610939,0.9940828402366864,0.7196669231379876
os_3yr,random_forest,0.9628482972136223,0.9940828402366864,0.7196669231379876
os_3yr,random_forest,0.9649122807017544,0.9940828402366864,0.7196669231379876
os_3yr,random_forest,0.9690402476780186,0.9940828402366864,0.7196669231379876
os_3yr,random_forest,0.9690402476780186,0.9955621301775148,0.7196669231379876
os_3yr,random_forest,0.977296181630547,0.9955621301775148,0.7196669231379876
os_3yr,random_forest,0.977296181630547,0.9970414201183432,0.7196669231379876
os_3yr,random_forest,0.9803921568627451,0.9970414201183432,0.7196669231379876
os_3yr,random_forest,0.9803921568627451,0.9985207100591716,0.7196669231379876
os_3yr,random_forest,0.9845201238390093,0.9985207100591716,0.7196669231379876
os_3yr,random_forest,0.9845201238390093,1.0,0.7196669231379876
os_3yr,random_forest,0.9865841073271414,1.0,0.7196669231379876
os_3yr,random_forest,1.0,1.0,0.7196669231379876
os_3yr,tabfm_default,0.0,0.0,0.7146558093807439
os_3yr,tabfm_default,0.0010319917440660474,0.0,0.7146558093807439
os_3yr,tabfm_default,0.005159958720330237,0.0,0.7146558093807439
os_3yr,tabfm_default,0.005159958720330237,0.0073964497041420114,0.7146558093807439
os_3yr,tabfm_default,0.006191950464396285,0.0073964497041420114,0.7146558093807439
os_3yr,tabfm_default,0.006191950464396285,0.019230769230769232,0.7146558093807439
os_3yr,tabfm_default,0.007223942208462332,0.019230769230769232,0.7146558093807439
os_3yr,tabfm_default,0.007223942208462332,0.029585798816568046,0.7146558093807439
os_3yr,tabfm_default,0.008255933952528379,0.029585798816568046,0.7146558093807439
os_3yr,tabfm_default,0.008255933952528379,0.034023668639053255,0.7146558093807439
os_3yr,tabfm_default,0.009287925696594427,0.034023668639053255,0.7146558093807439
os_3yr,tabfm_default,0.009287925696594427,0.03698224852071006,0.7146558093807439
os_3yr,tabfm_default,0.010319917440660475,0.03698224852071006,0.7146558093807439
os_3yr,tabfm_default,0.010319917440660475,0.04437869822485207,0.7146558093807439
os_3yr,tabfm_default,0.011351909184726523,0.04437869822485207,0.7146558093807439
os_3yr,tabfm_default,0.011351909184726523,0.05621301775147929,0.7146558093807439
os_3yr,tabfm_default,0.013415892672858616,0.05621301775147929,0.7146558093807439
os_3yr,tabfm_default,0.013415892672858616,0.06360946745562131,0.7146558093807439
os_3yr,tabfm_default,0.015479876160990712,0.06360946745562131,0.7146558093807439
os_3yr,tabfm_default,0.015479876160990712,0.08727810650887574,0.7146558093807439
os_3yr,tabfm_default,0.016511867905056758,0.08727810650887574,0.7146558093807439
os_3yr,tabfm_default,0.016511867905056758,0.09467455621301775,0.7146558093807439
os_3yr,tabfm_default,0.017543859649122806,0.09467455621301775,0.7146558093807439
os_3yr,tabfm_default,0.017543859649122806,0.09911242603550297,0.7146558093807439
os_3yr,tabfm_default,0.018575851393188854,0.09911242603550297,0.7146558093807439
os_3yr,tabfm_default,0.018575851393188854,0.10207100591715976,0.7146558093807439
os_3yr,tabfm_default,0.02476780185758514,0.10207100591715976,0.7146558093807439
os_3yr,tabfm_default,0.02476780185758514,0.10502958579881656,0.7146558093807439
os_3yr,tabfm_default,0.025799793601651185,0.10502958579881656,0.7146558093807439
os_3yr,tabfm_default,0.025799793601651185,0.10650887573964497,0.7146558093807439
os_3yr,tabfm_default,0.026831785345717233,0.10650887573964497,0.7146558093807439
os_3yr,tabfm_default,0.026831785345717233,0.10798816568047337,0.7146558093807439
os_3yr,tabfm_default,0.02786377708978328,0.10798816568047337,0.7146558093807439
os_3yr,tabfm_default,0.02786377708978328,0.11390532544378698,0.7146558093807439
os_3yr,tabfm_default,0.02889576883384933,0.11390532544378698,0.7146558093807439
os_3yr,tabfm_default,0.02889576883384933,0.11538461538461539,0.7146558093807439
os_3yr,tabfm_default,0.029927760577915376,0.11538461538461539,0.7146558093807439
os_3yr,tabfm_default,0.029927760577915376,0.11686390532544379,0.7146558093807439
os_3yr,tabfm_default,0.030959752321981424,0.11686390532544379,0.7146558093807439
os_3yr,tabfm_default,0.030959752321981424,0.12130177514792899,0.7146558093807439
os_3yr,tabfm_default,0.03199174406604747,0.12130177514792899,0.7146558093807439
os_3yr,tabfm_default,0.03199174406604747,0.128698224852071,0.7146558093807439
os_3yr,tabfm_default,0.033023735810113516,0.128698224852071,0.7146558093807439
os_3yr,tabfm_default,0.033023735810113516,0.1301775147928994,0.7146558093807439
os_3yr,tabfm_default,0.034055727554179564,0.1301775147928994,0.7146558093807439
os_3yr,tabfm_default,0.034055727554179564,0.13165680473372782,0.7146558093807439
os_3yr,tabfm_default,0.03508771929824561,0.13165680473372782,0.7146558093807439
os_3yr,tabfm_default,0.03508771929824561,0.13313609467455623,0.7146558093807439
os_3yr,tabfm_default,0.03611971104231166,0.13313609467455623,0.7146558093807439
os_3yr,tabfm_default,0.03611971104231166,0.1346153846153846,0.7146558093807439
os_3yr,tabfm_default,0.03715170278637771,0.1346153846153846,0.7146558093807439
os_3yr,tabfm_default,0.03715170278637771,0.13609467455621302,0.7146558093807439
os_3yr,tabfm_default,0.0392156862745098,0.13609467455621302,0.7146558093807439
os_3yr,tabfm_default,0.0392156862745098,0.14792899408284024,0.7146558093807439
os_3yr,tabfm_default,0.04024767801857585,0.14792899408284024,0.7146558093807439
os_3yr,tabfm_default,0.04024767801857585,0.14940828402366865,0.7146558093807439
os_3yr,tabfm_default,0.04231166150670795,0.14940828402366865,0.7146558093807439
os_3yr,tabfm_default,0.04231166150670795,0.15384615384615385,0.7146558093807439
os_3yr,tabfm_default,0.043343653250773995,0.15384615384615385,0.7146558093807439
os_3yr,tabfm_default,0.043343653250773995,0.15532544378698224,0.7146558093807439
os_3yr,tabfm_default,0.04437564499484004,0.15532544378698224,0.7146558093807439
os_3yr,tabfm_default,0.04437564499484004,0.15828402366863906,0.7146558093807439
os_3yr,tabfm_default,0.047471620227038186,0.15828402366863906,0.7146558093807439
os_3yr,tabfm_default,0.047471620227038186,0.16272189349112426,0.7146558093807439
os_3yr,tabfm_default,0.048503611971104234,0.16272189349112426,0.7146558093807439
os_3yr,tabfm_default,0.048503611971104234,0.17011834319526628,0.7146558093807439
os_3yr,tabfm_default,0.04953560371517028,0.17011834319526628,0.7146558093807439
os_3yr,tabfm_default,0.04953560371517028,0.1804733727810651,0.7146558093807439
os_3yr,tabfm_default,0.05159958720330237,0.1804733727810651,0.7146558093807439
os_3yr,tabfm_default,0.05159958720330237,0.19230769230769232,0.7146558093807439
os_3yr,tabfm_default,0.05263157894736842,0.19230769230769232,0.7146558093807439
os_3yr,tabfm_default,0.05263157894736842,0.1937869822485207,0.7146558093807439
os_3yr,tabfm_default,0.053663570691434466,0.1937869822485207,0.7146558093807439
os_3yr,tabfm_default,0.053663570691434466,0.19674556213017752,0.7146558093807439
os_3yr,tabfm_default,0.054695562435500514,0.19674556213017752,0.7146558093807439
os_3yr,tabfm_default,0.054695562435500514,0.20118343195266272,0.7146558093807439
os_3yr,tabfm_default,0.05675954592363261,0.20118343195266272,0.7146558093807439
os_3yr,tabfm_default,0.05675954592363261,0.20414201183431951,0.7146558093807439
os_3yr,tabfm_default,0.05779153766769866,0.20414201183431951,0.7146558093807439
os_3yr,tabfm_default,0.05779153766769866,0.20710059171597633,0.7146558093807439
os_3yr,tabfm_default,0.05985552115583075,0.20710059171597633,0.7146558093807439
os_3yr,tabfm_default,0.05985552115583075,0.20857988165680474,0.7146558093807439
os_3yr,tabfm_default,0.0608875128998968,0.20857988165680474,0.7146558093807439
os_3yr,tabfm_default,0.0608875128998968,0.21005917159763313,0.7146558093807439
os_3yr,tabfm_default,0.06191950464396285,0.21005917159763313,0.7146558093807439
os_3yr,tabfm_default,0.06191950464396285,0.21745562130177515,0.7146558093807439
os_3yr,tabfm_default,0.0629514963880289,0.21745562130177515,0.7146558093807439
os_3yr,tabfm_default,0.0629514963880289,0.22189349112426035,0.7146558093807439
os_3yr,tabfm_default,0.06398348813209494,0.22189349112426035,0.7146558093807439
os_3yr,tabfm_default,0.06398348813209494,0.22337278106508876,0.7146558093807439
os_3yr,tabfm_default,0.06501547987616099,0.22337278106508876,0.7146558093807439
os_3yr,tabfm_default,0.06501547987616099,0.22633136094674555,0.7146558093807439
os_3yr,tabfm_default,0.06604747162022703,0.22633136094674555,0.7146558093807439
os_3yr,tabfm_default,0.06604747162022703,0.23224852071005916,0.7146558093807439
os_3yr,tabfm_default,0.06707946336429309,0.23224852071005916,0.7146558093807439
os_3yr,tabfm_default,0.06707946336429309,0.23520710059171598,0.7146558093807439
os_3yr,tabfm_default,0.07017543859649122,0.23520710059171598,0.7146558093807439
os_3yr,tabfm_default,0.07017543859649122,0.2411242603550296,0.7146558093807439
os_3yr,tabfm_default,0.07120743034055728,0.2411242603550296,0.7146558093807439
os_3yr,tabfm_default,0.07120743034055728,0.24260355029585798,0.7146558093807439
os_3yr,tabfm_default,0.07327141382868937,0.24260355029585798,0.7146558093807439
os_3yr,tabfm_default,0.07327141382868937,0.2440828402366864,0.7146558093807439
os_3yr,tabfm_default,0.07636738906088751,0.2440828402366864,0.7146558093807439
os_3yr,tabfm_default,0.07636738906088751,0.2455621301775148,0.7146558093807439
os_3yr,tabfm_default,0.07739938080495357,0.2455621301775148,0.7146558093807439
os_3yr,tabfm_default,0.07739938080495357,0.2470414201183432,0.7146558093807439
os_3yr,tabfm_default,0.0804953560371517,0.2470414201183432,0.7146558093807439
os_3yr,tabfm_default,0.0804953560371517,0.257396449704142,0.7146558093807439
os_3yr,tabfm_default,0.0825593395252838,0.257396449704142,0.7146558093807439
os_3yr,tabfm_default,0.0825593395252838,0.2588757396449704,0.7146558093807439
os_3yr,tabfm_default,0.0846233230134159,0.2588757396449704,0.7146558093807439
os_3yr,tabfm_default,0.0846233230134159,0.2603550295857988,0.7146558093807439
os_3yr,tabfm_default,0.08771929824561403,0.2603550295857988,0.7146558093807439
os_3yr,tabfm_default,0.08771929824561403,0.26331360946745563,0.7146558093807439
os_3yr,tabfm_default,0.08875128998968008,0.26331360946745563,0.7146558093807439
os_3yr,tabfm_default,0.08875128998968008,0.26479289940828404,0.7146558093807439
os_3yr,tabfm_default,0.08978328173374613,0.26479289940828404,0.7146558093807439
os_3yr,tabfm_default,0.08978328173374613,0.26627218934911245,0.7146558093807439
os_3yr,tabfm_default,0.09081527347781218,0.26627218934911245,0.7146558093807439
os_3yr,tabfm_default,0.09081527347781218,0.2677514792899408,0.7146558093807439
os_3yr,tabfm_default,0.09287925696594428,0.2677514792899408,0.7146558093807439
os_3yr,tabfm_default,0.09287925696594428,0.2692307692307692,0.7146558093807439
os_3yr,tabfm_default,0.09391124871001032,0.2692307692307692,0.7146558093807439
os_3yr,tabfm_default,0.09391124871001032,0.27218934911242604,0.7146558093807439
os_3yr,tabfm_default,0.09494324045407637,0.27218934911242604,0.7146558093807439
os_3yr,tabfm_default,0.09494324045407637,0.27662721893491127,0.7146558093807439
os_3yr,tabfm_default,0.09597523219814241,0.27662721893491127,0.7146558093807439
os_3yr,tabfm_default,0.09597523219814241,0.28106508875739644,0.7146558093807439
os_3yr,tabfm_default,0.09700722394220847,0.28106508875739644,0.7146558093807439
os_3yr,tabfm_default,0.09700722394220847,0.28994082840236685,0.7146558093807439
os_3yr,tabfm_default,0.09803921568627451,0.28994082840236685,0.7146558093807439
os_3yr,tabfm_default,0.09803921568627451,0.29289940828402367,0.7146558093807439
os_3yr,tabfm_default,0.1001031991744066,0.29289940828402367,0.7146558093807439
os_3yr,tabfm_default,0.1001031991744066,0.2943786982248521,0.7146558093807439
os_3yr,tabfm_default,0.10113519091847266,0.2943786982248521,0.7146558093807439
os_3yr,tabfm_default,0.10113519091847266,0.2973372781065089,0.7146558093807439
os_3yr,tabfm_default,0.1021671826625387,0.2973372781065089,0.7146558093807439
os_3yr,tabfm_default,0.1021671826625387,0.3076923076923077,0.7146558093807439
os_3yr,tabfm_default,0.10526315789473684,0.3076923076923077,0.7146558093807439
os_3yr,tabfm_default,0.10526315789473684,0.3121301775147929,0.7146558093807439
os_3yr,tabfm_default,0.10835913312693499,0.3121301775147929,0.7146558093807439
os_3yr,tabfm_default,0.10835913312693499,0.3150887573964497,0.7146558093807439
os_3yr,tabfm_default,0.11145510835913312,0.3150887573964497,0.7146558093807439
os_3yr,tabfm_default,0.11145510835913312,0.3165680473372781,0.7146558093807439
os_3yr,tabfm_default,0.11351909184726522,0.3165680473372781,0.7146558093807439
os_3yr,tabfm_default,0.11351909184726522,0.3180473372781065,0.7146558093807439
os_3yr,tabfm_default,0.11455108359133127,0.3180473372781065,0.7146558093807439
os_3yr,tabfm_default,0.11455108359133127,0.3210059171597633,0.7146558093807439
os_3yr,tabfm_default,0.11558307533539731,0.3210059171597633,0.7146558093807439
os_3yr,tabfm_default,0.11558307533539731,0.32840236686390534,0.7146558093807439
os_3yr,tabfm_default,0.11867905056759546,0.32840236686390534,0.7146558093807439
os_3yr,tabfm_default,0.11867905056759546,0.32988165680473375,0.7146558093807439
os_3yr,tabfm_default,0.12280701754385964,0.32988165680473375,0.7146558093807439
os_3yr,tabfm_default,0.12280701754385964,0.33136094674556216,0.7146558093807439
os_3yr,tabfm_default,0.1259029927760578,0.33136094674556216,0.7146558093807439
os_3yr,tabfm_default,0.1259029927760578,0.33875739644970415,0.7146558093807439
os_3yr,tabfm_default,0.12693498452012383,0.33875739644970415,0.7146558093807439
os_3yr,tabfm_default,0.12693498452012383,0.34171597633136097,0.7146558093807439
os_3yr,tabfm_default,0.13003095975232198,0.34171597633136097,0.7146558093807439
os_3yr,tabfm_default,0.13003095975232198,0.3431952662721893,0.7146558093807439
os_3yr,tabfm_default,0.13106295149638802,0.3431952662721893,0.7146558093807439
os_3yr,tabfm_default,0.13106295149638802,0.34467455621301774,0.7146558093807439
os_3yr,tabfm_default,0.13209494324045407,0.34467455621301774,0.7146558093807439
os_3yr,tabfm_default,0.13209494324045407,0.34763313609467456,0.7146558093807439
os_3yr,tabfm_default,0.13519091847265222,0.34763313609467456,0.7146558093807439
os_3yr,tabfm_default,0.13519091847265222,0.34911242603550297,0.7146558093807439
os_3yr,tabfm_default,0.14035087719298245,0.34911242603550297,0.7146558093807439
os_3yr,tabfm_default,0.14035087719298245,0.3520710059171598,0.7146558093807439
os_3yr,tabfm_default,0.14551083591331268,0.3520710059171598,0.7146558093807439
os_3yr,tabfm_default,0.14551083591331268,0.35502958579881655,0.7146558093807439
os_3yr,tabfm_default,0.14654282765737875,0.35502958579881655,0.7146558093807439
os_3yr,tabfm_default,0.14654282765737875,0.3594674556213018,0.7146558093807439
os_3yr,tabfm_default,0.14963880288957687,0.3594674556213018,0.7146558093807439
os_3yr,tabfm_default,0.14963880288957687,0.3609467455621302,0.7146558093807439
os_3yr,tabfm_default,0.15067079463364294,0.3609467455621302,0.7146558093807439
os_3yr,tabfm_default,0.15067079463364294,0.363905325443787,0.7146558093807439
os_3yr,tabfm_default,0.15170278637770898,0.363905325443787,0.7146558093807439
os_3yr,tabfm_default,0.15170278637770898,0.36538461538461536,0.7146558093807439
os_3yr,tabfm_default,0.15583075335397317,0.36538461538461536,0.7146558093807439
os_3yr,tabfm_default,0.15583075335397317,0.3668639053254438,0.7146558093807439
os_3yr,tabfm_default,0.1568627450980392,0.3668639053254438,0.7146558093807439
os_3yr,tabfm_default,0.1568627450980392,0.3683431952662722,0.7146558093807439
os_3yr,tabfm_default,0.15892672858617132,0.3683431952662722,0.7146558093807439
os_3yr,tabfm_default,0.15892672858617132,0.3757396449704142,0.7146558093807439
os_3yr,tabfm_default,0.15995872033023736,0.3757396449704142,0.7146558093807439
os_3yr,tabfm_default,0.15995872033023736,0.3816568047337278,0.7146558093807439
os_3yr,tabfm_default,0.16202270381836945,0.3816568047337278,0.7146558093807439
os_3yr,tabfm_default,0.16202270381836945,0.3831360946745562,0.7146558093807439
os_3yr,tabfm_default,0.16305469556243551,0.3831360946745562,0.7146558093807439
os_3yr,tabfm_default,0.16305469556243551,0.38461538461538464,0.7146558093807439
os_3yr,tabfm_default,0.16408668730650156,0.38461538461538464,0.7146558093807439
os_3yr,tabfm_default,0.16408668730650156,0.386094674556213,0.7146558093807439
os_3yr,tabfm_default,0.1651186790505676,0.386094674556213,0.7146558093807439
os_3yr,tabfm_default,0.1651186790505676,0.3905325443786982,0.7146558093807439
os_3yr,tabfm_default,0.16821465428276575,0.3905325443786982,0.7146558093807439
os_3yr,tabfm_default,0.16821465428276575,0.39201183431952663,0.7146558093807439
os_3yr,tabfm_default,0.17027863777089783,0.39201183431952663,0.7146558093807439
os_3yr,tabfm_default,0.17027863777089783,0.39644970414201186,0.7146558093807439
os_3yr,tabfm_default,0.17131062951496387,0.39644970414201186,0.7146558093807439
os_3yr,tabfm_default,0.17131062951496387,0.4068047337278107,0.7146558093807439
os_3yr,tabfm_default,0.17647058823529413,0.4068047337278107,0.7146558093807439
os_3yr,tabfm_default,0.17647058823529413,0.40828402366863903,0.7146558093807439
os_3yr,tabfm_default,0.17750257997936017,0.40828402366863903,0.7146558093807439
os_3yr,tabfm_default,0.17750257997936017,0.41124260355029585,0.7146558093807439
os_3yr,tabfm_default,0.17956656346749225,0.41124260355029585,0.7146558093807439
os_3yr,tabfm_default,0.17956656346749225,0.41272189349112426,0.7146558093807439
os_3yr,tabfm_default,0.18059855521155832,0.41272189349112426,0.7146558093807439
os_3yr,tabfm_default,0.18059855521155832,0.4156804733727811,0.7146558093807439
os_3yr,tabfm_default,0.18472652218782248,0.4156804733727811,0.7146558093807439
os_3yr,tabfm_default,0.18472652218782248,0.42011834319526625,0.7146558093807439
os_3yr,tabfm_default,0.1867905056759546,0.42011834319526625,0.7146558093807439
os_3yr,tabfm_default,0.1867905056759546,0.4260355029585799,0.7146558093807439
os_3yr,tabfm_default,0.18782249742002063,0.4260355029585799,0.7146558093807439
os_3yr,tabfm_default,0.18782249742002063,0.4275147928994083,0.7146558093807439
os_3yr,tabfm_default,0.18885448916408668,0.4275147928994083,0.7146558093807439
os_3yr,tabfm_default,0.18885448916408668,0.4289940828402367,0.7146558093807439
os_3yr,tabfm_default,0.18988648090815274,0.4289940828402367,0.7146558093807439
os_3yr,tabfm_default,0.18988648090815274,0.4319526627218935,0.7146558093807439
os_3yr,tabfm_default,0.19195046439628483,0.4319526627218935,0.7146558093807439
os_3yr,tabfm_default,0.19195046439628483,0.4334319526627219,0.7146558093807439
os_3yr,tabfm_default,0.19504643962848298,0.4334319526627219,0.7146558093807439
os_3yr,tabfm_default,0.19504643962848298,0.4349112426035503,0.7146558093807439
os_3yr,tabfm_default,0.20123839009287925,0.4349112426035503,0.7146558093807439
os_3yr,tabfm_default,0.20123839009287925,0.4408284023668639,0.7146558093807439
os_3yr,tabfm_default,0.20330237358101136,0.4408284023668639,0.7146558093807439
os_3yr,tabfm_default,0.20330237358101136,0.4423076923076923,0.7146558093807439
os_3yr,tabfm_default,0.20639834881320948,0.4423076923076923,0.7146558093807439
os_3yr,tabfm_default,0.20639834881320948,0.4437869822485207,0.7146558093807439
os_3yr,tabfm_default,0.20743034055727555,0.4437869822485207,0.7146558093807439
os_3yr,tabfm_default,0.20743034055727555,0.44822485207100593,0.7146558093807439
os_3yr,tabfm_default,0.21052631578947367,0.44822485207100593,0.7146558093807439
os_3yr,tabfm_default,0.21052631578947367,0.4541420118343195,0.7146558093807439
os_3yr,tabfm_default,0.21259029927760578,0.4541420118343195,0.7146558093807439
os_3yr,tabfm_default,0.21259029927760578,0.4630177514792899,0.7146558093807439
os_3yr,tabfm_default,0.22084623323013416,0.4630177514792899,0.7146558093807439
os_3yr,tabfm_default,0.22084623323013416,0.46449704142011833,0.7146558093807439
os_3yr,tabfm_default,0.2218782249742002,0.46449704142011833,0.7146558093807439
os_3yr,tabfm_default,0.2218782249742002,0.46597633136094674,0.7146558093807439
os_3yr,tabfm_default,0.22394220846233232,0.46597633136094674,0.7146558093807439
os_3yr,tabfm_default,0.22394220846233232,0.4718934911242604,0.7146558093807439
os_3yr,tabfm_default,0.22497420020639836,0.4718934911242604,0.7146558093807439
os_3yr,tabfm_default,0.22497420020639836,0.47485207100591714,0.7146558093807439
os_3yr,tabfm_default,0.2260061919504644,0.47485207100591714,0.7146558093807439
os_3yr,tabfm_default,0.2260061919504644,0.47633136094674555,0.7146558093807439
os_3yr,tabfm_default,0.22703818369453044,0.47633136094674555,0.7146558093807439
os_3yr,tabfm_default,0.22703818369453044,0.47781065088757396,0.7146558093807439
os_3yr,tabfm_default,0.2301341589267286,0.47781065088757396,0.7146558093807439
os_3yr,tabfm_default,0.2301341589267286,0.4822485207100592,0.7146558093807439
os_3yr,tabfm_default,0.23116615067079463,0.4822485207100592,0.7146558093807439
os_3yr,tabfm_default,0.23116615067079463,0.48520710059171596,0.7146558093807439
os_3yr,tabfm_default,0.23323013415892674,0.48520710059171596,0.7146558093807439
os_3yr,tabfm_default,0.23323013415892674,0.48668639053254437,0.7146558093807439
os_3yr,tabfm_default,0.23426212590299278,0.48668639053254437,0.7146558093807439
os_3yr,tabfm_default,0.23426212590299278,0.4881656804733728,0.7146558093807439
os_3yr,tabfm_default,0.23529411764705882,0.4881656804733728,0.7146558093807439
os_3yr,tabfm_default,0.23529411764705882,0.4896449704142012,0.7146558093807439
os_3yr,tabfm_default,0.23632610939112486,0.4896449704142012,0.7146558093807439
os_3yr,tabfm_default,0.23632610939112486,0.4911242603550296,0.7146558093807439
os_3yr,tabfm_default,0.239422084623323,0.4911242603550296,0.7146558093807439
os_3yr,tabfm_default,0.239422084623323,0.4940828402366864,0.7146558093807439
os_3yr,tabfm_default,0.24045407636738905,0.4940828402366864,0.7146558093807439
os_3yr,tabfm_default,0.24045407636738905,0.4970414201183432,0.7146558093807439
os_3yr,tabfm_default,0.24561403508771928,0.4970414201183432,0.7146558093807439
os_3yr,tabfm_default,0.24561403508771928,0.5029585798816568,0.7146558093807439
os_3yr,tabfm_default,0.2476780185758514,0.5029585798816568,0.7146558093807439
os_3yr,tabfm_default,0.2476780185758514,0.5088757396449705,0.7146558093807439
os_3yr,tabfm_default,0.24974200206398348,0.5088757396449705,0.7146558093807439
os_3yr,tabfm_default,0.24974200206398348,0.5103550295857988,0.7146558093807439
os_3yr,tabfm_default,0.25386996904024767,0.5103550295857988,0.7146558093807439
os_3yr,tabfm_default,0.25386996904024767,0.5118343195266272,0.7146558093807439
os_3yr,tabfm_default,0.2549019607843137,0.5118343195266272,0.7146558093807439
os_3yr,tabfm_default,0.2549019607843137,0.5133136094674556,0.7146558093807439
os_3yr,tabfm_default,0.2579979360165119,0.5133136094674556,0.7146558093807439
os_3yr,tabfm_default,0.2579979360165119,0.5192307692307693,0.7146558093807439
os_3yr,tabfm_default,0.2590299277605779,0.5192307692307693,0.7146558093807439
os_3yr,tabfm_default,0.2590299277605779,0.5207100591715976,0.7146558093807439
os_3yr,tabfm_default,0.26006191950464397,0.5207100591715976,0.7146558093807439
os_3yr,tabfm_default,0.26006191950464397,0.5236686390532544,0.7146558093807439
os_3yr,tabfm_default,0.26109391124871,0.5236686390532544,0.7146558093807439
os_3yr,tabfm_default,0.26109391124871,0.5251479289940828,0.7146558093807439
os_3yr,tabfm_default,0.2631578947368421,0.5251479289940828,0.7146558093807439
os_3yr,tabfm_default,0.2631578947368421,0.5325443786982249,0.7146558093807439
os_3yr,tabfm_default,0.26418988648090813,0.5325443786982249,0.7146558093807439
os_3yr,tabfm_default,0.26418988648090813,0.5340236686390533,0.7146558093807439
os_3yr,tabfm_default,0.26831785345717235,0.5340236686390533,0.7146558093807439
os_3yr,tabfm_default,0.26831785345717235,0.5355029585798816,0.7146558093807439
os_3yr,tabfm_default,0.2714138286893705,0.5355029585798816,0.7146558093807439
os_3yr,tabfm_default,0.2714138286893705,0.5369822485207101,0.7146558093807439
os_3yr,tabfm_default,0.27347781217750256,0.5369822485207101,0.7146558093807439
os_3yr,tabfm_default,0.27347781217750256,0.5384615384615384,0.7146558093807439
os_3yr,tabfm_default,0.27450980392156865,0.5384615384615384,0.7146558093807439
os_3yr,tabfm_default,0.27450980392156865,0.5443786982248521,0.7146558093807439
os_3yr,tabfm_default,0.27657378740970073,0.5443786982248521,0.7146558093807439
os_3yr,tabfm_default,0.27657378740970073,0.5458579881656804,0.7146558093807439
os_3yr,tabfm_default,0.2786377708978328,0.5458579881656804,0.7146558093807439
os_3yr,tabfm_default,0.2786377708978328,0.5502958579881657,0.7146558093807439
os_3yr,tabfm_default,0.27966976264189886,0.5502958579881657,0.7146558093807439
os_3yr,tabfm_default,0.27966976264189886,0.5532544378698225,0.7146558093807439
os_3yr,tabfm_default,0.2807017543859649,0.5532544378698225,0.7146558093807439
os_3yr,tabfm_default,0.2807017543859649,0.5547337278106509,0.7146558093807439
os_3yr,tabfm_default,0.28173374613003094,0.5547337278106509,0.7146558093807439
os_3yr,tabfm_default,0.28173374613003094,0.5562130177514792,0.7146558093807439
os_3yr,tabfm_default,0.28276573787409703,0.5562130177514792,0.7146558093807439
os_3yr,tabfm_default,0.28276573787409703,0.5576923076923077,0.7146558093807439
os_3yr,tabfm_default,0.2837977296181631,0.5576923076923077,0.7146558093807439
os_3yr,tabfm_default,0.2837977296181631,0.5591715976331361,0.7146558093807439
os_3yr,tabfm_default,0.28792569659442724,0.5591715976331361,0.7146558093807439
os_3yr,tabfm_default,0.28792569659442724,0.5621301775147929,0.7146558093807439
os_3yr,tabfm_default,0.2899896800825593,0.5621301775147929,0.7146558093807439
os_3yr,tabfm_default,0.2899896800825593,0.5636094674556213,0.7146558093807439
os_3yr,tabfm_default,0.29205366357069146,0.5636094674556213,0.7146558093807439
os_3yr,tabfm_default,0.29205366357069146,0.5665680473372781,0.7146558093807439
os_3yr,tabfm_default,0.2930856553147575,0.5665680473372781,0.7146558093807439
os_3yr,tabfm_default,0.2930856553147575,0.5710059171597633,0.7146558093807439
os_3yr,tabfm_default,0.2951496388028896,0.5710059171597633,0.7146558093807439
os_3yr,tabfm_default,0.2951496388028896,0.5724852071005917,0.7146558093807439
os_3yr,tabfm_default,0.2961816305469556,0.5724852071005917,0.7146558093807439
os_3yr,tabfm_default,0.2961816305469556,0.5739644970414202,0.7146558093807439
os_3yr,tabfm_default,0.29927760577915374,0.5739644970414202,0.7146558093807439
os_3yr,tabfm_default,0.29927760577915374,0.5784023668639053,0.7146558093807439
os_3yr,tabfm_default,0.3023735810113519,0.5784023668639053,0.7146558093807439
os_3yr,tabfm_default,0.3023735810113519,0.5813609467455622,0.7146558093807439
os_3yr,tabfm_default,0.304437564499484,0.5813609467455622,0.7146558093807439
os_3yr,tabfm_default,0.304437564499484,0.584319526627219,0.7146558093807439
os_3yr,tabfm_default,0.3065015479876161,0.584319526627219,0.7146558093807439
os_3yr,tabfm_default,0.3065015479876161,0.5857988165680473,0.7146558093807439
os_3yr,tabfm_default,0.30856553147574817,0.5857988165680473,0.7146558093807439
os_3yr,tabfm_default,0.30856553147574817,0.5872781065088757,0.7146558093807439
os_3yr,tabfm_default,0.30959752321981426,0.5872781065088757,0.7146558093807439
os_3yr,tabfm_default,0.30959752321981426,0.5902366863905325,0.7146558093807439
os_3yr,tabfm_default,0.3106295149638803,0.5902366863905325,0.7146558093807439
os_3yr,tabfm_default,0.3106295149638803,0.591715976331361,0.7146558093807439
os_3yr,tabfm_default,0.31682146542827655,0.591715976331361,0.7146558093807439
os_3yr,tabfm_default,0.31682146542827655,0.5946745562130178,0.7146558093807439
os_3yr,tabfm_default,0.31785345717234265,0.5946745562130178,0.7146558093807439
os_3yr,tabfm_default,0.31785345717234265,0.5961538461538461,0.7146558093807439
os_3yr,tabfm_default,0.3188854489164087,0.5961538461538461,0.7146558093807439
os_3yr,tabfm_default,0.3188854489164087,0.5976331360946746,0.7146558093807439
os_3yr,tabfm_default,0.31991744066047473,0.5976331360946746,0.7146558093807439
os_3yr,tabfm_default,0.31991744066047473,0.599112426035503,0.7146558093807439
os_3yr,tabfm_default,0.3219814241486068,0.599112426035503,0.7146558093807439
os_3yr,tabfm_default,0.3219814241486068,0.6005917159763313,0.7146558093807439
os_3yr,tabfm_default,0.3240454076367389,0.6005917159763313,0.7146558093807439
os_3yr,tabfm_default,0.3240454076367389,0.6020710059171598,0.7146558093807439
os_3yr,tabfm_default,0.32507739938080493,0.6020710059171598,0.7146558093807439
os_3yr,tabfm_default,0.32507739938080493,0.6035502958579881,0.7146558093807439
os_3yr,tabfm_default,0.32610939112487103,0.6035502958579881,0.7146558093807439
os_3yr,tabfm_default,0.32610939112487103,0.606508875739645,0.7146558093807439
os_3yr,tabfm_default,0.32714138286893707,0.606508875739645,0.7146558093807439
os_3yr,tabfm_default,0.32714138286893707,0.613905325443787,0.7146558093807439
os_3yr,tabfm_default,0.3281733746130031,0.613905325443787,0.7146558093807439
os_3yr,tabfm_default,0.3281733746130031,0.6153846153846154,0.7146558093807439
os_3yr,tabfm_default,0.33126934984520123,0.6153846153846154,0.7146558093807439
os_3yr,tabfm_default,0.33126934984520123,0.6198224852071006,0.7146558093807439
os_3yr,tabfm_default,0.3333333333333333,0.6198224852071006,0.7146558093807439
os_3yr,tabfm_default,0.3333333333333333,0.6227810650887574,0.7146558093807439
os_3yr,tabfm_default,0.33539731682146545,0.6227810650887574,0.7146558093807439
os_3yr,tabfm_default,0.33539731682146545,0.6272189349112426,0.7146558093807439
os_3yr,tabfm_default,0.34055727554179566,0.6272189349112426,0.7146558093807439
os_3yr,tabfm_default,0.34055727554179566,0.628698224852071,0.7146558093807439
os_3yr,tabfm_default,0.3415892672858617,0.628698224852071,0.7146558093807439
os_3yr,tabfm_default,0.3415892672858617,0.6301775147928994,0.7146558093807439
os_3yr,tabfm_default,0.34674922600619196,0.6301775147928994,0.7146558093807439
os_3yr,tabfm_default,0.34674922600619196,0.6331360946745562,0.7146558093807439
os_3yr,tabfm_default,0.347781217750258,0.6331360946745562,0.7146558093807439
os_3yr,tabfm_default,0.347781217750258,0.6346153846153846,0.7146558093807439
os_3yr,tabfm_default,0.34881320949432404,0.6346153846153846,0.7146558093807439
os_3yr,tabfm_default,0.34881320949432404,0.636094674556213,0.7146558093807439
os_3yr,tabfm_default,0.3498452012383901,0.636094674556213,0.7146558093807439
os_3yr,tabfm_default,0.3498452012383901,0.6375739644970414,0.7146558093807439
os_3yr,tabfm_default,0.3539731682146543,0.6375739644970414,0.7146558093807439
os_3yr,tabfm_default,0.3539731682146543,0.6420118343195266,0.7146558093807439
os_3yr,tabfm_default,0.35500515995872034,0.6420118343195266,0.7146558093807439
os_3yr,tabfm_default,0.35500515995872034,0.643491124260355,0.7146558093807439
os_3yr,tabfm_default,0.3560371517027864,0.643491124260355,0.7146558093807439
os_3yr,tabfm_default,0.3560371517027864,0.6449704142011834,0.7146558093807439
os_3yr,tabfm_default,0.36016511867905054,0.6449704142011834,0.7146558093807439
os_3yr,tabfm_default,0.36016511867905054,0.6464497041420119,0.7146558093807439
os_3yr,tabfm_default,0.3622291021671827,0.6464497041420119,0.7146558093807439
os_3yr,tabfm_default,0.3622291021671827,0.6479289940828402,0.7146558093807439
os_3yr,tabfm_default,0.36429308565531476,0.6479289940828402,0.7146558093807439
os_3yr,tabfm_default,0.36429308565531476,0.6494082840236687,0.7146558093807439
os_3yr,tabfm_default,0.3673890608875129,0.6494082840236687,0.7146558093807439
os_3yr,tabfm_default,0.3673890608875129,0.6553254437869822,0.7146558093807439
os_3yr,tabfm_default,0.37048503611971106,0.6553254437869822,0.7146558093807439
os_3yr,tabfm_default,0.37048503611971106,0.658284023668639,0.7146558093807439
os_3yr,tabfm_default,0.3735810113519092,0.658284023668639,0.7146558093807439
os_3yr,tabfm_default,0.3735810113519092,0.6671597633136095,0.7146558093807439
os_3yr,tabfm_default,0.3746130030959752,0.6671597633136095,0.7146558093807439
os_3yr,tabfm_default,0.3746130030959752,0.6701183431952663,0.7146558093807439
os_3yr,tabfm_default,0.37564499484004127,0.6701183431952663,0.7146558093807439
os_3yr,tabfm_default,0.37564499484004127,0.6745562130177515,0.7146558093807439
os_3yr,tabfm_default,0.3766769865841073,0.6745562130177515,0.7146558093807439
os_3yr,tabfm_default,0.3766769865841073,0.6760355029585798,0.7146558093807439
os_3yr,tabfm_default,0.37770897832817335,0.6760355029585798,0.7146558093807439
os_3yr,tabfm_default,0.37770897832817335,0.6775147928994083,0.7146558093807439
os_3yr,tabfm_default,0.37874097007223945,0.6775147928994083,0.7146558093807439
os_3yr,tabfm_default,0.37874097007223945,0.6804733727810651,0.7146558093807439
os_3yr,tabfm_default,0.38390092879256965,0.6804733727810651,0.7146558093807439
os_3yr,tabfm_default,0.38390092879256965,0.6819526627218935,0.7146558093807439
os_3yr,tabfm_default,0.3849329205366357,0.6819526627218935,0.7146558093807439
os_3yr,tabfm_default,0.3849329205366357,0.6834319526627219,0.7146558093807439
os_3yr,tabfm_default,0.39009287925696595,0.6834319526627219,0.7146558093807439
os_3yr,tabfm_default,0.39009287925696595,0.6893491124260355,0.7146558093807439
os_3yr,tabfm_default,0.391124871001032,0.6893491124260355,0.7146558093807439
os_3yr,tabfm_default,0.391124871001032,0.6937869822485208,0.7146558093807439
os_3yr,tabfm_default,0.39215686274509803,0.6937869822485208,0.7146558093807439
os_3yr,tabfm_default,0.39215686274509803,0.6982248520710059,0.7146558093807439
os_3yr,tabfm_default,0.3942208462332301,0.6982248520710059,0.7146558093807439
os_3yr,tabfm_default,0.3942208462332301,0.7011834319526628,0.7146558093807439
os_3yr,tabfm_default,0.39525283797729616,0.7011834319526628,0.7146558093807439
os_3yr,tabfm_default,0.39525283797729616,0.7041420118343196,0.7146558093807439
os_3yr,tabfm_default,0.39628482972136225,0.7041420118343196,0.7146558093807439
os_3yr,tabfm_default,0.39628482972136225,0.7056213017751479,0.7146558093807439
os_3yr,tabfm_default,0.3973168214654283,0.7056213017751479,0.7146558093807439
os_3yr,tabfm_default,0.3973168214654283,0.7100591715976331,0.7146558093807439
os_3yr,tabfm_default,0.4004127966976264,0.7100591715976331,0.7146558093807439
os_3yr,tabfm_default,0.4004127966976264,0.7115384615384616,0.7146558093807439
os_3yr,tabfm_default,0.40144478844169246,0.7115384615384616,0.7146558093807439
os_3yr,tabfm_default,0.40144478844169246,0.7130177514792899,0.7146558093807439
os_3yr,tabfm_default,0.40454076367389064,0.7130177514792899,0.7146558093807439
os_3yr,tabfm_default,0.40454076367389064,0.7144970414201184,0.7146558093807439
os_3yr,tabfm_default,0.4066047471620227,0.7144970414201184,0.7146558093807439
os_3yr,tabfm_default,0.4066047471620227,0.7174556213017751,0.7146558093807439
os_3yr,tabfm_default,0.40763673890608876,0.7174556213017751,0.7146558093807439
os_3yr,tabfm_default,0.40763673890608876,0.7218934911242604,0.7146558093807439
os_3yr,tabfm_default,0.4107327141382869,0.7218934911242604,0.7146558093807439
os_3yr,tabfm_default,0.4107327141382869,0.727810650887574,0.7146558093807439
os_3yr,tabfm_default,0.4117647058823529,0.727810650887574,0.7146558093807439
os_3yr,tabfm_default,0.4117647058823529,0.7322485207100592,0.7146558093807439
os_3yr,tabfm_default,0.41279669762641896,0.7322485207100592,0.7146558093807439
os_3yr,tabfm_default,0.41279669762641896,0.7337278106508875,0.7146558093807439
os_3yr,tabfm_default,0.41382868937048506,0.7337278106508875,0.7146558093807439
os_3yr,tabfm_default,0.41382868937048506,0.7366863905325444,0.7146558093807439
os_3yr,tabfm_default,0.4148606811145511,0.7366863905325444,0.7146558093807439
os_3yr,tabfm_default,0.4148606811145511,0.7381656804733728,0.7146558093807439
os_3yr,tabfm_default,0.4169246646026832,0.7381656804733728,0.7146558093807439
os_3yr,tabfm_default,0.4169246646026832,0.7396449704142012,0.7146558093807439
os_3yr,tabfm_default,0.4179566563467492,0.7396449704142012,0.7146558093807439
os_3yr,tabfm_default,0.4179566563467492,0.7440828402366864,0.7146558093807439
os_3yr,tabfm_default,0.41898864809081526,0.7440828402366864,0.7146558093807439
os_3yr,tabfm_default,0.41898864809081526,0.7544378698224852,0.7146558093807439
os_3yr,tabfm_default,0.42105263157894735,0.7544378698224852,0.7146558093807439
os_3yr,tabfm_default,0.42105263157894735,0.7559171597633136,0.7146558093807439
os_3yr,tabfm_default,0.42208462332301344,0.7559171597633136,0.7146558093807439
os_3yr,tabfm_default,0.42208462332301344,0.7588757396449705,0.7146558093807439
os_3yr,tabfm_default,0.4231166150670795,0.7588757396449705,0.7146558093807439
os_3yr,tabfm_default,0.4231166150670795,0.7618343195266272,0.7146558093807439
os_3yr,tabfm_default,0.42518059855521156,0.7618343195266272,0.7146558093807439
os_3yr,tabfm_default,0.42518059855521156,0.7633136094674556,0.7146558093807439
os_3yr,tabfm_default,0.42724458204334365,0.7633136094674556,0.7146558093807439
os_3yr,tabfm_default,0.42724458204334365,0.764792899408284,0.7146558093807439
os_3yr,tabfm_default,0.4293085655314757,0.764792899408284,0.7146558093807439
os_3yr,tabfm_default,0.4293085655314757,0.7692307692307693,0.7146558093807439
os_3yr,tabfm_default,0.43137254901960786,0.7692307692307693,0.7146558093807439
os_3yr,tabfm_default,0.43137254901960786,0.7736686390532544,0.7146558093807439
os_3yr,tabfm_default,0.4324045407636739,0.7736686390532544,0.7146558093807439
os_3yr,tabfm_default,0.4324045407636739,0.7766272189349113,0.7146558093807439
os_3yr,tabfm_default,0.43343653250773995,0.7766272189349113,0.7146558093807439
os_3yr,tabfm_default,0.43343653250773995,0.7781065088757396,0.7146558093807439
os_3yr,tabfm_default,0.434468524251806,0.7781065088757396,0.7146558093807439
os_3yr,tabfm_default,0.434468524251806,0.7795857988165681,0.7146558093807439
os_3yr,tabfm_default,0.43550051599587203,0.7795857988165681,0.7146558093807439
os_3yr,tabfm_default,0.43550051599587203,0.7825443786982249,0.7146558093807439
os_3yr,tabfm_default,0.4406604747162023,0.7825443786982249,0.7146558093807439
os_3yr,tabfm_default,0.4406604747162023,0.7855029585798816,0.7146558093807439
os_3yr,tabfm_default,0.44169246646026833,0.7855029585798816,0.7146558093807439
os_3yr,tabfm_default,0.44169246646026833,0.7884615384615384,0.7146558093807439
os_3yr,tabfm_default,0.44272445820433437,0.7884615384615384,0.7146558093807439
os_3yr,tabfm_default,0.44272445820433437,0.7899408284023669,0.7146558093807439
os_3yr,tabfm_default,0.44478844169246645,0.7899408284023669,0.7146558093807439
os_3yr,tabfm_default,0.44478844169246645,0.7914201183431953,0.7146558093807439
os_3yr,tabfm_default,0.44788441692466463,0.7914201183431953,0.7146558093807439
os_3yr,tabfm_default,0.44788441692466463,0.7943786982248521,0.7146558093807439
os_3yr,tabfm_default,0.4499484004127967,0.7943786982248521,0.7146558093807439
os_3yr,tabfm_default,0.4499484004127967,0.7958579881656804,0.7146558093807439
os_3yr,tabfm_default,0.45304437564499483,0.7958579881656804,0.7146558093807439
os_3yr,tabfm_default,0.45304437564499483,0.7988165680473372,0.7146558093807439
os_3yr,tabfm_default,0.45304437564499483,0.8002958579881657,0.7146558093807439
os_3yr,tabfm_default,0.45717234262125905,0.8032544378698225,0.7146558093807439
os_3yr,tabfm_default,0.4582043343653251,0.8047337278106509,0.7146558093807439
os_3yr,tabfm_default,0.4602683178534572,0.8047337278106509,0.7146558093807439
os_3yr,tabfm_default,0.4613003095975232,0.8062130177514792,0.7146558093807439
os_3yr,tabfm_default,0.4664602683178535,0.8062130177514792,0.7146558093807439
os_3yr,tabfm_default,0.46852425180598556,0.8062130177514792,0.7146558093807439
os_3yr,tabfm_default,0.4695562435500516,0.8076923076923077,0.7146558093807439
os_3yr,tabfm_default,0.4726522187822497,0.8076923076923077,0.7146558093807439
os_3yr,tabfm_default,0.4726522187822497,0.8091715976331361,0.7146558093807439
os_3yr,tabfm_default,0.47368421052631576,0.8091715976331361,0.7146558093807439
os_3yr,tabfm_default,0.47368421052631576,0.8106508875739645,0.7146558093807439
os_3yr,tabfm_default,0.4757481940144479,0.8106508875739645,0.7146558093807439
os_3yr,tabfm_default,0.4757481940144479,0.8121301775147929,0.7146558093807439
os_3yr,tabfm_default,0.47781217750258,0.8121301775147929,0.7146558093807439
os_3yr,tabfm_default,0.478844169246646,0.8121301775147929,0.7146558093807439
os_3yr,tabfm_default,0.4809081527347781,0.8136094674556213,0.7146558093807439
os_3yr,tabfm_default,0.4840041279669763,0.8136094674556213,0.7146558093807439
os_3yr,tabfm_default,0.48606811145510836,0.8136094674556213,0.7146558093807439
os_3yr,tabfm_default,0.48813209494324045,0.8136094674556213,0.7146558093807439
os_3yr,tabfm_default,0.48813209494324045,0.8150887573964497,0.7146558093807439
os_3yr,tabfm_default,0.4932920536635707,0.8150887573964497,0.7146558093807439
os_3yr,tabfm_default,0.4932920536635707,0.8165680473372781,0.7146558093807439
os_3yr,tabfm_default,0.49948400412796695,0.8165680473372781,0.7146558093807439
os_3yr,tabfm_default,0.5015479876160991,0.8165680473372781,0.7146558093807439
os_3yr,tabfm_default,0.5015479876160991,0.8180473372781065,0.7146558093807439
os_3yr,tabfm_default,0.5025799793601651,0.8180473372781065,0.7146558093807439
os_3yr,tabfm_default,0.5036119711042312,0.8195266272189349,0.7146558093807439
os_3yr,tabfm_default,0.5046439628482973,0.8195266272189349,0.7146558093807439
os_3yr,tabfm_default,0.5046439628482973,0.8210059171597633,0.7146558093807439
os_3yr,tabfm_default,0.5067079463364293,0.8210059171597633,0.7146558093807439
os_3yr,tabfm_default,0.5067079463364293,0.8224852071005917,0.7146558093807439
os_3yr,tabfm_default,0.5087719298245614,0.8239644970414202,0.7146558093807439
os_3yr,tabfm_default,0.5087719298245614,0.8269230769230769,0.7146558093807439
os_3yr,tabfm_default,0.5108359133126935,0.8269230769230769,0.7146558093807439
os_3yr,tabfm_default,0.5108359133126935,0.8284023668639053,0.7146558093807439
os_3yr,tabfm_default,0.5118679050567595,0.8284023668639053,0.7146558093807439
os_3yr,tabfm_default,0.5118679050567595,0.8298816568047337,0.7146558093807439
os_3yr,tabfm_default,0.5139318885448917,0.8298816568047337,0.7146558093807439
os_3yr,tabfm_default,0.5139318885448917,0.8313609467455622,0.7146558093807439
os_3yr,tabfm_default,0.5149638802889577,0.8313609467455622,0.7146558093807439
os_3yr,tabfm_default,0.5159958720330238,0.8328402366863905,0.7146558093807439
os_3yr,tabfm_default,0.5159958720330238,0.834319526627219,0.7146558093807439
os_3yr,tabfm_default,0.5180598555211559,0.834319526627219,0.7146558093807439
os_3yr,tabfm_default,0.5190918472652218,0.8357988165680473,0.7146558093807439
os_3yr,tabfm_default,0.5211558307533539,0.8357988165680473,0.7146558093807439
os_3yr,tabfm_default,0.5232198142414861,0.841715976331361,0.7146558093807439
os_3yr,tabfm_default,0.5232198142414861,0.8431952662721893,0.7146558093807439
os_3yr,tabfm_default,0.5242518059855521,0.8431952662721893,0.7146558093807439
os_3yr,tabfm_default,0.5242518059855521,0.8446745562130178,0.7146558093807439
os_3yr,tabfm_default,0.5263157894736842,0.8461538461538461,0.7146558093807439
os_3yr,tabfm_default,0.5263157894736842,0.8476331360946746,0.7146558093807439
os_3yr,tabfm_default,0.5273477812177503,0.8476331360946746,0.7146558093807439
os_3yr,tabfm_default,0.5273477812177503,0.8520710059171598,0.7146558093807439
os_3yr,tabfm_default,0.5294117647058824,0.8520710059171598,0.7146558093807439
os_3yr,tabfm_default,0.5294117647058824,0.8550295857988166,0.7146558093807439
os_3yr,tabfm_default,0.5304437564499485,0.8550295857988166,0.7146558093807439
os_3yr,tabfm_default,0.5304437564499485,0.856508875739645,0.7146558093807439
os_3yr,tabfm_default,0.5325077399380805,0.856508875739645,0.7146558093807439
os_3yr,tabfm_default,0.5325077399380805,0.8624260355029586,0.7146558093807439
os_3yr,tabfm_default,0.5366357069143447,0.8624260355029586,0.7146558093807439
os_3yr,tabfm_default,0.5366357069143447,0.8683431952662722,0.7146558093807439
os_3yr,tabfm_default,0.5407636738906089,0.8683431952662722,0.7146558093807439
os_3yr,tabfm_default,0.5407636738906089,0.8698224852071006,0.7146558093807439
os_3yr,tabfm_default,0.542827657378741,0.8698224852071006,0.7146558093807439
os_3yr,tabfm_default,0.542827657378741,0.871301775147929,0.7146558093807439
os_3yr,tabfm_default,0.543859649122807,0.871301775147929,0.7146558093807439
os_3yr,tabfm_default,0.544891640866873,0.8727810650887574,0.7146558093807439
os_3yr,tabfm_default,0.5469556243550051,0.8727810650887574,0.7146558093807439
os_3yr,tabfm_default,0.5469556243550051,0.8757396449704142,0.7146558093807439
os_3yr,tabfm_default,0.5479876160990712,0.8757396449704142,0.7146558093807439
os_3yr,tabfm_default,0.5479876160990712,0.878698224852071,0.7146558093807439
os_3yr,tabfm_default,0.5490196078431373,0.878698224852071,0.7146558093807439
os_3yr,tabfm_default,0.5490196078431373,0.8816568047337278,0.7146558093807439
os_3yr,tabfm_default,0.5490196078431373,0.8846153846153846,0.7146558093807439
os_3yr,tabfm_default,0.5510835913312694,0.8846153846153846,0.7146558093807439
os_3yr,tabfm_default,0.5510835913312694,0.8875739644970414,0.7146558093807439
os_3yr,tabfm_default,0.5521155830753354,0.8890532544378699,0.7146558093807439
os_3yr,tabfm_default,0.5521155830753354,0.8905325443786982,0.7146558093807439
os_3yr,tabfm_default,0.5531475748194015,0.8905325443786982,0.7146558093807439
os_3yr,tabfm_default,0.5531475748194015,0.893491124260355,0.7146558093807439
os_3yr,tabfm_default,0.5541795665634675,0.893491124260355,0.7146558093807439
os_3yr,tabfm_default,0.5541795665634675,0.8979289940828402,0.7146558093807439
os_3yr,tabfm_default,0.5562435500515995,0.8979289940828402,0.7146558093807439
os_3yr,tabfm_default,0.5562435500515995,0.8994082840236687,0.7146558093807439
os_3yr,tabfm_default,0.5614035087719298,0.8994082840236687,0.7146558093807439
os_3yr,tabfm_default,0.5614035087719298,0.900887573964497,0.7146558093807439
os_3yr,tabfm_default,0.5799793601651186,0.900887573964497,0.7146558093807439
os_3yr,tabfm_default,0.5799793601651186,0.9023668639053254,0.7146558093807439
os_3yr,tabfm_default,0.5851393188854489,0.9023668639053254,0.7146558093807439
os_3yr,tabfm_default,0.5851393188854489,0.9053254437869822,0.7146558093807439
os_3yr,tabfm_default,0.5964912280701754,0.9053254437869822,0.7146558093807439
os_3yr,tabfm_default,0.5964912280701754,0.9068047337278107,0.7146558093807439
os_3yr,tabfm_default,0.608875128998968,0.9068047337278107,0.7146558093807439
os_3yr,tabfm_default,0.608875128998968,0.908284023668639,0.7146558093807439
os_3yr,tabfm_default,0.6140350877192983,0.908284023668639,0.7146558093807439
os_3yr,tabfm_default,0.6140350877192983,0.9097633136094675,0.7146558093807439
os_3yr,tabfm_default,0.6191950464396285,0.9097633136094675,0.7146558093807439
os_3yr,tabfm_default,0.6191950464396285,0.9112426035502958,0.7146558093807439
os_3yr,tabfm_default,0.6212590299277606,0.9112426035502958,0.7146558093807439
os_3yr,tabfm_default,0.6212590299277606,0.9127218934911243,0.7146558093807439
os_3yr,tabfm_default,0.6243550051599587,0.9127218934911243,0.7146558093807439
os_3yr,tabfm_default,0.6243550051599587,0.9142011834319527,0.7146558093807439
os_3yr,tabfm_default,0.6253869969040248,0.9142011834319527,0.7146558093807439
os_3yr,tabfm_default,0.6253869969040248,0.915680473372781,0.7146558093807439
os_3yr,tabfm_default,0.630546955624355,0.915680473372781,0.7146558093807439
os_3yr,tabfm_default,0.630546955624355,0.9171597633136095,0.7146558093807439
os_3yr,tabfm_default,0.631578947368421,0.9171597633136095,0.7146558093807439
os_3yr,tabfm_default,0.631578947368421,0.9186390532544378,0.7146558093807439
os_3yr,tabfm_default,0.6388028895768834,0.9186390532544378,0.7146558093807439
os_3yr,tabfm_default,0.6388028895768834,0.9201183431952663,0.7146558093807439
os_3yr,tabfm_default,0.653250773993808,0.9201183431952663,0.7146558093807439
os_3yr,tabfm_default,0.653250773993808,0.9215976331360947,0.7146558093807439
os_3yr,tabfm_default,0.6563467492260062,0.9215976331360947,0.7146558093807439
os_3yr,tabfm_default,0.6563467492260062,0.9230769230769231,0.7146558093807439
os_3yr,tabfm_default,0.6594427244582043,0.9230769230769231,0.7146558093807439
os_3yr,tabfm_default,0.6594427244582043,0.9245562130177515,0.7146558093807439
os_3yr,tabfm_default,0.675954592363261,0.9245562130177515,0.7146558093807439
os_3yr,tabfm_default,0.675954592363261,0.9260355029585798,0.7146558093807439
os_3yr,tabfm_default,0.6852425180598555,0.9260355029585798,0.7146558093807439
os_3yr,tabfm_default,0.6852425180598555,0.9275147928994083,0.7146558093807439
os_3yr,tabfm_default,0.6924664602683178,0.9275147928994083,0.7146558093807439
os_3yr,tabfm_default,0.6924664602683178,0.9289940828402367,0.7146558093807439
os_3yr,tabfm_default,0.7027863777089783,0.9289940828402367,0.7146558093807439
os_3yr,tabfm_default,0.7027863777089783,0.9319526627218935,0.7146558093807439
os_3yr,tabfm_default,0.7048503611971104,0.9319526627218935,0.7146558093807439
os_3yr,tabfm_default,0.7048503611971104,0.9334319526627219,0.7146558093807439
os_3yr,tabfm_default,0.7100103199174407,0.9334319526627219,0.7146558093807439
os_3yr,tabfm_default,0.7100103199174407,0.9349112426035503,0.7146558093807439
os_3yr,tabfm_default,0.7151702786377709,0.9349112426035503,0.7146558093807439
os_3yr,tabfm_default,0.7151702786377709,0.9363905325443787,0.7146558093807439
os_3yr,tabfm_default,0.7192982456140351,0.9363905325443787,0.7146558093807439
os_3yr,tabfm_default,0.7192982456140351,0.9378698224852071,0.7146558093807439
os_3yr,tabfm_default,0.7203302373581011,0.9378698224852071,0.7146558093807439
os_3yr,tabfm_default,0.7203302373581011,0.9393491124260355,0.7146558093807439
os_3yr,tabfm_default,0.7306501547987616,0.9393491124260355,0.7146558093807439
os_3yr,tabfm_default,0.7306501547987616,0.9423076923076923,0.7146558093807439
os_3yr,tabfm_default,0.7502579979360166,0.9423076923076923,0.7146558093807439
os_3yr,tabfm_default,0.7502579979360166,0.9437869822485208,0.7146558093807439
os_3yr,tabfm_default,0.759545923632611,0.9437869822485208,0.7146558093807439
os_3yr,tabfm_default,0.759545923632611,0.9452662721893491,0.7146558093807439
os_3yr,tabfm_default,0.7894736842105263,0.9452662721893491,0.7146558093807439
os_3yr,tabfm_default,0.7894736842105263,0.9467455621301775,0.7146558093807439
os_3yr,tabfm_default,0.804953560371517,0.9467455621301775,0.7146558093807439
os_3yr,tabfm_default,0.804953560371517,0.9482248520710059,0.7146558093807439
os_3yr,tabfm_default,0.8070175438596491,0.9482248520710059,0.7146558093807439
os_3yr,tabfm_default,0.8070175438596491,0.9497041420118343,0.7146558093807439
os_3yr,tabfm_default,0.8152734778121775,0.9497041420118343,0.7146558093807439
os_3yr,tabfm_default,0.8152734778121775,0.9526627218934911,0.7146558093807439
os_3yr,tabfm_default,0.8163054695562435,0.9526627218934911,0.7146558093807439
os_3yr,tabfm_default,0.8163054695562435,0.9541420118343196,0.7146558093807439
os_3yr,tabfm_default,0.8307533539731682,0.9541420118343196,0.7146558093807439
os_3yr,tabfm_default,0.8307533539731682,0.9556213017751479,0.7146558093807439
os_3yr,tabfm_default,0.8379772961816305,0.9556213017751479,0.7146558093807439
os_3yr,tabfm_default,0.8379772961816305,0.9571005917159763,0.7146558093807439
os_3yr,tabfm_default,0.8410732714138287,0.9571005917159763,0.7146558093807439
os_3yr,tabfm_default,0.8410732714138287,0.9585798816568047,0.7146558093807439
os_3yr,tabfm_default,0.8421052631578947,0.9585798816568047,0.7146558093807439
os_3yr,tabfm_default,0.8421052631578947,0.9600591715976331,0.7146558093807439
os_3yr,tabfm_default,0.847265221878225,0.9600591715976331,0.7146558093807439
os_3yr,tabfm_default,0.847265221878225,0.9615384615384616,0.7146558093807439
os_3yr,tabfm_default,0.8503611971104231,0.9615384615384616,0.7146558093807439
os_3yr,tabfm_default,0.8503611971104231,0.9630177514792899,0.7146558093807439
os_3yr,tabfm_default,0.8534571723426213,0.9630177514792899,0.7146558093807439
os_3yr,tabfm_default,0.8534571723426213,0.9644970414201184,0.7146558093807439
os_3yr,tabfm_default,0.8637770897832817,0.9644970414201184,0.7146558093807439
os_3yr,tabfm_default,0.8637770897832817,0.9659763313609467,0.7146558093807439
os_3yr,tabfm_default,0.8844169246646026,0.9659763313609467,0.7146558093807439
os_3yr,tabfm_default,0.8844169246646026,0.9689349112426036,0.7146558093807439
os_3yr,tabfm_default,0.8885448916408669,0.9689349112426036,0.7146558093807439
os_3yr,tabfm_default,0.8885448916408669,0.9704142011834319,0.7146558093807439
os_3yr,tabfm_default,0.8978328173374613,0.9704142011834319,0.7146558093807439
os_3yr,tabfm_default,0.8978328173374613,0.9733727810650887,0.7146558093807439
os_3yr,tabfm_default,0.9153766769865841,0.9733727810650887,0.7146558093807439
os_3yr,tabfm_default,0.9153766769865841,0.9748520710059172,0.7146558093807439
os_3yr,tabfm_default,0.9246646026831785,0.9748520710059172,0.7146558093807439
os_3yr,tabfm_default,0.9246646026831785,0.9763313609467456,0.7146558093807439
os_3yr,tabfm_default,0.9287925696594427,0.9763313609467456,0.7146558093807439
os_3yr,tabfm_default,0.9287925696594427,0.977810650887574,0.7146558093807439
os_3yr,tabfm_default,0.932920536635707,0.977810650887574,0.7146558093807439
os_3yr,tabfm_default,0.932920536635707,0.9792899408284024,0.7146558093807439
os_3yr,tabfm_default,0.9339525283797729,0.9792899408284024,0.7146558093807439
os_3yr,tabfm_default,0.9339525283797729,0.9822485207100592,0.7146558093807439
os_3yr,tabfm_default,0.9380804953560371,0.9822485207100592,0.7146558093807439
os_3yr,tabfm_default,0.9380804953560371,0.9837278106508875,0.7146558093807439
os_3yr,tabfm_default,0.9442724458204335,0.9837278106508875,0.7146558093807439
os_3yr,tabfm_default,0.9442724458204335,0.9866863905325444,0.7146558093807439
os_3yr,tabfm_default,0.9638802889576883,0.9866863905325444,0.7146558093807439
os_3yr,tabfm_default,0.9638802889576883,0.9896449704142012,0.7146558093807439
os_3yr,tabfm_default,0.9680082559339526,0.9896449704142012,0.7146558093807439
os_3yr,tabfm_default,0.9680082559339526,0.9911242603550295,0.7146558093807439
os_3yr,tabfm_default,0.9731682146542827,0.9911242603550295,0.7146558093807439
os_3yr,tabfm_default,0.9731682146542827,0.992603550295858,0.7146558093807439
os_3yr,tabfm_default,0.978328173374613,0.992603550295858,0.7146558093807439
os_3yr,tabfm_default,0.978328173374613,0.9955621301775148,0.7146558093807439
os_3yr,tabfm_default,0.9927760577915377,0.9955621301775148,0.7146558093807439
os_3yr,tabfm_default,0.9927760577915377,0.9970414201183432,0.7146558093807439
os_3yr,tabfm_default,0.9958720330237358,0.9970414201183432,0.7146558093807439
os_3yr,tabfm_default,0.9958720330237358,0.9985207100591716,0.7146558093807439
os_3yr,tabfm_default,0.9979360165118679,0.9985207100591716,0.7146558093807439
os_3yr,tabfm_default,0.9979360165118679,1.0,0.7146558093807439
os_3yr,tabfm_default,1.0,1.0,0.7146558093807439
os_3yr,tabpfn_v3,0.0,0.0,0.7060235648292328
os_3yr,tabpfn_v3,0.0010319917440660474,0.0,0.7060235648292328
os_3yr,tabpfn_v3,0.0030959752321981426,0.0,0.7060235648292328
os_3yr,tabpfn_v3,0.0030959752321981426,0.0014792899408284023,0.7060235648292328
os_3yr,tabpfn_v3,0.0041279669762641896,0.0014792899408284023,0.7060235648292328
os_3yr,tabpfn_v3,0.0041279669762641896,0.005917159763313609,0.7060235648292328
os_3yr,tabpfn_v3,0.005159958720330237,0.005917159763313609,0.7060235648292328
os_3yr,tabpfn_v3,0.005159958720330237,0.0073964497041420114,0.7060235648292328
os_3yr,tabpfn_v3,0.006191950464396285,0.0073964497041420114,0.7060235648292328
os_3yr,tabpfn_v3,0.006191950464396285,0.020710059171597635,0.7060235648292328
os_3yr,tabpfn_v3,0.007223942208462332,0.020710059171597635,0.7060235648292328
os_3yr,tabpfn_v3,0.007223942208462332,0.022189349112426034,0.7060235648292328
os_3yr,tabpfn_v3,0.008255933952528379,0.022189349112426034,0.7060235648292328
os_3yr,tabpfn_v3,0.008255933952528379,0.028106508875739646,0.7060235648292328
os_3yr,tabpfn_v3,0.009287925696594427,0.028106508875739646,0.7060235648292328
os_3yr,tabpfn_v3,0.009287925696594427,0.029585798816568046,0.7060235648292328
os_3yr,tabpfn_v3,0.010319917440660475,0.029585798816568046,0.7060235648292328
os_3yr,tabpfn_v3,0.010319917440660475,0.03698224852071006,0.7060235648292328
os_3yr,tabpfn_v3,0.011351909184726523,0.03698224852071006,0.7060235648292328
os_3yr,tabpfn_v3,0.011351909184726523,0.047337278106508875,0.7060235648292328
os_3yr,tabpfn_v3,0.01238390092879257,0.047337278106508875,0.7060235648292328
os_3yr,tabpfn_v3,0.01238390092879257,0.04881656804733728,0.7060235648292328
os_3yr,tabpfn_v3,0.013415892672858616,0.04881656804733728,0.7060235648292328
os_3yr,tabpfn_v3,0.013415892672858616,0.0650887573964497,0.7060235648292328
os_3yr,tabpfn_v3,0.014447884416924664,0.0650887573964497,0.7060235648292328
os_3yr,tabpfn_v3,0.014447884416924664,0.07544378698224852,0.7060235648292328
os_3yr,tabpfn_v3,0.015479876160990712,0.07544378698224852,0.7060235648292328
os_3yr,tabpfn_v3,0.015479876160990712,0.08727810650887574,0.7060235648292328
os_3yr,tabpfn_v3,0.016511867905056758,0.08727810650887574,0.7060235648292328
os_3yr,tabpfn_v3,0.016511867905056758,0.09467455621301775,0.7060235648292328
os_3yr,tabpfn_v3,0.017543859649122806,0.09467455621301775,0.7060235648292328
os_3yr,tabpfn_v3,0.017543859649122806,0.10059171597633136,0.7060235648292328
os_3yr,tabpfn_v3,0.0196078431372549,0.10059171597633136,0.7060235648292328
os_3yr,tabpfn_v3,0.0196078431372549,0.10650887573964497,0.7060235648292328
os_3yr,tabpfn_v3,0.02063983488132095,0.10650887573964497,0.7060235648292328
os_3yr,tabpfn_v3,0.02063983488132095,0.10798816568047337,0.7060235648292328
os_3yr,tabpfn_v3,0.021671826625386997,0.10798816568047337,0.7060235648292328
os_3yr,tabpfn_v3,0.021671826625386997,0.10946745562130178,0.7060235648292328
os_3yr,tabpfn_v3,0.02476780185758514,0.10946745562130178,0.7060235648292328
os_3yr,tabpfn_v3,0.02476780185758514,0.11242603550295859,0.7060235648292328
os_3yr,tabpfn_v3,0.02889576883384933,0.11242603550295859,0.7060235648292328
os_3yr,tabpfn_v3,0.02889576883384933,0.11538461538461539,0.7060235648292328
os_3yr,tabpfn_v3,0.030959752321981424,0.11538461538461539,0.7060235648292328
os_3yr,tabpfn_v3,0.030959752321981424,0.1257396449704142,0.7060235648292328
os_3yr,tabpfn_v3,0.03199174406604747,0.1257396449704142,0.7060235648292328
os_3yr,tabpfn_v3,0.03199174406604747,0.12721893491124261,0.7060235648292328
os_3yr,tabpfn_v3,0.033023735810113516,0.12721893491124261,0.7060235648292328
os_3yr,tabpfn_v3,0.033023735810113516,0.128698224852071,0.7060235648292328
os_3yr,tabpfn_v3,0.03508771929824561,0.128698224852071,0.7060235648292328
os_3yr,tabpfn_v3,0.03508771929824561,0.13165680473372782,0.7060235648292328
os_3yr,tabpfn_v3,0.03611971104231166,0.13165680473372782,0.7060235648292328
os_3yr,tabpfn_v3,0.03611971104231166,0.13757396449704143,0.7060235648292328
os_3yr,tabpfn_v3,0.0392156862745098,0.13757396449704143,0.7060235648292328
os_3yr,tabpfn_v3,0.0392156862745098,0.14201183431952663,0.7060235648292328
os_3yr,tabpfn_v3,0.04437564499484004,0.14201183431952663,0.7060235648292328
os_3yr,tabpfn_v3,0.04437564499484004,0.14349112426035504,0.7060235648292328
os_3yr,tabpfn_v3,0.04643962848297214,0.14349112426035504,0.7060235648292328
os_3yr,tabpfn_v3,0.04643962848297214,0.14497041420118342,0.7060235648292328
os_3yr,tabpfn_v3,0.047471620227038186,0.14497041420118342,0.7060235648292328
os_3yr,tabpfn_v3,0.047471620227038186,0.14644970414201183,0.7060235648292328
os_3yr,tabpfn_v3,0.048503611971104234,0.14644970414201183,0.7060235648292328
os_3yr,tabpfn_v3,0.048503611971104234,0.15088757396449703,0.7060235648292328
os_3yr,tabpfn_v3,0.04953560371517028,0.15088757396449703,0.7060235648292328
os_3yr,tabpfn_v3,0.04953560371517028,0.15236686390532544,0.7060235648292328
os_3yr,tabpfn_v3,0.05159958720330237,0.15236686390532544,0.7060235648292328
os_3yr,tabpfn_v3,0.05159958720330237,0.15532544378698224,0.7060235648292328
os_3yr,tabpfn_v3,0.05263157894736842,0.15532544378698224,0.7060235648292328
os_3yr,tabpfn_v3,0.05263157894736842,0.15680473372781065,0.7060235648292328
os_3yr,tabpfn_v3,0.05572755417956656,0.15680473372781065,0.7060235648292328
os_3yr,tabpfn_v3,0.05572755417956656,0.16124260355029585,0.7060235648292328
os_3yr,tabpfn_v3,0.05779153766769866,0.16124260355029585,0.7060235648292328
os_3yr,tabpfn_v3,0.05779153766769866,0.16420118343195267,0.7060235648292328
os_3yr,tabpfn_v3,0.058823529411764705,0.16420118343195267,0.7060235648292328
os_3yr,tabpfn_v3,0.058823529411764705,0.16568047337278108,0.7060235648292328
os_3yr,tabpfn_v3,0.06191950464396285,0.16568047337278108,0.7060235648292328
os_3yr,tabpfn_v3,0.06191950464396285,0.17307692307692307,0.7060235648292328
os_3yr,tabpfn_v3,0.0629514963880289,0.17307692307692307,0.7060235648292328
os_3yr,tabpfn_v3,0.0629514963880289,0.17751479289940827,0.7060235648292328
os_3yr,tabpfn_v3,0.06398348813209494,0.17751479289940827,0.7060235648292328
os_3yr,tabpfn_v3,0.06398348813209494,0.1804733727810651,0.7060235648292328
os_3yr,tabpfn_v3,0.06501547987616099,0.1804733727810651,0.7060235648292328
os_3yr,tabpfn_v3,0.06501547987616099,0.1834319526627219,0.7060235648292328
os_3yr,tabpfn_v3,0.06811145510835913,0.1834319526627219,0.7060235648292328
os_3yr,tabpfn_v3,0.06811145510835913,0.1849112426035503,0.7060235648292328
os_3yr,tabpfn_v3,0.06914344685242518,0.1849112426035503,0.7060235648292328
os_3yr,tabpfn_v3,0.06914344685242518,0.1863905325443787,0.7060235648292328
os_3yr,tabpfn_v3,0.07017543859649122,0.1863905325443787,0.7060235648292328
os_3yr,tabpfn_v3,0.07017543859649122,0.1893491124260355,0.7060235648292328
os_3yr,tabpfn_v3,0.07120743034055728,0.1893491124260355,0.7060235648292328
os_3yr,tabpfn_v3,0.07120743034055728,0.20414201183431951,0.7060235648292328
os_3yr,tabpfn_v3,0.07223942208462332,0.20414201183431951,0.7060235648292328
os_3yr,tabpfn_v3,0.07223942208462332,0.20710059171597633,0.7060235648292328
os_3yr,tabpfn_v3,0.07327141382868937,0.20710059171597633,0.7060235648292328
os_3yr,tabpfn_v3,0.07327141382868937,0.20857988165680474,0.7060235648292328
os_3yr,tabpfn_v3,0.07533539731682147,0.20857988165680474,0.7060235648292328
os_3yr,tabpfn_v3,0.07533539731682147,0.21301775147928995,0.7060235648292328
os_3yr,tabpfn_v3,0.07636738906088751,0.21301775147928995,0.7060235648292328
os_3yr,tabpfn_v3,0.07636738906088751,0.21597633136094674,0.7060235648292328
os_3yr,tabpfn_v3,0.07739938080495357,0.21597633136094674,0.7060235648292328
os_3yr,tabpfn_v3,0.07739938080495357,0.22041420118343194,0.7060235648292328
os_3yr,tabpfn_v3,0.0784313725490196,0.22041420118343194,0.7060235648292328
os_3yr,tabpfn_v3,0.0784313725490196,0.22337278106508876,0.7060235648292328
os_3yr,tabpfn_v3,0.07946336429308566,0.22337278106508876,0.7060235648292328
os_3yr,tabpfn_v3,0.07946336429308566,0.22633136094674555,0.7060235648292328
os_3yr,tabpfn_v3,0.08152734778121776,0.22633136094674555,0.7060235648292328
os_3yr,tabpfn_v3,0.08152734778121776,0.23372781065088757,0.7060235648292328
os_3yr,tabpfn_v3,0.08359133126934984,0.23372781065088757,0.7060235648292328
os_3yr,tabpfn_v3,0.08359133126934984,0.23964497041420119,0.7060235648292328
os_3yr,tabpfn_v3,0.0846233230134159,0.23964497041420119,0.7060235648292328
os_3yr,tabpfn_v3,0.0846233230134159,0.2411242603550296,0.7060235648292328
os_3yr,tabpfn_v3,0.08565531475748193,0.2411242603550296,0.7060235648292328
os_3yr,tabpfn_v3,0.08565531475748193,0.24260355029585798,0.7060235648292328
os_3yr,tabpfn_v3,0.08668730650154799,0.24260355029585798,0.7060235648292328
os_3yr,tabpfn_v3,0.08668730650154799,0.2440828402366864,0.7060235648292328
os_3yr,tabpfn_v3,0.08771929824561403,0.2440828402366864,0.7060235648292328
os_3yr,tabpfn_v3,0.08771929824561403,0.2455621301775148,0.7060235648292328
os_3yr,tabpfn_v3,0.08875128998968008,0.2455621301775148,0.7060235648292328
os_3yr,tabpfn_v3,0.08875128998968008,0.25443786982248523,0.7060235648292328
os_3yr,tabpfn_v3,0.09081527347781218,0.25443786982248523,0.7060235648292328
os_3yr,tabpfn_v3,0.09081527347781218,0.257396449704142,0.7060235648292328
os_3yr,tabpfn_v3,0.09184726522187822,0.257396449704142,0.7060235648292328
os_3yr,tabpfn_v3,0.09184726522187822,0.26331360946745563,0.7060235648292328
os_3yr,tabpfn_v3,0.09597523219814241,0.26331360946745563,0.7060235648292328
os_3yr,tabpfn_v3,0.09597523219814241,0.26627218934911245,0.7060235648292328
os_3yr,tabpfn_v3,0.09700722394220847,0.26627218934911245,0.7060235648292328
os_3yr,tabpfn_v3,0.09700722394220847,0.27071005917159763,0.7060235648292328
os_3yr,tabpfn_v3,0.09907120743034056,0.27071005917159763,0.7060235648292328
os_3yr,tabpfn_v3,0.09907120743034056,0.27514792899408286,0.7060235648292328
os_3yr,tabpfn_v3,0.10113519091847266,0.27514792899408286,0.7060235648292328
os_3yr,tabpfn_v3,0.10113519091847266,0.2781065088757396,0.7060235648292328
os_3yr,tabpfn_v3,0.10526315789473684,0.2781065088757396,0.7060235648292328
os_3yr,tabpfn_v3,0.10526315789473684,0.28254437869822485,0.7060235648292328
os_3yr,tabpfn_v3,0.10732714138286893,0.28254437869822485,0.7060235648292328
os_3yr,tabpfn_v3,0.10732714138286893,0.29142011834319526,0.7060235648292328
os_3yr,tabpfn_v3,0.10939112487100103,0.29142011834319526,0.7060235648292328
os_3yr,tabpfn_v3,0.10939112487100103,0.2958579881656805,0.7060235648292328
os_3yr,tabpfn_v3,0.11248710010319918,0.2958579881656805,0.7060235648292328
os_3yr,tabpfn_v3,0.11248710010319918,0.2973372781065089,0.7060235648292328
os_3yr,tabpfn_v3,0.11351909184726522,0.2973372781065089,0.7060235648292328
os_3yr,tabpfn_v3,0.11351909184726522,0.30177514792899407,0.7060235648292328
os_3yr,tabpfn_v3,0.11455108359133127,0.30177514792899407,0.7060235648292328
os_3yr,tabpfn_v3,0.11455108359133127,0.3032544378698225,0.7060235648292328
os_3yr,tabpfn_v3,0.11764705882352941,0.3032544378698225,0.7060235648292328
os_3yr,tabpfn_v3,0.11764705882352941,0.3106508875739645,0.7060235648292328
os_3yr,tabpfn_v3,0.1197110423116615,0.3106508875739645,0.7060235648292328
os_3yr,tabpfn_v3,0.1197110423116615,0.3121301775147929,0.7060235648292328
os_3yr,tabpfn_v3,0.12074303405572756,0.3121301775147929,0.7060235648292328
os_3yr,tabpfn_v3,0.12074303405572756,0.3136094674556213,0.7060235648292328
os_3yr,tabpfn_v3,0.12280701754385964,0.3136094674556213,0.7060235648292328
os_3yr,tabpfn_v3,0.12280701754385964,0.3165680473372781,0.7060235648292328
os_3yr,tabpfn_v3,0.12899896800825594,0.3165680473372781,0.7060235648292328
os_3yr,tabpfn_v3,0.12899896800825594,0.31952662721893493,0.7060235648292328
os_3yr,tabpfn_v3,0.13106295149638802,0.31952662721893493,0.7060235648292328
os_3yr,tabpfn_v3,0.13106295149638802,0.3239644970414201,0.7060235648292328
os_3yr,tabpfn_v3,0.13209494324045407,0.3239644970414201,0.7060235648292328
os_3yr,tabpfn_v3,0.13209494324045407,0.3269230769230769,0.7060235648292328
os_3yr,tabpfn_v3,0.13312693498452013,0.3269230769230769,0.7060235648292328
os_3yr,tabpfn_v3,0.13312693498452013,0.32988165680473375,0.7060235648292328
os_3yr,tabpfn_v3,0.13519091847265222,0.32988165680473375,0.7060235648292328
os_3yr,tabpfn_v3,0.13519091847265222,0.33875739644970415,0.7060235648292328
os_3yr,tabpfn_v3,0.13828689370485037,0.33875739644970415,0.7060235648292328
os_3yr,tabpfn_v3,0.13828689370485037,0.34023668639053256,0.7060235648292328
os_3yr,tabpfn_v3,0.14241486068111456,0.34023668639053256,0.7060235648292328
os_3yr,tabpfn_v3,0.14241486068111456,0.34615384615384615,0.7060235648292328
os_3yr,tabpfn_v3,0.1434468524251806,0.34615384615384615,0.7060235648292328
os_3yr,tabpfn_v3,0.1434468524251806,0.34763313609467456,0.7060235648292328
os_3yr,tabpfn_v3,0.14447884416924664,0.34763313609467456,0.7060235648292328
os_3yr,tabpfn_v3,0.14447884416924664,0.34911242603550297,0.7060235648292328
os_3yr,tabpfn_v3,0.14551083591331268,0.34911242603550297,0.7060235648292328
os_3yr,tabpfn_v3,0.14551083591331268,0.3505917159763314,0.7060235648292328
os_3yr,tabpfn_v3,0.14860681114551083,0.3505917159763314,0.7060235648292328
os_3yr,tabpfn_v3,0.14860681114551083,0.3520710059171598,0.7060235648292328
os_3yr,tabpfn_v3,0.15170278637770898,0.3520710059171598,0.7060235648292328
os_3yr,tabpfn_v3,0.15170278637770898,0.35355029585798814,0.7060235648292328
os_3yr,tabpfn_v3,0.15376676986584106,0.35355029585798814,0.7060235648292328
os_3yr,tabpfn_v3,0.15376676986584106,0.35650887573964496,0.7060235648292328
os_3yr,tabpfn_v3,0.15583075335397317,0.35650887573964496,0.7060235648292328
os_3yr,tabpfn_v3,0.15583075335397317,0.35798816568047337,0.7060235648292328
os_3yr,tabpfn_v3,0.1568627450980392,0.35798816568047337,0.7060235648292328
os_3yr,tabpfn_v3,0.1568627450980392,0.3594674556213018,0.7060235648292328
os_3yr,tabpfn_v3,0.15789473684210525,0.3594674556213018,0.7060235648292328
os_3yr,tabpfn_v3,0.15789473684210525,0.36538461538461536,0.7060235648292328
os_3yr,tabpfn_v3,0.15995872033023736,0.36538461538461536,0.7060235648292328
os_3yr,tabpfn_v3,0.15995872033023736,0.3683431952662722,0.7060235648292328
os_3yr,tabpfn_v3,0.1609907120743034,0.3683431952662722,0.7060235648292328
os_3yr,tabpfn_v3,0.1609907120743034,0.3698224852071006,0.7060235648292328
os_3yr,tabpfn_v3,0.1651186790505676,0.3698224852071006,0.7060235648292328
os_3yr,tabpfn_v3,0.1651186790505676,0.378698224852071,0.7060235648292328
os_3yr,tabpfn_v3,0.16718266253869968,0.378698224852071,0.7060235648292328
os_3yr,tabpfn_v3,0.16718266253869968,0.3801775147928994,0.7060235648292328
os_3yr,tabpfn_v3,0.16821465428276575,0.3801775147928994,0.7060235648292328
os_3yr,tabpfn_v3,0.16821465428276575,0.3816568047337278,0.7060235648292328
os_3yr,tabpfn_v3,0.17027863777089783,0.3816568047337278,0.7060235648292328
os_3yr,tabpfn_v3,0.17027863777089783,0.3831360946745562,0.7060235648292328
os_3yr,tabpfn_v3,0.17234262125902994,0.3831360946745562,0.7060235648292328
os_3yr,tabpfn_v3,0.17234262125902994,0.386094674556213,0.7060235648292328
os_3yr,tabpfn_v3,0.17337461300309598,0.386094674556213,0.7060235648292328
os_3yr,tabpfn_v3,0.17337461300309598,0.3875739644970414,0.7060235648292328
os_3yr,tabpfn_v3,0.17440660474716202,0.3875739644970414,0.7060235648292328
os_3yr,tabpfn_v3,0.17440660474716202,0.39349112426035504,0.7060235648292328
os_3yr,tabpfn_v3,0.17543859649122806,0.39349112426035504,0.7060235648292328
os_3yr,tabpfn_v3,0.17543859649122806,0.40088757396449703,0.7060235648292328
os_3yr,tabpfn_v3,0.17750257997936017,0.40088757396449703,0.7060235648292328
os_3yr,tabpfn_v3,0.17750257997936017,0.40532544378698226,0.7060235648292328
os_3yr,tabpfn_v3,0.17956656346749225,0.40532544378698226,0.7060235648292328
os_3yr,tabpfn_v3,0.17956656346749225,0.40976331360946744,0.7060235648292328
os_3yr,tabpfn_v3,0.18163054695562436,0.40976331360946744,0.7060235648292328
os_3yr,tabpfn_v3,0.18163054695562436,0.41272189349112426,0.7060235648292328
os_3yr,tabpfn_v3,0.18369453044375644,0.41272189349112426,0.7060235648292328
os_3yr,tabpfn_v3,0.18369453044375644,0.41420118343195267,0.7060235648292328
os_3yr,tabpfn_v3,0.18575851393188855,0.41420118343195267,0.7060235648292328
os_3yr,tabpfn_v3,0.18575851393188855,0.4156804733727811,0.7060235648292328
os_3yr,tabpfn_v3,0.18885448916408668,0.4156804733727811,0.7060235648292328
os_3yr,tabpfn_v3,0.18885448916408668,0.41863905325443784,0.7060235648292328
os_3yr,tabpfn_v3,0.19091847265221878,0.41863905325443784,0.7060235648292328
os_3yr,tabpfn_v3,0.19091847265221878,0.4230769230769231,0.7060235648292328
os_3yr,tabpfn_v3,0.19504643962848298,0.4230769230769231,0.7060235648292328
os_3yr,tabpfn_v3,0.19504643962848298,0.4245562130177515,0.7060235648292328
os_3yr,tabpfn_v3,0.2002063983488132,0.4245562130177515,0.7060235648292328
os_3yr,tabpfn_v3,0.2002063983488132,0.4275147928994083,0.7060235648292328
os_3yr,tabpfn_v3,0.20123839009287925,0.4275147928994083,0.7060235648292328
os_3yr,tabpfn_v3,0.20123839009287925,0.4289940828402367,0.7060235648292328
os_3yr,tabpfn_v3,0.20330237358101136,0.4289940828402367,0.7060235648292328
os_3yr,tabpfn_v3,0.20330237358101136,0.43047337278106507,0.7060235648292328
os_3yr,tabpfn_v3,0.2043343653250774,0.43047337278106507,0.7060235648292328
os_3yr,tabpfn_v3,0.2043343653250774,0.4334319526627219,0.7060235648292328
os_3yr,tabpfn_v3,0.20536635706914344,0.4334319526627219,0.7060235648292328
os_3yr,tabpfn_v3,0.20536635706914344,0.4349112426035503,0.7060235648292328
os_3yr,tabpfn_v3,0.20743034055727555,0.4349112426035503,0.7060235648292328
os_3yr,tabpfn_v3,0.20743034055727555,0.4423076923076923,0.7060235648292328
os_3yr,tabpfn_v3,0.20949432404540763,0.4423076923076923,0.7060235648292328
os_3yr,tabpfn_v3,0.20949432404540763,0.4437869822485207,0.7060235648292328
os_3yr,tabpfn_v3,0.21155830753353974,0.4437869822485207,0.7060235648292328
os_3yr,tabpfn_v3,0.21155830753353974,0.4452662721893491,0.7060235648292328
os_3yr,tabpfn_v3,0.21259029927760578,0.4452662721893491,0.7060235648292328
os_3yr,tabpfn_v3,0.21259029927760578,0.44970414201183434,0.7060235648292328
os_3yr,tabpfn_v3,0.21775025799793601,0.44970414201183434,0.7060235648292328
os_3yr,tabpfn_v3,0.21775025799793601,0.4511834319526627,0.7060235648292328
os_3yr,tabpfn_v3,0.21878224974200206,0.4511834319526627,0.7060235648292328
os_3yr,tabpfn_v3,0.21878224974200206,0.46005917159763315,0.7060235648292328
os_3yr,tabpfn_v3,0.22084623323013416,0.46005917159763315,0.7060235648292328
os_3yr,tabpfn_v3,0.22084623323013416,0.46153846153846156,0.7060235648292328
os_3yr,tabpfn_v3,0.22497420020639836,0.46153846153846156,0.7060235648292328
os_3yr,tabpfn_v3,0.22497420020639836,0.4630177514792899,0.7060235648292328
os_3yr,tabpfn_v3,0.22703818369453044,0.4630177514792899,0.7060235648292328
os_3yr,tabpfn_v3,0.22703818369453044,0.46745562130177515,0.7060235648292328
os_3yr,tabpfn_v3,0.22807017543859648,0.46745562130177515,0.7060235648292328
os_3yr,tabpfn_v3,0.22807017543859648,0.46893491124260356,0.7060235648292328
os_3yr,tabpfn_v3,0.22910216718266255,0.46893491124260356,0.7060235648292328
os_3yr,tabpfn_v3,0.22910216718266255,0.47041420118343197,0.7060235648292328
os_3yr,tabpfn_v3,0.23219814241486067,0.47041420118343197,0.7060235648292328
os_3yr,tabpfn_v3,0.23219814241486067,0.4718934911242604,0.7060235648292328
os_3yr,tabpfn_v3,0.23323013415892674,0.4718934911242604,0.7060235648292328
os_3yr,tabpfn_v3,0.23323013415892674,0.47781065088757396,0.7060235648292328
os_3yr,tabpfn_v3,0.23426212590299278,0.47781065088757396,0.7060235648292328
os_3yr,tabpfn_v3,0.23426212590299278,0.4822485207100592,0.7060235648292328
os_3yr,tabpfn_v3,0.239422084623323,0.4822485207100592,0.7060235648292328
os_3yr,tabpfn_v3,0.239422084623323,0.48372781065088755,0.7060235648292328
os_3yr,tabpfn_v3,0.24148606811145512,0.48372781065088755,0.7060235648292328
os_3yr,tabpfn_v3,0.24148606811145512,0.48668639053254437,0.7060235648292328
os_3yr,tabpfn_v3,0.24251805985552116,0.48668639053254437,0.7060235648292328
os_3yr,tabpfn_v3,0.24251805985552116,0.4881656804733728,0.7060235648292328
os_3yr,tabpfn_v3,0.2435500515995872,0.4881656804733728,0.7060235648292328
os_3yr,tabpfn_v3,0.2435500515995872,0.4896449704142012,0.7060235648292328
os_3yr,tabpfn_v3,0.24664602683178535,0.4896449704142012,0.7060235648292328
os_3yr,tabpfn_v3,0.24664602683178535,0.4911242603550296,0.7060235648292328
os_3yr,tabpfn_v3,0.24974200206398348,0.4911242603550296,0.7060235648292328
os_3yr,tabpfn_v3,0.24974200206398348,0.49556213017751477,0.7060235648292328
os_3yr,tabpfn_v3,0.25077399380804954,0.49556213017751477,0.7060235648292328
os_3yr,tabpfn_v3,0.25077399380804954,0.4970414201183432,0.7060235648292328
os_3yr,tabpfn_v3,0.2518059855521156,0.4970414201183432,0.7060235648292328
os_3yr,tabpfn_v3,0.2518059855521156,0.4985207100591716,0.7060235648292328
os_3yr,tabpfn_v3,0.25386996904024767,0.4985207100591716,0.7060235648292328
os_3yr,tabpfn_v3,0.25386996904024767,0.5014792899408284,0.7060235648292328
os_3yr,tabpfn_v3,0.25593395252837975,0.5014792899408284,0.7060235648292328
os_3yr,tabpfn_v3,0.25593395252837975,0.5029585798816568,0.7060235648292328
os_3yr,tabpfn_v3,0.2579979360165119,0.5029585798816568,0.7060235648292328
os_3yr,tabpfn_v3,0.2579979360165119,0.5044378698224852,0.7060235648292328
os_3yr,tabpfn_v3,0.26212590299277605,0.5044378698224852,0.7060235648292328
os_3yr,tabpfn_v3,0.26212590299277605,0.5118343195266272,0.7060235648292328
os_3yr,tabpfn_v3,0.2631578947368421,0.5118343195266272,0.7060235648292328
os_3yr,tabpfn_v3,0.2631578947368421,0.5162721893491125,0.7060235648292328
os_3yr,tabpfn_v3,0.26418988648090813,0.5162721893491125,0.7060235648292328
os_3yr,tabpfn_v3,0.26418988648090813,0.5177514792899408,0.7060235648292328
os_3yr,tabpfn_v3,0.27038183694530443,0.5177514792899408,0.7060235648292328
os_3yr,tabpfn_v3,0.27038183694530443,0.5207100591715976,0.7060235648292328
os_3yr,tabpfn_v3,0.2714138286893705,0.5207100591715976,0.7060235648292328
os_3yr,tabpfn_v3,0.2714138286893705,0.522189349112426,0.7060235648292328
os_3yr,tabpfn_v3,0.27347781217750256,0.522189349112426,0.7060235648292328
os_3yr,tabpfn_v3,0.27347781217750256,0.5236686390532544,0.7060235648292328
os_3yr,tabpfn_v3,0.27450980392156865,0.5236686390532544,0.7060235648292328
os_3yr,tabpfn_v3,0.27450980392156865,0.5251479289940828,0.7060235648292328
os_3yr,tabpfn_v3,0.2755417956656347,0.5251479289940828,0.7060235648292328
os_3yr,tabpfn_v3,0.2755417956656347,0.5281065088757396,0.7060235648292328
os_3yr,tabpfn_v3,0.27657378740970073,0.5281065088757396,0.7060235648292328
os_3yr,tabpfn_v3,0.27657378740970073,0.5310650887573964,0.7060235648292328
os_3yr,tabpfn_v3,0.28276573787409703,0.5310650887573964,0.7060235648292328
os_3yr,tabpfn_v3,0.28276573787409703,0.5340236686390533,0.7060235648292328
os_3yr,tabpfn_v3,0.2837977296181631,0.5340236686390533,0.7060235648292328
os_3yr,tabpfn_v3,0.2837977296181631,0.5369822485207101,0.7060235648292328
os_3yr,tabpfn_v3,0.2848297213622291,0.5369822485207101,0.7060235648292328
os_3yr,tabpfn_v3,0.2848297213622291,0.5399408284023669,0.7060235648292328
os_3yr,tabpfn_v3,0.2868937048503612,0.5399408284023669,0.7060235648292328
os_3yr,tabpfn_v3,0.2868937048503612,0.5414201183431953,0.7060235648292328
os_3yr,tabpfn_v3,0.28792569659442724,0.5414201183431953,0.7060235648292328
os_3yr,tabpfn_v3,0.28792569659442724,0.5428994082840237,0.7060235648292328
os_3yr,tabpfn_v3,0.2889576883384933,0.5428994082840237,0.7060235648292328
os_3yr,tabpfn_v3,0.2889576883384933,0.5443786982248521,0.7060235648292328
os_3yr,tabpfn_v3,0.2899896800825593,0.5443786982248521,0.7060235648292328
os_3yr,tabpfn_v3,0.2899896800825593,0.5458579881656804,0.7060235648292328
os_3yr,tabpfn_v3,0.29102167182662536,0.5458579881656804,0.7060235648292328
os_3yr,tabpfn_v3,0.29102167182662536,0.5488165680473372,0.7060235648292328
os_3yr,tabpfn_v3,0.29205366357069146,0.5488165680473372,0.7060235648292328
os_3yr,tabpfn_v3,0.29205366357069146,0.5517751479289941,0.7060235648292328
os_3yr,tabpfn_v3,0.2930856553147575,0.5517751479289941,0.7060235648292328
os_3yr,tabpfn_v3,0.2930856553147575,0.5532544378698225,0.7060235648292328
os_3yr,tabpfn_v3,0.2961816305469556,0.5532544378698225,0.7060235648292328
os_3yr,tabpfn_v3,0.2961816305469556,0.5562130177514792,0.7060235648292328
os_3yr,tabpfn_v3,0.2982456140350877,0.5562130177514792,0.7060235648292328
os_3yr,tabpfn_v3,0.2982456140350877,0.5606508875739645,0.7060235648292328
os_3yr,tabpfn_v3,0.30030959752321984,0.5606508875739645,0.7060235648292328
os_3yr,tabpfn_v3,0.30030959752321984,0.5650887573964497,0.7060235648292328
os_3yr,tabpfn_v3,0.30340557275541796,0.5650887573964497,0.7060235648292328
os_3yr,tabpfn_v3,0.30340557275541796,0.5665680473372781,0.7060235648292328
os_3yr,tabpfn_v3,0.304437564499484,0.5665680473372781,0.7060235648292328
os_3yr,tabpfn_v3,0.304437564499484,0.5680473372781065,0.7060235648292328
os_3yr,tabpfn_v3,0.30546955624355004,0.5680473372781065,0.7060235648292328
os_3yr,tabpfn_v3,0.30546955624355004,0.5739644970414202,0.7060235648292328
os_3yr,tabpfn_v3,0.3065015479876161,0.5739644970414202,0.7060235648292328
os_3yr,tabpfn_v3,0.3065015479876161,0.5754437869822485,0.7060235648292328
os_3yr,tabpfn_v3,0.3075335397316821,0.5754437869822485,0.7060235648292328
os_3yr,tabpfn_v3,0.3075335397316821,0.5798816568047337,0.7060235648292328
os_3yr,tabpfn_v3,0.30856553147574817,0.5798816568047337,0.7060235648292328
os_3yr,tabpfn_v3,0.30856553147574817,0.5887573964497042,0.7060235648292328
os_3yr,tabpfn_v3,0.30959752321981426,0.5887573964497042,0.7060235648292328
os_3yr,tabpfn_v3,0.30959752321981426,0.591715976331361,0.7060235648292328
os_3yr,tabpfn_v3,0.3137254901960784,0.591715976331361,0.7060235648292328
os_3yr,tabpfn_v3,0.3137254901960784,0.5931952662721893,0.7060235648292328
os_3yr,tabpfn_v3,0.3157894736842105,0.5931952662721893,0.7060235648292328
os_3yr,tabpfn_v3,0.3157894736842105,0.5946745562130178,0.7060235648292328
os_3yr,tabpfn_v3,0.31682146542827655,0.5946745562130178,0.7060235648292328
os_3yr,tabpfn_v3,0.31682146542827655,0.5976331360946746,0.7060235648292328
os_3yr,tabpfn_v3,0.32301341589267285,0.5976331360946746,0.7060235648292328
os_3yr,tabpfn_v3,0.32301341589267285,0.599112426035503,0.7060235648292328
os_3yr,tabpfn_v3,0.3240454076367389,0.599112426035503,0.7060235648292328
os_3yr,tabpfn_v3,0.3240454076367389,0.6050295857988166,0.7060235648292328
os_3yr,tabpfn_v3,0.32507739938080493,0.6050295857988166,0.7060235648292328
os_3yr,tabpfn_v3,0.32507739938080493,0.606508875739645,0.7060235648292328
os_3yr,tabpfn_v3,0.32920536635706915,0.606508875739645,0.7060235648292328
os_3yr,tabpfn_v3,0.32920536635706915,0.6094674556213018,0.7060235648292328
os_3yr,tabpfn_v3,0.3302373581011352,0.6094674556213018,0.7060235648292328
os_3yr,tabpfn_v3,0.3302373581011352,0.6109467455621301,0.7060235648292328
os_3yr,tabpfn_v3,0.33436532507739936,0.6109467455621301,0.7060235648292328
os_3yr,tabpfn_v3,0.33436532507739936,0.613905325443787,0.7060235648292328
os_3yr,tabpfn_v3,0.33539731682146545,0.613905325443787,0.7060235648292328
os_3yr,tabpfn_v3,0.33539731682146545,0.6153846153846154,0.7060235648292328
os_3yr,tabpfn_v3,0.3364293085655315,0.6153846153846154,0.7060235648292328
os_3yr,tabpfn_v3,0.3364293085655315,0.6168639053254438,0.7060235648292328
os_3yr,tabpfn_v3,0.3384932920536636,0.6168639053254438,0.7060235648292328
os_3yr,tabpfn_v3,0.3384932920536636,0.6183431952662722,0.7060235648292328
os_3yr,tabpfn_v3,0.3446852425180599,0.6183431952662722,0.7060235648292328
os_3yr,tabpfn_v3,0.3446852425180599,0.6198224852071006,0.7060235648292328
os_3yr,tabpfn_v3,0.3498452012383901,0.6198224852071006,0.7060235648292328
os_3yr,tabpfn_v3,0.3498452012383901,0.621301775147929,0.7060235648292328
os_3yr,tabpfn_v3,0.3539731682146543,0.621301775147929,0.7060235648292328
os_3yr,tabpfn_v3,0.3539731682146543,0.6227810650887574,0.7060235648292328
os_3yr,tabpfn_v3,0.35500515995872034,0.6227810650887574,0.7060235648292328
os_3yr,tabpfn_v3,0.35500515995872034,0.628698224852071,0.7060235648292328
os_3yr,tabpfn_v3,0.3560371517027864,0.628698224852071,0.7060235648292328
os_3yr,tabpfn_v3,0.3560371517027864,0.6301775147928994,0.7060235648292328
os_3yr,tabpfn_v3,0.3570691434468524,0.6301775147928994,0.7060235648292328
os_3yr,tabpfn_v3,0.3570691434468524,0.6316568047337278,0.7060235648292328
os_3yr,tabpfn_v3,0.3591331269349845,0.6316568047337278,0.7060235648292328
os_3yr,tabpfn_v3,0.3591331269349845,0.6331360946745562,0.7060235648292328
os_3yr,tabpfn_v3,0.3673890608875129,0.6331360946745562,0.7060235648292328
os_3yr,tabpfn_v3,0.3673890608875129,0.6346153846153846,0.7060235648292328
os_3yr,tabpfn_v3,0.3684210526315789,0.6346153846153846,0.7060235648292328
os_3yr,tabpfn_v3,0.3684210526315789,0.6375739644970414,0.7060235648292328
os_3yr,tabpfn_v3,0.37048503611971106,0.6375739644970414,0.7060235648292328
os_3yr,tabpfn_v3,0.37048503611971106,0.6390532544378699,0.7060235648292328
os_3yr,tabpfn_v3,0.3715170278637771,0.6390532544378699,0.7060235648292328
os_3yr,tabpfn_v3,0.3715170278637771,0.6420118343195266,0.7060235648292328
os_3yr,tabpfn_v3,0.37564499484004127,0.6420118343195266,0.7060235648292328
os_3yr,tabpfn_v3,0.37564499484004127,0.643491124260355,0.7060235648292328
os_3yr,tabpfn_v3,0.37874097007223945,0.643491124260355,0.7060235648292328
os_3yr,tabpfn_v3,0.37874097007223945,0.6494082840236687,0.7060235648292328
os_3yr,tabpfn_v3,0.3797729618163055,0.6494082840236687,0.7060235648292328
os_3yr,tabpfn_v3,0.3797729618163055,0.6523668639053254,0.7060235648292328
os_3yr,tabpfn_v3,0.38080495356037153,0.6523668639053254,0.7060235648292328
os_3yr,tabpfn_v3,0.38080495356037153,0.6553254437869822,0.7060235648292328
os_3yr,tabpfn_v3,0.38183694530443757,0.6553254437869822,0.7060235648292328
os_3yr,tabpfn_v3,0.38183694530443757,0.658284023668639,0.7060235648292328
os_3yr,tabpfn_v3,0.39009287925696595,0.658284023668639,0.7060235648292328
os_3yr,tabpfn_v3,0.39009287925696595,0.665680473372781,0.7060235648292328
os_3yr,tabpfn_v3,0.391124871001032,0.665680473372781,0.7060235648292328
os_3yr,tabpfn_v3,0.391124871001032,0.6686390532544378,0.7060235648292328
os_3yr,tabpfn_v3,0.39215686274509803,0.6686390532544378,0.7060235648292328
os_3yr,tabpfn_v3,0.39215686274509803,0.6730769230769231,0.7060235648292328
os_3yr,tabpfn_v3,0.3931888544891641,0.6730769230769231,0.7060235648292328
os_3yr,tabpfn_v3,0.3931888544891641,0.6804733727810651,0.7060235648292328
os_3yr,tabpfn_v3,0.39628482972136225,0.6804733727810651,0.7060235648292328
os_3yr,tabpfn_v3,0.39628482972136225,0.6819526627218935,0.7060235648292328
os_3yr,tabpfn_v3,0.3993808049535604,0.6819526627218935,0.7060235648292328
os_3yr,tabpfn_v3,0.3993808049535604,0.6849112426035503,0.7060235648292328
os_3yr,tabpfn_v3,0.4004127966976264,0.6849112426035503,0.7060235648292328
os_3yr,tabpfn_v3,0.4004127966976264,0.6863905325443787,0.7060235648292328
os_3yr,tabpfn_v3,0.4024767801857585,0.6863905325443787,0.7060235648292328
os_3yr,tabpfn_v3,0.4024767801857585,0.6908284023668639,0.7060235648292328
os_3yr,tabpfn_v3,0.40350877192982454,0.6908284023668639,0.7060235648292328
os_3yr,tabpfn_v3,0.40350877192982454,0.6923076923076923,0.7060235648292328
os_3yr,tabpfn_v3,0.40763673890608876,0.6923076923076923,0.7060235648292328
os_3yr,tabpfn_v3,0.40763673890608876,0.6937869822485208,0.7060235648292328
os_3yr,tabpfn_v3,0.40970072239422084,0.6937869822485208,0.7060235648292328
os_3yr,tabpfn_v3,0.40970072239422084,0.6952662721893491,0.7060235648292328
os_3yr,tabpfn_v3,0.4107327141382869,0.6952662721893491,0.7060235648292328
os_3yr,tabpfn_v3,0.4107327141382869,0.6982248520710059,0.7060235648292328
os_3yr,tabpfn_v3,0.4117647058823529,0.6982248520710059,0.7060235648292328
os_3yr,tabpfn_v3,0.4117647058823529,0.6997041420118343,0.7060235648292328
os_3yr,tabpfn_v3,0.41382868937048506,0.6997041420118343,0.7060235648292328
os_3yr,tabpfn_v3,0.41382868937048506,0.7011834319526628,0.7060235648292328
os_3yr,tabpfn_v3,0.4148606811145511,0.7011834319526628,0.7060235648292328
os_3yr,tabpfn_v3,0.4148606811145511,0.7041420118343196,0.7060235648292328
os_3yr,tabpfn_v3,0.41589267285861714,0.7041420118343196,0.7060235648292328
os_3yr,tabpfn_v3,0.41589267285861714,0.7130177514792899,0.7060235648292328
os_3yr,tabpfn_v3,0.4169246646026832,0.7130177514792899,0.7060235648292328
os_3yr,tabpfn_v3,0.4169246646026832,0.7174556213017751,0.7060235648292328
os_3yr,tabpfn_v3,0.4179566563467492,0.7174556213017751,0.7060235648292328
os_3yr,tabpfn_v3,0.4179566563467492,0.7189349112426036,0.7060235648292328
os_3yr,tabpfn_v3,0.41898864809081526,0.7189349112426036,0.7060235648292328
os_3yr,tabpfn_v3,0.41898864809081526,0.7322485207100592,0.7060235648292328
os_3yr,tabpfn_v3,0.42208462332301344,0.7322485207100592,0.7060235648292328
os_3yr,tabpfn_v3,0.42208462332301344,0.7337278106508875,0.7060235648292328
os_3yr,tabpfn_v3,0.4231166150670795,0.7337278106508875,0.7060235648292328
os_3yr,tabpfn_v3,0.4231166150670795,0.735207100591716,0.7060235648292328
os_3yr,tabpfn_v3,0.42518059855521156,0.735207100591716,0.7060235648292328
os_3yr,tabpfn_v3,0.42518059855521156,0.7381656804733728,0.7060235648292328
os_3yr,tabpfn_v3,0.4262125902992776,0.7381656804733728,0.7060235648292328
os_3yr,tabpfn_v3,0.4262125902992776,0.7485207100591716,0.7060235648292328
os_3yr,tabpfn_v3,0.42724458204334365,0.7485207100591716,0.7060235648292328
os_3yr,tabpfn_v3,0.42724458204334365,0.7529585798816568,0.7060235648292328
os_3yr,tabpfn_v3,0.4282765737874097,0.7529585798816568,0.7060235648292328
os_3yr,tabpfn_v3,0.4282765737874097,0.7544378698224852,0.7060235648292328
os_3yr,tabpfn_v3,0.43550051599587203,0.7544378698224852,0.7060235648292328
os_3yr,tabpfn_v3,0.43550051599587203,0.7559171597633136,0.7060235648292328
os_3yr,tabpfn_v3,0.43653250773993807,0.7559171597633136,0.7060235648292328
os_3yr,tabpfn_v3,0.43653250773993807,0.7588757396449705,0.7060235648292328
os_3yr,tabpfn_v3,0.43859649122807015,0.7588757396449705,0.7060235648292328
os_3yr,tabpfn_v3,0.43859649122807015,0.7662721893491125,0.7060235648292328
os_3yr,tabpfn_v3,0.43962848297213625,0.7662721893491125,0.7060235648292328
os_3yr,tabpfn_v3,0.43962848297213625,0.7707100591715976,0.7060235648292328
os_3yr,tabpfn_v3,0.44169246646026833,0.7707100591715976,0.7060235648292328
os_3yr,tabpfn_v3,0.44169246646026833,0.7781065088757396,0.7060235648292328
os_3yr,tabpfn_v3,0.44685242518059853,0.7781065088757396,0.7060235648292328
os_3yr,tabpfn_v3,0.44685242518059853,0.7825443786982249,0.7060235648292328
os_3yr,tabpfn_v3,0.44788441692466463,0.7825443786982249,0.7060235648292328
os_3yr,tabpfn_v3,0.44788441692466463,0.7840236686390533,0.7060235648292328
os_3yr,tabpfn_v3,0.44891640866873067,0.7840236686390533,0.7060235648292328
os_3yr,tabpfn_v3,0.44891640866873067,0.7855029585798816,0.7060235648292328
os_3yr,tabpfn_v3,0.4499484004127967,0.7855029585798816,0.7060235648292328
os_3yr,tabpfn_v3,0.4499484004127967,0.7884615384615384,0.7060235648292328
os_3yr,tabpfn_v3,0.45098039215686275,0.7884615384615384,0.7060235648292328
os_3yr,tabpfn_v3,0.45098039215686275,0.7899408284023669,0.7060235648292328
os_3yr,tabpfn_v3,0.45304437564499483,0.7899408284023669,0.7060235648292328
os_3yr,tabpfn_v3,0.45304437564499483,0.7958579881656804,0.7060235648292328
os_3yr,tabpfn_v3,0.4540763673890609,0.7958579881656804,0.7060235648292328
os_3yr,tabpfn_v3,0.4540763673890609,0.7973372781065089,0.7060235648292328
os_3yr,tabpfn_v3,0.45614035087719296,0.7973372781065089,0.7060235648292328
os_3yr,tabpfn_v3,0.45614035087719296,0.7988165680473372,0.7060235648292328
os_3yr,tabpfn_v3,0.45717234262125905,0.7988165680473372,0.7060235648292328
os_3yr,tabpfn_v3,0.45717234262125905,0.8017751479289941,0.7060235648292328
os_3yr,tabpfn_v3,0.45923632610939114,0.8017751479289941,0.7060235648292328
os_3yr,tabpfn_v3,0.45923632610939114,0.8047337278106509,0.7060235648292328
os_3yr,tabpfn_v3,0.46233230134158926,0.8047337278106509,0.7060235648292328
os_3yr,tabpfn_v3,0.46542827657378744,0.8047337278106509,0.7060235648292328
os_3yr,tabpfn_v3,0.47058823529411764,0.8047337278106509,0.7060235648292328
os_3yr,tabpfn_v3,0.47058823529411764,0.8076923076923077,0.7060235648292328
os_3yr,tabpfn_v3,0.4716202270381837,0.8076923076923077,0.7060235648292328
os_3yr,tabpfn_v3,0.4726522187822497,0.8091715976331361,0.7060235648292328
os_3yr,tabpfn_v3,0.47678018575851394,0.8091715976331361,0.7060235648292328
os_3yr,tabpfn_v3,0.478844169246646,0.8091715976331361,0.7060235648292328
os_3yr,tabpfn_v3,0.4809081527347781,0.8091715976331361,0.7060235648292328
os_3yr,tabpfn_v3,0.4809081527347781,0.8106508875739645,0.7060235648292328
os_3yr,tabpfn_v3,0.48297213622291024,0.8106508875739645,0.7060235648292328
os_3yr,tabpfn_v3,0.48297213622291024,0.8136094674556213,0.7060235648292328
os_3yr,tabpfn_v3,0.48606811145510836,0.8136094674556213,0.7060235648292328
os_3yr,tabpfn_v3,0.48813209494324045,0.8136094674556213,0.7060235648292328
os_3yr,tabpfn_v3,0.4891640866873065,0.8136094674556213,0.7060235648292328
os_3yr,tabpfn_v3,0.4891640866873065,0.8165680473372781,0.7060235648292328
os_3yr,tabpfn_v3,0.5015479876160991,0.8165680473372781,0.7060235648292328
os_3yr,tabpfn_v3,0.5025799793601651,0.8180473372781065,0.7060235648292328
os_3yr,tabpfn_v3,0.5046439628482973,0.8180473372781065,0.7060235648292328
os_3yr,tabpfn_v3,0.5046439628482973,0.8210059171597633,0.7060235648292328
os_3yr,tabpfn_v3,0.5056759545923633,0.8210059171597633,0.7060235648292328
os_3yr,tabpfn_v3,0.5077399380804953,0.8224852071005917,0.7060235648292328
os_3yr,tabpfn_v3,0.5087719298245614,0.8224852071005917,0.7060235648292328
os_3yr,tabpfn_v3,0.5087719298245614,0.8239644970414202,0.7060235648292328
os_3yr,tabpfn_v3,0.5098039215686274,0.8254437869822485,0.7060235648292328
os_3yr,tabpfn_v3,0.5098039215686274,0.8269230769230769,0.7060235648292328
os_3yr,tabpfn_v3,0.5108359133126935,0.8269230769230769,0.7060235648292328
os_3yr,tabpfn_v3,0.5108359133126935,0.8284023668639053,0.7060235648292328
os_3yr,tabpfn_v3,0.5149638802889577,0.8284023668639053,0.7060235648292328
os_3yr,tabpfn_v3,0.5149638802889577,0.8328402366863905,0.7060235648292328
os_3yr,tabpfn_v3,0.52218782249742,0.8328402366863905,0.7060235648292328
os_3yr,tabpfn_v3,0.52218782249742,0.8387573964497042,0.7060235648292328
os_3yr,tabpfn_v3,0.5232198142414861,0.8387573964497042,0.7060235648292328
os_3yr,tabpfn_v3,0.5232198142414861,0.841715976331361,0.7060235648292328
os_3yr,tabpfn_v3,0.5242518059855521,0.841715976331361,0.7060235648292328
os_3yr,tabpfn_v3,0.5263157894736842,0.8431952662721893,0.7060235648292328
os_3yr,tabpfn_v3,0.5263157894736842,0.8446745562130178,0.7060235648292328
os_3yr,tabpfn_v3,0.5273477812177503,0.8446745562130178,0.7060235648292328
os_3yr,tabpfn_v3,0.5294117647058824,0.8476331360946746,0.7060235648292328
os_3yr,tabpfn_v3,0.5294117647058824,0.8505917159763313,0.7060235648292328
os_3yr,tabpfn_v3,0.5304437564499485,0.8520710059171598,0.7060235648292328
os_3yr,tabpfn_v3,0.5304437564499485,0.8535502958579881,0.7060235648292328
os_3yr,tabpfn_v3,0.5314757481940144,0.8535502958579881,0.7060235648292328
os_3yr,tabpfn_v3,0.5314757481940144,0.8550295857988166,0.7060235648292328
os_3yr,tabpfn_v3,0.5325077399380805,0.8550295857988166,0.7060235648292328
os_3yr,tabpfn_v3,0.5325077399380805,0.8594674556213018,0.7060235648292328
os_3yr,tabpfn_v3,0.5335397316821465,0.8594674556213018,0.7060235648292328
os_3yr,tabpfn_v3,0.5335397316821465,0.8624260355029586,0.7060235648292328
os_3yr,tabpfn_v3,0.5376676986584107,0.8624260355029586,0.7060235648292328
os_3yr,tabpfn_v3,0.5376676986584107,0.863905325443787,0.7060235648292328
os_3yr,tabpfn_v3,0.5397316821465429,0.863905325443787,0.7060235648292328
os_3yr,tabpfn_v3,0.5397316821465429,0.8668639053254438,0.7060235648292328
os_3yr,tabpfn_v3,0.5397316821465429,0.8683431952662722,0.7060235648292328
os_3yr,tabpfn_v3,0.541795665634675,0.8683431952662722,0.7060235648292328
os_3yr,tabpfn_v3,0.541795665634675,0.8698224852071006,0.7060235648292328
os_3yr,tabpfn_v3,0.543859649122807,0.8698224852071006,0.7060235648292328
os_3yr,tabpfn_v3,0.543859649122807,0.871301775147929,0.7060235648292328
os_3yr,tabpfn_v3,0.5469556243550051,0.871301775147929,0.7060235648292328
os_3yr,tabpfn_v3,0.5469556243550051,0.8757396449704142,0.7060235648292328
os_3yr,tabpfn_v3,0.5479876160990712,0.8757396449704142,0.7060235648292328
os_3yr,tabpfn_v3,0.5479876160990712,0.8772189349112426,0.7060235648292328
os_3yr,tabpfn_v3,0.5500515995872033,0.8772189349112426,0.7060235648292328
os_3yr,tabpfn_v3,0.5500515995872033,0.878698224852071,0.7060235648292328
os_3yr,tabpfn_v3,0.5531475748194015,0.878698224852071,0.7060235648292328
os_3yr,tabpfn_v3,0.5531475748194015,0.8905325443786982,0.7060235648292328
os_3yr,tabpfn_v3,0.5531475748194015,0.893491124260355,0.7060235648292328
os_3yr,tabpfn_v3,0.5541795665634675,0.8949704142011834,0.7060235648292328
os_3yr,tabpfn_v3,0.5541795665634675,0.8964497041420119,0.7060235648292328
os_3yr,tabpfn_v3,0.5552115583075335,0.8964497041420119,0.7060235648292328
os_3yr,tabpfn_v3,0.5552115583075335,0.8979289940828402,0.7060235648292328
os_3yr,tabpfn_v3,0.5593395252837977,0.8979289940828402,0.7060235648292328
os_3yr,tabpfn_v3,0.5593395252837977,0.8994082840236687,0.7060235648292328
os_3yr,tabpfn_v3,0.564499484004128,0.8994082840236687,0.7060235648292328
os_3yr,tabpfn_v3,0.564499484004128,0.900887573964497,0.7060235648292328
os_3yr,tabpfn_v3,0.5768833849329206,0.900887573964497,0.7060235648292328
os_3yr,tabpfn_v3,0.5768833849329206,0.9023668639053254,0.7060235648292328
os_3yr,tabpfn_v3,0.586171310629515,0.9023668639053254,0.7060235648292328
os_3yr,tabpfn_v3,0.586171310629515,0.9038461538461539,0.7060235648292328
os_3yr,tabpfn_v3,0.5913312693498453,0.9038461538461539,0.7060235648292328
os_3yr,tabpfn_v3,0.5913312693498453,0.9053254437869822,0.7060235648292328
os_3yr,tabpfn_v3,0.6037151702786377,0.9053254437869822,0.7060235648292328
os_3yr,tabpfn_v3,0.6037151702786377,0.9068047337278107,0.7060235648292328
os_3yr,tabpfn_v3,0.6047471620227038,0.9068047337278107,0.7060235648292328
os_3yr,tabpfn_v3,0.6047471620227038,0.908284023668639,0.7060235648292328
os_3yr,tabpfn_v3,0.6367389060887513,0.908284023668639,0.7060235648292328
os_3yr,tabpfn_v3,0.6367389060887513,0.9097633136094675,0.7060235648292328
os_3yr,tabpfn_v3,0.6449948400412797,0.9097633136094675,0.7060235648292328
os_3yr,tabpfn_v3,0.6449948400412797,0.9127218934911243,0.7060235648292328
os_3yr,tabpfn_v3,0.651186790505676,0.9127218934911243,0.7060235648292328
os_3yr,tabpfn_v3,0.651186790505676,0.915680473372781,0.7060235648292328
os_3yr,tabpfn_v3,0.6676986584107327,0.915680473372781,0.7060235648292328
os_3yr,tabpfn_v3,0.6676986584107327,0.9171597633136095,0.7060235648292328
os_3yr,tabpfn_v3,0.6821465428276574,0.9171597633136095,0.7060235648292328
os_3yr,tabpfn_v3,0.6821465428276574,0.9186390532544378,0.7060235648292328
os_3yr,tabpfn_v3,0.6914344685242518,0.9186390532544378,0.7060235648292328
os_3yr,tabpfn_v3,0.6914344685242518,0.9201183431952663,0.7060235648292328
os_3yr,tabpfn_v3,0.6934984520123839,0.9201183431952663,0.7060235648292328
os_3yr,tabpfn_v3,0.6934984520123839,0.9215976331360947,0.7060235648292328
os_3yr,tabpfn_v3,0.6945304437564499,0.9215976331360947,0.7060235648292328
os_3yr,tabpfn_v3,0.6945304437564499,0.9230769230769231,0.7060235648292328
os_3yr,tabpfn_v3,0.6965944272445821,0.9230769230769231,0.7060235648292328
os_3yr,tabpfn_v3,0.6965944272445821,0.9245562130177515,0.7060235648292328
os_3yr,tabpfn_v3,0.7007223942208463,0.9245562130177515,0.7060235648292328
os_3yr,tabpfn_v3,0.7007223942208463,0.9260355029585798,0.7060235648292328
os_3yr,tabpfn_v3,0.7058823529411765,0.9260355029585798,0.7060235648292328
os_3yr,tabpfn_v3,0.7058823529411765,0.9275147928994083,0.7060235648292328
os_3yr,tabpfn_v3,0.7100103199174407,0.9275147928994083,0.7060235648292328
os_3yr,tabpfn_v3,0.7100103199174407,0.9289940828402367,0.7060235648292328
os_3yr,tabpfn_v3,0.7120743034055728,0.9289940828402367,0.7060235648292328
os_3yr,tabpfn_v3,0.7120743034055728,0.9304733727810651,0.7060235648292328
os_3yr,tabpfn_v3,0.7254901960784313,0.9304733727810651,0.7060235648292328
os_3yr,tabpfn_v3,0.7254901960784313,0.9319526627218935,0.7060235648292328
os_3yr,tabpfn_v3,0.7265221878224974,0.9319526627218935,0.7060235648292328
os_3yr,tabpfn_v3,0.7265221878224974,0.9334319526627219,0.7060235648292328
os_3yr,tabpfn_v3,0.7296181630546955,0.9334319526627219,0.7060235648292328
os_3yr,tabpfn_v3,0.7296181630546955,0.9349112426035503,0.7060235648292328
os_3yr,tabpfn_v3,0.760577915376677,0.9349112426035503,0.7060235648292328
os_3yr,tabpfn_v3,0.760577915376677,0.9363905325443787,0.7060235648292328
os_3yr,tabpfn_v3,0.762641898864809,0.9363905325443787,0.7060235648292328
os_3yr,tabpfn_v3,0.762641898864809,0.9378698224852071,0.7060235648292328
os_3yr,tabpfn_v3,0.7719298245614035,0.9378698224852071,0.7060235648292328
os_3yr,tabpfn_v3,0.7719298245614035,0.9393491124260355,0.7060235648292328
os_3yr,tabpfn_v3,0.7843137254901961,0.9393491124260355,0.7060235648292328
os_3yr,tabpfn_v3,0.7843137254901961,0.9408284023668639,0.7060235648292328
os_3yr,tabpfn_v3,0.7894736842105263,0.9408284023668639,0.7060235648292328
os_3yr,tabpfn_v3,0.7894736842105263,0.9423076923076923,0.7060235648292328
os_3yr,tabpfn_v3,0.7915376676986584,0.9423076923076923,0.7060235648292328
os_3yr,tabpfn_v3,0.7915376676986584,0.9437869822485208,0.7060235648292328
os_3yr,tabpfn_v3,0.8070175438596491,0.9437869822485208,0.7060235648292328
os_3yr,tabpfn_v3,0.8070175438596491,0.9452662721893491,0.7060235648292328
os_3yr,tabpfn_v3,0.8121775025799793,0.9452662721893491,0.7060235648292328
os_3yr,tabpfn_v3,0.8121775025799793,0.9467455621301775,0.7060235648292328
os_3yr,tabpfn_v3,0.8142414860681114,0.9467455621301775,0.7060235648292328
os_3yr,tabpfn_v3,0.8142414860681114,0.9482248520710059,0.7060235648292328
os_3yr,tabpfn_v3,0.8194014447884417,0.9482248520710059,0.7060235648292328
os_3yr,tabpfn_v3,0.8194014447884417,0.9526627218934911,0.7060235648292328
os_3yr,tabpfn_v3,0.8317853457172343,0.9526627218934911,0.7060235648292328
os_3yr,tabpfn_v3,0.8317853457172343,0.9541420118343196,0.7060235648292328
os_3yr,tabpfn_v3,0.8369453044375645,0.9541420118343196,0.7060235648292328
os_3yr,tabpfn_v3,0.8369453044375645,0.9556213017751479,0.7060235648292328
os_3yr,tabpfn_v3,0.8575851393188855,0.9556213017751479,0.7060235648292328
os_3yr,tabpfn_v3,0.8575851393188855,0.9571005917159763,0.7060235648292328
os_3yr,tabpfn_v3,0.8648090815273478,0.9571005917159763,0.7060235648292328
os_3yr,tabpfn_v3,0.8648090815273478,0.9585798816568047,0.7060235648292328
os_3yr,tabpfn_v3,0.8668730650154799,0.9585798816568047,0.7060235648292328
os_3yr,tabpfn_v3,0.8668730650154799,0.9600591715976331,0.7060235648292328
os_3yr,tabpfn_v3,0.8699690402476781,0.9600591715976331,0.7060235648292328
os_3yr,tabpfn_v3,0.8699690402476781,0.9630177514792899,0.7060235648292328
os_3yr,tabpfn_v3,0.8720330237358102,0.9630177514792899,0.7060235648292328
os_3yr,tabpfn_v3,0.8720330237358102,0.9644970414201184,0.7060235648292328
os_3yr,tabpfn_v3,0.8813209494324046,0.9644970414201184,0.7060235648292328
os_3yr,tabpfn_v3,0.8813209494324046,0.9659763313609467,0.7060235648292328
os_3yr,tabpfn_v3,0.8823529411764706,0.9659763313609467,0.7060235648292328
os_3yr,tabpfn_v3,0.8823529411764706,0.9674556213017751,0.7060235648292328
os_3yr,tabpfn_v3,0.8864809081527347,0.9674556213017751,0.7060235648292328
os_3yr,tabpfn_v3,0.8864809081527347,0.9704142011834319,0.7060235648292328
os_3yr,tabpfn_v3,0.8968008255933952,0.9704142011834319,0.7060235648292328
os_3yr,tabpfn_v3,0.8968008255933952,0.9718934911242604,0.7060235648292328
os_3yr,tabpfn_v3,0.8998968008255934,0.9718934911242604,0.7060235648292328
os_3yr,tabpfn_v3,0.8998968008255934,0.9733727810650887,0.7060235648292328
os_3yr,tabpfn_v3,0.9246646026831785,0.9733727810650887,0.7060235648292328
os_3yr,tabpfn_v3,0.9246646026831785,0.9748520710059172,0.7060235648292328
os_3yr,tabpfn_v3,0.9256965944272446,0.9748520710059172,0.7060235648292328
os_3yr,tabpfn_v3,0.9256965944272446,0.9792899408284024,0.7060235648292328
os_3yr,tabpfn_v3,0.9318885448916409,0.9792899408284024,0.7060235648292328
os_3yr,tabpfn_v3,0.9318885448916409,0.9807692307692307,0.7060235648292328
os_3yr,tabpfn_v3,0.9391124871001032,0.9807692307692307,0.7060235648292328
os_3yr,tabpfn_v3,0.9391124871001032,0.9822485207100592,0.7060235648292328
os_3yr,tabpfn_v3,0.9411764705882353,0.9822485207100592,0.7060235648292328
os_3yr,tabpfn_v3,0.9411764705882353,0.9866863905325444,0.7060235648292328
os_3yr,tabpfn_v3,0.9473684210526315,0.9866863905325444,0.7060235648292328
os_3yr,tabpfn_v3,0.9473684210526315,0.9881656804733728,0.7060235648292328
os_3yr,tabpfn_v3,0.9535603715170279,0.9881656804733728,0.7060235648292328
os_3yr,tabpfn_v3,0.9535603715170279,0.9896449704142012,0.7060235648292328
os_3yr,tabpfn_v3,0.9628482972136223,0.9896449704142012,0.7060235648292328
os_3yr,tabpfn_v3,0.9628482972136223,0.9911242603550295,0.7060235648292328
os_3yr,tabpfn_v3,0.9876160990712074,0.9911242603550295,0.7060235648292328
os_3yr,tabpfn_v3,0.9876160990712074,0.992603550295858,0.7060235648292328
os_3yr,tabpfn_v3,0.9958720330237358,0.992603550295858,0.7060235648292328
os_3yr,tabpfn_v3,0.9958720330237358,0.9970414201183432,0.7060235648292328
os_3yr,tabpfn_v3,0.9969040247678018,0.9970414201183432,0.7060235648292328
os_3yr,tabpfn_v3,0.9969040247678018,0.9985207100591716,0.7060235648292328
os_3yr,tabpfn_v3,1.0,0.9985207100591716,0.7060235648292328
os_3yr,tabpfn_v3,1.0,1.0,0.7060235648292328
os_5yr,autogluon,0.0,0.0,0.7480585368285904
os_5yr,autogluon,0.0,0.0013774104683195593,0.7480585368285904
os_5yr,autogluon,0.0,0.004132231404958678,0.7480585368285904
os_5yr,autogluon,0.0,0.024793388429752067,0.7480585368285904
os_5yr,autogluon,0.0022624434389140274,0.024793388429752067,0.7480585368285904
os_5yr,autogluon,0.0022624434389140274,0.028925619834710745,0.7480585368285904
os_5yr,autogluon,0.004524886877828055,0.028925619834710745,0.7480585368285904
os_5yr,autogluon,0.004524886877828055,0.0371900826446281,0.7480585368285904
os_5yr,autogluon,0.004524886877828055,0.03994490358126722,0.7480585368285904
os_5yr,autogluon,0.004524886877828055,0.045454545454545456,0.7480585368285904
os_5yr,autogluon,0.006787330316742082,0.045454545454545456,0.7480585368285904
os_5yr,autogluon,0.006787330316742082,0.06198347107438017,0.7480585368285904
os_5yr,autogluon,0.006787330316742082,0.06473829201101929,0.7480585368285904
os_5yr,autogluon,0.006787330316742082,0.0674931129476584,0.7480585368285904
os_5yr,autogluon,0.011312217194570135,0.0674931129476584,0.7480585368285904
os_5yr,autogluon,0.011312217194570135,0.07024793388429752,0.7480585368285904
os_5yr,autogluon,0.013574660633484163,0.07024793388429752,0.7480585368285904
os_5yr,autogluon,0.013574660633484163,0.07300275482093664,0.7480585368285904
os_5yr,autogluon,0.01583710407239819,0.07300275482093664,0.7480585368285904
os_5yr,autogluon,0.01583710407239819,0.07575757575757576,0.7480585368285904
os_5yr,autogluon,0.01809954751131222,0.07575757575757576,0.7480585368285904
os_5yr,autogluon,0.01809954751131222,0.07713498622589532,0.7480585368285904
os_5yr,autogluon,0.020361990950226245,0.07713498622589532,0.7480585368285904
os_5yr,autogluon,0.020361990950226245,0.08677685950413223,0.7480585368285904
os_5yr,autogluon,0.02262443438914027,0.08677685950413223,0.7480585368285904
os_5yr,autogluon,0.02262443438914027,0.11294765840220386,0.7480585368285904
os_5yr,autogluon,0.024886877828054297,0.11294765840220386,0.7480585368285904
os_5yr,autogluon,0.024886877828054297,0.1184573002754821,0.7480585368285904
os_5yr,autogluon,0.027149321266968326,0.1184573002754821,0.7480585368285904
os_5yr,autogluon,0.027149321266968326,0.1349862258953168,0.7480585368285904
os_5yr,autogluon,0.029411764705882353,0.1349862258953168,0.7480585368285904
os_5yr,autogluon,0.029411764705882353,0.13636363636363635,0.7480585368285904
os_5yr,autogluon,0.03167420814479638,0.13636363636363635,0.7480585368285904
os_5yr,autogluon,0.03167420814479638,0.13774104683195593,0.7480585368285904
os_5yr,autogluon,0.033936651583710405,0.13774104683195593,0.7480585368285904
os_5yr,autogluon,0.033936651583710405,0.14049586776859505,0.7480585368285904
os_5yr,autogluon,0.03619909502262444,0.14049586776859505,0.7480585368285904
os_5yr,autogluon,0.03619909502262444,0.15151515151515152,0.7480585368285904
os_5yr,autogluon,0.038461538461538464,0.15151515151515152,0.7480585368285904
os_5yr,autogluon,0.038461538461538464,0.15564738292011018,0.7480585368285904
os_5yr,autogluon,0.04072398190045249,0.15564738292011018,0.7480585368285904
os_5yr,autogluon,0.04072398190045249,0.1584022038567493,0.7480585368285904
os_5yr,autogluon,0.042986425339366516,0.1584022038567493,0.7480585368285904
os_5yr,autogluon,0.042986425339366516,0.1763085399449036,0.7480585368285904
os_5yr,autogluon,0.04524886877828054,0.1763085399449036,0.7480585368285904
os_5yr,autogluon,0.04524886877828054,0.18044077134986225,0.7480585368285904
os_5yr,autogluon,0.04751131221719457,0.18044077134986225,0.7480585368285904
os_5yr,autogluon,0.04751131221719457,0.18319559228650137,0.7480585368285904
os_5yr,autogluon,0.049773755656108594,0.18319559228650137,0.7480585368285904
os_5yr,autogluon,0.049773755656108594,0.18457300275482094,0.7480585368285904
os_5yr,autogluon,0.05203619909502263,0.18457300275482094,0.7480585368285904
os_5yr,autogluon,0.05203619909502263,0.1859504132231405,0.7480585368285904
os_5yr,autogluon,0.05429864253393665,0.1859504132231405,0.7480585368285904
os_5yr,autogluon,0.05429864253393665,0.19146005509641872,0.7480585368285904
os_5yr,autogluon,0.05656108597285068,0.19146005509641872,0.7480585368285904
os_5yr,autogluon,0.05656108597285068,0.20110192837465565,0.7480585368285904
os_5yr,autogluon,0.058823529411764705,0.20110192837465565,0.7480585368285904
os_5yr,autogluon,0.058823529411764705,0.20385674931129477,0.7480585368285904
os_5yr,autogluon,0.06334841628959276,0.20385674931129477,0.7480585368285904
os_5yr,autogluon,0.06334841628959276,0.21487603305785125,0.7480585368285904
os_5yr,autogluon,0.06561085972850679,0.21487603305785125,0.7480585368285904
os_5yr,autogluon,0.06561085972850679,0.22589531680440772,0.7480585368285904
os_5yr,autogluon,0.06787330316742081,0.22589531680440772,0.7480585368285904
os_5yr,autogluon,0.06787330316742081,0.22865013774104684,0.7480585368285904
os_5yr,autogluon,0.07013574660633484,0.22865013774104684,0.7480585368285904
os_5yr,autogluon,0.07013574660633484,0.2465564738292011,0.7480585368285904
os_5yr,autogluon,0.07239819004524888,0.2465564738292011,0.7480585368285904
os_5yr,autogluon,0.07239819004524888,0.25068870523415976,0.7480585368285904
os_5yr,autogluon,0.0746606334841629,0.25068870523415976,0.7480585368285904
os_5yr,autogluon,0.0746606334841629,0.256198347107438,0.7480585368285904
os_5yr,autogluon,0.07692307692307693,0.256198347107438,0.7480585368285904
os_5yr,autogluon,0.07692307692307693,0.25895316804407714,0.7480585368285904
os_5yr,autogluon,0.07918552036199095,0.25895316804407714,0.7480585368285904
os_5yr,autogluon,0.07918552036199095,0.2603305785123967,0.7480585368285904
os_5yr,autogluon,0.08144796380090498,0.2603305785123967,0.7480585368285904
os_5yr,autogluon,0.08144796380090498,0.2630853994490358,0.7480585368285904
os_5yr,autogluon,0.083710407239819,0.2630853994490358,0.7480585368285904
os_5yr,autogluon,0.083710407239819,0.2644628099173554,0.7480585368285904
os_5yr,autogluon,0.08597285067873303,0.2644628099173554,0.7480585368285904
os_5yr,autogluon,0.08597285067873303,0.26584022038567495,0.7480585368285904
os_5yr,autogluon,0.08823529411764706,0.26584022038567495,0.7480585368285904
os_5yr,autogluon,0.08823529411764706,0.2768595041322314,0.7480585368285904
os_5yr,autogluon,0.09049773755656108,0.2768595041322314,0.7480585368285904
os_5yr,autogluon,0.09049773755656108,0.28236914600550966,0.7480585368285904
os_5yr,autogluon,0.09276018099547512,0.28236914600550966,0.7480585368285904
os_5yr,autogluon,0.09276018099547512,0.28512396694214875,0.7480585368285904
os_5yr,autogluon,0.09502262443438914,0.28512396694214875,0.7480585368285904
os_5yr,autogluon,0.09502262443438914,0.2865013774104683,0.7480585368285904
os_5yr,autogluon,0.09954751131221719,0.2865013774104683,0.7480585368285904
os_5yr,autogluon,0.09954751131221719,0.29338842975206614,0.7480585368285904
os_5yr,autogluon,0.10180995475113122,0.29338842975206614,0.7480585368285904
os_5yr,autogluon,0.10180995475113122,0.2975206611570248,0.7480585368285904
os_5yr,autogluon,0.10633484162895927,0.2975206611570248,0.7480585368285904
os_5yr,autogluon,0.10633484162895927,0.31267217630853994,0.7480585368285904
os_5yr,autogluon,0.1085972850678733,0.31267217630853994,0.7480585368285904
os_5yr,autogluon,0.1085972850678733,0.3168044077134986,0.7480585368285904
os_5yr,autogluon,0.11085972850678733,0.3168044077134986,0.7480585368285904
os_5yr,autogluon,0.11085972850678733,0.3209366391184573,0.7480585368285904
os_5yr,autogluon,0.11312217194570136,0.3209366391184573,0.7480585368285904
os_5yr,autogluon,0.11312217194570136,0.3236914600550964,0.7480585368285904
os_5yr,autogluon,0.11990950226244344,0.3236914600550964,0.7480585368285904
os_5yr,autogluon,0.11990950226244344,0.325068870523416,0.7480585368285904
os_5yr,autogluon,0.12217194570135746,0.325068870523416,0.7480585368285904
os_5yr,autogluon,0.12217194570135746,0.32920110192837465,0.7480585368285904
os_5yr,autogluon,0.12669683257918551,0.32920110192837465,0.7480585368285904
os_5yr,autogluon,0.12669683257918551,0.3333333333333333,0.7480585368285904
os_5yr,autogluon,0.12895927601809956,0.3333333333333333,0.7480585368285904
os_5yr,autogluon,0.12895927601809956,0.34297520661157027,0.7480585368285904
os_5yr,autogluon,0.13122171945701358,0.34297520661157027,0.7480585368285904
os_5yr,autogluon,0.13122171945701358,0.35399449035812675,0.7480585368285904
os_5yr,autogluon,0.1334841628959276,0.35399449035812675,0.7480585368285904
os_5yr,autogluon,0.1334841628959276,0.37052341597796146,0.7480585368285904
os_5yr,autogluon,0.13574660633484162,0.37052341597796146,0.7480585368285904
os_5yr,autogluon,0.13574660633484162,0.3787878787878788,0.7480585368285904
os_5yr,autogluon,0.13800904977375567,0.3787878787878788,0.7480585368285904
os_5yr,autogluon,0.13800904977375567,0.38292011019283745,0.7480585368285904
os_5yr,autogluon,0.14027149321266968,0.38292011019283745,0.7480585368285904
os_5yr,autogluon,0.14027149321266968,0.3856749311294766,0.7480585368285904
os_5yr,autogluon,0.1425339366515837,0.3856749311294766,0.7480585368285904
os_5yr,autogluon,0.1425339366515837,0.39807162534435264,0.7480585368285904
os_5yr,autogluon,0.1493212669683258,0.39807162534435264,0.7480585368285904
os_5yr,autogluon,0.1493212669683258,0.4228650137741047,0.7480585368285904
os_5yr,autogluon,0.1515837104072398,0.4228650137741047,0.7480585368285904
os_5yr,autogluon,0.1515837104072398,0.4283746556473829,0.7480585368285904
os_5yr,autogluon,0.15384615384615385,0.4283746556473829,0.7480585368285904
os_5yr,autogluon,0.15384615384615385,0.43112947658402206,0.7480585368285904
os_5yr,autogluon,0.15610859728506787,0.43112947658402206,0.7480585368285904
os_5yr,autogluon,0.15610859728506787,0.43526170798898073,0.7480585368285904
os_5yr,autogluon,0.1583710407239819,0.43526170798898073,0.7480585368285904
os_5yr,autogluon,0.1583710407239819,0.4366391184573003,0.7480585368285904
os_5yr,autogluon,0.16063348416289594,0.4366391184573003,0.7480585368285904
os_5yr,autogluon,0.16063348416289594,0.44077134986225897,0.7480585368285904
os_5yr,autogluon,0.16289592760180996,0.44077134986225897,0.7480585368285904
os_5yr,autogluon,0.16289592760180996,0.4476584022038568,0.7480585368285904
os_5yr,autogluon,0.16515837104072398,0.4476584022038568,0.7480585368285904
os_5yr,autogluon,0.16515837104072398,0.4490358126721763,0.7480585368285904
os_5yr,autogluon,0.17194570135746606,0.4490358126721763,0.7480585368285904
os_5yr,autogluon,0.17194570135746606,0.45041322314049587,0.7480585368285904
os_5yr,autogluon,0.17420814479638008,0.45041322314049587,0.7480585368285904
os_5yr,autogluon,0.17420814479638008,0.45867768595041325,0.7480585368285904
os_5yr,autogluon,0.17647058823529413,0.45867768595041325,0.7480585368285904
os_5yr,autogluon,0.17647058823529413,0.465564738292011,0.7480585368285904
os_5yr,autogluon,0.18552036199095023,0.465564738292011,0.7480585368285904
os_5yr,autogluon,0.18552036199095023,0.46831955922865015,0.7480585368285904
os_5yr,autogluon,0.19004524886877827,0.46831955922865015,0.7480585368285904
os_5yr,autogluon,0.19004524886877827,0.4696969696969697,0.7480585368285904
os_5yr,autogluon,0.19230769230769232,0.4696969696969697,0.7480585368285904
os_5yr,autogluon,0.19230769230769232,0.47107438016528924,0.7480585368285904
os_5yr,autogluon,0.19457013574660634,0.47107438016528924,0.7480585368285904
os_5yr,autogluon,0.19457013574660634,0.4738292011019284,0.7480585368285904
os_5yr,autogluon,0.19683257918552036,0.4738292011019284,0.7480585368285904
os_5yr,autogluon,0.19683257918552036,0.48622589531680444,0.7480585368285904
os_5yr,autogluon,0.20135746606334842,0.48622589531680444,0.7480585368285904
os_5yr,autogluon,0.20135746606334842,0.48760330578512395,0.7480585368285904
os_5yr,autogluon,0.20588235294117646,0.48760330578512395,0.7480585368285904
os_5yr,autogluon,0.20588235294117646,0.4889807162534435,0.7480585368285904
os_5yr,autogluon,0.2081447963800905,0.4889807162534435,0.7480585368285904
os_5yr,autogluon,0.2081447963800905,0.49449035812672176,0.7480585368285904
os_5yr,autogluon,0.21040723981900453,0.49449035812672176,0.7480585368285904
os_5yr,autogluon,0.21040723981900453,0.49586776859504134,0.7480585368285904
os_5yr,autogluon,0.21945701357466063,0.49586776859504134,0.7480585368285904
os_5yr,autogluon,0.21945701357466063,0.4972451790633609,0.7480585368285904
os_5yr,autogluon,0.2239819004524887,0.4972451790633609,0.7480585368285904
os_5yr,autogluon,0.2239819004524887,0.5041322314049587,0.7480585368285904
os_5yr,autogluon,0.22624434389140272,0.5041322314049587,0.7480585368285904
os_5yr,autogluon,0.22624434389140272,0.5055096418732782,0.7480585368285904
os_5yr,autogluon,0.22850678733031674,0.5055096418732782,0.7480585368285904
os_5yr,autogluon,0.22850678733031674,0.5137741046831956,0.7480585368285904
os_5yr,autogluon,0.23076923076923078,0.5137741046831956,0.7480585368285904
os_5yr,autogluon,0.23076923076923078,0.5179063360881543,0.7480585368285904
os_5yr,autogluon,0.23529411764705882,0.5179063360881543,0.7480585368285904
os_5yr,autogluon,0.23529411764705882,0.5275482093663911,0.7480585368285904
os_5yr,autogluon,0.23755656108597284,0.5275482093663911,0.7480585368285904
os_5yr,autogluon,0.23755656108597284,0.5330578512396694,0.7480585368285904
os_5yr,autogluon,0.2398190045248869,0.5330578512396694,0.7480585368285904
os_5yr,autogluon,0.2398190045248869,0.5495867768595041,0.7480585368285904
os_5yr,autogluon,0.2420814479638009,0.5495867768595041,0.7480585368285904
os_5yr,autogluon,0.2420814479638009,0.5578512396694215,0.7480585368285904
os_5yr,autogluon,0.24434389140271492,0.5578512396694215,0.7480585368285904
os_5yr,autogluon,0.24434389140271492,0.5633608815426997,0.7480585368285904
os_5yr,autogluon,0.248868778280543,0.5633608815426997,0.7480585368285904
os_5yr,autogluon,0.248868778280543,0.5743801652892562,0.7480585368285904
os_5yr,autogluon,0.25339366515837103,0.5743801652892562,0.7480585368285904
os_5yr,autogluon,0.25339366515837103,0.5771349862258953,0.7480585368285904
os_5yr,autogluon,0.25565610859728505,0.5771349862258953,0.7480585368285904
os_5yr,autogluon,0.25565610859728505,0.5785123966942148,0.7480585368285904
os_5yr,autogluon,0.26018099547511314,0.5785123966942148,0.7480585368285904
os_5yr,autogluon,0.26018099547511314,0.5909090909090909,0.7480585368285904
os_5yr,autogluon,0.2647058823529412,0.5909090909090909,0.7480585368285904
os_5yr,autogluon,0.2647058823529412,0.59366391184573,0.7480585368285904
os_5yr,autogluon,0.2737556561085973,0.59366391184573,0.7480585368285904
os_5yr,autogluon,0.2737556561085973,0.6115702479338843,0.7480585368285904
os_5yr,autogluon,0.27828054298642535,0.6115702479338843,0.7480585368285904
os_5yr,autogluon,0.27828054298642535,0.6157024793388429,0.7480585368285904
os_5yr,autogluon,0.2828054298642534,0.6157024793388429,0.7480585368285904
os_5yr,autogluon,0.2828054298642534,0.6184573002754821,0.7480585368285904
os_5yr,autogluon,0.2850678733031674,0.6184573002754821,0.7480585368285904
os_5yr,autogluon,0.2850678733031674,0.6253443526170799,0.7480585368285904
os_5yr,autogluon,0.2873303167420814,0.6253443526170799,0.7480585368285904
os_5yr,autogluon,0.2873303167420814,0.6418732782369146,0.7480585368285904
os_5yr,autogluon,0.2918552036199095,0.6418732782369146,0.7480585368285904
os_5yr,autogluon,0.2918552036199095,0.650137741046832,0.7480585368285904
os_5yr,autogluon,0.29411764705882354,0.650137741046832,0.7480585368285904
os_5yr,autogluon,0.29411764705882354,0.662534435261708,0.7480585368285904
os_5yr,autogluon,0.29638009049773756,0.662534435261708,0.7480585368285904
os_5yr,autogluon,0.29638009049773756,0.6652892561983471,0.7480585368285904
os_5yr,autogluon,0.2986425339366516,0.6652892561983471,0.7480585368285904
os_5yr,autogluon,0.2986425339366516,0.6680440771349863,0.7480585368285904
os_5yr,autogluon,0.3009049773755656,0.6680440771349863,0.7480585368285904
os_5yr,autogluon,0.3009049773755656,0.6721763085399449,0.7480585368285904
os_5yr,autogluon,0.3054298642533937,0.6721763085399449,0.7480585368285904
os_5yr,autogluon,0.3054298642533937,0.6845730027548209,0.7480585368285904
os_5yr,autogluon,0.3076923076923077,0.6845730027548209,0.7480585368285904
os_5yr,autogluon,0.3076923076923077,0.6859504132231405,0.7480585368285904
os_5yr,autogluon,0.30995475113122173,0.6859504132231405,0.7480585368285904
os_5yr,autogluon,0.30995475113122173,0.6983471074380165,0.7480585368285904
os_5yr,autogluon,0.31447963800904977,0.6983471074380165,0.7480585368285904
os_5yr,autogluon,0.31447963800904977,0.7011019283746557,0.7480585368285904
os_5yr,autogluon,0.3167420814479638,0.7011019283746557,0.7480585368285904
os_5yr,autogluon,0.3167420814479638,0.7052341597796143,0.7480585368285904
os_5yr,autogluon,0.3212669683257919,0.7052341597796143,0.7480585368285904
os_5yr,autogluon,0.3212669683257919,0.7079889807162535,0.7480585368285904
os_5yr,autogluon,0.3235294117647059,0.7079889807162535,0.7480585368285904
os_5yr,autogluon,0.3235294117647059,0.7134986225895317,0.7480585368285904
os_5yr,autogluon,0.32805429864253394,0.7134986225895317,0.7480585368285904
os_5yr,autogluon,0.32805429864253394,0.721763085399449,0.7480585368285904
os_5yr,autogluon,0.33031674208144796,0.721763085399449,0.7480585368285904
os_5yr,autogluon,0.33031674208144796,0.7231404958677686,0.7480585368285904
os_5yr,autogluon,0.332579185520362,0.7231404958677686,0.7480585368285904
os_5yr,autogluon,0.332579185520362,0.7245179063360881,0.7480585368285904
os_5yr,autogluon,0.33710407239819007,0.7245179063360881,0.7480585368285904
os_5yr,autogluon,0.33710407239819007,0.7369146005509641,0.7480585368285904
os_5yr,autogluon,0.3393665158371041,0.7369146005509641,0.7480585368285904
os_5yr,autogluon,0.3393665158371041,0.7493112947658402,0.7480585368285904
os_5yr,autogluon,0.3416289592760181,0.7493112947658402,0.7480585368285904
os_5yr,autogluon,0.3416289592760181,0.7506887052341598,0.7480585368285904
os_5yr,autogluon,0.3438914027149321,0.7506887052341598,0.7480585368285904
os_5yr,autogluon,0.3438914027149321,0.7534435261707989,0.7480585368285904
os_5yr,autogluon,0.34615384615384615,0.7534435261707989,0.7480585368285904
os_5yr,autogluon,0.34615384615384615,0.7630853994490359,0.7480585368285904
os_5yr,autogluon,0.3506787330316742,0.7630853994490359,0.7480585368285904
os_5yr,autogluon,0.3506787330316742,0.7699724517906336,0.7480585368285904
os_5yr,autogluon,0.35294117647058826,0.7699724517906336,0.7480585368285904
os_5yr,autogluon,0.35294117647058826,0.7741046831955923,0.7480585368285904
os_5yr,autogluon,0.3552036199095023,0.7741046831955923,0.7480585368285904
os_5yr,autogluon,0.3552036199095023,0.7754820936639119,0.7480585368285904
os_5yr,autogluon,0.3574660633484163,0.7754820936639119,0.7480585368285904
os_5yr,autogluon,0.3574660633484163,0.7796143250688705,0.7480585368285904
os_5yr,autogluon,0.36199095022624433,0.7796143250688705,0.7480585368285904
os_5yr,autogluon,0.36199095022624433,0.7865013774104683,0.7480585368285904
os_5yr,autogluon,0.36425339366515835,0.7865013774104683,0.7480585368285904
os_5yr,autogluon,0.36425339366515835,0.7920110192837465,0.7480585368285904
os_5yr,autogluon,0.3665158371040724,0.7920110192837465,0.7480585368285904
os_5yr,autogluon,0.3665158371040724,0.7975206611570248,0.7480585368285904
os_5yr,autogluon,0.3733031674208145,0.7975206611570248,0.7480585368285904
os_5yr,autogluon,0.3733031674208145,0.8016528925619835,0.7480585368285904
os_5yr,autogluon,0.3755656108597285,0.8016528925619835,0.7480585368285904
os_5yr,autogluon,0.3755656108597285,0.8044077134986226,0.7480585368285904
os_5yr,autogluon,0.38009049773755654,0.8044077134986226,0.7480585368285904
os_5yr,autogluon,0.38009049773755654,0.8085399449035813,0.7480585368285904
os_5yr,autogluon,0.38235294117647056,0.8085399449035813,0.7480585368285904
os_5yr,autogluon,0.38235294117647056,0.8112947658402204,0.7480585368285904
os_5yr,autogluon,0.38461538461538464,0.8112947658402204,0.7480585368285904
os_5yr,autogluon,0.38461538461538464,0.8126721763085399,0.7480585368285904
os_5yr,autogluon,0.3914027149321267,0.8126721763085399,0.7480585368285904
os_5yr,autogluon,0.3914027149321267,0.8140495867768595,0.7480585368285904
os_5yr,autogluon,0.3936651583710407,0.8140495867768595,0.7480585368285904
os_5yr,autogluon,0.3936651583710407,0.8181818181818182,0.7480585368285904
os_5yr,autogluon,0.39592760180995473,0.8181818181818182,0.7480585368285904
os_5yr,autogluon,0.39592760180995473,0.8195592286501377,0.7480585368285904
os_5yr,autogluon,0.39819004524886875,0.8195592286501377,0.7480585368285904
os_5yr,autogluon,0.39819004524886875,0.8223140495867769,0.7480585368285904
os_5yr,autogluon,0.40271493212669685,0.8223140495867769,0.7480585368285904
os_5yr,autogluon,0.40271493212669685,0.8292011019283747,0.7480585368285904
os_5yr,autogluon,0.40497737556561086,0.8292011019283747,0.7480585368285904
os_5yr,autogluon,0.40497737556561086,0.8319559228650137,0.7480585368285904
os_5yr,autogluon,0.4072398190045249,0.8319559228650137,0.7480585368285904
os_5yr,autogluon,0.4072398190045249,0.8347107438016529,0.7480585368285904
os_5yr,autogluon,0.4095022624434389,0.8347107438016529,0.7480585368285904
os_5yr,autogluon,0.4095022624434389,0.8402203856749312,0.7480585368285904
os_5yr,autogluon,0.41402714932126694,0.8402203856749312,0.7480585368285904
os_5yr,autogluon,0.41402714932126694,0.8484848484848485,0.7480585368285904
os_5yr,autogluon,0.416289592760181,0.8484848484848485,0.7480585368285904
os_5yr,autogluon,0.416289592760181,0.8512396694214877,0.7480585368285904
os_5yr,autogluon,0.41855203619909503,0.8512396694214877,0.7480585368285904
os_5yr,autogluon,0.41855203619909503,0.8526170798898072,0.7480585368285904
os_5yr,autogluon,0.42081447963800905,0.8526170798898072,0.7480585368285904
os_5yr,autogluon,0.42081447963800905,0.8539944903581267,0.7480585368285904
os_5yr,autogluon,0.4298642533936652,0.8539944903581267,0.7480585368285904
os_5yr,autogluon,0.4298642533936652,0.8581267217630854,0.7480585368285904
os_5yr,autogluon,0.43665158371040724,0.8581267217630854,0.7480585368285904
os_5yr,autogluon,0.43665158371040724,0.859504132231405,0.7480585368285904
os_5yr,autogluon,0.43891402714932126,0.859504132231405,0.7480585368285904
os_5yr,autogluon,0.43891402714932126,0.8622589531680441,0.7480585368285904
os_5yr,autogluon,0.4411764705882353,0.8622589531680441,0.7480585368285904
os_5yr,autogluon,0.4411764705882353,0.8636363636363636,0.7480585368285904
os_5yr,autogluon,0.4457013574660634,0.8636363636363636,0.7480585368285904
os_5yr,autogluon,0.4457013574660634,0.8650137741046832,0.7480585368285904
os_5yr,autogluon,0.4479638009049774,0.8650137741046832,0.7480585368285904
os_5yr,autogluon,0.4479638009049774,0.8677685950413223,0.7480585368285904
os_5yr,autogluon,0.4502262443438914,0.8677685950413223,0.7480585368285904
os_5yr,autogluon,0.4502262443438914,0.8691460055096418,0.7480585368285904
os_5yr,autogluon,0.45248868778280543,0.8691460055096418,0.7480585368285904
os_5yr,autogluon,0.45248868778280543,0.8732782369146006,0.7480585368285904
os_5yr,autogluon,0.45701357466063347,0.8732782369146006,0.7480585368285904
os_5yr,autogluon,0.45701357466063347,0.8760330578512396,0.7480585368285904
os_5yr,autogluon,0.46153846153846156,0.8760330578512396,0.7480585368285904
os_5yr,autogluon,0.46153846153846156,0.8801652892561983,0.7480585368285904
os_5yr,autogluon,0.4660633484162896,0.8801652892561983,0.7480585368285904
os_5yr,autogluon,0.4660633484162896,0.8856749311294766,0.7480585368285904
os_5yr,autogluon,0.4819004524886878,0.8856749311294766,0.7480585368285904
os_5yr,autogluon,0.4819004524886878,0.8870523415977961,0.7480585368285904
os_5yr,autogluon,0.48868778280542985,0.8870523415977961,0.7480585368285904
os_5yr,autogluon,0.48868778280542985,0.8898071625344353,0.7480585368285904
os_5yr,autogluon,0.49547511312217196,0.8898071625344353,0.7480585368285904
os_5yr,autogluon,0.49547511312217196,0.8911845730027548,0.7480585368285904
os_5yr,autogluon,0.5067873303167421,0.8911845730027548,0.7480585368285904
os_5yr,autogluon,0.5067873303167421,0.8925619834710744,0.7480585368285904
os_5yr,autogluon,0.5090497737556561,0.8925619834710744,0.7480585368285904
os_5yr,autogluon,0.5090497737556561,0.8939393939393939,0.7480585368285904
os_5yr,autogluon,0.5271493212669683,0.8939393939393939,0.7480585368285904
os_5yr,autogluon,0.5271493212669683,0.8966942148760331,0.7480585368285904
os_5yr,autogluon,0.5316742081447964,0.8966942148760331,0.7480585368285904
os_5yr,autogluon,0.5316742081447964,0.8980716253443526,0.7480585368285904
os_5yr,autogluon,0.5588235294117647,0.8980716253443526,0.7480585368285904
os_5yr,autogluon,0.5588235294117647,0.9008264462809917,0.7480585368285904
os_5yr,autogluon,0.5610859728506787,0.9008264462809917,0.7480585368285904
os_5yr,autogluon,0.5610859728506787,0.9035812672176309,0.7480585368285904
os_5yr,autogluon,0.5701357466063348,0.9035812672176309,0.7480585368285904
os_5yr,autogluon,0.5701357466063348,0.9049586776859504,0.7480585368285904
os_5yr,autogluon,0.581447963800905,0.9049586776859504,0.7480585368285904
os_5yr,autogluon,0.581447963800905,0.90633608815427,0.7480585368285904
os_5yr,autogluon,0.5859728506787331,0.90633608815427,0.7480585368285904
os_5yr,autogluon,0.5859728506787331,0.9077134986225895,0.7480585368285904
os_5yr,autogluon,0.5927601809954751,0.9077134986225895,0.7480585368285904
os_5yr,autogluon,0.5927601809954751,0.9104683195592287,0.7480585368285904
os_5yr,autogluon,0.5995475113122172,0.9104683195592287,0.7480585368285904
os_5yr,autogluon,0.5995475113122172,0.9132231404958677,0.7480585368285904
os_5yr,autogluon,0.6085972850678733,0.9132231404958677,0.7480585368285904
os_5yr,autogluon,0.6085972850678733,0.9146005509641874,0.7480585368285904
os_5yr,autogluon,0.6176470588235294,0.9146005509641874,0.7480585368285904
os_5yr,autogluon,0.6176470588235294,0.9159779614325069,0.7480585368285904
os_5yr,autogluon,0.6312217194570136,0.9159779614325069,0.7480585368285904
os_5yr,autogluon,0.6312217194570136,0.918732782369146,0.7480585368285904
os_5yr,autogluon,0.6380090497737556,0.918732782369146,0.7480585368285904
os_5yr,autogluon,0.6380090497737556,0.9201101928374655,0.7480585368285904
os_5yr,autogluon,0.6402714932126696,0.9201101928374655,0.7480585368285904
os_5yr,autogluon,0.6402714932126696,0.9214876033057852,0.7480585368285904
os_5yr,autogluon,0.669683257918552,0.9214876033057852,0.7480585368285904
os_5yr,autogluon,0.669683257918552,0.9228650137741047,0.7480585368285904
os_5yr,autogluon,0.6742081447963801,0.9228650137741047,0.7480585368285904
os_5yr,autogluon,0.6742081447963801,0.9242424242424242,0.7480585368285904
os_5yr,autogluon,0.6764705882352942,0.9242424242424242,0.7480585368285904
os_5yr,autogluon,0.6764705882352942,0.9269972451790633,0.7480585368285904
os_5yr,autogluon,0.6787330316742082,0.9269972451790633,0.7480585368285904
os_5yr,autogluon,0.6787330316742082,0.9297520661157025,0.7480585368285904
os_5yr,autogluon,0.6900452488687783,0.9297520661157025,0.7480585368285904
os_5yr,autogluon,0.6900452488687783,0.931129476584022,0.7480585368285904
os_5yr,autogluon,0.6923076923076923,0.931129476584022,0.7480585368285904
os_5yr,autogluon,0.6923076923076923,0.9325068870523416,0.7480585368285904
os_5yr,autogluon,0.6968325791855203,0.9325068870523416,0.7480585368285904
os_5yr,autogluon,0.6968325791855203,0.9352617079889807,0.7480585368285904
os_5yr,autogluon,0.7013574660633484,0.9352617079889807,0.7480585368285904
os_5yr,autogluon,0.7013574660633484,0.9366391184573003,0.7480585368285904
os_5yr,autogluon,0.7036199095022625,0.9366391184573003,0.7480585368285904
os_5yr,autogluon,0.7036199095022625,0.9380165289256198,0.7480585368285904
os_5yr,autogluon,0.7171945701357466,0.9380165289256198,0.7480585368285904
os_5yr,autogluon,0.7171945701357466,0.9393939393939394,0.7480585368285904
os_5yr,autogluon,0.7239819004524887,0.9393939393939394,0.7480585368285904
os_5yr,autogluon,0.7239819004524887,0.940771349862259,0.7480585368285904
os_5yr,autogluon,0.7307692307692307,0.940771349862259,0.7480585368285904
os_5yr,autogluon,0.7307692307692307,0.9435261707988981,0.7480585368285904
os_5yr,autogluon,0.7352941176470589,0.9435261707988981,0.7480585368285904
os_5yr,autogluon,0.7352941176470589,0.9462809917355371,0.7480585368285904
os_5yr,autogluon,0.7601809954751131,0.9462809917355371,0.7480585368285904
os_5yr,autogluon,0.7601809954751131,0.9476584022038568,0.7480585368285904
os_5yr,autogluon,0.7669683257918553,0.9476584022038568,0.7480585368285904
os_5yr,autogluon,0.7669683257918553,0.9490358126721763,0.7480585368285904
os_5yr,autogluon,0.7782805429864253,0.9490358126721763,0.7480585368285904
os_5yr,autogluon,0.7782805429864253,0.9504132231404959,0.7480585368285904
os_5yr,autogluon,0.7873303167420814,0.9504132231404959,0.7480585368285904
os_5yr,autogluon,0.7873303167420814,0.9517906336088154,0.7480585368285904
os_5yr,autogluon,0.7963800904977375,0.9517906336088154,0.7480585368285904
os_5yr,autogluon,0.7963800904977375,0.953168044077135,0.7480585368285904
os_5yr,autogluon,0.8054298642533937,0.953168044077135,0.7480585368285904
os_5yr,autogluon,0.8054298642533937,0.9545454545454546,0.7480585368285904
os_5yr,autogluon,0.8099547511312217,0.9545454545454546,0.7480585368285904
os_5yr,autogluon,0.8099547511312217,0.9573002754820936,0.7480585368285904
os_5yr,autogluon,0.8144796380090498,0.9573002754820936,0.7480585368285904
os_5yr,autogluon,0.8144796380090498,0.9586776859504132,0.7480585368285904
os_5yr,autogluon,0.8190045248868778,0.9586776859504132,0.7480585368285904
os_5yr,autogluon,0.8190045248868778,0.9600550964187328,0.7480585368285904
os_5yr,autogluon,0.8212669683257918,0.9600550964187328,0.7480585368285904
os_5yr,autogluon,0.8212669683257918,0.9628099173553719,0.7480585368285904
os_5yr,autogluon,0.8416289592760181,0.9628099173553719,0.7480585368285904
os_5yr,autogluon,0.8416289592760181,0.9641873278236914,0.7480585368285904
os_5yr,autogluon,0.8484162895927602,0.9641873278236914,0.7480585368285904
os_5yr,autogluon,0.8484162895927602,0.9655647382920111,0.7480585368285904
os_5yr,autogluon,0.8687782805429864,0.9655647382920111,0.7480585368285904
os_5yr,autogluon,0.8687782805429864,0.9696969696969697,0.7480585368285904
os_5yr,autogluon,0.8733031674208145,0.9696969696969697,0.7480585368285904
os_5yr,autogluon,0.8733031674208145,0.9710743801652892,0.7480585368285904
os_5yr,autogluon,0.8891402714932126,0.9710743801652892,0.7480585368285904
os_5yr,autogluon,0.8891402714932126,0.9724517906336089,0.7480585368285904
os_5yr,autogluon,0.8914027149321267,0.9724517906336089,0.7480585368285904
os_5yr,autogluon,0.8914027149321267,0.9738292011019284,0.7480585368285904
os_5yr,autogluon,0.9004524886877828,0.9738292011019284,0.7480585368285904
os_5yr,autogluon,0.9004524886877828,0.9765840220385675,0.7480585368285904
os_5yr,autogluon,0.9027149321266968,0.9765840220385675,0.7480585368285904
os_5yr,autogluon,0.9027149321266968,0.977961432506887,0.7480585368285904
os_5yr,autogluon,0.9117647058823529,0.977961432506887,0.7480585368285904
os_5yr,autogluon,0.9117647058823529,0.9807162534435262,0.7480585368285904
os_5yr,autogluon,0.9389140271493213,0.9807162534435262,0.7480585368285904
os_5yr,autogluon,0.9389140271493213,0.9820936639118457,0.7480585368285904
os_5yr,autogluon,0.9457013574660633,0.9820936639118457,0.7480585368285904
os_5yr,autogluon,0.9457013574660633,0.9834710743801653,0.7480585368285904
os_5yr,autogluon,0.9502262443438914,0.9834710743801653,0.7480585368285904
os_5yr,autogluon,0.9502262443438914,0.9848484848484849,0.7480585368285904
os_5yr,autogluon,0.9524886877828054,0.9848484848484849,0.7480585368285904
os_5yr,autogluon,0.9524886877828054,0.9862258953168044,0.7480585368285904
os_5yr,autogluon,0.9705882352941176,0.9862258953168044,0.7480585368285904
os_5yr,autogluon,0.9705882352941176,0.987603305785124,0.7480585368285904
os_5yr,autogluon,0.9728506787330317,0.987603305785124,0.7480585368285904
os_5yr,autogluon,0.9728506787330317,0.990358126721763,0.7480585368285904
os_5yr,autogluon,0.9773755656108597,0.990358126721763,0.7480585368285904
os_5yr,autogluon,0.9773755656108597,0.9931129476584022,0.7480585368285904
os_5yr,autogluon,0.9796380090497737,0.9931129476584022,0.7480585368285904
os_5yr,autogluon,0.9796380090497737,0.9944903581267218,0.7480585368285904
os_5yr,autogluon,0.9841628959276018,0.9944903581267218,0.7480585368285904
os_5yr,autogluon,0.9841628959276018,0.9958677685950413,0.7480585368285904
os_5yr,autogluon,0.9886877828054299,0.9958677685950413,0.7480585368285904
os_5yr,autogluon,0.9886877828054299,0.9972451790633609,0.7480585368285904
os_5yr,autogluon,0.995475113122172,0.9972451790633609,0.7480585368285904
os_5yr,autogluon,0.995475113122172,0.9986225895316805,0.7480585368285904
os_5yr,autogluon,1.0,0.9986225895316805,0.7480585368285904
os_5yr,autogluon,1.0,1.0,0.7480585368285904
os_5yr,catboost,0.0,0.0,0.7516796928561634
os_5yr,catboost,0.0,0.0013774104683195593,0.7516796928561634
os_5yr,catboost,0.0,0.008264462809917356,0.7516796928561634
os_5yr,catboost,0.0022624434389140274,0.008264462809917356,0.7516796928561634
os_5yr,catboost,0.0022624434389140274,0.02203856749311295,0.7516796928561634
os_5yr,catboost,0.004524886877828055,0.02203856749311295,0.7516796928561634
os_5yr,catboost,0.004524886877828055,0.030303030303030304,0.7516796928561634
os_5yr,catboost,0.004524886877828055,0.03305785123966942,0.7516796928561634
os_5yr,catboost,0.006787330316742082,0.03305785123966942,0.7516796928561634
os_5yr,catboost,0.006787330316742082,0.048209366391184574,0.7516796928561634
os_5yr,catboost,0.00904977375565611,0.048209366391184574,0.7516796928561634
os_5yr,catboost,0.00904977375565611,0.05234159779614325,0.7516796928561634
os_5yr,catboost,0.00904977375565611,0.05509641873278237,0.7516796928561634
os_5yr,catboost,0.011312217194570135,0.05509641873278237,0.7516796928561634
os_5yr,catboost,0.011312217194570135,0.09641873278236915,0.7516796928561634
os_5yr,catboost,0.011312217194570135,0.09917355371900827,0.7516796928561634
os_5yr,catboost,0.011312217194570135,0.1184573002754821,0.7516796928561634
os_5yr,catboost,0.01583710407239819,0.1184573002754821,0.7516796928561634
os_5yr,catboost,0.01583710407239819,0.12258953168044077,0.7516796928561634
os_5yr,catboost,0.020361990950226245,0.12258953168044077,0.7516796928561634
os_5yr,catboost,0.020361990950226245,0.13085399449035812,0.7516796928561634
os_5yr,catboost,0.02262443438914027,0.13085399449035812,0.7516796928561634
os_5yr,catboost,0.02262443438914027,0.13774104683195593,0.7516796928561634
os_5yr,catboost,0.024886877828054297,0.13774104683195593,0.7516796928561634
os_5yr,catboost,0.024886877828054297,0.1446280991735537,0.7516796928561634
os_5yr,catboost,0.029411764705882353,0.1446280991735537,0.7516796928561634
os_5yr,catboost,0.029411764705882353,0.14600550964187328,0.7516796928561634
os_5yr,catboost,0.03167420814479638,0.14600550964187328,0.7516796928561634
os_5yr,catboost,0.03167420814479638,0.15013774104683195,0.7516796928561634
os_5yr,catboost,0.033936651583710405,0.15013774104683195,0.7516796928561634
os_5yr,catboost,0.033936651583710405,0.1584022038567493,0.7516796928561634
os_5yr,catboost,0.03619909502262444,0.1584022038567493,0.7516796928561634
os_5yr,catboost,0.03619909502262444,0.162534435261708,0.7516796928561634
os_5yr,catboost,0.038461538461538464,0.162534435261708,0.7516796928561634
os_5yr,catboost,0.038461538461538464,0.16666666666666666,0.7516796928561634
os_5yr,catboost,0.04524886877828054,0.16666666666666666,0.7516796928561634
os_5yr,catboost,0.04524886877828054,0.18044077134986225,0.7516796928561634
os_5yr,catboost,0.04751131221719457,0.18044077134986225,0.7516796928561634
os_5yr,catboost,0.04751131221719457,0.18457300275482094,0.7516796928561634
os_5yr,catboost,0.049773755656108594,0.18457300275482094,0.7516796928561634
os_5yr,catboost,0.049773755656108594,0.1859504132231405,0.7516796928561634
os_5yr,catboost,0.05429864253393665,0.1859504132231405,0.7516796928561634
os_5yr,catboost,0.05429864253393665,0.1928374655647383,0.7516796928561634
os_5yr,catboost,0.05656108597285068,0.1928374655647383,0.7516796928561634
os_5yr,catboost,0.05656108597285068,0.19559228650137742,0.7516796928561634
os_5yr,catboost,0.058823529411764705,0.19559228650137742,0.7516796928561634
os_5yr,catboost,0.058823529411764705,0.20385674931129477,0.7516796928561634
os_5yr,catboost,0.06108597285067873,0.20385674931129477,0.7516796928561634
os_5yr,catboost,0.06108597285067873,0.20523415977961432,0.7516796928561634
os_5yr,catboost,0.06334841628959276,0.20523415977961432,0.7516796928561634
os_5yr,catboost,0.06334841628959276,0.21349862258953167,0.7516796928561634
os_5yr,catboost,0.06561085972850679,0.21349862258953167,0.7516796928561634
os_5yr,catboost,0.06561085972850679,0.2162534435261708,0.7516796928561634
os_5yr,catboost,0.06787330316742081,0.2162534435261708,0.7516796928561634
os_5yr,catboost,0.06787330316742081,0.22176308539944903,0.7516796928561634
os_5yr,catboost,0.07013574660633484,0.22176308539944903,0.7516796928561634
os_5yr,catboost,0.07013574660633484,0.22589531680440772,0.7516796928561634
os_5yr,catboost,0.0746606334841629,0.22589531680440772,0.7516796928561634
os_5yr,catboost,0.0746606334841629,0.2396694214876033,0.7516796928561634
os_5yr,catboost,0.07692307692307693,0.2396694214876033,0.7516796928561634
os_5yr,catboost,0.07692307692307693,0.24793388429752067,0.7516796928561634
os_5yr,catboost,0.07918552036199095,0.24793388429752067,0.7516796928561634
os_5yr,catboost,0.07918552036199095,0.2534435261707989,0.7516796928561634
os_5yr,catboost,0.08144796380090498,0.2534435261707989,0.7516796928561634
os_5yr,catboost,0.08144796380090498,0.2548209366391185,0.7516796928561634
os_5yr,catboost,0.083710407239819,0.2548209366391185,0.7516796928561634
os_5yr,catboost,0.083710407239819,0.25757575757575757,0.7516796928561634
os_5yr,catboost,0.08597285067873303,0.25757575757575757,0.7516796928561634
os_5yr,catboost,0.08597285067873303,0.26721763085399447,0.7516796928561634
os_5yr,catboost,0.08823529411764706,0.26721763085399447,0.7516796928561634
os_5yr,catboost,0.08823529411764706,0.2741046831955923,0.7516796928561634
os_5yr,catboost,0.09049773755656108,0.2741046831955923,0.7516796928561634
os_5yr,catboost,0.09049773755656108,0.2796143250688705,0.7516796928561634
os_5yr,catboost,0.09502262443438914,0.2796143250688705,0.7516796928561634
os_5yr,catboost,0.09502262443438914,0.2878787878787879,0.7516796928561634
os_5yr,catboost,0.09728506787330317,0.2878787878787879,0.7516796928561634
os_5yr,catboost,0.09728506787330317,0.2892561983471074,0.7516796928561634
os_5yr,catboost,0.09954751131221719,0.2892561983471074,0.7516796928561634
os_5yr,catboost,0.09954751131221719,0.29201101928374656,0.7516796928561634
os_5yr,catboost,0.10180995475113122,0.29201101928374656,0.7516796928561634
os_5yr,catboost,0.10180995475113122,0.29338842975206614,0.7516796928561634
os_5yr,catboost,0.10407239819004525,0.29338842975206614,0.7516796928561634
os_5yr,catboost,0.10407239819004525,0.29614325068870523,0.7516796928561634
os_5yr,catboost,0.10633484162895927,0.29614325068870523,0.7516796928561634
os_5yr,catboost,0.10633484162895927,0.31955922865013775,0.7516796928561634
os_5yr,catboost,0.11312217194570136,0.31955922865013775,0.7516796928561634
os_5yr,catboost,0.11312217194570136,0.3402203856749311,0.7516796928561634
os_5yr,catboost,0.11538461538461539,0.3402203856749311,0.7516796928561634
os_5yr,catboost,0.11538461538461539,0.3443526170798898,0.7516796928561634
os_5yr,catboost,0.11990950226244344,0.3443526170798898,0.7516796928561634
os_5yr,catboost,0.11990950226244344,0.34573002754820936,0.7516796928561634
os_5yr,catboost,0.1244343891402715,0.34573002754820936,0.7516796928561634
os_5yr,catboost,0.1244343891402715,0.349862258953168,0.7516796928561634
os_5yr,catboost,0.12669683257918551,0.349862258953168,0.7516796928561634
os_5yr,catboost,0.12669683257918551,0.35399449035812675,0.7516796928561634
os_5yr,catboost,0.12895927601809956,0.35399449035812675,0.7516796928561634
os_5yr,catboost,0.12895927601809956,0.359504132231405,0.7516796928561634
os_5yr,catboost,0.1334841628959276,0.359504132231405,0.7516796928561634
os_5yr,catboost,0.1334841628959276,0.3622589531680441,0.7516796928561634
os_5yr,catboost,0.13800904977375567,0.3622589531680441,0.7516796928561634
os_5yr,catboost,0.13800904977375567,0.3650137741046832,0.7516796928561634
os_5yr,catboost,0.1425339366515837,0.3650137741046832,0.7516796928561634
os_5yr,catboost,0.1425339366515837,0.3677685950413223,0.7516796928561634
os_5yr,catboost,0.14479638009049775,0.3677685950413223,0.7516796928561634
os_5yr,catboost,0.14479638009049775,0.37327823691460055,0.7516796928561634
os_5yr,catboost,0.14705882352941177,0.37327823691460055,0.7516796928561634
os_5yr,catboost,0.14705882352941177,0.3774104683195592,0.7516796928561634
os_5yr,catboost,0.1493212669683258,0.3774104683195592,0.7516796928561634
os_5yr,catboost,0.1493212669683258,0.38154269972451793,0.7516796928561634
os_5yr,catboost,0.1515837104072398,0.38154269972451793,0.7516796928561634
os_5yr,catboost,0.1515837104072398,0.38292011019283745,0.7516796928561634
os_5yr,catboost,0.15384615384615385,0.38292011019283745,0.7516796928561634
os_5yr,catboost,0.15384615384615385,0.38705234159779617,0.7516796928561634
os_5yr,catboost,0.15610859728506787,0.38705234159779617,0.7516796928561634
os_5yr,catboost,0.15610859728506787,0.38980716253443526,0.7516796928561634
os_5yr,catboost,0.1583710407239819,0.38980716253443526,0.7516796928561634
os_5yr,catboost,0.1583710407239819,0.39118457300275483,0.7516796928561634
os_5yr,catboost,0.16063348416289594,0.39118457300275483,0.7516796928561634
os_5yr,catboost,0.16063348416289594,0.39669421487603307,0.7516796928561634
os_5yr,catboost,0.16289592760180996,0.39669421487603307,0.7516796928561634
os_5yr,catboost,0.16289592760180996,0.4022038567493113,0.7516796928561634
os_5yr,catboost,0.16515837104072398,0.4022038567493113,0.7516796928561634
os_5yr,catboost,0.16515837104072398,0.4228650137741047,0.7516796928561634
os_5yr,catboost,0.16968325791855204,0.4228650137741047,0.7516796928561634
os_5yr,catboost,0.16968325791855204,0.43112947658402206,0.7516796928561634
os_5yr,catboost,0.17420814479638008,0.43112947658402206,0.7516796928561634
os_5yr,catboost,0.17420814479638008,0.43526170798898073,0.7516796928561634
os_5yr,catboost,0.17647058823529413,0.43526170798898073,0.7516796928561634
os_5yr,catboost,0.17647058823529413,0.44352617079889806,0.7516796928561634
os_5yr,catboost,0.17873303167420815,0.44352617079889806,0.7516796928561634
os_5yr,catboost,0.17873303167420815,0.4490358126721763,0.7516796928561634
os_5yr,catboost,0.18099547511312217,0.4490358126721763,0.7516796928561634
os_5yr,catboost,0.18099547511312217,0.4559228650137741,0.7516796928561634
os_5yr,catboost,0.1832579185520362,0.4559228650137741,0.7516796928561634
os_5yr,catboost,0.1832579185520362,0.45867768595041325,0.7516796928561634
os_5yr,catboost,0.18778280542986425,0.45867768595041325,0.7516796928561634
os_5yr,catboost,0.18778280542986425,0.4696969696969697,0.7516796928561634
os_5yr,catboost,0.19004524886877827,0.4696969696969697,0.7516796928561634
os_5yr,catboost,0.19004524886877827,0.47107438016528924,0.7516796928561634
os_5yr,catboost,0.19230769230769232,0.47107438016528924,0.7516796928561634
os_5yr,catboost,0.19230769230769232,0.4834710743801653,0.7516796928561634
os_5yr,catboost,0.19457013574660634,0.4834710743801653,0.7516796928561634
os_5yr,catboost,0.19457013574660634,0.48484848484848486,0.7516796928561634
os_5yr,catboost,0.19909502262443438,0.48484848484848486,0.7516796928561634
os_5yr,catboost,0.19909502262443438,0.4903581267217631,0.7516796928561634
os_5yr,catboost,0.20135746606334842,0.4903581267217631,0.7516796928561634
os_5yr,catboost,0.20135746606334842,0.49173553719008267,0.7516796928561634
os_5yr,catboost,0.20361990950226244,0.49173553719008267,0.7516796928561634
os_5yr,catboost,0.20361990950226244,0.4931129476584022,0.7516796928561634
os_5yr,catboost,0.20588235294117646,0.4931129476584022,0.7516796928561634
os_5yr,catboost,0.20588235294117646,0.49449035812672176,0.7516796928561634
os_5yr,catboost,0.21040723981900453,0.49449035812672176,0.7516796928561634
os_5yr,catboost,0.21040723981900453,0.4986225895316804,0.7516796928561634
os_5yr,catboost,0.21266968325791855,0.4986225895316804,0.7516796928561634
os_5yr,catboost,0.21266968325791855,0.5,0.7516796928561634
os_5yr,catboost,0.2149321266968326,0.5,0.7516796928561634
os_5yr,catboost,0.2149321266968326,0.5068870523415978,0.7516796928561634
os_5yr,catboost,0.2171945701357466,0.5068870523415978,0.7516796928561634
os_5yr,catboost,0.2171945701357466,0.5151515151515151,0.7516796928561634
os_5yr,catboost,0.21945701357466063,0.5151515151515151,0.7516796928561634
os_5yr,catboost,0.21945701357466063,0.5165289256198347,0.7516796928561634
os_5yr,catboost,0.22171945701357465,0.5165289256198347,0.7516796928561634
os_5yr,catboost,0.22171945701357465,0.5206611570247934,0.7516796928561634
os_5yr,catboost,0.22624434389140272,0.5206611570247934,0.7516796928561634
os_5yr,catboost,0.22624434389140272,0.5303030303030303,0.7516796928561634
os_5yr,catboost,0.22850678733031674,0.5303030303030303,0.7516796928561634
os_5yr,catboost,0.22850678733031674,0.5371900826446281,0.7516796928561634
os_5yr,catboost,0.2330316742081448,0.5371900826446281,0.7516796928561634
os_5yr,catboost,0.2330316742081448,0.5440771349862259,0.7516796928561634
os_5yr,catboost,0.23529411764705882,0.5440771349862259,0.7516796928561634
os_5yr,catboost,0.23529411764705882,0.546831955922865,0.7516796928561634
os_5yr,catboost,0.23755656108597284,0.546831955922865,0.7516796928561634
os_5yr,catboost,0.23755656108597284,0.5509641873278237,0.7516796928561634
os_5yr,catboost,0.2398190045248869,0.5509641873278237,0.7516796928561634
os_5yr,catboost,0.2398190045248869,0.5550964187327824,0.7516796928561634
os_5yr,catboost,0.24660633484162897,0.5550964187327824,0.7516796928561634
os_5yr,catboost,0.24660633484162897,0.5647382920110193,0.7516796928561634
os_5yr,catboost,0.251131221719457,0.5647382920110193,0.7516796928561634
os_5yr,catboost,0.251131221719457,0.568870523415978,0.7516796928561634
os_5yr,catboost,0.25339366515837103,0.568870523415978,0.7516796928561634
os_5yr,catboost,0.25339366515837103,0.5730027548209367,0.7516796928561634
os_5yr,catboost,0.25565610859728505,0.5730027548209367,0.7516796928561634
os_5yr,catboost,0.25565610859728505,0.5867768595041323,0.7516796928561634
os_5yr,catboost,0.26018099547511314,0.5867768595041323,0.7516796928561634
os_5yr,catboost,0.26018099547511314,0.5909090909090909,0.7516796928561634
os_5yr,catboost,0.26244343891402716,0.5909090909090909,0.7516796928561634
os_5yr,catboost,0.26244343891402716,0.5964187327823691,0.7516796928561634
os_5yr,catboost,0.2647058823529412,0.5964187327823691,0.7516796928561634
os_5yr,catboost,0.2647058823529412,0.6033057851239669,0.7516796928561634
os_5yr,catboost,0.2669683257918552,0.6033057851239669,0.7516796928561634
os_5yr,catboost,0.2669683257918552,0.6253443526170799,0.7516796928561634
os_5yr,catboost,0.2692307692307692,0.6253443526170799,0.7516796928561634
os_5yr,catboost,0.2692307692307692,0.6336088154269972,0.7516796928561634
os_5yr,catboost,0.27149321266968324,0.6336088154269972,0.7516796928561634
os_5yr,catboost,0.27149321266968324,0.640495867768595,0.7516796928561634
os_5yr,catboost,0.27601809954751133,0.640495867768595,0.7516796928561634
os_5yr,catboost,0.27601809954751133,0.6473829201101928,0.7516796928561634
os_5yr,catboost,0.27828054298642535,0.6473829201101928,0.7516796928561634
os_5yr,catboost,0.27828054298642535,0.6528925619834711,0.7516796928561634
os_5yr,catboost,0.2850678733031674,0.6528925619834711,0.7516796928561634
os_5yr,catboost,0.2850678733031674,0.6597796143250688,0.7516796928561634
os_5yr,catboost,0.2873303167420814,0.6597796143250688,0.7516796928561634
os_5yr,catboost,0.2873303167420814,0.662534435261708,0.7516796928561634
os_5yr,catboost,0.2895927601809955,0.662534435261708,0.7516796928561634
os_5yr,catboost,0.2895927601809955,0.6680440771349863,0.7516796928561634
os_5yr,catboost,0.2918552036199095,0.6680440771349863,0.7516796928561634
os_5yr,catboost,0.2918552036199095,0.6721763085399449,0.7516796928561634
os_5yr,catboost,0.3009049773755656,0.6721763085399449,0.7516796928561634
os_5yr,catboost,0.3009049773755656,0.6831955922865014,0.7516796928561634
os_5yr,catboost,0.3054298642533937,0.6831955922865014,0.7516796928561634
os_5yr,catboost,0.3054298642533937,0.6942148760330579,0.7516796928561634
os_5yr,catboost,0.3076923076923077,0.6942148760330579,0.7516796928561634
os_5yr,catboost,0.3076923076923077,0.6955922865013774,0.7516796928561634
os_5yr,catboost,0.31221719457013575,0.6955922865013774,0.7516796928561634
os_5yr,catboost,0.31221719457013575,0.7066115702479339,0.7516796928561634
os_5yr,catboost,0.31447963800904977,0.7066115702479339,0.7516796928561634
os_5yr,catboost,0.31447963800904977,0.7258953168044077,0.7516796928561634
os_5yr,catboost,0.3167420814479638,0.7258953168044077,0.7516796928561634
os_5yr,catboost,0.3167420814479638,0.7272727272727273,0.7516796928561634
os_5yr,catboost,0.3212669683257919,0.7272727272727273,0.7516796928561634
os_5yr,catboost,0.3212669683257919,0.7327823691460055,0.7516796928561634
os_5yr,catboost,0.3235294117647059,0.7327823691460055,0.7516796928561634
os_5yr,catboost,0.3235294117647059,0.7410468319559229,0.7516796928561634
os_5yr,catboost,0.32805429864253394,0.7410468319559229,0.7516796928561634
os_5yr,catboost,0.32805429864253394,0.7451790633608816,0.7516796928561634
os_5yr,catboost,0.33031674208144796,0.7451790633608816,0.7516796928561634
os_5yr,catboost,0.33031674208144796,0.7534435261707989,0.7516796928561634
os_5yr,catboost,0.334841628959276,0.7534435261707989,0.7516796928561634
os_5yr,catboost,0.334841628959276,0.756198347107438,0.7516796928561634
os_5yr,catboost,0.33710407239819007,0.756198347107438,0.7516796928561634
os_5yr,catboost,0.33710407239819007,0.7603305785123967,0.7516796928561634
os_5yr,catboost,0.3393665158371041,0.7603305785123967,0.7516796928561634
os_5yr,catboost,0.3393665158371041,0.7630853994490359,0.7516796928561634
os_5yr,catboost,0.34615384615384615,0.7630853994490359,0.7516796928561634
os_5yr,catboost,0.34615384615384615,0.7644628099173554,0.7516796928561634
os_5yr,catboost,0.34841628959276016,0.7644628099173554,0.7516796928561634
os_5yr,catboost,0.34841628959276016,0.7658402203856749,0.7516796928561634
os_5yr,catboost,0.35294117647058826,0.7658402203856749,0.7516796928561634
os_5yr,catboost,0.35294117647058826,0.768595041322314,0.7516796928561634
os_5yr,catboost,0.3552036199095023,0.768595041322314,0.7516796928561634
os_5yr,catboost,0.3552036199095023,0.7727272727272727,0.7516796928561634
os_5yr,catboost,0.36199095022624433,0.7727272727272727,0.7516796928561634
os_5yr,catboost,0.36199095022624433,0.7865013774104683,0.7516796928561634
os_5yr,catboost,0.36425339366515835,0.7865013774104683,0.7516796928561634
os_5yr,catboost,0.36425339366515835,0.7878787878787878,0.7516796928561634
os_5yr,catboost,0.3665158371040724,0.7878787878787878,0.7516796928561634
os_5yr,catboost,0.3665158371040724,0.790633608815427,0.7516796928561634
os_5yr,catboost,0.3733031674208145,0.790633608815427,0.7516796928561634
os_5yr,catboost,0.3733031674208145,0.7920110192837465,0.7516796928561634
os_5yr,catboost,0.38009049773755654,0.7920110192837465,0.7516796928561634
os_5yr,catboost,0.38009049773755654,0.8140495867768595,0.7516796928561634
os_5yr,catboost,0.38235294117647056,0.8140495867768595,0.7516796928561634
os_5yr,catboost,0.38235294117647056,0.8168044077134986,0.7516796928561634
os_5yr,catboost,0.38461538461538464,0.8168044077134986,0.7516796928561634
os_5yr,catboost,0.38461538461538464,0.8223140495867769,0.7516796928561634
os_5yr,catboost,0.3891402714932127,0.8223140495867769,0.7516796928561634
os_5yr,catboost,0.3891402714932127,0.8319559228650137,0.7516796928561634
os_5yr,catboost,0.3936651583710407,0.8319559228650137,0.7516796928561634
os_5yr,catboost,0.3936651583710407,0.8347107438016529,0.7516796928561634
os_5yr,catboost,0.4072398190045249,0.8347107438016529,0.7516796928561634
os_5yr,catboost,0.4072398190045249,0.8360881542699724,0.7516796928561634
os_5yr,catboost,0.4117647058823529,0.8360881542699724,0.7516796928561634
os_5yr,catboost,0.4117647058823529,0.837465564738292,0.7516796928561634
os_5yr,catboost,0.416289592760181,0.837465564738292,0.7516796928561634
os_5yr,catboost,0.416289592760181,0.8429752066115702,0.7516796928561634
os_5yr,catboost,0.42081447963800905,0.8429752066115702,0.7516796928561634
os_5yr,catboost,0.42081447963800905,0.8443526170798898,0.7516796928561634
os_5yr,catboost,0.4230769230769231,0.8443526170798898,0.7516796928561634
os_5yr,catboost,0.4230769230769231,0.8539944903581267,0.7516796928561634
os_5yr,catboost,0.4253393665158371,0.8539944903581267,0.7516796928561634
os_5yr,catboost,0.4253393665158371,0.8581267217630854,0.7516796928561634
os_5yr,catboost,0.43665158371040724,0.8581267217630854,0.7516796928561634
os_5yr,catboost,0.43665158371040724,0.8636363636363636,0.7516796928561634
os_5yr,catboost,0.4502262443438914,0.8636363636363636,0.7516796928561634
os_5yr,catboost,0.4502262443438914,0.8691460055096418,0.7516796928561634
os_5yr,catboost,0.45248868778280543,0.8691460055096418,0.7516796928561634
os_5yr,catboost,0.45248868778280543,0.8705234159779615,0.7516796928561634
os_5yr,catboost,0.45475113122171945,0.8705234159779615,0.7516796928561634
os_5yr,catboost,0.45475113122171945,0.871900826446281,0.7516796928561634
os_5yr,catboost,0.4592760180995475,0.871900826446281,0.7516796928561634
os_5yr,catboost,0.4592760180995475,0.8760330578512396,0.7516796928561634
os_5yr,catboost,0.4638009049773756,0.8760330578512396,0.7516796928561634
os_5yr,catboost,0.4638009049773756,0.8801652892561983,0.7516796928561634
os_5yr,catboost,0.47058823529411764,0.8801652892561983,0.7516796928561634
os_5yr,catboost,0.47058823529411764,0.8815426997245179,0.7516796928561634
os_5yr,catboost,0.4819004524886878,0.8815426997245179,0.7516796928561634
os_5yr,catboost,0.4819004524886878,0.8829201101928374,0.7516796928561634
os_5yr,catboost,0.4841628959276018,0.8829201101928374,0.7516796928561634
os_5yr,catboost,0.4841628959276018,0.8856749311294766,0.7516796928561634
os_5yr,catboost,0.48642533936651583,0.8856749311294766,0.7516796928561634
os_5yr,catboost,0.48642533936651583,0.8870523415977961,0.7516796928561634
os_5yr,catboost,0.49095022624434387,0.8870523415977961,0.7516796928561634
os_5yr,catboost,0.49095022624434387,0.8884297520661157,0.7516796928561634
os_5yr,catboost,0.502262443438914,0.8884297520661157,0.7516796928561634
os_5yr,catboost,0.502262443438914,0.8925619834710744,0.7516796928561634
os_5yr,catboost,0.5135746606334841,0.8925619834710744,0.7516796928561634
os_5yr,catboost,0.5135746606334841,0.8966942148760331,0.7516796928561634
os_5yr,catboost,0.5158371040723982,0.8966942148760331,0.7516796928561634
os_5yr,catboost,0.5158371040723982,0.8994490358126722,0.7516796928561634
os_5yr,catboost,0.5248868778280543,0.8994490358126722,0.7516796928561634
os_5yr,catboost,0.5248868778280543,0.9008264462809917,0.7516796928561634
os_5yr,catboost,0.5316742081447964,0.9008264462809917,0.7516796928561634
os_5yr,catboost,0.5316742081447964,0.9022038567493113,0.7516796928561634
os_5yr,catboost,0.5452488687782805,0.9022038567493113,0.7516796928561634
os_5yr,catboost,0.5452488687782805,0.9035812672176309,0.7516796928561634
os_5yr,catboost,0.5520361990950227,0.9035812672176309,0.7516796928561634
os_5yr,catboost,0.5520361990950227,0.9049586776859504,0.7516796928561634
os_5yr,catboost,0.5565610859728507,0.9049586776859504,0.7516796928561634
os_5yr,catboost,0.5565610859728507,0.9077134986225895,0.7516796928561634
os_5yr,catboost,0.5633484162895928,0.9077134986225895,0.7516796928561634
os_5yr,catboost,0.5633484162895928,0.9090909090909091,0.7516796928561634
os_5yr,catboost,0.5678733031674208,0.9090909090909091,0.7516796928561634
os_5yr,catboost,0.5678733031674208,0.9118457300275482,0.7516796928561634
os_5yr,catboost,0.583710407239819,0.9118457300275482,0.7516796928561634
os_5yr,catboost,0.583710407239819,0.9132231404958677,0.7516796928561634
os_5yr,catboost,0.6063348416289592,0.9132231404958677,0.7516796928561634
os_5yr,catboost,0.6063348416289592,0.9146005509641874,0.7516796928561634
os_5yr,catboost,0.6108597285067874,0.9146005509641874,0.7516796928561634
os_5yr,catboost,0.6108597285067874,0.9159779614325069,0.7516796928561634
os_5yr,catboost,0.6199095022624435,0.9159779614325069,0.7516796928561634
os_5yr,catboost,0.6199095022624435,0.9214876033057852,0.7516796928561634
os_5yr,catboost,0.6312217194570136,0.9214876033057852,0.7516796928561634
os_5yr,catboost,0.6312217194570136,0.9242424242424242,0.7516796928561634
os_5yr,catboost,0.6493212669683258,0.9242424242424242,0.7516796928561634
os_5yr,catboost,0.6493212669683258,0.928374655647383,0.7516796928561634
os_5yr,catboost,0.6561085972850679,0.928374655647383,0.7516796928561634
os_5yr,catboost,0.6561085972850679,0.9297520661157025,0.7516796928561634
os_5yr,catboost,0.665158371040724,0.9297520661157025,0.7516796928561634
os_5yr,catboost,0.665158371040724,0.931129476584022,0.7516796928561634
os_5yr,catboost,0.667420814479638,0.931129476584022,0.7516796928561634
os_5yr,catboost,0.667420814479638,0.9352617079889807,0.7516796928561634
os_5yr,catboost,0.6764705882352942,0.9352617079889807,0.7516796928561634
os_5yr,catboost,0.6764705882352942,0.9366391184573003,0.7516796928561634
os_5yr,catboost,0.6787330316742082,0.9366391184573003,0.7516796928561634
os_5yr,catboost,0.6787330316742082,0.9380165289256198,0.7516796928561634
os_5yr,catboost,0.6900452488687783,0.9380165289256198,0.7516796928561634
os_5yr,catboost,0.6900452488687783,0.9393939393939394,0.7516796928561634
os_5yr,catboost,0.6990950226244343,0.9393939393939394,0.7516796928561634
os_5yr,catboost,0.6990950226244343,0.940771349862259,0.7516796928561634
os_5yr,catboost,0.7194570135746606,0.940771349862259,0.7516796928561634
os_5yr,catboost,0.7194570135746606,0.9421487603305785,0.7516796928561634
os_5yr,catboost,0.7239819004524887,0.9421487603305785,0.7516796928561634
os_5yr,catboost,0.7239819004524887,0.9435261707988981,0.7516796928561634
os_5yr,catboost,0.7262443438914027,0.9435261707988981,0.7516796928561634
os_5yr,catboost,0.7262443438914027,0.9449035812672176,0.7516796928561634
os_5yr,catboost,0.7375565610859729,0.9449035812672176,0.7516796928561634
os_5yr,catboost,0.7375565610859729,0.9462809917355371,0.7516796928561634
os_5yr,catboost,0.7420814479638009,0.9462809917355371,0.7516796928561634
os_5yr,catboost,0.7420814479638009,0.9476584022038568,0.7516796928561634
os_5yr,catboost,0.751131221719457,0.9476584022038568,0.7516796928561634
os_5yr,catboost,0.751131221719457,0.9490358126721763,0.7516796928561634
os_5yr,catboost,0.7601809954751131,0.9490358126721763,0.7516796928561634
os_5yr,catboost,0.7601809954751131,0.9504132231404959,0.7516796928561634
os_5yr,catboost,0.7647058823529411,0.9504132231404959,0.7516796928561634
os_5yr,catboost,0.7647058823529411,0.953168044077135,0.7516796928561634
os_5yr,catboost,0.7669683257918553,0.953168044077135,0.7516796928561634
os_5yr,catboost,0.7669683257918553,0.9545454545454546,0.7516796928561634
os_5yr,catboost,0.7737556561085973,0.9545454545454546,0.7516796928561634
os_5yr,catboost,0.7737556561085973,0.9559228650137741,0.7516796928561634
os_5yr,catboost,0.7828054298642534,0.9559228650137741,0.7516796928561634
os_5yr,catboost,0.7828054298642534,0.9573002754820936,0.7516796928561634
os_5yr,catboost,0.7850678733031674,0.9573002754820936,0.7516796928561634
os_5yr,catboost,0.7850678733031674,0.9614325068870524,0.7516796928561634
os_5yr,catboost,0.7941176470588235,0.9614325068870524,0.7516796928561634
os_5yr,catboost,0.7941176470588235,0.9628099173553719,0.7516796928561634
os_5yr,catboost,0.7986425339366516,0.9628099173553719,0.7516796928561634
os_5yr,catboost,0.7986425339366516,0.9641873278236914,0.7516796928561634
os_5yr,catboost,0.8371040723981901,0.9641873278236914,0.7516796928561634
os_5yr,catboost,0.8371040723981901,0.9655647382920111,0.7516796928561634
os_5yr,catboost,0.8438914027149321,0.9655647382920111,0.7516796928561634
os_5yr,catboost,0.8438914027149321,0.9669421487603306,0.7516796928561634
os_5yr,catboost,0.8529411764705882,0.9669421487603306,0.7516796928561634
os_5yr,catboost,0.8529411764705882,0.9683195592286501,0.7516796928561634
os_5yr,catboost,0.8552036199095022,0.9683195592286501,0.7516796928561634
os_5yr,catboost,0.8552036199095022,0.9696969696969697,0.7516796928561634
os_5yr,catboost,0.8619909502262444,0.9696969696969697,0.7516796928561634
os_5yr,catboost,0.8619909502262444,0.9710743801652892,0.7516796928561634
os_5yr,catboost,0.8778280542986425,0.9710743801652892,0.7516796928561634
os_5yr,catboost,0.8778280542986425,0.9724517906336089,0.7516796928561634
os_5yr,catboost,0.8868778280542986,0.9724517906336089,0.7516796928561634
os_5yr,catboost,0.8868778280542986,0.9738292011019284,0.7516796928561634
os_5yr,catboost,0.8936651583710408,0.9738292011019284,0.7516796928561634
os_5yr,catboost,0.8936651583710408,0.9752066115702479,0.7516796928561634
os_5yr,catboost,0.9049773755656109,0.9752066115702479,0.7516796928561634
os_5yr,catboost,0.9049773755656109,0.9765840220385675,0.7516796928561634
os_5yr,catboost,0.9095022624434389,0.9765840220385675,0.7516796928561634
os_5yr,catboost,0.9095022624434389,0.977961432506887,0.7516796928561634
os_5yr,catboost,0.9230769230769231,0.977961432506887,0.7516796928561634
os_5yr,catboost,0.9230769230769231,0.9820936639118457,0.7516796928561634
os_5yr,catboost,0.9298642533936652,0.9820936639118457,0.7516796928561634
os_5yr,catboost,0.9298642533936652,0.9834710743801653,0.7516796928561634
os_5yr,catboost,0.9321266968325792,0.9834710743801653,0.7516796928561634
os_5yr,catboost,0.9321266968325792,0.9848484848484849,0.7516796928561634
os_5yr,catboost,0.9366515837104072,0.9848484848484849,0.7516796928561634
os_5yr,catboost,0.9366515837104072,0.9862258953168044,0.7516796928561634
os_5yr,catboost,0.9479638009049773,0.9862258953168044,0.7516796928561634
os_5yr,catboost,0.9479638009049773,0.990358126721763,0.7516796928561634
os_5yr,catboost,0.9502262443438914,0.990358126721763,0.7516796928561634
os_5yr,catboost,0.9502262443438914,0.9917355371900827,0.7516796928561634
os_5yr,catboost,0.9683257918552036,0.9917355371900827,0.7516796928561634
os_5yr,catboost,0.9683257918552036,0.9931129476584022,0.7516796928561634
os_5yr,catboost,0.9705882352941176,0.9931129476584022,0.7516796928561634
os_5yr,catboost,0.9705882352941176,0.9944903581267218,0.7516796928561634
os_5yr,catboost,0.9819004524886877,0.9944903581267218,0.7516796928561634
os_5yr,catboost,0.9819004524886877,0.9958677685950413,0.7516796928561634
os_5yr,catboost,0.995475113122172,0.9958677685950413,0.7516796928561634
os_5yr,catboost,0.995475113122172,0.9986225895316805,0.7516796928561634
os_5yr,catboost,0.997737556561086,0.9986225895316805,0.7516796928561634
os_5yr,catboost,0.997737556561086,1.0,0.7516796928561634
os_5yr,catboost,1.0,1.0,0.7516796928561634
os_5yr,random_forest,0.0,0.0,0.7486272640015956
os_5yr,random_forest,0.0,0.0013774104683195593,0.7486272640015956
os_5yr,random_forest,0.0,0.013774104683195593,0.7486272640015956
os_5yr,random_forest,0.0,0.01652892561983471,0.7486272640015956
os_5yr,random_forest,0.0,0.01790633608815427,0.7486272640015956
os_5yr,random_forest,0.0022624434389140274,0.01790633608815427,0.7486272640015956
os_5yr,random_forest,0.0022624434389140274,0.0371900826446281,0.7486272640015956
os_5yr,random_forest,0.004524886877828055,0.0371900826446281,0.7486272640015956
os_5yr,random_forest,0.004524886877828055,0.049586776859504134,0.7486272640015956
os_5yr,random_forest,0.004524886877828055,0.05234159779614325,0.7486272640015956
os_5yr,random_forest,0.004524886877828055,0.08677685950413223,0.7486272640015956
os_5yr,random_forest,0.006787330316742082,0.08677685950413223,0.7486272640015956
os_5yr,random_forest,0.006787330316742082,0.0881542699724518,0.7486272640015956
os_5yr,random_forest,0.011312217194570135,0.0881542699724518,0.7486272640015956
os_5yr,random_forest,0.011312217194570135,0.09228650137741047,0.7486272640015956
os_5yr,random_forest,0.013574660633484163,0.09228650137741047,0.7486272640015956
os_5yr,random_forest,0.013574660633484163,0.09779614325068871,0.7486272640015956
os_5yr,random_forest,0.01583710407239819,0.09779614325068871,0.7486272640015956
os_5yr,random_forest,0.01583710407239819,0.10330578512396695,0.7486272640015956
os_5yr,random_forest,0.01583710407239819,0.10606060606060606,0.7486272640015956
os_5yr,random_forest,0.01583710407239819,0.11019283746556474,0.7486272640015956
os_5yr,random_forest,0.01809954751131222,0.11019283746556474,0.7486272640015956
os_5yr,random_forest,0.01809954751131222,0.11432506887052342,0.7486272640015956
os_5yr,random_forest,0.020361990950226245,0.11432506887052342,0.7486272640015956
os_5yr,random_forest,0.020361990950226245,0.11570247933884298,0.7486272640015956
os_5yr,random_forest,0.020361990950226245,0.1184573002754821,0.7486272640015956
os_5yr,random_forest,0.020361990950226245,0.11983471074380166,0.7486272640015956
os_5yr,random_forest,0.02262443438914027,0.11983471074380166,0.7486272640015956
os_5yr,random_forest,0.02262443438914027,0.128099173553719,0.7486272640015956
os_5yr,random_forest,0.02262443438914027,0.13085399449035812,0.7486272640015956
os_5yr,random_forest,0.02262443438914027,0.1322314049586777,0.7486272640015956
os_5yr,random_forest,0.024886877828054297,0.1322314049586777,0.7486272640015956
os_5yr,random_forest,0.024886877828054297,0.13636363636363635,0.7486272640015956
os_5yr,random_forest,0.027149321266968326,0.13774104683195593,0.7486272640015956
os_5yr,random_forest,0.027149321266968326,0.1446280991735537,0.7486272640015956
os_5yr,random_forest,0.033936651583710405,0.1446280991735537,0.7486272640015956
os_5yr,random_forest,0.033936651583710405,0.14738292011019283,0.7486272640015956
os_5yr,random_forest,0.03619909502262444,0.1487603305785124,0.7486272640015956
os_5yr,random_forest,0.038461538461538464,0.1487603305785124,0.7486272640015956
os_5yr,random_forest,0.038461538461538464,0.15289256198347106,0.7486272640015956
os_5yr,random_forest,0.038461538461538464,0.15564738292011018,0.7486272640015956
os_5yr,random_forest,0.04072398190045249,0.15564738292011018,0.7486272640015956
os_5yr,random_forest,0.04072398190045249,0.15702479338842976,0.7486272640015956
os_5yr,random_forest,0.042986425339366516,0.15702479338842976,0.7486272640015956
os_5yr,random_forest,0.04524886877828054,0.1584022038567493,0.7486272640015956
os_5yr,random_forest,0.04524886877828054,0.17355371900826447,0.7486272640015956
os_5yr,random_forest,0.04751131221719457,0.17355371900826447,0.7486272640015956
os_5yr,random_forest,0.04751131221719457,0.174931129476584,0.7486272640015956
os_5yr,random_forest,0.05429864253393665,0.174931129476584,0.7486272640015956
os_5yr,random_forest,0.05429864253393665,0.1763085399449036,0.7486272640015956
os_5yr,random_forest,0.05429864253393665,0.18181818181818182,0.7486272640015956
os_5yr,random_forest,0.05429864253393665,0.18457300275482094,0.7486272640015956
os_5yr,random_forest,0.05429864253393665,0.18732782369146006,0.7486272640015956
os_5yr,random_forest,0.05429864253393665,0.19559228650137742,0.7486272640015956
os_5yr,random_forest,0.05656108597285068,0.19559228650137742,0.7486272640015956
os_5yr,random_forest,0.05656108597285068,0.2024793388429752,0.7486272640015956
os_5yr,random_forest,0.05656108597285068,0.2066115702479339,0.7486272640015956
os_5yr,random_forest,0.05656108597285068,0.20798898071625344,0.7486272640015956
os_5yr,random_forest,0.05656108597285068,0.21074380165289255,0.7486272640015956
os_5yr,random_forest,0.05656108597285068,0.21763085399449036,0.7486272640015956
os_5yr,random_forest,0.06108597285067873,0.21763085399449036,0.7486272640015956
os_5yr,random_forest,0.06108597285067873,0.2190082644628099,0.7486272640015956
os_5yr,random_forest,0.06334841628959276,0.2190082644628099,0.7486272640015956
os_5yr,random_forest,0.06334841628959276,0.22176308539944903,0.7486272640015956
os_5yr,random_forest,0.06561085972850679,0.22176308539944903,0.7486272640015956
os_5yr,random_forest,0.06787330316742081,0.2231404958677686,0.7486272640015956
os_5yr,random_forest,0.06787330316742081,0.22589531680440772,0.7486272640015956
os_5yr,random_forest,0.07013574660633484,0.22727272727272727,0.7486272640015956
os_5yr,random_forest,0.07013574660633484,0.23002754820936638,0.7486272640015956
os_5yr,random_forest,0.0746606334841629,0.23002754820936638,0.7486272640015956
os_5yr,random_forest,0.0746606334841629,0.23140495867768596,0.7486272640015956
os_5yr,random_forest,0.07692307692307693,0.23140495867768596,0.7486272640015956
os_5yr,random_forest,0.07692307692307693,0.23415977961432508,0.7486272640015956
os_5yr,random_forest,0.07692307692307693,0.23829201101928374,0.7486272640015956
os_5yr,random_forest,0.08144796380090498,0.23829201101928374,0.7486272640015956
os_5yr,random_forest,0.08144796380090498,0.24104683195592286,0.7486272640015956
os_5yr,random_forest,0.08823529411764706,0.24104683195592286,0.7486272640015956
os_5yr,random_forest,0.08823529411764706,0.24793388429752067,0.7486272640015956
os_5yr,random_forest,0.09049773755656108,0.24793388429752067,0.7486272640015956
os_5yr,random_forest,0.09049773755656108,0.2534435261707989,0.7486272640015956
os_5yr,random_forest,0.09276018099547512,0.256198347107438,0.7486272640015956
os_5yr,random_forest,0.09276018099547512,0.25757575757575757,0.7486272640015956
os_5yr,random_forest,0.09276018099547512,0.2603305785123967,0.7486272640015956
os_5yr,random_forest,0.09276018099547512,0.26170798898071623,0.7486272640015956
os_5yr,random_forest,0.09728506787330317,0.26170798898071623,0.7486272640015956
os_5yr,random_forest,0.09728506787330317,0.2741046831955923,0.7486272640015956
os_5yr,random_forest,0.09954751131221719,0.2741046831955923,0.7486272640015956
os_5yr,random_forest,0.09954751131221719,0.2768595041322314,0.7486272640015956
os_5yr,random_forest,0.10180995475113122,0.2768595041322314,0.7486272640015956
os_5yr,random_forest,0.10180995475113122,0.2796143250688705,0.7486272640015956
os_5yr,random_forest,0.10407239819004525,0.2809917355371901,0.7486272640015956
os_5yr,random_forest,0.10407239819004525,0.28236914600550966,0.7486272640015956
os_5yr,random_forest,0.10633484162895927,0.28236914600550966,0.7486272640015956
os_5yr,random_forest,0.10633484162895927,0.28512396694214875,0.7486272640015956
os_5yr,random_forest,0.1085972850678733,0.28512396694214875,0.7486272640015956
os_5yr,random_forest,0.1085972850678733,0.2892561983471074,0.7486272640015956
os_5yr,random_forest,0.11085972850678733,0.2892561983471074,0.7486272640015956
os_5yr,random_forest,0.11085972850678733,0.3002754820936639,0.7486272640015956
os_5yr,random_forest,0.11312217194570136,0.3002754820936639,0.7486272640015956
os_5yr,random_forest,0.11312217194570136,0.3044077134986226,0.7486272640015956
os_5yr,random_forest,0.11312217194570136,0.3071625344352617,0.7486272640015956
os_5yr,random_forest,0.11538461538461539,0.3071625344352617,0.7486272640015956
os_5yr,random_forest,0.11538461538461539,0.3085399449035813,0.7486272640015956
os_5yr,random_forest,0.11990950226244344,0.30991735537190085,0.7486272640015956
os_5yr,random_forest,0.12217194570135746,0.30991735537190085,0.7486272640015956
os_5yr,random_forest,0.12217194570135746,0.3140495867768595,0.7486272640015956
os_5yr,random_forest,0.12217194570135746,0.3154269972451791,0.7486272640015956
os_5yr,random_forest,0.1244343891402715,0.3154269972451791,0.7486272640015956
os_5yr,random_forest,0.1244343891402715,0.3209366391184573,0.7486272640015956
os_5yr,random_forest,0.1244343891402715,0.3236914600550964,0.7486272640015956
os_5yr,random_forest,0.1244343891402715,0.32644628099173556,0.7486272640015956
os_5yr,random_forest,0.12669683257918551,0.32644628099173556,0.7486272640015956
os_5yr,random_forest,0.12895927601809956,0.3278236914600551,0.7486272640015956
os_5yr,random_forest,0.12895927601809956,0.3333333333333333,0.7486272640015956
os_5yr,random_forest,0.13122171945701358,0.3347107438016529,0.7486272640015956
os_5yr,random_forest,0.13574660633484162,0.3402203856749311,0.7486272640015956
os_5yr,random_forest,0.13574660633484162,0.3415977961432507,0.7486272640015956
os_5yr,random_forest,0.13800904977375567,0.34297520661157027,0.7486272640015956
os_5yr,random_forest,0.14027149321266968,0.34297520661157027,0.7486272640015956
os_5yr,random_forest,0.14027149321266968,0.3512396694214876,0.7486272640015956
os_5yr,random_forest,0.1425339366515837,0.3512396694214876,0.7486272640015956
os_5yr,random_forest,0.1425339366515837,0.35399449035812675,0.7486272640015956
os_5yr,random_forest,0.1425339366515837,0.359504132231405,0.7486272640015956
os_5yr,random_forest,0.14479638009049775,0.359504132231405,0.7486272640015956
os_5yr,random_forest,0.14479638009049775,0.36639118457300274,0.7486272640015956
os_5yr,random_forest,0.14705882352941177,0.36639118457300274,0.7486272640015956
os_5yr,random_forest,0.14705882352941177,0.371900826446281,0.7486272640015956
os_5yr,random_forest,0.1493212669683258,0.371900826446281,0.7486272640015956
os_5yr,random_forest,0.1493212669683258,0.3760330578512397,0.7486272640015956
os_5yr,random_forest,0.1515837104072398,0.3774104683195592,0.7486272640015956
os_5yr,random_forest,0.1515837104072398,0.38154269972451793,0.7486272640015956
os_5yr,random_forest,0.1515837104072398,0.3856749311294766,0.7486272640015956
os_5yr,random_forest,0.1515837104072398,0.39118457300275483,0.7486272640015956
os_5yr,random_forest,0.15384615384615385,0.39118457300275483,0.7486272640015956
os_5yr,random_forest,0.15384615384615385,0.3953168044077135,0.7486272640015956
os_5yr,random_forest,0.15610859728506787,0.3953168044077135,0.7486272640015956
os_5yr,random_forest,0.15610859728506787,0.4035812672176309,0.7486272640015956
os_5yr,random_forest,0.15610859728506787,0.40633608815426997,0.7486272640015956
os_5yr,random_forest,0.1583710407239819,0.40771349862258954,0.7486272640015956
os_5yr,random_forest,0.16063348416289594,0.40771349862258954,0.7486272640015956
os_5yr,random_forest,0.16063348416289594,0.4118457300275482,0.7486272640015956
os_5yr,random_forest,0.16063348416289594,0.41735537190082644,0.7486272640015956
os_5yr,random_forest,0.16063348416289594,0.418732782369146,0.7486272640015956
os_5yr,random_forest,0.16289592760180996,0.418732782369146,0.7486272640015956
os_5yr,random_forest,0.16289592760180996,0.4201101928374656,0.7486272640015956
os_5yr,random_forest,0.16289592760180996,0.4228650137741047,0.7486272640015956
os_5yr,random_forest,0.16289592760180996,0.42424242424242425,0.7486272640015956
os_5yr,random_forest,0.16515837104072398,0.42424242424242425,0.7486272640015956
os_5yr,random_forest,0.16515837104072398,0.42699724517906334,0.7486272640015956
os_5yr,random_forest,0.167420814479638,0.42699724517906334,0.7486272640015956
os_5yr,random_forest,0.167420814479638,0.4283746556473829,0.7486272640015956
os_5yr,random_forest,0.16968325791855204,0.4283746556473829,0.7486272640015956
os_5yr,random_forest,0.16968325791855204,0.4297520661157025,0.7486272640015956
os_5yr,random_forest,0.17194570135746606,0.4297520661157025,0.7486272640015956
os_5yr,random_forest,0.17194570135746606,0.43526170798898073,0.7486272640015956
os_5yr,random_forest,0.17420814479638008,0.43526170798898073,0.7486272640015956
os_5yr,random_forest,0.17420814479638008,0.4366391184573003,0.7486272640015956
os_5yr,random_forest,0.17647058823529413,0.4366391184573003,0.7486272640015956
os_5yr,random_forest,0.17873303167420815,0.4380165289256198,0.7486272640015956
os_5yr,random_forest,0.17873303167420815,0.44077134986225897,0.7486272640015956
os_5yr,random_forest,0.18099547511312217,0.44077134986225897,0.7486272640015956
os_5yr,random_forest,0.18099547511312217,0.44352617079889806,0.7486272640015956
os_5yr,random_forest,0.1832579185520362,0.44352617079889806,0.7486272640015956
os_5yr,random_forest,0.1832579185520362,0.44490358126721763,0.7486272640015956
os_5yr,random_forest,0.1832579185520362,0.45041322314049587,0.7486272640015956
os_5yr,random_forest,0.18552036199095023,0.45041322314049587,0.7486272640015956
os_5yr,random_forest,0.18552036199095023,0.4559228650137741,0.7486272640015956
os_5yr,random_forest,0.18778280542986425,0.4559228650137741,0.7486272640015956
os_5yr,random_forest,0.18778280542986425,0.46831955922865015,0.7486272640015956
os_5yr,random_forest,0.18778280542986425,0.47107438016528924,0.7486272640015956
os_5yr,random_forest,0.18778280542986425,0.4738292011019284,0.7486272640015956
os_5yr,random_forest,0.19004524886877827,0.4738292011019284,0.7486272640015956
os_5yr,random_forest,0.19004524886877827,0.47796143250688705,0.7486272640015956
os_5yr,random_forest,0.19230769230769232,0.47796143250688705,0.7486272640015956
os_5yr,random_forest,0.19230769230769232,0.4807162534435262,0.7486272640015956
os_5yr,random_forest,0.19230769230769232,0.4834710743801653,0.7486272640015956
os_5yr,random_forest,0.19230769230769232,0.48484848484848486,0.7486272640015956
os_5yr,random_forest,0.19457013574660634,0.48484848484848486,0.7486272640015956
os_5yr,random_forest,0.19457013574660634,0.48622589531680444,0.7486272640015956
os_5yr,random_forest,0.19457013574660634,0.4889807162534435,0.7486272640015956
os_5yr,random_forest,0.19457013574660634,0.4986225895316804,0.7486272640015956
os_5yr,random_forest,0.19683257918552036,0.4986225895316804,0.7486272640015956
os_5yr,random_forest,0.19683257918552036,0.5,0.7486272640015956
os_5yr,random_forest,0.19683257918552036,0.5027548209366391,0.7486272640015956
os_5yr,random_forest,0.20135746606334842,0.5027548209366391,0.7486272640015956
os_5yr,random_forest,0.20135746606334842,0.5041322314049587,0.7486272640015956
os_5yr,random_forest,0.20361990950226244,0.5041322314049587,0.7486272640015956
os_5yr,random_forest,0.20361990950226244,0.5068870523415978,0.7486272640015956
os_5yr,random_forest,0.20361990950226244,0.509641873278237,0.7486272640015956
os_5yr,random_forest,0.20361990950226244,0.5110192837465565,0.7486272640015956
os_5yr,random_forest,0.20588235294117646,0.5110192837465565,0.7486272640015956
os_5yr,random_forest,0.20588235294117646,0.5151515151515151,0.7486272640015956
os_5yr,random_forest,0.2081447963800905,0.5165289256198347,0.7486272640015956
os_5yr,random_forest,0.2081447963800905,0.5206611570247934,0.7486272640015956
os_5yr,random_forest,0.21266968325791855,0.5206611570247934,0.7486272640015956
os_5yr,random_forest,0.21266968325791855,0.5261707988980716,0.7486272640015956
os_5yr,random_forest,0.2149321266968326,0.5261707988980716,0.7486272640015956
os_5yr,random_forest,0.2149321266968326,0.5289256198347108,0.7486272640015956
os_5yr,random_forest,0.21945701357466063,0.5289256198347108,0.7486272640015956
os_5yr,random_forest,0.21945701357466063,0.5385674931129476,0.7486272640015956
os_5yr,random_forest,0.22171945701357465,0.5385674931129476,0.7486272640015956
os_5yr,random_forest,0.2239819004524887,0.5399449035812672,0.7486272640015956
os_5yr,random_forest,0.2239819004524887,0.546831955922865,0.7486272640015956
os_5yr,random_forest,0.22624434389140272,0.546831955922865,0.7486272640015956
os_5yr,random_forest,0.22624434389140272,0.5482093663911846,0.7486272640015956
os_5yr,random_forest,0.23076923076923078,0.5495867768595041,0.7486272640015956
os_5yr,random_forest,0.23076923076923078,0.5523415977961432,0.7486272640015956
os_5yr,random_forest,0.23755656108597284,0.5523415977961432,0.7486272640015956
os_5yr,random_forest,0.23755656108597284,0.5537190082644629,0.7486272640015956
os_5yr,random_forest,0.23755656108597284,0.5564738292011019,0.7486272640015956
os_5yr,random_forest,0.23755656108597284,0.5578512396694215,0.7486272640015956
os_5yr,random_forest,0.2398190045248869,0.5578512396694215,0.7486272640015956
os_5yr,random_forest,0.24434389140271492,0.559228650137741,0.7486272640015956
os_5yr,random_forest,0.24434389140271492,0.5619834710743802,0.7486272640015956
os_5yr,random_forest,0.24660633484162897,0.5619834710743802,0.7486272640015956
os_5yr,random_forest,0.24660633484162897,0.571625344352617,0.7486272640015956
os_5yr,random_forest,0.248868778280543,0.5730027548209367,0.7486272640015956
os_5yr,random_forest,0.248868778280543,0.5757575757575758,0.7486272640015956
os_5yr,random_forest,0.248868778280543,0.5771349862258953,0.7486272640015956
os_5yr,random_forest,0.25339366515837103,0.5785123966942148,0.7486272640015956
os_5yr,random_forest,0.2579185520361991,0.5785123966942148,0.7486272640015956
os_5yr,random_forest,0.2579185520361991,0.5853994490358126,0.7486272640015956
os_5yr,random_forest,0.26018099547511314,0.5853994490358126,0.7486272640015956
os_5yr,random_forest,0.26018099547511314,0.5867768595041323,0.7486272640015956
os_5yr,random_forest,0.26244343891402716,0.5867768595041323,0.7486272640015956
os_5yr,random_forest,0.26244343891402716,0.5881542699724518,0.7486272640015956
os_5yr,random_forest,0.26244343891402716,0.5909090909090909,0.7486272640015956
os_5yr,random_forest,0.26244343891402716,0.5922865013774105,0.7486272640015956
os_5yr,random_forest,0.26244343891402716,0.5950413223140496,0.7486272640015956
os_5yr,random_forest,0.2647058823529412,0.5950413223140496,0.7486272640015956
os_5yr,random_forest,0.2647058823529412,0.6005509641873278,0.7486272640015956
os_5yr,random_forest,0.2692307692307692,0.6005509641873278,0.7486272640015956
os_5yr,random_forest,0.2692307692307692,0.6033057851239669,0.7486272640015956
os_5yr,random_forest,0.27149321266968324,0.6033057851239669,0.7486272640015956
os_5yr,random_forest,0.27149321266968324,0.6088154269972452,0.7486272640015956
os_5yr,random_forest,0.2737556561085973,0.6088154269972452,0.7486272640015956
os_5yr,random_forest,0.2737556561085973,0.6115702479338843,0.7486272640015956
os_5yr,random_forest,0.27828054298642535,0.6115702479338843,0.7486272640015956
os_5yr,random_forest,0.28054298642533937,0.6129476584022039,0.7486272640015956
os_5yr,random_forest,0.28054298642533937,0.6157024793388429,0.7486272640015956
os_5yr,random_forest,0.2828054298642534,0.6157024793388429,0.7486272640015956
os_5yr,random_forest,0.2828054298642534,0.6198347107438017,0.7486272640015956
os_5yr,random_forest,0.2828054298642534,0.6253443526170799,0.7486272640015956
os_5yr,random_forest,0.2850678733031674,0.6267217630853994,0.7486272640015956
os_5yr,random_forest,0.2850678733031674,0.628099173553719,0.7486272640015956
os_5yr,random_forest,0.2895927601809955,0.628099173553719,0.7486272640015956
os_5yr,random_forest,0.2918552036199095,0.628099173553719,0.7486272640015956
os_5yr,random_forest,0.2918552036199095,0.6349862258953168,0.7486272640015956
os_5yr,random_forest,0.29411764705882354,0.6349862258953168,0.7486272640015956
os_5yr,random_forest,0.29411764705882354,0.6391184573002755,0.7486272640015956
os_5yr,random_forest,0.29411764705882354,0.6418732782369146,0.7486272640015956
os_5yr,random_forest,0.29411764705882354,0.6432506887052342,0.7486272640015956
os_5yr,random_forest,0.29638009049773756,0.6446280991735537,0.7486272640015956
os_5yr,random_forest,0.2986425339366516,0.6446280991735537,0.7486272640015956
os_5yr,random_forest,0.2986425339366516,0.650137741046832,0.7486272640015956
os_5yr,random_forest,0.3009049773755656,0.650137741046832,0.7486272640015956
os_5yr,random_forest,0.3009049773755656,0.6528925619834711,0.7486272640015956
os_5yr,random_forest,0.3009049773755656,0.6542699724517906,0.7486272640015956
os_5yr,random_forest,0.3031674208144796,0.6542699724517906,0.7486272640015956
os_5yr,random_forest,0.3031674208144796,0.6556473829201102,0.7486272640015956
os_5yr,random_forest,0.3031674208144796,0.6584022038567493,0.7486272640015956
os_5yr,random_forest,0.3031674208144796,0.6597796143250688,0.7486272640015956
os_5yr,random_forest,0.3031674208144796,0.662534435261708,0.7486272640015956
os_5yr,random_forest,0.3031674208144796,0.6652892561983471,0.7486272640015956
os_5yr,random_forest,0.3076923076923077,0.6652892561983471,0.7486272640015956
os_5yr,random_forest,0.3076923076923077,0.6680440771349863,0.7486272640015956
os_5yr,random_forest,0.3076923076923077,0.6707988980716253,0.7486272640015956
os_5yr,random_forest,0.3076923076923077,0.6749311294765841,0.7486272640015956
os_5yr,random_forest,0.30995475113122173,0.6749311294765841,0.7486272640015956
os_5yr,random_forest,0.30995475113122173,0.6776859504132231,0.7486272640015956
os_5yr,random_forest,0.31221719457013575,0.6776859504132231,0.7486272640015956
os_5yr,random_forest,0.31221719457013575,0.6804407713498623,0.7486272640015956
os_5yr,random_forest,0.31447963800904977,0.6804407713498623,0.7486272640015956
os_5yr,random_forest,0.31447963800904977,0.6831955922865014,0.7486272640015956
os_5yr,random_forest,0.3167420814479638,0.6831955922865014,0.7486272640015956
os_5yr,random_forest,0.3167420814479638,0.6873278236914601,0.7486272640015956
os_5yr,random_forest,0.3190045248868778,0.6873278236914601,0.7486272640015956
os_5yr,random_forest,0.3190045248868778,0.6900826446280992,0.7486272640015956
os_5yr,random_forest,0.3212669683257919,0.6928374655647382,0.7486272640015956
os_5yr,random_forest,0.3212669683257919,0.7052341597796143,0.7486272640015956
os_5yr,random_forest,0.3235294117647059,0.7052341597796143,0.7486272640015956
os_5yr,random_forest,0.3235294117647059,0.7107438016528925,0.7486272640015956
os_5yr,random_forest,0.32805429864253394,0.7107438016528925,0.7486272640015956
os_5yr,random_forest,0.32805429864253394,0.7134986225895317,0.7486272640015956
os_5yr,random_forest,0.33031674208144796,0.7134986225895317,0.7486272640015956
os_5yr,random_forest,0.332579185520362,0.7148760330578512,0.7486272640015956
os_5yr,random_forest,0.332579185520362,0.7162534435261708,0.7486272640015956
os_5yr,random_forest,0.334841628959276,0.7162534435261708,0.7486272640015956
os_5yr,random_forest,0.334841628959276,0.7176308539944903,0.7486272640015956
os_5yr,random_forest,0.33710407239819007,0.7176308539944903,0.7486272640015956
os_5yr,random_forest,0.33710407239819007,0.7231404958677686,0.7486272640015956
os_5yr,random_forest,0.3393665158371041,0.7231404958677686,0.7486272640015956
os_5yr,random_forest,0.3393665158371041,0.7258953168044077,0.7486272640015956
os_5yr,random_forest,0.3416289592760181,0.7258953168044077,0.7486272640015956
os_5yr,random_forest,0.3416289592760181,0.7272727272727273,0.7486272640015956
os_5yr,random_forest,0.34615384615384615,0.7300275482093664,0.7486272640015956
os_5yr,random_forest,0.34615384615384615,0.7327823691460055,0.7486272640015956
os_5yr,random_forest,0.34615384615384615,0.7355371900826446,0.7486272640015956
os_5yr,random_forest,0.34615384615384615,0.7369146005509641,0.7486272640015956
os_5yr,random_forest,0.34841628959276016,0.7369146005509641,0.7486272640015956
os_5yr,random_forest,0.34841628959276016,0.7396694214876033,0.7486272640015956
os_5yr,random_forest,0.3506787330316742,0.7410468319559229,0.7486272640015956
os_5yr,random_forest,0.3506787330316742,0.743801652892562,0.7486272640015956
os_5yr,random_forest,0.3506787330316742,0.7465564738292011,0.7486272640015956
os_5yr,random_forest,0.35294117647058826,0.7465564738292011,0.7486272640015956
os_5yr,random_forest,0.35294117647058826,0.7493112947658402,0.7486272640015956
os_5yr,random_forest,0.35294117647058826,0.7534435261707989,0.7486272640015956
os_5yr,random_forest,0.3552036199095023,0.7534435261707989,0.7486272640015956
os_5yr,random_forest,0.3552036199095023,0.7548209366391184,0.7486272640015956
os_5yr,random_forest,0.3574660633484163,0.7548209366391184,0.7486272640015956
os_5yr,random_forest,0.3574660633484163,0.756198347107438,0.7486272640015956
os_5yr,random_forest,0.36199095022624433,0.7575757575757576,0.7486272640015956
os_5yr,random_forest,0.36199095022624433,0.7589531680440771,0.7486272640015956
os_5yr,random_forest,0.36425339366515835,0.7589531680440771,0.7486272640015956
os_5yr,random_forest,0.36425339366515835,0.7630853994490359,0.7486272640015956
os_5yr,random_forest,0.3665158371040724,0.7630853994490359,0.7486272640015956
os_5yr,random_forest,0.3665158371040724,0.768595041322314,0.7486272640015956
os_5yr,random_forest,0.36877828054298645,0.768595041322314,0.7486272640015956
os_5yr,random_forest,0.36877828054298645,0.7713498622589532,0.7486272640015956
os_5yr,random_forest,0.37104072398190047,0.7713498622589532,0.7486272640015956
os_5yr,random_forest,0.37104072398190047,0.7741046831955923,0.7486272640015956
os_5yr,random_forest,0.3733031674208145,0.7741046831955923,0.7486272640015956
os_5yr,random_forest,0.3733031674208145,0.778236914600551,0.7486272640015956
os_5yr,random_forest,0.3733031674208145,0.78099173553719,0.7486272640015956
os_5yr,random_forest,0.3733031674208145,0.7878787878787878,0.7486272640015956
os_5yr,random_forest,0.3755656108597285,0.7878787878787878,0.7486272640015956
os_5yr,random_forest,0.3755656108597285,0.7933884297520661,0.7486272640015956
os_5yr,random_forest,0.38009049773755654,0.7933884297520661,0.7486272640015956
os_5yr,random_forest,0.38009049773755654,0.7961432506887053,0.7486272640015956
os_5yr,random_forest,0.38461538461538464,0.7961432506887053,0.7486272640015956
os_5yr,random_forest,0.38687782805429866,0.7975206611570248,0.7486272640015956
os_5yr,random_forest,0.38687782805429866,0.8071625344352618,0.7486272640015956
os_5yr,random_forest,0.3891402714932127,0.8085399449035813,0.7486272640015956
os_5yr,random_forest,0.3891402714932127,0.8099173553719008,0.7486272640015956
os_5yr,random_forest,0.3891402714932127,0.8126721763085399,0.7486272640015956
os_5yr,random_forest,0.3891402714932127,0.8140495867768595,0.7486272640015956
os_5yr,random_forest,0.3936651583710407,0.8168044077134986,0.7486272640015956
os_5yr,random_forest,0.39592760180995473,0.8168044077134986,0.7486272640015956
os_5yr,random_forest,0.39819004524886875,0.8181818181818182,0.7486272640015956
os_5yr,random_forest,0.39819004524886875,0.8195592286501377,0.7486272640015956
os_5yr,random_forest,0.4004524886877828,0.8195592286501377,0.7486272640015956
os_5yr,random_forest,0.4004524886877828,0.8223140495867769,0.7486272640015956
os_5yr,random_forest,0.4004524886877828,0.8250688705234159,0.7486272640015956
os_5yr,random_forest,0.4004524886877828,0.8264462809917356,0.7486272640015956
os_5yr,random_forest,0.4072398190045249,0.8264462809917356,0.7486272640015956
os_5yr,random_forest,0.4072398190045249,0.8319559228650137,0.7486272640015956
os_5yr,random_forest,0.41402714932126694,0.8319559228650137,0.7486272640015956
os_5yr,random_forest,0.41402714932126694,0.8333333333333334,0.7486272640015956
os_5yr,random_forest,0.416289592760181,0.8333333333333334,0.7486272640015956
os_5yr,random_forest,0.416289592760181,0.8402203856749312,0.7486272640015956
os_5yr,random_forest,0.42081447963800905,0.8402203856749312,0.7486272640015956
os_5yr,random_forest,0.42081447963800905,0.8443526170798898,0.7486272640015956
os_5yr,random_forest,0.4230769230769231,0.8443526170798898,0.7486272640015956
os_5yr,random_forest,0.4230769230769231,0.849862258953168,0.7486272640015956
os_5yr,random_forest,0.4253393665158371,0.849862258953168,0.7486272640015956
os_5yr,random_forest,0.4253393665158371,0.8512396694214877,0.7486272640015956
os_5yr,random_forest,0.4276018099547511,0.8512396694214877,0.7486272640015956
os_5yr,random_forest,0.4276018099547511,0.8539944903581267,0.7486272640015956
os_5yr,random_forest,0.4321266968325792,0.8539944903581267,0.7486272640015956
os_5yr,random_forest,0.4321266968325792,0.8553719008264463,0.7486272640015956
os_5yr,random_forest,0.43665158371040724,0.8553719008264463,0.7486272640015956
os_5yr,random_forest,0.43665158371040724,0.8567493112947658,0.7486272640015956
os_5yr,random_forest,0.43665158371040724,0.859504132231405,0.7486272640015956
os_5yr,random_forest,0.43665158371040724,0.8636363636363636,0.7486272640015956
os_5yr,random_forest,0.4411764705882353,0.8636363636363636,0.7486272640015956
os_5yr,random_forest,0.4411764705882353,0.8663911845730028,0.7486272640015956
os_5yr,random_forest,0.4434389140271493,0.8663911845730028,0.7486272640015956
os_5yr,random_forest,0.4434389140271493,0.8677685950413223,0.7486272640015956
os_5yr,random_forest,0.45248868778280543,0.8677685950413223,0.7486272640015956
os_5yr,random_forest,0.45248868778280543,0.871900826446281,0.7486272640015956
os_5yr,random_forest,0.4592760180995475,0.871900826446281,0.7486272640015956
os_5yr,random_forest,0.4592760180995475,0.8732782369146006,0.7486272640015956
os_5yr,random_forest,0.4638009049773756,0.8732782369146006,0.7486272640015956
os_5yr,random_forest,0.4638009049773756,0.8746556473829201,0.7486272640015956
os_5yr,random_forest,0.4660633484162896,0.8746556473829201,0.7486272640015956
os_5yr,random_forest,0.4660633484162896,0.8787878787878788,0.7486272640015956
os_5yr,random_forest,0.4683257918552036,0.8787878787878788,0.7486272640015956
os_5yr,random_forest,0.4683257918552036,0.8815426997245179,0.7486272640015956
os_5yr,random_forest,0.47737556561085975,0.8815426997245179,0.7486272640015956
os_5yr,random_forest,0.47737556561085975,0.8829201101928374,0.7486272640015956
os_5yr,random_forest,0.48868778280542985,0.8829201101928374,0.7486272640015956
os_5yr,random_forest,0.48868778280542985,0.8856749311294766,0.7486272640015956
os_5yr,random_forest,0.49547511312217196,0.8856749311294766,0.7486272640015956
os_5yr,random_forest,0.49547511312217196,0.8870523415977961,0.7486272640015956
os_5yr,random_forest,0.5,0.8870523415977961,0.7486272640015956
os_5yr,random_forest,0.5,0.8884297520661157,0.7486272640015956
os_5yr,random_forest,0.5226244343891403,0.8884297520661157,0.7486272640015956
os_5yr,random_forest,0.5226244343891403,0.8925619834710744,0.7486272640015956
os_5yr,random_forest,0.5248868778280543,0.8925619834710744,0.7486272640015956
os_5yr,random_forest,0.5248868778280543,0.8939393939393939,0.7486272640015956
os_5yr,random_forest,0.5316742081447964,0.8939393939393939,0.7486272640015956
os_5yr,random_forest,0.5316742081447964,0.8953168044077136,0.7486272640015956
os_5yr,random_forest,0.5339366515837104,0.8953168044077136,0.7486272640015956
os_5yr,random_forest,0.5339366515837104,0.8980716253443526,0.7486272640015956
os_5yr,random_forest,0.5361990950226244,0.8980716253443526,0.7486272640015956
os_5yr,random_forest,0.5361990950226244,0.8994490358126722,0.7486272640015956
os_5yr,random_forest,0.5429864253393665,0.8994490358126722,0.7486272640015956
os_5yr,random_forest,0.5452488687782805,0.9008264462809917,0.7486272640015956
os_5yr,random_forest,0.5475113122171946,0.9008264462809917,0.7486272640015956
os_5yr,random_forest,0.5475113122171946,0.9022038567493113,0.7486272640015956
os_5yr,random_forest,0.5497737556561086,0.9022038567493113,0.7486272640015956
os_5yr,random_forest,0.5497737556561086,0.9035812672176309,0.7486272640015956
os_5yr,random_forest,0.5588235294117647,0.9035812672176309,0.7486272640015956
os_5yr,random_forest,0.5588235294117647,0.9049586776859504,0.7486272640015956
os_5yr,random_forest,0.5610859728506787,0.90633608815427,0.7486272640015956
os_5yr,random_forest,0.5610859728506787,0.9077134986225895,0.7486272640015956
os_5yr,random_forest,0.5656108597285068,0.9077134986225895,0.7486272640015956
os_5yr,random_forest,0.5656108597285068,0.9104683195592287,0.7486272640015956
os_5yr,random_forest,0.5701357466063348,0.9104683195592287,0.7486272640015956
os_5yr,random_forest,0.5701357466063348,0.9118457300275482,0.7486272640015956
os_5yr,random_forest,0.5746606334841629,0.9118457300275482,0.7486272640015956
os_5yr,random_forest,0.5746606334841629,0.9132231404958677,0.7486272640015956
os_5yr,random_forest,0.579185520361991,0.9132231404958677,0.7486272640015956
os_5yr,random_forest,0.579185520361991,0.9146005509641874,0.7486272640015956
os_5yr,random_forest,0.5927601809954751,0.9146005509641874,0.7486272640015956
os_5yr,random_forest,0.5995475113122172,0.9146005509641874,0.7486272640015956
os_5yr,random_forest,0.5995475113122172,0.9159779614325069,0.7486272640015956
os_5yr,random_forest,0.6063348416289592,0.9159779614325069,0.7486272640015956
os_5yr,random_forest,0.6108597285067874,0.9159779614325069,0.7486272640015956
os_5yr,random_forest,0.6153846153846154,0.9159779614325069,0.7486272640015956
os_5yr,random_forest,0.6153846153846154,0.9173553719008265,0.7486272640015956
os_5yr,random_forest,0.6176470588235294,0.9173553719008265,0.7486272640015956
os_5yr,random_forest,0.6176470588235294,0.918732782369146,0.7486272640015956
os_5yr,random_forest,0.6221719457013575,0.918732782369146,0.7486272640015956
os_5yr,random_forest,0.6221719457013575,0.9201101928374655,0.7486272640015956
os_5yr,random_forest,0.6289592760180995,0.9201101928374655,0.7486272640015956
os_5yr,random_forest,0.6289592760180995,0.9214876033057852,0.7486272640015956
os_5yr,random_forest,0.6425339366515838,0.9214876033057852,0.7486272640015956
os_5yr,random_forest,0.6425339366515838,0.9228650137741047,0.7486272640015956
os_5yr,random_forest,0.6470588235294118,0.9228650137741047,0.7486272640015956
os_5yr,random_forest,0.6470588235294118,0.9242424242424242,0.7486272640015956
os_5yr,random_forest,0.6493212669683258,0.9242424242424242,0.7486272640015956
os_5yr,random_forest,0.6493212669683258,0.9256198347107438,0.7486272640015956
os_5yr,random_forest,0.6515837104072398,0.9256198347107438,0.7486272640015956
os_5yr,random_forest,0.6538461538461539,0.9269972451790633,0.7486272640015956
os_5yr,random_forest,0.6561085972850679,0.9269972451790633,0.7486272640015956
os_5yr,random_forest,0.6561085972850679,0.928374655647383,0.7486272640015956
os_5yr,random_forest,0.6583710407239819,0.928374655647383,0.7486272640015956
os_5yr,random_forest,0.6583710407239819,0.931129476584022,0.7486272640015956
os_5yr,random_forest,0.6606334841628959,0.931129476584022,0.7486272640015956
os_5yr,random_forest,0.6606334841628959,0.9338842975206612,0.7486272640015956
os_5yr,random_forest,0.667420814479638,0.9338842975206612,0.7486272640015956
os_5yr,random_forest,0.667420814479638,0.9352617079889807,0.7486272640015956
os_5yr,random_forest,0.669683257918552,0.9352617079889807,0.7486272640015956
os_5yr,random_forest,0.669683257918552,0.9366391184573003,0.7486272640015956
os_5yr,random_forest,0.6742081447963801,0.9366391184573003,0.7486272640015956
os_5yr,random_forest,0.6764705882352942,0.9380165289256198,0.7486272640015956
os_5yr,random_forest,0.6787330316742082,0.9380165289256198,0.7486272640015956
os_5yr,random_forest,0.6787330316742082,0.9393939393939394,0.7486272640015956
os_5yr,random_forest,0.6832579185520362,0.9393939393939394,0.7486272640015956
os_5yr,random_forest,0.6832579185520362,0.940771349862259,0.7486272640015956
os_5yr,random_forest,0.6923076923076923,0.940771349862259,0.7486272640015956
os_5yr,random_forest,0.6923076923076923,0.9421487603305785,0.7486272640015956
os_5yr,random_forest,0.6945701357466063,0.9421487603305785,0.7486272640015956
os_5yr,random_forest,0.6945701357466063,0.9449035812672176,0.7486272640015956
os_5yr,random_forest,0.6968325791855203,0.9449035812672176,0.7486272640015956
os_5yr,random_forest,0.6968325791855203,0.9462809917355371,0.7486272640015956
os_5yr,random_forest,0.7149321266968326,0.9462809917355371,0.7486272640015956
os_5yr,random_forest,0.7149321266968326,0.9476584022038568,0.7486272640015956
os_5yr,random_forest,0.7239819004524887,0.9476584022038568,0.7486272640015956
os_5yr,random_forest,0.7239819004524887,0.9490358126721763,0.7486272640015956
os_5yr,random_forest,0.7307692307692307,0.9490358126721763,0.7486272640015956
os_5yr,random_forest,0.7307692307692307,0.9504132231404959,0.7486272640015956
os_5yr,random_forest,0.7330316742081447,0.9504132231404959,0.7486272640015956
os_5yr,random_forest,0.7330316742081447,0.9517906336088154,0.7486272640015956
os_5yr,random_forest,0.744343891402715,0.9517906336088154,0.7486272640015956
os_5yr,random_forest,0.744343891402715,0.953168044077135,0.7486272640015956
os_5yr,random_forest,0.751131221719457,0.953168044077135,0.7486272640015956
os_5yr,random_forest,0.751131221719457,0.9559228650137741,0.7486272640015956
os_5yr,random_forest,0.7579185520361991,0.9559228650137741,0.7486272640015956
os_5yr,random_forest,0.7579185520361991,0.9573002754820936,0.7486272640015956
os_5yr,random_forest,0.7601809954751131,0.9573002754820936,0.7486272640015956
os_5yr,random_forest,0.7601809954751131,0.9586776859504132,0.7486272640015956
os_5yr,random_forest,0.7669683257918553,0.9586776859504132,0.7486272640015956
os_5yr,random_forest,0.7669683257918553,0.9600550964187328,0.7486272640015956
os_5yr,random_forest,0.7782805429864253,0.9600550964187328,0.7486272640015956
os_5yr,random_forest,0.7782805429864253,0.9628099173553719,0.7486272640015956
os_5yr,random_forest,0.7805429864253394,0.9628099173553719,0.7486272640015956
os_5yr,random_forest,0.7805429864253394,0.9641873278236914,0.7486272640015956
os_5yr,random_forest,0.8099547511312217,0.9641873278236914,0.7486272640015956
os_5yr,random_forest,0.8099547511312217,0.9655647382920111,0.7486272640015956
os_5yr,random_forest,0.8122171945701357,0.9655647382920111,0.7486272640015956
os_5yr,random_forest,0.8122171945701357,0.9669421487603306,0.7486272640015956
os_5yr,random_forest,0.8167420814479638,0.9669421487603306,0.7486272640015956
os_5yr,random_forest,0.8167420814479638,0.9696969696969697,0.7486272640015956
os_5yr,random_forest,0.8438914027149321,0.9696969696969697,0.7486272640015956
os_5yr,random_forest,0.8461538461538461,0.9710743801652892,0.7486272640015956
os_5yr,random_forest,0.8484162895927602,0.9710743801652892,0.7486272640015956
os_5yr,random_forest,0.8484162895927602,0.9724517906336089,0.7486272640015956
os_5yr,random_forest,0.8687782805429864,0.9724517906336089,0.7486272640015956
os_5yr,random_forest,0.8687782805429864,0.9738292011019284,0.7486272640015956
os_5yr,random_forest,0.8733031674208145,0.9738292011019284,0.7486272640015956
os_5yr,random_forest,0.8733031674208145,0.9752066115702479,0.7486272640015956
os_5yr,random_forest,0.8800904977375565,0.9752066115702479,0.7486272640015956
os_5yr,random_forest,0.8800904977375565,0.9765840220385675,0.7486272640015956
os_5yr,random_forest,0.8891402714932126,0.9765840220385675,0.7486272640015956
os_5yr,random_forest,0.8891402714932126,0.977961432506887,0.7486272640015956
os_5yr,random_forest,0.8936651583710408,0.977961432506887,0.7486272640015956
os_5yr,random_forest,0.8936651583710408,0.9793388429752066,0.7486272640015956
os_5yr,random_forest,0.8959276018099548,0.9793388429752066,0.7486272640015956
os_5yr,random_forest,0.8959276018099548,0.9807162534435262,0.7486272640015956
os_5yr,random_forest,0.8981900452488688,0.9834710743801653,0.7486272640015956
os_5yr,random_forest,0.9004524886877828,0.9848484848484849,0.7486272640015956
os_5yr,random_forest,0.9117647058823529,0.9848484848484849,0.7486272640015956
os_5yr,random_forest,0.916289592760181,0.9848484848484849,0.7486272640015956
os_5yr,random_forest,0.916289592760181,0.9862258953168044,0.7486272640015956
os_5yr,random_forest,0.9253393665158371,0.9862258953168044,0.7486272640015956
os_5yr,random_forest,0.9253393665158371,0.987603305785124,0.7486272640015956
os_5yr,random_forest,0.9298642533936652,0.987603305785124,0.7486272640015956
os_5yr,random_forest,0.9298642533936652,0.990358126721763,0.7486272640015956
os_5yr,random_forest,0.9457013574660633,0.990358126721763,0.7486272640015956
os_5yr,random_forest,0.9457013574660633,0.9917355371900827,0.7486272640015956
os_5yr,random_forest,0.9751131221719457,0.9917355371900827,0.7486272640015956
os_5yr,random_forest,0.9751131221719457,0.9944903581267218,0.7486272640015956
os_5yr,random_forest,0.9773755656108597,0.9944903581267218,0.7486272640015956
os_5yr,random_forest,0.9773755656108597,0.9958677685950413,0.7486272640015956
os_5yr,random_forest,0.9841628959276018,0.9958677685950413,0.7486272640015956
os_5yr,random_forest,0.9841628959276018,0.9972451790633609,0.7486272640015956
os_5yr,random_forest,0.997737556561086,0.9972451790633609,0.7486272640015956
os_5yr,random_forest,0.997737556561086,0.9986225895316805,0.7486272640015956
os_5yr,random_forest,1.0,0.9986225895316805,0.7486272640015956
os_5yr,random_forest,1.0,1.0,0.7486272640015956
os_5yr,tabfm_default,0.0,0.0,0.7357989603978908
os_5yr,tabfm_default,0.0,0.0013774104683195593,0.7357989603978908
os_5yr,tabfm_default,0.0,0.009641873278236915,0.7357989603978908
os_5yr,tabfm_default,0.004524886877828055,0.009641873278236915,0.7357989603978908
os_5yr,tabfm_default,0.004524886877828055,0.01652892561983471,0.7357989603978908
os_5yr,tabfm_default,0.006787330316742082,0.01652892561983471,0.7357989603978908
os_5yr,tabfm_default,0.006787330316742082,0.023415977961432508,0.7357989603978908
os_5yr,tabfm_default,0.006787330316742082,0.026170798898071626,0.7357989603978908
os_5yr,tabfm_default,0.00904977375565611,0.026170798898071626,0.7357989603978908
os_5yr,tabfm_default,0.00904977375565611,0.03856749311294766,0.7357989603978908
os_5yr,tabfm_default,0.00904977375565611,0.04132231404958678,0.7357989603978908
os_5yr,tabfm_default,0.00904977375565611,0.05096418732782369,0.7357989603978908
os_5yr,tabfm_default,0.00904977375565611,0.05647382920110193,0.7357989603978908
os_5yr,tabfm_default,0.00904977375565611,0.06336088154269973,0.7357989603978908
os_5yr,tabfm_default,0.011312217194570135,0.06336088154269973,0.7357989603978908
os_5yr,tabfm_default,0.011312217194570135,0.09366391184573003,0.7357989603978908
os_5yr,tabfm_default,0.013574660633484163,0.09366391184573003,0.7357989603978908
os_5yr,tabfm_default,0.013574660633484163,0.12396694214876033,0.7357989603978908
os_5yr,tabfm_default,0.024886877828054297,0.12396694214876033,0.7357989603978908
os_5yr,tabfm_default,0.024886877828054297,0.12534435261707988,0.7357989603978908
os_5yr,tabfm_default,0.027149321266968326,0.12534435261707988,0.7357989603978908
os_5yr,tabfm_default,0.027149321266968326,0.12947658402203857,0.7357989603978908
os_5yr,tabfm_default,0.029411764705882353,0.12947658402203857,0.7357989603978908
os_5yr,tabfm_default,0.029411764705882353,0.1349862258953168,0.7357989603978908
os_5yr,tabfm_default,0.03167420814479638,0.1349862258953168,0.7357989603978908
os_5yr,tabfm_default,0.03167420814479638,0.15564738292011018,0.7357989603978908
os_5yr,tabfm_default,0.033936651583710405,0.15564738292011018,0.7357989603978908
os_5yr,tabfm_default,0.033936651583710405,0.1584022038567493,0.7357989603978908
os_5yr,tabfm_default,0.038461538461538464,0.1584022038567493,0.7357989603978908
os_5yr,tabfm_default,0.038461538461538464,0.16804407713498623,0.7357989603978908
os_5yr,tabfm_default,0.042986425339366516,0.16804407713498623,0.7357989603978908
os_5yr,tabfm_default,0.042986425339366516,0.17768595041322313,0.7357989603978908
os_5yr,tabfm_default,0.04524886877828054,0.17768595041322313,0.7357989603978908
os_5yr,tabfm_default,0.04524886877828054,0.18044077134986225,0.7357989603978908
os_5yr,tabfm_default,0.058823529411764705,0.18044077134986225,0.7357989603978908
os_5yr,tabfm_default,0.058823529411764705,0.1887052341597796,0.7357989603978908
os_5yr,tabfm_default,0.06108597285067873,0.1887052341597796,0.7357989603978908
os_5yr,tabfm_default,0.06108597285067873,0.19834710743801653,0.7357989603978908
os_5yr,tabfm_default,0.06334841628959276,0.19834710743801653,0.7357989603978908
os_5yr,tabfm_default,0.06334841628959276,0.2066115702479339,0.7357989603978908
os_5yr,tabfm_default,0.06561085972850679,0.2066115702479339,0.7357989603978908
os_5yr,tabfm_default,0.06561085972850679,0.20798898071625344,0.7357989603978908
os_5yr,tabfm_default,0.06787330316742081,0.20798898071625344,0.7357989603978908
os_5yr,tabfm_default,0.06787330316742081,0.21487603305785125,0.7357989603978908
os_5yr,tabfm_default,0.07239819004524888,0.21487603305785125,0.7357989603978908
os_5yr,tabfm_default,0.07239819004524888,0.22176308539944903,0.7357989603978908
os_5yr,tabfm_default,0.0746606334841629,0.22176308539944903,0.7357989603978908
os_5yr,tabfm_default,0.0746606334841629,0.2231404958677686,0.7357989603978908
os_5yr,tabfm_default,0.07692307692307693,0.2231404958677686,0.7357989603978908
os_5yr,tabfm_default,0.07692307692307693,0.22589531680440772,0.7357989603978908
os_5yr,tabfm_default,0.08144796380090498,0.22589531680440772,0.7357989603978908
os_5yr,tabfm_default,0.08144796380090498,0.23002754820936638,0.7357989603978908
os_5yr,tabfm_default,0.08597285067873303,0.23002754820936638,0.7357989603978908
os_5yr,tabfm_default,0.08597285067873303,0.23415977961432508,0.7357989603978908
os_5yr,tabfm_default,0.08823529411764706,0.23415977961432508,0.7357989603978908
os_5yr,tabfm_default,0.08823529411764706,0.25206611570247933,0.7357989603978908
os_5yr,tabfm_default,0.09502262443438914,0.25206611570247933,0.7357989603978908
os_5yr,tabfm_default,0.09502262443438914,0.256198347107438,0.7357989603978908
os_5yr,tabfm_default,0.09728506787330317,0.256198347107438,0.7357989603978908
os_5yr,tabfm_default,0.09728506787330317,0.26721763085399447,0.7357989603978908
os_5yr,tabfm_default,0.09954751131221719,0.26721763085399447,0.7357989603978908
os_5yr,tabfm_default,0.09954751131221719,0.26859504132231404,0.7357989603978908
os_5yr,tabfm_default,0.10180995475113122,0.26859504132231404,0.7357989603978908
os_5yr,tabfm_default,0.10180995475113122,0.27548209366391185,0.7357989603978908
os_5yr,tabfm_default,0.10407239819004525,0.27548209366391185,0.7357989603978908
os_5yr,tabfm_default,0.10407239819004525,0.27823691460055094,0.7357989603978908
os_5yr,tabfm_default,0.1085972850678733,0.27823691460055094,0.7357989603978908
os_5yr,tabfm_default,0.1085972850678733,0.29201101928374656,0.7357989603978908
os_5yr,tabfm_default,0.11085972850678733,0.29201101928374656,0.7357989603978908
os_5yr,tabfm_default,0.11085972850678733,0.30578512396694213,0.7357989603978908
os_5yr,tabfm_default,0.11312217194570136,0.30578512396694213,0.7357989603978908
os_5yr,tabfm_default,0.11312217194570136,0.31129476584022037,0.7357989603978908
os_5yr,tabfm_default,0.11538461538461539,0.31129476584022037,0.7357989603978908
os_5yr,tabfm_default,0.11538461538461539,0.31267217630853994,0.7357989603978908
os_5yr,tabfm_default,0.11764705882352941,0.31267217630853994,0.7357989603978908
os_5yr,tabfm_default,0.11764705882352941,0.3140495867768595,0.7357989603978908
os_5yr,tabfm_default,0.11990950226244344,0.3140495867768595,0.7357989603978908
os_5yr,tabfm_default,0.11990950226244344,0.3415977961432507,0.7357989603978908
os_5yr,tabfm_default,0.12217194570135746,0.3415977961432507,0.7357989603978908
os_5yr,tabfm_default,0.12217194570135746,0.34297520661157027,0.7357989603978908
os_5yr,tabfm_default,0.1244343891402715,0.34297520661157027,0.7357989603978908
os_5yr,tabfm_default,0.1244343891402715,0.34573002754820936,0.7357989603978908
os_5yr,tabfm_default,0.12669683257918551,0.34573002754820936,0.7357989603978908
os_5yr,tabfm_default,0.12669683257918551,0.3608815426997245,0.7357989603978908
os_5yr,tabfm_default,0.12895927601809956,0.3608815426997245,0.7357989603978908
os_5yr,tabfm_default,0.12895927601809956,0.37052341597796146,0.7357989603978908
os_5yr,tabfm_default,0.13122171945701358,0.37052341597796146,0.7357989603978908
os_5yr,tabfm_default,0.13122171945701358,0.37327823691460055,0.7357989603978908
os_5yr,tabfm_default,0.1334841628959276,0.37327823691460055,0.7357989603978908
os_5yr,tabfm_default,0.1334841628959276,0.38016528925619836,0.7357989603978908
os_5yr,tabfm_default,0.13574660633484162,0.38016528925619836,0.7357989603978908
os_5yr,tabfm_default,0.13574660633484162,0.39118457300275483,0.7357989603978908
os_5yr,tabfm_default,0.13800904977375567,0.39118457300275483,0.7357989603978908
os_5yr,tabfm_default,0.13800904977375567,0.39669421487603307,0.7357989603978908
os_5yr,tabfm_default,0.14705882352941177,0.39669421487603307,0.7357989603978908
os_5yr,tabfm_default,0.14705882352941177,0.4035812672176309,0.7357989603978908
os_5yr,tabfm_default,0.1515837104072398,0.4035812672176309,0.7357989603978908
os_5yr,tabfm_default,0.1515837104072398,0.40771349862258954,0.7357989603978908
os_5yr,tabfm_default,0.15384615384615385,0.40771349862258954,0.7357989603978908
os_5yr,tabfm_default,0.15384615384615385,0.41460055096418735,0.7357989603978908
os_5yr,tabfm_default,0.16063348416289594,0.41460055096418735,0.7357989603978908
os_5yr,tabfm_default,0.16063348416289594,0.42699724517906334,0.7357989603978908
os_5yr,tabfm_default,0.16289592760180996,0.42699724517906334,0.7357989603978908
os_5yr,tabfm_default,0.16289592760180996,0.4297520661157025,0.7357989603978908
os_5yr,tabfm_default,0.16515837104072398,0.4297520661157025,0.7357989603978908
os_5yr,tabfm_default,0.16515837104072398,0.43112947658402206,0.7357989603978908
os_5yr,tabfm_default,0.167420814479638,0.43112947658402206,0.7357989603978908
os_5yr,tabfm_default,0.167420814479638,0.43526170798898073,0.7357989603978908
os_5yr,tabfm_default,0.16968325791855204,0.43526170798898073,0.7357989603978908
os_5yr,tabfm_default,0.16968325791855204,0.4380165289256198,0.7357989603978908
os_5yr,tabfm_default,0.17194570135746606,0.4380165289256198,0.7357989603978908
os_5yr,tabfm_default,0.17194570135746606,0.44214876033057854,0.7357989603978908
os_5yr,tabfm_default,0.17420814479638008,0.44214876033057854,0.7357989603978908
os_5yr,tabfm_default,0.17420814479638008,0.4462809917355372,0.7357989603978908
os_5yr,tabfm_default,0.17647058823529413,0.4462809917355372,0.7357989603978908
os_5yr,tabfm_default,0.17647058823529413,0.45179063360881544,0.7357989603978908
os_5yr,tabfm_default,0.17873303167420815,0.45179063360881544,0.7357989603978908
os_5yr,tabfm_default,0.17873303167420815,0.4573002754820937,0.7357989603978908
os_5yr,tabfm_default,0.18099547511312217,0.4573002754820937,0.7357989603978908
os_5yr,tabfm_default,0.18099547511312217,0.46005509641873277,0.7357989603978908
os_5yr,tabfm_default,0.1832579185520362,0.46005509641873277,0.7357989603978908
os_5yr,tabfm_default,0.1832579185520362,0.46831955922865015,0.7357989603978908
os_5yr,tabfm_default,0.18552036199095023,0.46831955922865015,0.7357989603978908
os_5yr,tabfm_default,0.18552036199095023,0.47520661157024796,0.7357989603978908
os_5yr,tabfm_default,0.18778280542986425,0.47520661157024796,0.7357989603978908
os_5yr,tabfm_default,0.18778280542986425,0.4765840220385675,0.7357989603978908
os_5yr,tabfm_default,0.19004524886877827,0.4765840220385675,0.7357989603978908
os_5yr,tabfm_default,0.19004524886877827,0.4820936639118457,0.7357989603978908
os_5yr,tabfm_default,0.19230769230769232,0.4820936639118457,0.7357989603978908
os_5yr,tabfm_default,0.19230769230769232,0.4834710743801653,0.7357989603978908
os_5yr,tabfm_default,0.19457013574660634,0.4834710743801653,0.7357989603978908
os_5yr,tabfm_default,0.19457013574660634,0.48622589531680444,0.7357989603978908
os_5yr,tabfm_default,0.20361990950226244,0.48622589531680444,0.7357989603978908
os_5yr,tabfm_default,0.20361990950226244,0.4903581267217631,0.7357989603978908
os_5yr,tabfm_default,0.20588235294117646,0.4903581267217631,0.7357989603978908
os_5yr,tabfm_default,0.20588235294117646,0.49586776859504134,0.7357989603978908
os_5yr,tabfm_default,0.2081447963800905,0.49586776859504134,0.7357989603978908
os_5yr,tabfm_default,0.2081447963800905,0.5041322314049587,0.7357989603978908
os_5yr,tabfm_default,0.21266968325791855,0.5041322314049587,0.7357989603978908
os_5yr,tabfm_default,0.21266968325791855,0.5068870523415978,0.7357989603978908
os_5yr,tabfm_default,0.2149321266968326,0.5068870523415978,0.7357989603978908
os_5yr,tabfm_default,0.2149321266968326,0.5137741046831956,0.7357989603978908
os_5yr,tabfm_default,0.2171945701357466,0.5137741046831956,0.7357989603978908
os_5yr,tabfm_default,0.2171945701357466,0.5247933884297521,0.7357989603978908
os_5yr,tabfm_default,0.21945701357466063,0.5247933884297521,0.7357989603978908
os_5yr,tabfm_default,0.21945701357466063,0.5261707988980716,0.7357989603978908
os_5yr,tabfm_default,0.22171945701357465,0.5261707988980716,0.7357989603978908
os_5yr,tabfm_default,0.22171945701357465,0.5275482093663911,0.7357989603978908
os_5yr,tabfm_default,0.22624434389140272,0.5275482093663911,0.7357989603978908
os_5yr,tabfm_default,0.22624434389140272,0.5330578512396694,0.7357989603978908
os_5yr,tabfm_default,0.22850678733031674,0.5330578512396694,0.7357989603978908
os_5yr,tabfm_default,0.22850678733031674,0.5371900826446281,0.7357989603978908
os_5yr,tabfm_default,0.23076923076923078,0.5371900826446281,0.7357989603978908
os_5yr,tabfm_default,0.23076923076923078,0.5440771349862259,0.7357989603978908
os_5yr,tabfm_default,0.23529411764705882,0.5440771349862259,0.7357989603978908
os_5yr,tabfm_default,0.23529411764705882,0.5564738292011019,0.7357989603978908
os_5yr,tabfm_default,0.23755656108597284,0.5564738292011019,0.7357989603978908
os_5yr,tabfm_default,0.23755656108597284,0.5702479338842975,0.7357989603978908
os_5yr,tabfm_default,0.2398190045248869,0.5702479338842975,0.7357989603978908
os_5yr,tabfm_default,0.2398190045248869,0.5853994490358126,0.7357989603978908
os_5yr,tabfm_default,0.2420814479638009,0.5853994490358126,0.7357989603978908
os_5yr,tabfm_default,0.2420814479638009,0.5867768595041323,0.7357989603978908
os_5yr,tabfm_default,0.24434389140271492,0.5867768595041323,0.7357989603978908
os_5yr,tabfm_default,0.24434389140271492,0.6005509641873278,0.7357989603978908
os_5yr,tabfm_default,0.24660633484162897,0.6005509641873278,0.7357989603978908
os_5yr,tabfm_default,0.24660633484162897,0.6019283746556474,0.7357989603978908
os_5yr,tabfm_default,0.248868778280543,0.6019283746556474,0.7357989603978908
os_5yr,tabfm_default,0.248868778280543,0.6046831955922864,0.7357989603978908
os_5yr,tabfm_default,0.251131221719457,0.6046831955922864,0.7357989603978908
os_5yr,tabfm_default,0.251131221719457,0.6212121212121212,0.7357989603978908
os_5yr,tabfm_default,0.25339366515837103,0.6212121212121212,0.7357989603978908
os_5yr,tabfm_default,0.25339366515837103,0.6267217630853994,0.7357989603978908
os_5yr,tabfm_default,0.25565610859728505,0.6267217630853994,0.7357989603978908
os_5yr,tabfm_default,0.25565610859728505,0.6322314049586777,0.7357989603978908
os_5yr,tabfm_default,0.26244343891402716,0.6322314049586777,0.7357989603978908
os_5yr,tabfm_default,0.26244343891402716,0.6336088154269972,0.7357989603978908
os_5yr,tabfm_default,0.2669683257918552,0.6336088154269972,0.7357989603978908
os_5yr,tabfm_default,0.2669683257918552,0.6349862258953168,0.7357989603978908
os_5yr,tabfm_default,0.2737556561085973,0.6349862258953168,0.7357989603978908
os_5yr,tabfm_default,0.2737556561085973,0.640495867768595,0.7357989603978908
os_5yr,tabfm_default,0.2850678733031674,0.640495867768595,0.7357989603978908
os_5yr,tabfm_default,0.2850678733031674,0.6460055096418733,0.7357989603978908
os_5yr,tabfm_default,0.2873303167420814,0.6460055096418733,0.7357989603978908
os_5yr,tabfm_default,0.2873303167420814,0.6487603305785123,0.7357989603978908
os_5yr,tabfm_default,0.29411764705882354,0.6487603305785123,0.7357989603978908
os_5yr,tabfm_default,0.29411764705882354,0.6515151515151515,0.7357989603978908
os_5yr,tabfm_default,0.2986425339366516,0.6515151515151515,0.7357989603978908
os_5yr,tabfm_default,0.2986425339366516,0.6556473829201102,0.7357989603978908
os_5yr,tabfm_default,0.3009049773755656,0.6556473829201102,0.7357989603978908
os_5yr,tabfm_default,0.3009049773755656,0.6597796143250688,0.7357989603978908
os_5yr,tabfm_default,0.3031674208144796,0.6597796143250688,0.7357989603978908
os_5yr,tabfm_default,0.3031674208144796,0.6611570247933884,0.7357989603978908
os_5yr,tabfm_default,0.3054298642533937,0.6611570247933884,0.7357989603978908
os_5yr,tabfm_default,0.3054298642533937,0.662534435261708,0.7357989603978908
os_5yr,tabfm_default,0.3076923076923077,0.662534435261708,0.7357989603978908
os_5yr,tabfm_default,0.3076923076923077,0.6652892561983471,0.7357989603978908
os_5yr,tabfm_default,0.30995475113122173,0.6652892561983471,0.7357989603978908
os_5yr,tabfm_default,0.30995475113122173,0.6694214876033058,0.7357989603978908
os_5yr,tabfm_default,0.31447963800904977,0.6694214876033058,0.7357989603978908
os_5yr,tabfm_default,0.31447963800904977,0.6707988980716253,0.7357989603978908
os_5yr,tabfm_default,0.3190045248868778,0.6707988980716253,0.7357989603978908
os_5yr,tabfm_default,0.3190045248868778,0.6763085399449036,0.7357989603978908
os_5yr,tabfm_default,0.3212669683257919,0.6763085399449036,0.7357989603978908
os_5yr,tabfm_default,0.3212669683257919,0.6790633608815427,0.7357989603978908
os_5yr,tabfm_default,0.3257918552036199,0.6790633608815427,0.7357989603978908
os_5yr,tabfm_default,0.3257918552036199,0.6845730027548209,0.7357989603978908
os_5yr,tabfm_default,0.32805429864253394,0.6845730027548209,0.7357989603978908
os_5yr,tabfm_default,0.32805429864253394,0.6928374655647382,0.7357989603978908
os_5yr,tabfm_default,0.33031674208144796,0.6928374655647382,0.7357989603978908
os_5yr,tabfm_default,0.33031674208144796,0.6942148760330579,0.7357989603978908
os_5yr,tabfm_default,0.332579185520362,0.6942148760330579,0.7357989603978908
os_5yr,tabfm_default,0.332579185520362,0.696969696969697,0.7357989603978908
os_5yr,tabfm_default,0.334841628959276,0.696969696969697,0.7357989603978908
os_5yr,tabfm_default,0.334841628959276,0.6983471074380165,0.7357989603978908
os_5yr,tabfm_default,0.3393665158371041,0.6983471074380165,0.7357989603978908
os_5yr,tabfm_default,0.3393665158371041,0.7011019283746557,0.7357989603978908
os_5yr,tabfm_default,0.3416289592760181,0.7011019283746557,0.7357989603978908
os_5yr,tabfm_default,0.3416289592760181,0.7024793388429752,0.7357989603978908
os_5yr,tabfm_default,0.3438914027149321,0.7024793388429752,0.7357989603978908
os_5yr,tabfm_default,0.3438914027149321,0.7038567493112947,0.7357989603978908
os_5yr,tabfm_default,0.34841628959276016,0.7038567493112947,0.7357989603978908
os_5yr,tabfm_default,0.34841628959276016,0.7079889807162535,0.7357989603978908
os_5yr,tabfm_default,0.3506787330316742,0.7079889807162535,0.7357989603978908
os_5yr,tabfm_default,0.3506787330316742,0.7176308539944903,0.7357989603978908
os_5yr,tabfm_default,0.35294117647058826,0.7176308539944903,0.7357989603978908
os_5yr,tabfm_default,0.35294117647058826,0.7245179063360881,0.7357989603978908
os_5yr,tabfm_default,0.3552036199095023,0.7245179063360881,0.7357989603978908
os_5yr,tabfm_default,0.3552036199095023,0.7258953168044077,0.7357989603978908
os_5yr,tabfm_default,0.3574660633484163,0.7258953168044077,0.7357989603978908
os_5yr,tabfm_default,0.3574660633484163,0.7286501377410468,0.7357989603978908
os_5yr,tabfm_default,0.36425339366515835,0.7286501377410468,0.7357989603978908
os_5yr,tabfm_default,0.36425339366515835,0.7355371900826446,0.7357989603978908
os_5yr,tabfm_default,0.36877828054298645,0.7355371900826446,0.7357989603978908
os_5yr,tabfm_default,0.36877828054298645,0.7369146005509641,0.7357989603978908
os_5yr,tabfm_default,0.37104072398190047,0.7369146005509641,0.7357989603978908
os_5yr,tabfm_default,0.37104072398190047,0.7382920110192838,0.7357989603978908
os_5yr,tabfm_default,0.3755656108597285,0.7382920110192838,0.7357989603978908
os_5yr,tabfm_default,0.3755656108597285,0.7465564738292011,0.7357989603978908
os_5yr,tabfm_default,0.3778280542986425,0.7465564738292011,0.7357989603978908
os_5yr,tabfm_default,0.3778280542986425,0.756198347107438,0.7357989603978908
os_5yr,tabfm_default,0.38009049773755654,0.756198347107438,0.7357989603978908
os_5yr,tabfm_default,0.38009049773755654,0.7658402203856749,0.7357989603978908
os_5yr,tabfm_default,0.3891402714932127,0.7658402203856749,0.7357989603978908
os_5yr,tabfm_default,0.3891402714932127,0.7727272727272727,0.7357989603978908
os_5yr,tabfm_default,0.3936651583710407,0.7727272727272727,0.7357989603978908
os_5yr,tabfm_default,0.3936651583710407,0.7823691460055097,0.7357989603978908
os_5yr,tabfm_default,0.4004524886877828,0.7823691460055097,0.7357989603978908
os_5yr,tabfm_default,0.4004524886877828,0.7851239669421488,0.7357989603978908
os_5yr,tabfm_default,0.40271493212669685,0.7851239669421488,0.7357989603978908
os_5yr,tabfm_default,0.40271493212669685,0.7933884297520661,0.7357989603978908
os_5yr,tabfm_default,0.40497737556561086,0.7933884297520661,0.7357989603978908
os_5yr,tabfm_default,0.40497737556561086,0.7988980716253443,0.7357989603978908
os_5yr,tabfm_default,0.4072398190045249,0.7988980716253443,0.7357989603978908
os_5yr,tabfm_default,0.4072398190045249,0.8057851239669421,0.7357989603978908
os_5yr,tabfm_default,0.4095022624434389,0.8057851239669421,0.7357989603978908
os_5yr,tabfm_default,0.4095022624434389,0.8140495867768595,0.7357989603978908
os_5yr,tabfm_default,0.4117647058823529,0.8140495867768595,0.7357989603978908
os_5yr,tabfm_default,0.4117647058823529,0.8209366391184573,0.7357989603978908
os_5yr,tabfm_default,0.41402714932126694,0.8209366391184573,0.7357989603978908
os_5yr,tabfm_default,0.41402714932126694,0.8292011019283747,0.7357989603978908
os_5yr,tabfm_default,0.41855203619909503,0.8292011019283747,0.7357989603978908
os_5yr,tabfm_default,0.41855203619909503,0.8402203856749312,0.7357989603978908
os_5yr,tabfm_default,0.42081447963800905,0.8402203856749312,0.7357989603978908
os_5yr,tabfm_default,0.42081447963800905,0.8429752066115702,0.7357989603978908
os_5yr,tabfm_default,0.4230769230769231,0.8429752066115702,0.7357989603978908
os_5yr,tabfm_default,0.4230769230769231,0.8443526170798898,0.7357989603978908
os_5yr,tabfm_default,0.4253393665158371,0.8443526170798898,0.7357989603978908
os_5yr,tabfm_default,0.4253393665158371,0.8471074380165289,0.7357989603978908
os_5yr,tabfm_default,0.4321266968325792,0.8471074380165289,0.7357989603978908
os_5yr,tabfm_default,0.4321266968325792,0.8539944903581267,0.7357989603978908
os_5yr,tabfm_default,0.4343891402714932,0.8539944903581267,0.7357989603978908
os_5yr,tabfm_default,0.4343891402714932,0.859504132231405,0.7357989603978908
os_5yr,tabfm_default,0.43665158371040724,0.859504132231405,0.7357989603978908
os_5yr,tabfm_default,0.43665158371040724,0.8636363636363636,0.7357989603978908
os_5yr,tabfm_default,0.45475113122171945,0.8636363636363636,0.7357989603978908
os_5yr,tabfm_default,0.45475113122171945,0.8650137741046832,0.7357989603978908
os_5yr,tabfm_default,0.45701357466063347,0.8650137741046832,0.7357989603978908
os_5yr,tabfm_default,0.45701357466063347,0.8663911845730028,0.7357989603978908
os_5yr,tabfm_default,0.4592760180995475,0.8663911845730028,0.7357989603978908
os_5yr,tabfm_default,0.4592760180995475,0.8677685950413223,0.7357989603978908
os_5yr,tabfm_default,0.4660633484162896,0.8677685950413223,0.7357989603978908
os_5yr,tabfm_default,0.4660633484162896,0.8691460055096418,0.7357989603978908
os_5yr,tabfm_default,0.47285067873303166,0.8691460055096418,0.7357989603978908
os_5yr,tabfm_default,0.47285067873303166,0.871900826446281,0.7357989603978908
os_5yr,tabfm_default,0.4796380090497738,0.871900826446281,0.7357989603978908
os_5yr,tabfm_default,0.4796380090497738,0.8732782369146006,0.7357989603978908
os_5yr,tabfm_default,0.4819004524886878,0.8732782369146006,0.7357989603978908
os_5yr,tabfm_default,0.4819004524886878,0.8746556473829201,0.7357989603978908
os_5yr,tabfm_default,0.49095022624434387,0.8746556473829201,0.7357989603978908
os_5yr,tabfm_default,0.49095022624434387,0.8760330578512396,0.7357989603978908
os_5yr,tabfm_default,0.5180995475113123,0.8760330578512396,0.7357989603978908
os_5yr,tabfm_default,0.5180995475113123,0.8774104683195593,0.7357989603978908
os_5yr,tabfm_default,0.5271493212669683,0.8774104683195593,0.7357989603978908
os_5yr,tabfm_default,0.5271493212669683,0.8787878787878788,0.7357989603978908
os_5yr,tabfm_default,0.5475113122171946,0.8787878787878788,0.7357989603978908
os_5yr,tabfm_default,0.5475113122171946,0.8801652892561983,0.7357989603978908
os_5yr,tabfm_default,0.5497737556561086,0.8801652892561983,0.7357989603978908
os_5yr,tabfm_default,0.5497737556561086,0.8815426997245179,0.7357989603978908
os_5yr,tabfm_default,0.5656108597285068,0.8815426997245179,0.7357989603978908
os_5yr,tabfm_default,0.5656108597285068,0.8829201101928374,0.7357989603978908
os_5yr,tabfm_default,0.5882352941176471,0.8829201101928374,0.7357989603978908
os_5yr,tabfm_default,0.5882352941176471,0.8842975206611571,0.7357989603978908
os_5yr,tabfm_default,0.5950226244343891,0.8842975206611571,0.7357989603978908
os_5yr,tabfm_default,0.5950226244343891,0.8856749311294766,0.7357989603978908
os_5yr,tabfm_default,0.5972850678733032,0.8856749311294766,0.7357989603978908
os_5yr,tabfm_default,0.5972850678733032,0.8870523415977961,0.7357989603978908
os_5yr,tabfm_default,0.6018099547511312,0.8870523415977961,0.7357989603978908
os_5yr,tabfm_default,0.6018099547511312,0.8884297520661157,0.7357989603978908
os_5yr,tabfm_default,0.6108597285067874,0.8884297520661157,0.7357989603978908
os_5yr,tabfm_default,0.6108597285067874,0.8898071625344353,0.7357989603978908
os_5yr,tabfm_default,0.6153846153846154,0.8898071625344353,0.7357989603978908
os_5yr,tabfm_default,0.6153846153846154,0.8925619834710744,0.7357989603978908
os_5yr,tabfm_default,0.6199095022624435,0.8925619834710744,0.7357989603978908
os_5yr,tabfm_default,0.6199095022624435,0.8953168044077136,0.7357989603978908
os_5yr,tabfm_default,0.6425339366515838,0.8953168044077136,0.7357989603978908
os_5yr,tabfm_default,0.6425339366515838,0.8966942148760331,0.7357989603978908
os_5yr,tabfm_default,0.6538461538461539,0.8966942148760331,0.7357989603978908
os_5yr,tabfm_default,0.6538461538461539,0.8980716253443526,0.7357989603978908
os_5yr,tabfm_default,0.6561085972850679,0.8980716253443526,0.7357989603978908
os_5yr,tabfm_default,0.6561085972850679,0.9022038567493113,0.7357989603978908
os_5yr,tabfm_default,0.6583710407239819,0.9022038567493113,0.7357989603978908
os_5yr,tabfm_default,0.6583710407239819,0.9035812672176309,0.7357989603978908
os_5yr,tabfm_default,0.6809954751131222,0.9035812672176309,0.7357989603978908
os_5yr,tabfm_default,0.6809954751131222,0.9049586776859504,0.7357989603978908
os_5yr,tabfm_default,0.6877828054298643,0.9049586776859504,0.7357989603978908
os_5yr,tabfm_default,0.6877828054298643,0.90633608815427,0.7357989603978908
os_5yr,tabfm_default,0.7036199095022625,0.90633608815427,0.7357989603978908
os_5yr,tabfm_default,0.7036199095022625,0.9090909090909091,0.7357989603978908
os_5yr,tabfm_default,0.7058823529411765,0.9090909090909091,0.7357989603978908
os_5yr,tabfm_default,0.7058823529411765,0.9118457300275482,0.7357989603978908
os_5yr,tabfm_default,0.7149321266968326,0.9118457300275482,0.7357989603978908
os_5yr,tabfm_default,0.7149321266968326,0.9146005509641874,0.7357989603978908
os_5yr,tabfm_default,0.7194570135746606,0.9146005509641874,0.7357989603978908
os_5yr,tabfm_default,0.7194570135746606,0.9159779614325069,0.7357989603978908
os_5yr,tabfm_default,0.7239819004524887,0.9159779614325069,0.7357989603978908
os_5yr,tabfm_default,0.7239819004524887,0.9173553719008265,0.7357989603978908
os_5yr,tabfm_default,0.7375565610859729,0.9173553719008265,0.7357989603978908
os_5yr,tabfm_default,0.7375565610859729,0.9201101928374655,0.7357989603978908
os_5yr,tabfm_default,0.744343891402715,0.9201101928374655,0.7357989603978908
os_5yr,tabfm_default,0.744343891402715,0.9214876033057852,0.7357989603978908
os_5yr,tabfm_default,0.7579185520361991,0.9214876033057852,0.7357989603978908
os_5yr,tabfm_default,0.7579185520361991,0.9256198347107438,0.7357989603978908
os_5yr,tabfm_default,0.7647058823529411,0.9256198347107438,0.7357989603978908
os_5yr,tabfm_default,0.7647058823529411,0.9269972451790633,0.7357989603978908
os_5yr,tabfm_default,0.7669683257918553,0.9269972451790633,0.7357989603978908
os_5yr,tabfm_default,0.7669683257918553,0.928374655647383,0.7357989603978908
os_5yr,tabfm_default,0.7805429864253394,0.928374655647383,0.7357989603978908
os_5yr,tabfm_default,0.7805429864253394,0.9297520661157025,0.7357989603978908
os_5yr,tabfm_default,0.8009049773755657,0.9297520661157025,0.7357989603978908
os_5yr,tabfm_default,0.8009049773755657,0.931129476584022,0.7357989603978908
os_5yr,tabfm_default,0.8099547511312217,0.931129476584022,0.7357989603978908
os_5yr,tabfm_default,0.8099547511312217,0.9325068870523416,0.7357989603978908
os_5yr,tabfm_default,0.8122171945701357,0.9325068870523416,0.7357989603978908
os_5yr,tabfm_default,0.8122171945701357,0.9338842975206612,0.7357989603978908
os_5yr,tabfm_default,0.8144796380090498,0.9338842975206612,0.7357989603978908
os_5yr,tabfm_default,0.8144796380090498,0.9352617079889807,0.7357989603978908
os_5yr,tabfm_default,0.8280542986425339,0.9352617079889807,0.7357989603978908
os_5yr,tabfm_default,0.8280542986425339,0.9380165289256198,0.7357989603978908
os_5yr,tabfm_default,0.832579185520362,0.9380165289256198,0.7357989603978908
os_5yr,tabfm_default,0.832579185520362,0.9393939393939394,0.7357989603978908
os_5yr,tabfm_default,0.834841628959276,0.9393939393939394,0.7357989603978908
os_5yr,tabfm_default,0.834841628959276,0.9421487603305785,0.7357989603978908
os_5yr,tabfm_default,0.8461538461538461,0.9421487603305785,0.7357989603978908
os_5yr,tabfm_default,0.8461538461538461,0.9435261707988981,0.7357989603978908
os_5yr,tabfm_default,0.8484162895927602,0.9435261707988981,0.7357989603978908
os_5yr,tabfm_default,0.8484162895927602,0.9449035812672176,0.7357989603978908
os_5yr,tabfm_default,0.8506787330316742,0.9449035812672176,0.7357989603978908
os_5yr,tabfm_default,0.8506787330316742,0.9462809917355371,0.7357989603978908
os_5yr,tabfm_default,0.8574660633484162,0.9462809917355371,0.7357989603978908
os_5yr,tabfm_default,0.8574660633484162,0.9476584022038568,0.7357989603978908
os_5yr,tabfm_default,0.8597285067873304,0.9476584022038568,0.7357989603978908
os_5yr,tabfm_default,0.8597285067873304,0.9490358126721763,0.7357989603978908
os_5yr,tabfm_default,0.8619909502262444,0.9490358126721763,0.7357989603978908
os_5yr,tabfm_default,0.8619909502262444,0.9517906336088154,0.7357989603978908
os_5yr,tabfm_default,0.8642533936651584,0.9517906336088154,0.7357989603978908
os_5yr,tabfm_default,0.8642533936651584,0.953168044077135,0.7357989603978908
os_5yr,tabfm_default,0.8665158371040724,0.953168044077135,0.7357989603978908
os_5yr,tabfm_default,0.8665158371040724,0.9559228650137741,0.7357989603978908
os_5yr,tabfm_default,0.8687782805429864,0.9559228650137741,0.7357989603978908
os_5yr,tabfm_default,0.8687782805429864,0.9586776859504132,0.7357989603978908
os_5yr,tabfm_default,0.8710407239819005,0.9586776859504132,0.7357989603978908
os_5yr,tabfm_default,0.8710407239819005,0.9628099173553719,0.7357989603978908
os_5yr,tabfm_default,0.8733031674208145,0.9628099173553719,0.7357989603978908
os_5yr,tabfm_default,0.8733031674208145,0.9641873278236914,0.7357989603978908
os_5yr,tabfm_default,0.8823529411764706,0.9641873278236914,0.7357989603978908
os_5yr,tabfm_default,0.8823529411764706,0.9683195592286501,0.7357989603978908
os_5yr,tabfm_default,0.8868778280542986,0.9683195592286501,0.7357989603978908
os_5yr,tabfm_default,0.8868778280542986,0.9724517906336089,0.7357989603978908
os_5yr,tabfm_default,0.9072398190045249,0.9724517906336089,0.7357989603978908
os_5yr,tabfm_default,0.9072398190045249,0.9738292011019284,0.7357989603978908
os_5yr,tabfm_default,0.9140271493212669,0.9738292011019284,0.7357989603978908
os_5yr,tabfm_default,0.9140271493212669,0.9752066115702479,0.7357989603978908
os_5yr,tabfm_default,0.916289592760181,0.9752066115702479,0.7357989603978908
os_5yr,tabfm_default,0.916289592760181,0.9765840220385675,0.7357989603978908
os_5yr,tabfm_default,0.920814479638009,0.9765840220385675,0.7357989603978908
os_5yr,tabfm_default,0.920814479638009,0.977961432506887,0.7357989603978908
os_5yr,tabfm_default,0.9230769230769231,0.977961432506887,0.7357989603978908
os_5yr,tabfm_default,0.9230769230769231,0.9793388429752066,0.7357989603978908
os_5yr,tabfm_default,0.9298642533936652,0.9793388429752066,0.7357989603978908
os_5yr,tabfm_default,0.9298642533936652,0.9820936639118457,0.7357989603978908
os_5yr,tabfm_default,0.9321266968325792,0.9820936639118457,0.7357989603978908
os_5yr,tabfm_default,0.9321266968325792,0.9848484848484849,0.7357989603978908
os_5yr,tabfm_default,0.9502262443438914,0.9848484848484849,0.7357989603978908
os_5yr,tabfm_default,0.9502262443438914,0.9862258953168044,0.7357989603978908
os_5yr,tabfm_default,0.9524886877828054,0.9862258953168044,0.7357989603978908
os_5yr,tabfm_default,0.9524886877828054,0.987603305785124,0.7357989603978908
os_5yr,tabfm_default,0.9592760180995475,0.987603305785124,0.7357989603978908
os_5yr,tabfm_default,0.9592760180995475,0.9889807162534435,0.7357989603978908
os_5yr,tabfm_default,0.9615384615384616,0.9889807162534435,0.7357989603978908
os_5yr,tabfm_default,0.9615384615384616,0.990358126721763,0.7357989603978908
os_5yr,tabfm_default,0.9660633484162896,0.990358126721763,0.7357989603978908
os_5yr,tabfm_default,0.9660633484162896,0.9917355371900827,0.7357989603978908
os_5yr,tabfm_default,0.9751131221719457,0.9917355371900827,0.7357989603978908
os_5yr,tabfm_default,0.9751131221719457,0.9931129476584022,0.7357989603978908
os_5yr,tabfm_default,0.9796380090497737,0.9931129476584022,0.7357989603978908
os_5yr,tabfm_default,0.9796380090497737,0.9944903581267218,0.7357989603978908
os_5yr,tabfm_default,0.9841628959276018,0.9944903581267218,0.7357989603978908
os_5yr,tabfm_default,0.9841628959276018,0.9972451790633609,0.7357989603978908
os_5yr,tabfm_default,0.9864253393665159,0.9972451790633609,0.7357989603978908
os_5yr,tabfm_default,0.9864253393665159,0.9986225895316805,0.7357989603978908
os_5yr,tabfm_default,0.995475113122172,0.9986225895316805,0.7357989603978908
os_5yr,tabfm_default,0.995475113122172,1.0,0.7357989603978908
os_5yr,tabfm_default,1.0,1.0,0.7357989603978908
os_5yr,tabpfn_v3,0.0,0.0,0.7387656906373483
os_5yr,tabpfn_v3,0.0,0.0013774104683195593,0.7387656906373483
os_5yr,tabpfn_v3,0.0,0.012396694214876033,0.7387656906373483
os_5yr,tabpfn_v3,0.0022624434389140274,0.012396694214876033,0.7387656906373483
os_5yr,tabpfn_v3,0.0022624434389140274,0.013774104683195593,0.7387656906373483
os_5yr,tabpfn_v3,0.004524886877828055,0.013774104683195593,0.7387656906373483
os_5yr,tabpfn_v3,0.004524886877828055,0.023415977961432508,0.7387656906373483
os_5yr,tabpfn_v3,0.006787330316742082,0.023415977961432508,0.7387656906373483
os_5yr,tabpfn_v3,0.006787330316742082,0.028925619834710745,0.7387656906373483
os_5yr,tabpfn_v3,0.00904977375565611,0.028925619834710745,0.7387656906373483
os_5yr,tabpfn_v3,0.00904977375565611,0.03443526170798898,0.7387656906373483
os_5yr,tabpfn_v3,0.00904977375565611,0.0371900826446281,0.7387656906373483
os_5yr,tabpfn_v3,0.00904977375565611,0.03856749311294766,0.7387656906373483
os_5yr,tabpfn_v3,0.011312217194570135,0.03856749311294766,0.7387656906373483
os_5yr,tabpfn_v3,0.011312217194570135,0.06611570247933884,0.7387656906373483
os_5yr,tabpfn_v3,0.011312217194570135,0.06887052341597796,0.7387656906373483
os_5yr,tabpfn_v3,0.011312217194570135,0.08539944903581267,0.7387656906373483
os_5yr,tabpfn_v3,0.011312217194570135,0.0881542699724518,0.7387656906373483
os_5yr,tabpfn_v3,0.011312217194570135,0.10606060606060606,0.7387656906373483
os_5yr,tabpfn_v3,0.013574660633484163,0.10606060606060606,0.7387656906373483
os_5yr,tabpfn_v3,0.013574660633484163,0.12121212121212122,0.7387656906373483
os_5yr,tabpfn_v3,0.01583710407239819,0.12121212121212122,0.7387656906373483
os_5yr,tabpfn_v3,0.01583710407239819,0.12396694214876033,0.7387656906373483
os_5yr,tabpfn_v3,0.01809954751131222,0.12396694214876033,0.7387656906373483
os_5yr,tabpfn_v3,0.01809954751131222,0.12534435261707988,0.7387656906373483
os_5yr,tabpfn_v3,0.02262443438914027,0.12534435261707988,0.7387656906373483
os_5yr,tabpfn_v3,0.02262443438914027,0.1349862258953168,0.7387656906373483
os_5yr,tabpfn_v3,0.029411764705882353,0.1349862258953168,0.7387656906373483
os_5yr,tabpfn_v3,0.029411764705882353,0.14600550964187328,0.7387656906373483
os_5yr,tabpfn_v3,0.03167420814479638,0.14600550964187328,0.7387656906373483
os_5yr,tabpfn_v3,0.03167420814479638,0.15977961432506887,0.7387656906373483
os_5yr,tabpfn_v3,0.033936651583710405,0.15977961432506887,0.7387656906373483
os_5yr,tabpfn_v3,0.033936651583710405,0.16391184573002754,0.7387656906373483
os_5yr,tabpfn_v3,0.03619909502262444,0.16391184573002754,0.7387656906373483
os_5yr,tabpfn_v3,0.03619909502262444,0.1652892561983471,0.7387656906373483
os_5yr,tabpfn_v3,0.038461538461538464,0.1652892561983471,0.7387656906373483
os_5yr,tabpfn_v3,0.038461538461538464,0.16666666666666666,0.7387656906373483
os_5yr,tabpfn_v3,0.04072398190045249,0.16666666666666666,0.7387656906373483
os_5yr,tabpfn_v3,0.04072398190045249,0.16804407713498623,0.7387656906373483
os_5yr,tabpfn_v3,0.042986425339366516,0.16804407713498623,0.7387656906373483
os_5yr,tabpfn_v3,0.042986425339366516,0.1721763085399449,0.7387656906373483
os_5yr,tabpfn_v3,0.04751131221719457,0.1721763085399449,0.7387656906373483
os_5yr,tabpfn_v3,0.04751131221719457,0.174931129476584,0.7387656906373483
os_5yr,tabpfn_v3,0.049773755656108594,0.174931129476584,0.7387656906373483
os_5yr,tabpfn_v3,0.049773755656108594,0.18044077134986225,0.7387656906373483
os_5yr,tabpfn_v3,0.058823529411764705,0.18044077134986225,0.7387656906373483
os_5yr,tabpfn_v3,0.058823529411764705,0.1928374655647383,0.7387656906373483
os_5yr,tabpfn_v3,0.06334841628959276,0.1928374655647383,0.7387656906373483
os_5yr,tabpfn_v3,0.06334841628959276,0.20523415977961432,0.7387656906373483
os_5yr,tabpfn_v3,0.06561085972850679,0.20523415977961432,0.7387656906373483
os_5yr,tabpfn_v3,0.06561085972850679,0.209366391184573,0.7387656906373483
os_5yr,tabpfn_v3,0.06787330316742081,0.209366391184573,0.7387656906373483
os_5yr,tabpfn_v3,0.06787330316742081,0.22038567493112948,0.7387656906373483
os_5yr,tabpfn_v3,0.07013574660633484,0.22038567493112948,0.7387656906373483
os_5yr,tabpfn_v3,0.07013574660633484,0.22176308539944903,0.7387656906373483
os_5yr,tabpfn_v3,0.07239819004524888,0.22176308539944903,0.7387656906373483
os_5yr,tabpfn_v3,0.07239819004524888,0.2231404958677686,0.7387656906373483
os_5yr,tabpfn_v3,0.0746606334841629,0.2231404958677686,0.7387656906373483
os_5yr,tabpfn_v3,0.0746606334841629,0.2327823691460055,0.7387656906373483
os_5yr,tabpfn_v3,0.08144796380090498,0.2327823691460055,0.7387656906373483
os_5yr,tabpfn_v3,0.08144796380090498,0.23553719008264462,0.7387656906373483
os_5yr,tabpfn_v3,0.083710407239819,0.23553719008264462,0.7387656906373483
os_5yr,tabpfn_v3,0.083710407239819,0.23829201101928374,0.7387656906373483
os_5yr,tabpfn_v3,0.08597285067873303,0.23829201101928374,0.7387656906373483
os_5yr,tabpfn_v3,0.08597285067873303,0.24517906336088155,0.7387656906373483
os_5yr,tabpfn_v3,0.08823529411764706,0.24517906336088155,0.7387656906373483
os_5yr,tabpfn_v3,0.08823529411764706,0.2534435261707989,0.7387656906373483
os_5yr,tabpfn_v3,0.09049773755656108,0.2534435261707989,0.7387656906373483
os_5yr,tabpfn_v3,0.09049773755656108,0.2603305785123967,0.7387656906373483
os_5yr,tabpfn_v3,0.09276018099547512,0.2603305785123967,0.7387656906373483
os_5yr,tabpfn_v3,0.09276018099547512,0.2630853994490358,0.7387656906373483
os_5yr,tabpfn_v3,0.09502262443438914,0.2630853994490358,0.7387656906373483
os_5yr,tabpfn_v3,0.09502262443438914,0.26859504132231404,0.7387656906373483
os_5yr,tabpfn_v3,0.09954751131221719,0.26859504132231404,0.7387656906373483
os_5yr,tabpfn_v3,0.09954751131221719,0.2892561983471074,0.7387656906373483
os_5yr,tabpfn_v3,0.10180995475113122,0.2892561983471074,0.7387656906373483
os_5yr,tabpfn_v3,0.10180995475113122,0.290633608815427,0.7387656906373483
os_5yr,tabpfn_v3,0.10407239819004525,0.290633608815427,0.7387656906373483
os_5yr,tabpfn_v3,0.10407239819004525,0.29201101928374656,0.7387656906373483
os_5yr,tabpfn_v3,0.10633484162895927,0.29201101928374656,0.7387656906373483
os_5yr,tabpfn_v3,0.10633484162895927,0.2975206611570248,0.7387656906373483
os_5yr,tabpfn_v3,0.11085972850678733,0.2975206611570248,0.7387656906373483
os_5yr,tabpfn_v3,0.11085972850678733,0.30165289256198347,0.7387656906373483
os_5yr,tabpfn_v3,0.11312217194570136,0.30165289256198347,0.7387656906373483
os_5yr,tabpfn_v3,0.11312217194570136,0.3044077134986226,0.7387656906373483
os_5yr,tabpfn_v3,0.11538461538461539,0.3044077134986226,0.7387656906373483
os_5yr,tabpfn_v3,0.11538461538461539,0.30991735537190085,0.7387656906373483
os_5yr,tabpfn_v3,0.11764705882352941,0.30991735537190085,0.7387656906373483
os_5yr,tabpfn_v3,0.11764705882352941,0.31129476584022037,0.7387656906373483
os_5yr,tabpfn_v3,0.11990950226244344,0.31129476584022037,0.7387656906373483
os_5yr,tabpfn_v3,0.11990950226244344,0.3154269972451791,0.7387656906373483
os_5yr,tabpfn_v3,0.12217194570135746,0.3154269972451791,0.7387656906373483
os_5yr,tabpfn_v3,0.12217194570135746,0.3181818181818182,0.7387656906373483
os_5yr,tabpfn_v3,0.1244343891402715,0.3181818181818182,0.7387656906373483
os_5yr,tabpfn_v3,0.1244343891402715,0.3236914600550964,0.7387656906373483
os_5yr,tabpfn_v3,0.12669683257918551,0.3236914600550964,0.7387656906373483
os_5yr,tabpfn_v3,0.12669683257918551,0.33746556473829203,0.7387656906373483
os_5yr,tabpfn_v3,0.12895927601809956,0.33746556473829203,0.7387656906373483
os_5yr,tabpfn_v3,0.12895927601809956,0.38154269972451793,0.7387656906373483
os_5yr,tabpfn_v3,0.13122171945701358,0.38154269972451793,0.7387656906373483
os_5yr,tabpfn_v3,0.13122171945701358,0.38705234159779617,0.7387656906373483
os_5yr,tabpfn_v3,0.1334841628959276,0.38705234159779617,0.7387656906373483
os_5yr,tabpfn_v3,0.1334841628959276,0.3953168044077135,0.7387656906373483
os_5yr,tabpfn_v3,0.13574660633484162,0.3953168044077135,0.7387656906373483
os_5yr,tabpfn_v3,0.13574660633484162,0.4090909090909091,0.7387656906373483
os_5yr,tabpfn_v3,0.14027149321266968,0.4090909090909091,0.7387656906373483
os_5yr,tabpfn_v3,0.14027149321266968,0.4201101928374656,0.7387656906373483
os_5yr,tabpfn_v3,0.1425339366515837,0.4201101928374656,0.7387656906373483
os_5yr,tabpfn_v3,0.1425339366515837,0.42424242424242425,0.7387656906373483
os_5yr,tabpfn_v3,0.14705882352941177,0.42424242424242425,0.7387656906373483
os_5yr,tabpfn_v3,0.14705882352941177,0.4256198347107438,0.7387656906373483
os_5yr,tabpfn_v3,0.15384615384615385,0.4256198347107438,0.7387656906373483
os_5yr,tabpfn_v3,0.15384615384615385,0.4297520661157025,0.7387656906373483
os_5yr,tabpfn_v3,0.16063348416289594,0.4297520661157025,0.7387656906373483
os_5yr,tabpfn_v3,0.16063348416289594,0.4366391184573003,0.7387656906373483
os_5yr,tabpfn_v3,0.16289592760180996,0.4366391184573003,0.7387656906373483
os_5yr,tabpfn_v3,0.16289592760180996,0.4380165289256198,0.7387656906373483
os_5yr,tabpfn_v3,0.16515837104072398,0.4380165289256198,0.7387656906373483
os_5yr,tabpfn_v3,0.16515837104072398,0.44214876033057854,0.7387656906373483
os_5yr,tabpfn_v3,0.167420814479638,0.44214876033057854,0.7387656906373483
os_5yr,tabpfn_v3,0.167420814479638,0.44352617079889806,0.7387656906373483
os_5yr,tabpfn_v3,0.17194570135746606,0.44352617079889806,0.7387656906373483
os_5yr,tabpfn_v3,0.17194570135746606,0.45041322314049587,0.7387656906373483
os_5yr,tabpfn_v3,0.17873303167420815,0.45041322314049587,0.7387656906373483
os_5yr,tabpfn_v3,0.17873303167420815,0.45867768595041325,0.7387656906373483
os_5yr,tabpfn_v3,0.18099547511312217,0.45867768595041325,0.7387656906373483
os_5yr,tabpfn_v3,0.18099547511312217,0.46831955922865015,0.7387656906373483
os_5yr,tabpfn_v3,0.1832579185520362,0.46831955922865015,0.7387656906373483
os_5yr,tabpfn_v3,0.1832579185520362,0.47107438016528924,0.7387656906373483
os_5yr,tabpfn_v3,0.18778280542986425,0.47107438016528924,0.7387656906373483
os_5yr,tabpfn_v3,0.18778280542986425,0.47520661157024796,0.7387656906373483
os_5yr,tabpfn_v3,0.19457013574660634,0.47520661157024796,0.7387656906373483
os_5yr,tabpfn_v3,0.19457013574660634,0.4765840220385675,0.7387656906373483
os_5yr,tabpfn_v3,0.19683257918552036,0.4765840220385675,0.7387656906373483
os_5yr,tabpfn_v3,0.19683257918552036,0.4820936639118457,0.7387656906373483
os_5yr,tabpfn_v3,0.19909502262443438,0.4820936639118457,0.7387656906373483
os_5yr,tabpfn_v3,0.19909502262443438,0.48760330578512395,0.7387656906373483
os_5yr,tabpfn_v3,0.20135746606334842,0.48760330578512395,0.7387656906373483
os_5yr,tabpfn_v3,0.20135746606334842,0.49586776859504134,0.7387656906373483
os_5yr,tabpfn_v3,0.2081447963800905,0.49586776859504134,0.7387656906373483
os_5yr,tabpfn_v3,0.2081447963800905,0.5206611570247934,0.7387656906373483
os_5yr,tabpfn_v3,0.21266968325791855,0.5206611570247934,0.7387656906373483
os_5yr,tabpfn_v3,0.21266968325791855,0.5399449035812672,0.7387656906373483
os_5yr,tabpfn_v3,0.2149321266968326,0.5399449035812672,0.7387656906373483
os_5yr,tabpfn_v3,0.2149321266968326,0.5426997245179064,0.7387656906373483
os_5yr,tabpfn_v3,0.2171945701357466,0.5426997245179064,0.7387656906373483
os_5yr,tabpfn_v3,0.2171945701357466,0.546831955922865,0.7387656906373483
os_5yr,tabpfn_v3,0.21945701357466063,0.546831955922865,0.7387656906373483
os_5yr,tabpfn_v3,0.21945701357466063,0.5495867768595041,0.7387656906373483
os_5yr,tabpfn_v3,0.22171945701357465,0.5495867768595041,0.7387656906373483
os_5yr,tabpfn_v3,0.22171945701357465,0.5509641873278237,0.7387656906373483
os_5yr,tabpfn_v3,0.2239819004524887,0.5509641873278237,0.7387656906373483
os_5yr,tabpfn_v3,0.2239819004524887,0.5523415977961432,0.7387656906373483
os_5yr,tabpfn_v3,0.22850678733031674,0.5523415977961432,0.7387656906373483
os_5yr,tabpfn_v3,0.22850678733031674,0.5578512396694215,0.7387656906373483
os_5yr,tabpfn_v3,0.23529411764705882,0.5578512396694215,0.7387656906373483
os_5yr,tabpfn_v3,0.23529411764705882,0.571625344352617,0.7387656906373483
os_5yr,tabpfn_v3,0.23755656108597284,0.571625344352617,0.7387656906373483
os_5yr,tabpfn_v3,0.23755656108597284,0.5867768595041323,0.7387656906373483
os_5yr,tabpfn_v3,0.2420814479638009,0.5867768595041323,0.7387656906373483
os_5yr,tabpfn_v3,0.2420814479638009,0.5881542699724518,0.7387656906373483
os_5yr,tabpfn_v3,0.24434389140271492,0.5881542699724518,0.7387656906373483
os_5yr,tabpfn_v3,0.24434389140271492,0.5922865013774105,0.7387656906373483
os_5yr,tabpfn_v3,0.24660633484162897,0.5922865013774105,0.7387656906373483
os_5yr,tabpfn_v3,0.24660633484162897,0.6239669421487604,0.7387656906373483
os_5yr,tabpfn_v3,0.25339366515837103,0.6239669421487604,0.7387656906373483
os_5yr,tabpfn_v3,0.25339366515837103,0.6308539944903582,0.7387656906373483
os_5yr,tabpfn_v3,0.25565610859728505,0.6308539944903582,0.7387656906373483
os_5yr,tabpfn_v3,0.25565610859728505,0.6336088154269972,0.7387656906373483
os_5yr,tabpfn_v3,0.2579185520361991,0.6336088154269972,0.7387656906373483
os_5yr,tabpfn_v3,0.2579185520361991,0.6349862258953168,0.7387656906373483
os_5yr,tabpfn_v3,0.26018099547511314,0.6349862258953168,0.7387656906373483
os_5yr,tabpfn_v3,0.26018099547511314,0.6377410468319559,0.7387656906373483
os_5yr,tabpfn_v3,0.2692307692307692,0.6377410468319559,0.7387656906373483
os_5yr,tabpfn_v3,0.2692307692307692,0.6418732782369146,0.7387656906373483
os_5yr,tabpfn_v3,0.27601809954751133,0.6418732782369146,0.7387656906373483
os_5yr,tabpfn_v3,0.27601809954751133,0.6432506887052342,0.7387656906373483
os_5yr,tabpfn_v3,0.27828054298642535,0.6432506887052342,0.7387656906373483
os_5yr,tabpfn_v3,0.27828054298642535,0.6460055096418733,0.7387656906373483
os_5yr,tabpfn_v3,0.28054298642533937,0.6460055096418733,0.7387656906373483
os_5yr,tabpfn_v3,0.28054298642533937,0.650137741046832,0.7387656906373483
os_5yr,tabpfn_v3,0.2895927601809955,0.650137741046832,0.7387656906373483
os_5yr,tabpfn_v3,0.2895927601809955,0.6515151515151515,0.7387656906373483
os_5yr,tabpfn_v3,0.2918552036199095,0.6515151515151515,0.7387656906373483
os_5yr,tabpfn_v3,0.2918552036199095,0.6528925619834711,0.7387656906373483
os_5yr,tabpfn_v3,0.29411764705882354,0.6528925619834711,0.7387656906373483
os_5yr,tabpfn_v3,0.29411764705882354,0.6542699724517906,0.7387656906373483
os_5yr,tabpfn_v3,0.29638009049773756,0.6542699724517906,0.7387656906373483
os_5yr,tabpfn_v3,0.29638009049773756,0.6556473829201102,0.7387656906373483
os_5yr,tabpfn_v3,0.2986425339366516,0.6556473829201102,0.7387656906373483
os_5yr,tabpfn_v3,0.2986425339366516,0.6611570247933884,0.7387656906373483
os_5yr,tabpfn_v3,0.3009049773755656,0.6611570247933884,0.7387656906373483
os_5yr,tabpfn_v3,0.3009049773755656,0.6680440771349863,0.7387656906373483
os_5yr,tabpfn_v3,0.3054298642533937,0.6680440771349863,0.7387656906373483
os_5yr,tabpfn_v3,0.3054298642533937,0.6694214876033058,0.7387656906373483
os_5yr,tabpfn_v3,0.31221719457013575,0.6694214876033058,0.7387656906373483
os_5yr,tabpfn_v3,0.31221719457013575,0.6721763085399449,0.7387656906373483
os_5yr,tabpfn_v3,0.31447963800904977,0.6721763085399449,0.7387656906373483
os_5yr,tabpfn_v3,0.31447963800904977,0.6749311294765841,0.7387656906373483
os_5yr,tabpfn_v3,0.3167420814479638,0.6749311294765841,0.7387656906373483
os_5yr,tabpfn_v3,0.3167420814479638,0.6859504132231405,0.7387656906373483
os_5yr,tabpfn_v3,0.3212669683257919,0.6859504132231405,0.7387656906373483
os_5yr,tabpfn_v3,0.3212669683257919,0.6873278236914601,0.7387656906373483
os_5yr,tabpfn_v3,0.3235294117647059,0.6873278236914601,0.7387656906373483
os_5yr,tabpfn_v3,0.3235294117647059,0.6914600550964187,0.7387656906373483
os_5yr,tabpfn_v3,0.32805429864253394,0.6914600550964187,0.7387656906373483
os_5yr,tabpfn_v3,0.32805429864253394,0.696969696969697,0.7387656906373483
os_5yr,tabpfn_v3,0.33031674208144796,0.696969696969697,0.7387656906373483
os_5yr,tabpfn_v3,0.33031674208144796,0.699724517906336,0.7387656906373483
os_5yr,tabpfn_v3,0.332579185520362,0.699724517906336,0.7387656906373483
os_5yr,tabpfn_v3,0.332579185520362,0.7011019283746557,0.7387656906373483
os_5yr,tabpfn_v3,0.334841628959276,0.7011019283746557,0.7387656906373483
os_5yr,tabpfn_v3,0.334841628959276,0.7038567493112947,0.7387656906373483
os_5yr,tabpfn_v3,0.3438914027149321,0.7038567493112947,0.7387656906373483
os_5yr,tabpfn_v3,0.3438914027149321,0.709366391184573,0.7387656906373483
os_5yr,tabpfn_v3,0.3506787330316742,0.709366391184573,0.7387656906373483
os_5yr,tabpfn_v3,0.3506787330316742,0.7107438016528925,0.7387656906373483
os_5yr,tabpfn_v3,0.35294117647058826,0.7107438016528925,0.7387656906373483
os_5yr,tabpfn_v3,0.35294117647058826,0.7203856749311295,0.7387656906373483
os_5yr,tabpfn_v3,0.3552036199095023,0.7203856749311295,0.7387656906373483
os_5yr,tabpfn_v3,0.3552036199095023,0.7231404958677686,0.7387656906373483
os_5yr,tabpfn_v3,0.3574660633484163,0.7231404958677686,0.7387656906373483
os_5yr,tabpfn_v3,0.3574660633484163,0.7272727272727273,0.7387656906373483
os_5yr,tabpfn_v3,0.3597285067873303,0.7272727272727273,0.7387656906373483
os_5yr,tabpfn_v3,0.3597285067873303,0.7286501377410468,0.7387656906373483
os_5yr,tabpfn_v3,0.36199095022624433,0.7286501377410468,0.7387656906373483
os_5yr,tabpfn_v3,0.36199095022624433,0.731404958677686,0.7387656906373483
os_5yr,tabpfn_v3,0.36425339366515835,0.731404958677686,0.7387656906373483
os_5yr,tabpfn_v3,0.36425339366515835,0.7327823691460055,0.7387656906373483
os_5yr,tabpfn_v3,0.3665158371040724,0.7327823691460055,0.7387656906373483
os_5yr,tabpfn_v3,0.3665158371040724,0.743801652892562,0.7387656906373483
os_5yr,tabpfn_v3,0.37104072398190047,0.743801652892562,0.7387656906373483
os_5yr,tabpfn_v3,0.37104072398190047,0.7548209366391184,0.7387656906373483
os_5yr,tabpfn_v3,0.3733031674208145,0.7548209366391184,0.7387656906373483
os_5yr,tabpfn_v3,0.3733031674208145,0.7575757575757576,0.7387656906373483
os_5yr,tabpfn_v3,0.3755656108597285,0.7575757575757576,0.7387656906373483
os_5yr,tabpfn_v3,0.3755656108597285,0.7603305785123967,0.7387656906373483
os_5yr,tabpfn_v3,0.38009049773755654,0.7603305785123967,0.7387656906373483
os_5yr,tabpfn_v3,0.38009049773755654,0.7630853994490359,0.7387656906373483
os_5yr,tabpfn_v3,0.38687782805429866,0.7630853994490359,0.7387656906373483
os_5yr,tabpfn_v3,0.38687782805429866,0.7644628099173554,0.7387656906373483
os_5yr,tabpfn_v3,0.3891402714932127,0.7644628099173554,0.7387656906373483
os_5yr,tabpfn_v3,0.3891402714932127,0.7713498622589532,0.7387656906373483
os_5yr,tabpfn_v3,0.3936651583710407,0.7713498622589532,0.7387656906373483
os_5yr,tabpfn_v3,0.3936651583710407,0.7754820936639119,0.7387656906373483
os_5yr,tabpfn_v3,0.39592760180995473,0.7754820936639119,0.7387656906373483
os_5yr,tabpfn_v3,0.39592760180995473,0.7823691460055097,0.7387656906373483
os_5yr,tabpfn_v3,0.39819004524886875,0.7823691460055097,0.7387656906373483
os_5yr,tabpfn_v3,0.39819004524886875,0.7865013774104683,0.7387656906373483
os_5yr,tabpfn_v3,0.4004524886877828,0.7865013774104683,0.7387656906373483
os_5yr,tabpfn_v3,0.4004524886877828,0.8044077134986226,0.7387656906373483
os_5yr,tabpfn_v3,0.40271493212669685,0.8044077134986226,0.7387656906373483
os_5yr,tabpfn_v3,0.40271493212669685,0.8071625344352618,0.7387656906373483
os_5yr,tabpfn_v3,0.40497737556561086,0.8071625344352618,0.7387656906373483
os_5yr,tabpfn_v3,0.40497737556561086,0.8085399449035813,0.7387656906373483
os_5yr,tabpfn_v3,0.4095022624434389,0.8085399449035813,0.7387656906373483
os_5yr,tabpfn_v3,0.4095022624434389,0.8140495867768595,0.7387656906373483
os_5yr,tabpfn_v3,0.4117647058823529,0.8140495867768595,0.7387656906373483
os_5yr,tabpfn_v3,0.4117647058823529,0.8154269972451791,0.7387656906373483
os_5yr,tabpfn_v3,0.41402714932126694,0.8154269972451791,0.7387656906373483
os_5yr,tabpfn_v3,0.41402714932126694,0.8278236914600551,0.7387656906373483
os_5yr,tabpfn_v3,0.416289592760181,0.8278236914600551,0.7387656906373483
os_5yr,tabpfn_v3,0.416289592760181,0.8347107438016529,0.7387656906373483
os_5yr,tabpfn_v3,0.42081447963800905,0.8347107438016529,0.7387656906373483
os_5yr,tabpfn_v3,0.42081447963800905,0.8388429752066116,0.7387656906373483
os_5yr,tabpfn_v3,0.4230769230769231,0.8388429752066116,0.7387656906373483
os_5yr,tabpfn_v3,0.4230769230769231,0.8457300275482094,0.7387656906373483
os_5yr,tabpfn_v3,0.4253393665158371,0.8457300275482094,0.7387656906373483
os_5yr,tabpfn_v3,0.4253393665158371,0.8539944903581267,0.7387656906373483
os_5yr,tabpfn_v3,0.4276018099547511,0.8539944903581267,0.7387656906373483
os_5yr,tabpfn_v3,0.4276018099547511,0.8553719008264463,0.7387656906373483
os_5yr,tabpfn_v3,0.4321266968325792,0.8553719008264463,0.7387656906373483
os_5yr,tabpfn_v3,0.4321266968325792,0.8636363636363636,0.7387656906373483
os_5yr,tabpfn_v3,0.4434389140271493,0.8636363636363636,0.7387656906373483
os_5yr,tabpfn_v3,0.4434389140271493,0.8650137741046832,0.7387656906373483
os_5yr,tabpfn_v3,0.4638009049773756,0.8650137741046832,0.7387656906373483
os_5yr,tabpfn_v3,0.4638009049773756,0.8663911845730028,0.7387656906373483
os_5yr,tabpfn_v3,0.4660633484162896,0.8663911845730028,0.7387656906373483
os_5yr,tabpfn_v3,0.4660633484162896,0.8677685950413223,0.7387656906373483
os_5yr,tabpfn_v3,0.47058823529411764,0.8677685950413223,0.7387656906373483
os_5yr,tabpfn_v3,0.47058823529411764,0.8691460055096418,0.7387656906373483
os_5yr,tabpfn_v3,0.4751131221719457,0.8691460055096418,0.7387656906373483
os_5yr,tabpfn_v3,0.4751131221719457,0.8746556473829201,0.7387656906373483
os_5yr,tabpfn_v3,0.49547511312217196,0.8746556473829201,0.7387656906373483
os_5yr,tabpfn_v3,0.49547511312217196,0.8760330578512396,0.7387656906373483
os_5yr,tabpfn_v3,0.504524886877828,0.8760330578512396,0.7387656906373483
os_5yr,tabpfn_v3,0.504524886877828,0.8774104683195593,0.7387656906373483
os_5yr,tabpfn_v3,0.5135746606334841,0.8774104683195593,0.7387656906373483
os_5yr,tabpfn_v3,0.5135746606334841,0.8787878787878788,0.7387656906373483
os_5yr,tabpfn_v3,0.5203619909502263,0.8787878787878788,0.7387656906373483
os_5yr,tabpfn_v3,0.5203619909502263,0.8801652892561983,0.7387656906373483
os_5yr,tabpfn_v3,0.5475113122171946,0.8801652892561983,0.7387656906373483
os_5yr,tabpfn_v3,0.5475113122171946,0.8815426997245179,0.7387656906373483
os_5yr,tabpfn_v3,0.5520361990950227,0.8815426997245179,0.7387656906373483
os_5yr,tabpfn_v3,0.5520361990950227,0.8829201101928374,0.7387656906373483
os_5yr,tabpfn_v3,0.5565610859728507,0.8829201101928374,0.7387656906373483
os_5yr,tabpfn_v3,0.5565610859728507,0.8842975206611571,0.7387656906373483
os_5yr,tabpfn_v3,0.5588235294117647,0.8842975206611571,0.7387656906373483
os_5yr,tabpfn_v3,0.5588235294117647,0.8856749311294766,0.7387656906373483
os_5yr,tabpfn_v3,0.5656108597285068,0.8856749311294766,0.7387656906373483
os_5yr,tabpfn_v3,0.5656108597285068,0.8870523415977961,0.7387656906373483
os_5yr,tabpfn_v3,0.581447963800905,0.8870523415977961,0.7387656906373483
os_5yr,tabpfn_v3,0.581447963800905,0.8898071625344353,0.7387656906373483
os_5yr,tabpfn_v3,0.5882352941176471,0.8898071625344353,0.7387656906373483
os_5yr,tabpfn_v3,0.5882352941176471,0.8911845730027548,0.7387656906373483
os_5yr,tabpfn_v3,0.5927601809954751,0.8911845730027548,0.7387656906373483
os_5yr,tabpfn_v3,0.5927601809954751,0.8925619834710744,0.7387656906373483
os_5yr,tabpfn_v3,0.5995475113122172,0.8925619834710744,0.7387656906373483
os_5yr,tabpfn_v3,0.5995475113122172,0.8953168044077136,0.7387656906373483
os_5yr,tabpfn_v3,0.6153846153846154,0.8953168044077136,0.7387656906373483
os_5yr,tabpfn_v3,0.6153846153846154,0.8966942148760331,0.7387656906373483
os_5yr,tabpfn_v3,0.6199095022624435,0.8966942148760331,0.7387656906373483
os_5yr,tabpfn_v3,0.6199095022624435,0.8980716253443526,0.7387656906373483
os_5yr,tabpfn_v3,0.6244343891402715,0.8980716253443526,0.7387656906373483
os_5yr,tabpfn_v3,0.6244343891402715,0.8994490358126722,0.7387656906373483
os_5yr,tabpfn_v3,0.6425339366515838,0.8994490358126722,0.7387656906373483
os_5yr,tabpfn_v3,0.6425339366515838,0.9022038567493113,0.7387656906373483
os_5yr,tabpfn_v3,0.6628959276018099,0.9022038567493113,0.7387656906373483
os_5yr,tabpfn_v3,0.6628959276018099,0.9035812672176309,0.7387656906373483
os_5yr,tabpfn_v3,0.6945701357466063,0.9035812672176309,0.7387656906373483
os_5yr,tabpfn_v3,0.6945701357466063,0.90633608815427,0.7387656906373483
os_5yr,tabpfn_v3,0.7013574660633484,0.90633608815427,0.7387656906373483
os_5yr,tabpfn_v3,0.7013574660633484,0.9077134986225895,0.7387656906373483
os_5yr,tabpfn_v3,0.7058823529411765,0.9077134986225895,0.7387656906373483
os_5yr,tabpfn_v3,0.7058823529411765,0.9090909090909091,0.7387656906373483
os_5yr,tabpfn_v3,0.7081447963800905,0.9090909090909091,0.7387656906373483
os_5yr,tabpfn_v3,0.7081447963800905,0.9104683195592287,0.7387656906373483
os_5yr,tabpfn_v3,0.7126696832579186,0.9104683195592287,0.7387656906373483
os_5yr,tabpfn_v3,0.7126696832579186,0.9118457300275482,0.7387656906373483
os_5yr,tabpfn_v3,0.7149321266968326,0.9118457300275482,0.7387656906373483
os_5yr,tabpfn_v3,0.7149321266968326,0.9159779614325069,0.7387656906373483
os_5yr,tabpfn_v3,0.7262443438914027,0.9159779614325069,0.7387656906373483
os_5yr,tabpfn_v3,0.7262443438914027,0.9173553719008265,0.7387656906373483
os_5yr,tabpfn_v3,0.7307692307692307,0.9173553719008265,0.7387656906373483
os_5yr,tabpfn_v3,0.7307692307692307,0.918732782369146,0.7387656906373483
os_5yr,tabpfn_v3,0.746606334841629,0.918732782369146,0.7387656906373483
os_5yr,tabpfn_v3,0.746606334841629,0.9256198347107438,0.7387656906373483
os_5yr,tabpfn_v3,0.751131221719457,0.9256198347107438,0.7387656906373483
os_5yr,tabpfn_v3,0.751131221719457,0.9269972451790633,0.7387656906373483
os_5yr,tabpfn_v3,0.7601809954751131,0.9269972451790633,0.7387656906373483
os_5yr,tabpfn_v3,0.7601809954751131,0.9325068870523416,0.7387656906373483
os_5yr,tabpfn_v3,0.7624434389140271,0.9325068870523416,0.7387656906373483
os_5yr,tabpfn_v3,0.7624434389140271,0.9338842975206612,0.7387656906373483
os_5yr,tabpfn_v3,0.7760180995475113,0.9338842975206612,0.7387656906373483
os_5yr,tabpfn_v3,0.7760180995475113,0.9393939393939394,0.7387656906373483
os_5yr,tabpfn_v3,0.7805429864253394,0.9393939393939394,0.7387656906373483
os_5yr,tabpfn_v3,0.7805429864253394,0.940771349862259,0.7387656906373483
os_5yr,tabpfn_v3,0.7850678733031674,0.940771349862259,0.7387656906373483
os_5yr,tabpfn_v3,0.7850678733031674,0.9421487603305785,0.7387656906373483
os_5yr,tabpfn_v3,0.8122171945701357,0.9421487603305785,0.7387656906373483
os_5yr,tabpfn_v3,0.8122171945701357,0.9435261707988981,0.7387656906373483
os_5yr,tabpfn_v3,0.8371040723981901,0.9435261707988981,0.7387656906373483
os_5yr,tabpfn_v3,0.8371040723981901,0.9449035812672176,0.7387656906373483
os_5yr,tabpfn_v3,0.8393665158371041,0.9449035812672176,0.7387656906373483
os_5yr,tabpfn_v3,0.8393665158371041,0.9462809917355371,0.7387656906373483
os_5yr,tabpfn_v3,0.8438914027149321,0.9462809917355371,0.7387656906373483
os_5yr,tabpfn_v3,0.8438914027149321,0.9490358126721763,0.7387656906373483
os_5yr,tabpfn_v3,0.8461538461538461,0.9490358126721763,0.7387656906373483
os_5yr,tabpfn_v3,0.8461538461538461,0.9504132231404959,0.7387656906373483
os_5yr,tabpfn_v3,0.8665158371040724,0.9504132231404959,0.7387656906373483
os_5yr,tabpfn_v3,0.8665158371040724,0.9545454545454546,0.7387656906373483
os_5yr,tabpfn_v3,0.8733031674208145,0.9545454545454546,0.7387656906373483
os_5yr,tabpfn_v3,0.8733031674208145,0.9573002754820936,0.7387656906373483
os_5yr,tabpfn_v3,0.8755656108597285,0.9573002754820936,0.7387656906373483
os_5yr,tabpfn_v3,0.8755656108597285,0.9586776859504132,0.7387656906373483
os_5yr,tabpfn_v3,0.8800904977375565,0.9586776859504132,0.7387656906373483
os_5yr,tabpfn_v3,0.8800904977375565,0.9614325068870524,0.7387656906373483
os_5yr,tabpfn_v3,0.9004524886877828,0.9614325068870524,0.7387656906373483
os_5yr,tabpfn_v3,0.9004524886877828,0.9628099173553719,0.7387656906373483
os_5yr,tabpfn_v3,0.9049773755656109,0.9628099173553719,0.7387656906373483
os_5yr,tabpfn_v3,0.9049773755656109,0.9641873278236914,0.7387656906373483
os_5yr,tabpfn_v3,0.9117647058823529,0.9641873278236914,0.7387656906373483
os_5yr,tabpfn_v3,0.9117647058823529,0.9655647382920111,0.7387656906373483
os_5yr,tabpfn_v3,0.918552036199095,0.9655647382920111,0.7387656906373483
os_5yr,tabpfn_v3,0.918552036199095,0.9683195592286501,0.7387656906373483
os_5yr,tabpfn_v3,0.9230769230769231,0.9683195592286501,0.7387656906373483
os_5yr,tabpfn_v3,0.9230769230769231,0.9696969696969697,0.7387656906373483
os_5yr,tabpfn_v3,0.9276018099547512,0.9696969696969697,0.7387656906373483
os_5yr,tabpfn_v3,0.9276018099547512,0.9710743801652892,0.7387656906373483
os_5yr,tabpfn_v3,0.9298642533936652,0.9710743801652892,0.7387656906373483
os_5yr,tabpfn_v3,0.9298642533936652,0.9724517906336089,0.7387656906373483
os_5yr,tabpfn_v3,0.9321266968325792,0.9724517906336089,0.7387656906373483
os_5yr,tabpfn_v3,0.9321266968325792,0.9738292011019284,0.7387656906373483
os_5yr,tabpfn_v3,0.9434389140271493,0.9738292011019284,0.7387656906373483
os_5yr,tabpfn_v3,0.9434389140271493,0.9752066115702479,0.7387656906373483
os_5yr,tabpfn_v3,0.9479638009049773,0.9752066115702479,0.7387656906373483
os_5yr,tabpfn_v3,0.9479638009049773,0.9793388429752066,0.7387656906373483
os_5yr,tabpfn_v3,0.9524886877828054,0.9793388429752066,0.7387656906373483
os_5yr,tabpfn_v3,0.9524886877828054,0.9807162534435262,0.7387656906373483
os_5yr,tabpfn_v3,0.9570135746606335,0.9807162534435262,0.7387656906373483
os_5yr,tabpfn_v3,0.9570135746606335,0.9820936639118457,0.7387656906373483
os_5yr,tabpfn_v3,0.9592760180995475,0.9820936639118457,0.7387656906373483
os_5yr,tabpfn_v3,0.9592760180995475,0.9889807162534435,0.7387656906373483
os_5yr,tabpfn_v3,0.9660633484162896,0.9889807162534435,0.7387656906373483
os_5yr,tabpfn_v3,0.9660633484162896,0.990358126721763,0.7387656906373483
os_5yr,tabpfn_v3,0.9728506787330317,0.990358126721763,0.7387656906373483
os_5yr,tabpfn_v3,0.9728506787330317,0.9931129476584022,0.7387656906373483
os_5yr,tabpfn_v3,0.9751131221719457,0.9931129476584022,0.7387656906373483
os_5yr,tabpfn_v3,0.9751131221719457,0.9958677685950413,0.7387656906373483
os_5yr,tabpfn_v3,0.9819004524886877,0.9958677685950413,0.7387656906373483
os_5yr,tabpfn_v3,0.9819004524886877,0.9972451790633609,0.7387656906373483
os_5yr,tabpfn_v3,0.995475113122172,0.9972451790633609,0.7387656906373483
os_5yr,tabpfn_v3,0.995475113122172,0.9986225895316805,0.7387656906373483
os_5yr,tabpfn_v3,0.997737556561086,0.9986225895316805,0.7387656906373483
os_5yr,tabpfn_v3,0.997737556561086,1.0,0.7387656906373483
os_5yr,tabpfn_v3,1.0,1.0,0.7387656906373483
