scope,endpoint,cancer,repeat,fold,model_name,n_train,n_validation,n_test,status,threshold,threshold_source,fit_time_s,predict_time_s,accuracy,balanced_accuracy,f1,sensitivity,specificity,roc_auc,pr_auc,log_loss,brier,prediction_path,error_type,error_message,traceback_path
per_cancer,os_3yr,BRCA,0,0,tabpfn_v2,320,80,101,success,0.1301403045654297,validation split balanced accuracy,0.2856991950002339,8.891537067000172,0.7128712871287128,0.6393939393939394,0.2926829268292683,0.5454545454545454,0.7333333333333333,0.6454545454545454,0.3253750640769192,0.3296595376486552,0.09280600768205775,/opt/tabr1_results/per_cancer/os_3yr/BRCA/repeat_00_fold_00/tabpfn_v2/test_predictions.csv,,,
per_cancer,os_3yr,BRCA,0,0,tabpfn_v2_5,320,80,101,success,0.12882089614868164,validation split balanced accuracy,0.21186224400025822,6.472502839000299,0.693069306930693,0.5883838383838383,0.24390243902439024,0.45454545454545453,0.7222222222222222,0.5777777777777778,0.2806345140579808,0.3356900339478463,0.0942897175778477,/opt/tabr1_results/per_cancer/os_3yr/BRCA/repeat_00_fold_00/tabpfn_v2_5/test_predictions.csv,,,
per_cancer,os_3yr,BRCA,0,0,tabpfn_v2_6,320,80,101,success,0.12806245684623718,validation split balanced accuracy,0.30302352600028826,7.3586605729997245,0.7029702970297029,0.5939393939393939,0.25,0.45454545454545453,0.7333333333333333,0.5434343434343434,0.31631102817284273,0.34119243089407125,0.09041809986790644,/opt/tabr1_results/per_cancer/os_3yr/BRCA/repeat_00_fold_00/tabpfn_v2_6/test_predictions.csv,,,
per_cancer,os_3yr,BRCA,0,0,tabpfn_v3,320,80,101,success,0.12148269265890121,validation split balanced accuracy,0.5136079960002462,5.90319748300044,0.6435643564356436,0.6005050505050504,0.25,0.5454545454545454,0.6555555555555556,0.5969696969696969,0.36434824205972394,0.3220613266977552,0.08879783159602764,/opt/tabr1_results/per_cancer/os_3yr/BRCA/repeat_00_fold_00/tabpfn_v3/test_predictions.csv,,,
per_cancer,os_3yr,BRCA,0,0,tabfm_default,320,80,101,success,0.08482909202575684,validation split balanced accuracy,8.797963775000426,4.178491704999942,0.32673267326732675,0.5025252525252526,0.19047619047619047,0.7272727272727273,0.2777777777777778,0.4757575757575757,0.20315034104003543,0.3351699774608864,0.0916320571057509,/opt/tabr1_results/per_cancer/os_3yr/BRCA/repeat_00_fold_00/tabfm_default/test_predictions.csv,,,
per_cancer,os_3yr,BRCA,0,0,autogluon,320,80,101,success,0.15542574226856232,validation split balanced accuracy,5.396626679999827,0.01352204399972834,0.801980198019802,0.5696969696969697,0.23076923076923078,0.2727272727272727,0.8666666666666667,0.6555555555555557,0.19146330924038302,0.3421654198045631,0.09645185137885842,/opt/tabr1_results/per_cancer/os_3yr/BRCA/repeat_00_fold_00/autogluon/test_predictions.csv,,,
per_cancer,os_3yr,BRCA,0,1,tabpfn_v2,320,81,100,success,0.09826812148094177,validation split balanced accuracy,0.31005799600006867,7.170768243000566,0.45,0.5606312292358804,0.26666666666666666,0.7142857142857143,0.4069767441860465,0.5340531561461794,0.17723985291620314,0.41864970623879294,0.12411072042662738,/opt/tabr1_results/per_cancer/os_3yr/BRCA/repeat_00_fold_01/tabpfn_v2/test_predictions.csv,,,
per_cancer,os_3yr,BRCA,0,1,tabpfn_v2_5,320,81,100,success,0.08350769430398941,validation split balanced accuracy,0.2452789130002202,6.773260390999894,0.36,0.5382059800664452,0.2558139534883721,0.7857142857142857,0.29069767441860467,0.5232558139534884,0.1635963112708046,0.4162730636587805,0.12338805899741569,/opt/tabr1_results/per_cancer/os_3yr/BRCA/repeat_00_fold_01/tabpfn_v2_5/test_predictions.csv,,,
per_cancer,os_3yr,BRCA,0,1,tabpfn_v2_6,320,81,100,success,0.11452505737543106,validation split balanced accuracy,0.31097289100034686,7.763327478000065,0.49,0.4642857142857143,0.19047619047619047,0.42857142857142855,0.5,0.5888704318936877,0.2323072828160575,0.4065005235483216,0.12153190168818298,/opt/tabr1_results/per_cancer/os_3yr/BRCA/repeat_00_fold_01/tabpfn_v2_6/test_predictions.csv,,,
per_cancer,os_3yr,BRCA,0,1,tabpfn_v3,320,81,100,success,0.11521433293819427,validation split balanced accuracy,0.5186022910002066,6.0731495310001264,0.55,0.558970099667774,0.26229508196721313,0.5714285714285714,0.5465116279069767,0.5681063122923588,0.18964272060248857,0.40137254011990026,0.11988006591066151,/opt/tabr1_results/per_cancer/os_3yr/BRCA/repeat_00_fold_01/tabpfn_v3/test_predictions.csv,,,
per_cancer,os_3yr,BRCA,0,1,tabfm_default,320,81,100,success,0.12327179312705994,validation split balanced accuracy,0.013633202000164601,4.723660661000395,0.61,0.5340531561461794,0.23529411764705882,0.42857142857142855,0.6395348837209303,0.5577242524916943,0.18047985786916548,0.40391397684228814,0.12026433091913918,/opt/tabr1_results/per_cancer/os_3yr/BRCA/repeat_00_fold_01/tabfm_default/test_predictions.csv,,,
per_cancer,os_3yr,BRCA,0,1,autogluon,320,81,100,success,0.22212937474250793,validation split balanced accuracy,4.389824771000349,0.011546737000571738,0.77,0.4775747508305648,0.08,0.07142857142857142,0.8837209302325582,0.4269102990033222,0.12859508090087327,0.4947898014502678,0.13556610708719286,/opt/tabr1_results/per_cancer/os_3yr/BRCA/repeat_00_fold_01/autogluon/test_predictions.csv,,,
per_cancer,os_3yr,BRCA,0,2,tabpfn_v2,320,81,100,success,0.12425154447555542,validation split balanced accuracy,0.2717830120000144,7.631075119000343,0.72,0.553030303030303,0.2222222222222222,0.3333333333333333,0.7727272727272727,0.5350378787878788,0.1486444461147047,0.3676267105515786,0.10583695175688292,/opt/tabr1_results/per_cancer/os_3yr/BRCA/repeat_00_fold_02/tabpfn_v2/test_predictions.csv,,,
per_cancer,os_3yr,BRCA,0,2,tabpfn_v2_5,320,81,100,success,0.10975544154644012,validation split balanced accuracy,0.24505880000015168,7.060779106999689,0.66,0.5549242424242424,0.22727272727272727,0.4166666666666667,0.6931818181818182,0.53125,0.1751994003801931,0.3679598879991821,0.10568226473583256,/opt/tabr1_results/per_cancer/os_3yr/BRCA/repeat_00_fold_02/tabpfn_v2_5/test_predictions.csv,,,
per_cancer,os_3yr,BRCA,0,2,tabpfn_v2_6,320,81,100,success,0.10120304673910141,validation split balanced accuracy,0.3129878510007984,7.486250612999356,0.47,0.4829545454545454,0.18461538461538463,0.5,0.4659090909090909,0.5104166666666666,0.16336928391936978,0.3686253241939317,0.10620784535689336,/opt/tabr1_results/per_cancer/os_3yr/BRCA/repeat_00_fold_02/tabpfn_v2_6/test_predictions.csv,,,
per_cancer,os_3yr,BRCA,0,2,tabpfn_v3,320,81,100,success,0.10637429356575012,validation split balanced accuracy,0.5207506160004414,6.121993397000551,0.64,0.5795454545454546,0.25,0.5,0.6590909090909091,0.5227272727272727,0.1719099065861039,0.36806365441894073,0.1064962153081452,/opt/tabr1_results/per_cancer/os_3yr/BRCA/repeat_00_fold_02/tabpfn_v3/test_predictions.csv,,,
per_cancer,os_3yr,BRCA,0,2,tabfm_default,320,81,100,success,0.08896087855100632,validation split balanced accuracy,0.013385214000663836,4.519355895999979,0.55,0.42045454545454547,0.11764705882352941,0.25,0.5909090909090909,0.4422348484848485,0.1308758369823645,0.3904924054704068,0.11118255817059193,/opt/tabr1_results/per_cancer/os_3yr/BRCA/repeat_00_fold_02/tabfm_default/test_predictions.csv,,,
per_cancer,os_3yr,BRCA,0,2,autogluon,320,81,100,success,0.12284623086452484,validation split balanced accuracy,4.32970950500021,0.014344608000101289,0.5,0.5,0.1935483870967742,0.5,0.5,0.5047348484848485,0.13343902343902342,0.36743316146709953,0.10571096678234353,/opt/tabr1_results/per_cancer/os_3yr/BRCA/repeat_00_fold_02/autogluon/test_predictions.csv,,,
per_cancer,os_3yr,BRCA,0,3,tabpfn_v2,320,81,100,success,0.10993430018424988,validation split balanced accuracy,0.29203653300100996,7.989485634001539,0.54,0.5491071428571428,0.28125,0.5625,0.5357142857142857,0.49702380952380953,0.1706601701633232,0.4563946371150134,0.13841740545043943,/opt/tabr1_results/per_cancer/os_3yr/BRCA/repeat_00_fold_03/tabpfn_v2/test_predictions.csv,,,
per_cancer,os_3yr,BRCA,0,3,tabpfn_v2_5,320,81,100,success,0.10711751878261566,validation split balanced accuracy,0.2400285959993198,6.961271238000336,0.55,0.5550595238095238,0.2857142857142857,0.5625,0.5476190476190477,0.5290178571428571,0.18076909983030742,0.4569525320362082,0.13879753475115927,/opt/tabr1_results/per_cancer/os_3yr/BRCA/repeat_00_fold_03/tabpfn_v2_5/test_predictions.csv,,,
per_cancer,os_3yr,BRCA,0,3,tabpfn_v2_6,320,81,100,success,0.0959477350115776,validation split balanced accuracy,0.30519923199972254,7.72600985399913,0.45,0.5208333333333334,0.26666666666666666,0.625,0.4166666666666667,0.5186011904761905,0.17815566527639615,0.4621562030331971,0.14064419639880354,/opt/tabr1_results/per_cancer/os_3yr/BRCA/repeat_00_fold_03/tabpfn_v2_6/test_predictions.csv,,,
per_cancer,os_3yr,BRCA,0,3,tabpfn_v3,320,81,100,success,0.09048710763454437,validation split balanced accuracy,0.5069650740006182,6.328805271999954,0.28,0.5461309523809523,0.29411764705882354,0.9375,0.15476190476190477,0.5625,0.20151681203659483,0.4557835693715241,0.13891037331943903,/opt/tabr1_results/per_cancer/os_3yr/BRCA/repeat_00_fold_03/tabpfn_v3/test_predictions.csv,,,
per_cancer,os_3yr,BRCA,0,3,tabfm_default,320,81,100,success,0.06887073069810867,validation split balanced accuracy,0.01330895600040094,4.417892819999906,0.27,0.5654761904761905,0.3047619047619048,1.0,0.13095238095238096,0.4694940476190476,0.16630604526862225,0.48241515200117907,0.1458386554303969,/opt/tabr1_results/per_cancer/os_3yr/BRCA/repeat_00_fold_03/tabfm_default/test_predictions.csv,,,
per_cancer,os_3yr,BRCA,0,3,autogluon,320,81,100,success,0.14118294417858124,validation split balanced accuracy,4.330957804000718,0.01346485300018685,0.68,0.4806547619047619,0.15789473684210525,0.1875,0.7738095238095238,0.453125,0.1542965367965368,0.4450597323357105,0.13568134946005175,/opt/tabr1_results/per_cancer/os_3yr/BRCA/repeat_00_fold_03/autogluon/test_predictions.csv,,,
per_cancer,os_3yr,BRCA,0,4,tabpfn_v2,320,81,100,success,0.07899170368909836,validation split balanced accuracy,0.24435739500040654,8.103165689000889,0.41,0.6185636856368564,0.3655913978494624,0.9444444444444444,0.2926829268292683,0.6104336043360434,0.30584842798067935,0.48024944169844,0.1485846102650925,/opt/tabr1_results/per_cancer/os_3yr/BRCA/repeat_00_fold_04/tabpfn_v2/test_predictions.csv,,,
per_cancer,os_3yr,BRCA,0,4,tabpfn_v2_5,320,81,100,success,0.09422318637371063,validation split balanced accuracy,0.2378227839999454,6.977043046001199,0.48,0.5528455284552846,0.3157894736842105,0.6666666666666666,0.43902439024390244,0.5934959349593496,0.2721215305310385,0.4867514385619649,0.15047997939063606,/opt/tabr1_results/per_cancer/os_3yr/BRCA/repeat_00_fold_04/tabpfn_v2_5/test_predictions.csv,,,
per_cancer,os_3yr,BRCA,0,4,tabpfn_v2_6,320,81,100,success,0.1046547144651413,validation split balanced accuracy,0.30670802399981767,7.812024835000557,0.57,0.5860433604336044,0.3384615384615385,0.6111111111111112,0.5609756097560976,0.5989159891598916,0.27452193081561715,0.48920620279702076,0.15021029428135108,/opt/tabr1_results/per_cancer/os_3yr/BRCA/repeat_00_fold_04/tabpfn_v2_6/test_predictions.csv,,,
per_cancer,os_3yr,BRCA,0,4,tabpfn_v3,320,81,100,success,0.07804182171821594,validation split balanced accuracy,0.5084848220012645,6.322611584000697,0.35,0.5602981029810298,0.32989690721649484,0.8888888888888888,0.23170731707317074,0.6327913279132791,0.2857696857916133,0.47478111572483805,0.1480618375565895,/opt/tabr1_results/per_cancer/os_3yr/BRCA/repeat_00_fold_04/tabpfn_v3/test_predictions.csv,,,
per_cancer,os_3yr,BRCA,0,4,tabfm_default,320,81,100,success,0.09327346086502075,validation split balanced accuracy,0.013577257999713765,4.595596590001151,0.61,0.6104336043360434,0.36065573770491804,0.6111111111111112,0.6097560975609756,0.6476964769647696,0.3069553358426057,0.49013235289238066,0.14980831311829523,/opt/tabr1_results/per_cancer/os_3yr/BRCA/repeat_00_fold_04/tabfm_default/test_predictions.csv,,,
per_cancer,os_3yr,BRCA,0,4,autogluon,320,81,100,success,0.05971159413456917,validation split balanced accuracy,4.450333802000387,0.00540932699914265,0.48,0.5745257452574526,0.3333333333333333,0.7222222222222222,0.4268292682926829,0.5724932249322494,0.24368237746344354,0.5276942903617238,0.15578508618004258,/opt/tabr1_results/per_cancer/os_3yr/BRCA/repeat_00_fold_04/autogluon/test_predictions.csv,,,
per_cancer,os_3yr,BRCA,1,0,tabpfn_v2,320,80,101,success,0.12731635570526123,validation split balanced accuracy,0.2665521359995182,7.171281810999062,0.5643564356435643,0.5073891625615763,0.21428571428571427,0.42857142857142855,0.5862068965517241,0.5812807881773399,0.17309100744874506,0.40203709802644555,0.120146326196139,/opt/tabr1_results/per_cancer/os_3yr/BRCA/repeat_01_fold_00/tabpfn_v2/test_predictions.csv,,,
per_cancer,os_3yr,BRCA,1,0,tabpfn_v2_5,320,80,101,success,0.08810169994831085,validation split balanced accuracy,0.24565524799982086,6.834846394998749,0.2871287128712871,0.55623973727422,0.2653061224489796,0.9285714285714286,0.1839080459770115,0.6091954022988506,0.20550020402879982,0.3962175583861447,0.11808795854223686,/opt/tabr1_results/per_cancer/os_3yr/BRCA/repeat_01_fold_00/tabpfn_v2_5/test_predictions.csv,,,
per_cancer,os_3yr,BRCA,1,0,tabpfn_v2_6,320,80,101,success,0.14873400330543518,validation split balanced accuracy,0.31238861400015594,7.901578899000015,0.6633663366336634,0.5049261083743842,0.19047619047619047,0.2857142857142857,0.7241379310344828,0.590311986863711,0.2320040869585197,0.3978374735778922,0.11833695548617827,/opt/tabr1_results/per_cancer/os_3yr/BRCA/repeat_01_fold_00/tabpfn_v2_6/test_predictions.csv,,,
per_cancer,os_3yr,BRCA,1,0,tabpfn_v3,320,80,101,success,0.14809703826904297,validation split balanced accuracy,0.5145313479988545,5.8303641059992515,0.801980198019802,0.6153530377668309,0.3333333333333333,0.35714285714285715,0.8735632183908046,0.5632183908045978,0.25497508252995327,0.3954583142846119,0.11768632633163029,/opt/tabr1_results/per_cancer/os_3yr/BRCA/repeat_01_fold_00/tabpfn_v3/test_predictions.csv,,,
per_cancer,os_3yr,BRCA,1,0,tabfm_default,320,80,101,success,0.16595321893692017,validation split balanced accuracy,0.013310098000147264,4.550610532000064,0.7920792079207921,0.5496715927750411,0.2222222222222222,0.21428571428571427,0.8850574712643678,0.6030377668308703,0.19120694996252643,0.3974142960775405,0.11884389275999052,/opt/tabr1_results/per_cancer/os_3yr/BRCA/repeat_01_fold_00/tabfm_default/test_predictions.csv,,,
per_cancer,os_3yr,BRCA,1,0,autogluon,320,80,101,success,0.16915500164031982,validation split balanced accuracy,4.438732218999576,0.018684704000406782,0.801980198019802,0.4954844006568144,0.09090909090909091,0.07142857142857142,0.9195402298850575,0.472495894909688,0.13525365788968677,0.40429191334042125,0.11986662415994409,/opt/tabr1_results/per_cancer/os_3yr/BRCA/repeat_01_fold_00/autogluon/test_predictions.csv,,,
per_cancer,os_3yr,BRCA,1,1,tabpfn_v2,321,80,100,success,0.12721851468086243,validation split balanced accuracy,0.25710242400054995,7.204062319999139,0.6,0.6549019607843136,0.3548387096774194,0.7333333333333333,0.5764705882352941,0.6964705882352941,0.4306698777494241,0.404377066520779,0.12250239859170656,/opt/tabr1_results/per_cancer/os_3yr/BRCA/repeat_01_fold_01/tabpfn_v2/test_predictions.csv,,,
per_cancer,os_3yr,BRCA,1,1,tabpfn_v2_5,321,80,100,success,0.10547278076410294,validation split balanced accuracy,0.25803189700127405,9.068843442000798,0.47,0.6058823529411765,0.3116883116883117,0.8,0.4117647058823529,0.6768627450980392,0.3821453602580259,0.40240247624009556,0.12163250350107148,/opt/tabr1_results/per_cancer/os_3yr/BRCA/repeat_01_fold_01/tabpfn_v2_5/test_predictions.csv,,,
per_cancer,os_3yr,BRCA,1,1,tabpfn_v2_6,321,80,100,success,0.14705751836299896,validation split balanced accuracy,0.31680595000034373,9.688559049000105,0.67,0.5588235294117647,0.26666666666666666,0.4,0.7176470588235294,0.5796078431372549,0.3670109435882806,0.4141590520623775,0.12267983181223766,/opt/tabr1_results/per_cancer/os_3yr/BRCA/repeat_01_fold_01/tabpfn_v2_6/test_predictions.csv,,,
per_cancer,os_3yr,BRCA,1,1,tabpfn_v3,321,80,100,success,0.12484489381313324,validation split balanced accuracy,0.4865749929995218,5.769482011999571,0.54,0.5647058823529412,0.28125,0.6,0.5294117647058824,0.6023529411764705,0.35426868433572295,0.41113022280311623,0.12439794372899693,/opt/tabr1_results/per_cancer/os_3yr/BRCA/repeat_01_fold_01/tabpfn_v3/test_predictions.csv,,,
per_cancer,os_3yr,BRCA,1,1,tabfm_default,321,80,100,success,0.14760977029800415,validation split balanced accuracy,0.013400547999481205,4.230079981000017,0.77,0.5352941176470588,0.20689655172413793,0.2,0.8705882352941177,0.6007843137254901,0.26510760423763224,0.4185549655735253,0.1259764348339105,/opt/tabr1_results/per_cancer/os_3yr/BRCA/repeat_01_fold_01/tabfm_default/test_predictions.csv,,,
per_cancer,os_3yr,BRCA,1,1,autogluon,321,80,100,success,0.03666479140520096,validation split balanced accuracy,4.2247245439994,0.00914190699950268,0.21,0.5078431372549019,0.2616822429906542,0.9333333333333333,0.08235294117647059,0.5494117647058823,0.22224130831980066,0.4499536894627722,0.13084506077067432,/opt/tabr1_results/per_cancer/os_3yr/BRCA/repeat_01_fold_01/autogluon/test_predictions.csv,,,
per_cancer,os_3yr,BRCA,1,2,tabpfn_v2,320,81,100,success,0.12915751338005066,validation split balanced accuracy,0.26806913600012194,7.324337416001072,0.52,0.6506639427987743,0.2727272727272727,0.8181818181818182,0.48314606741573035,0.6332992849846782,0.23968616802007026,0.3411537224825784,0.09677194985851358,/opt/tabr1_results/per_cancer/os_3yr/BRCA/repeat_01_fold_02/tabpfn_v2/test_predictions.csv,,,
per_cancer,os_3yr,BRCA,1,2,tabpfn_v2_5,320,81,100,success,0.14451786875724792,validation split balanced accuracy,0.218911627000125,6.91116170100031,0.51,0.6052093973442288,0.24615384615384617,0.7272727272727273,0.48314606741573035,0.6312563840653728,0.26817773044284415,0.34427065855140915,0.09703701318915908,/opt/tabr1_results/per_cancer/os_3yr/BRCA/repeat_01_fold_02/tabpfn_v2_5/test_predictions.csv,,,
per_cancer,os_3yr,BRCA,1,2,tabpfn_v2_6,320,81,100,success,0.2035505473613739,validation split balanced accuracy,0.31306410300021525,7.791384939000636,0.78,0.5975485188968335,0.26666666666666666,0.36363636363636365,0.8314606741573034,0.6557711950970379,0.2866625135892578,0.3388002914412613,0.09550778260478253,/opt/tabr1_results/per_cancer/os_3yr/BRCA/repeat_01_fold_02/tabpfn_v2_6/test_predictions.csv,,,
per_cancer,os_3yr,BRCA,1,2,tabpfn_v3,320,81,100,success,0.15915176272392273,validation split balanced accuracy,0.520010767999338,5.699860111000817,0.66,0.6496424923391215,0.2916666666666667,0.6363636363636364,0.6629213483146067,0.6772216547497446,0.22583825789377673,0.3430793436568318,0.0968924146344888,/opt/tabr1_results/per_cancer/os_3yr/BRCA/repeat_01_fold_02/tabpfn_v3/test_predictions.csv,,,
per_cancer,os_3yr,BRCA,1,2,tabfm_default,320,81,100,success,0.13097548484802246,validation split balanced accuracy,0.013488025999322417,4.446621625000262,0.62,0.5076608784473953,0.17391304347826086,0.36363636363636365,0.651685393258427,0.5878447395301328,0.16847535743772704,0.3486804421175712,0.0995635172182525,/opt/tabr1_results/per_cancer/os_3yr/BRCA/repeat_01_fold_02/tabfm_default/test_predictions.csv,,,
per_cancer,os_3yr,BRCA,1,2,autogluon,320,81,100,success,0.12200532108545303,validation split balanced accuracy,4.388104241999827,0.006425083000067389,0.43,0.5602655771195098,0.2191780821917808,0.7272727272727273,0.39325842696629215,0.6220633299284984,0.32538002408877587,0.3452623833205678,0.09730226972295132,/opt/tabr1_results/per_cancer/os_3yr/BRCA/repeat_01_fold_02/autogluon/test_predictions.csv,,,
per_cancer,os_3yr,BRCA,1,3,tabpfn_v2,320,81,100,success,0.11169596761465073,validation split balanced accuracy,0.3012709790000372,7.847881042000154,0.5,0.5650406504065041,0.32432432432432434,0.6666666666666666,0.4634146341463415,0.5813008130081301,0.2182841720196395,0.4845030635609157,0.15044154506999535,/opt/tabr1_results/per_cancer/os_3yr/BRCA/repeat_01_fold_03/tabpfn_v2/test_predictions.csv,,,
per_cancer,os_3yr,BRCA,1,3,tabpfn_v2_5,320,81,100,success,0.0817110612988472,validation split balanced accuracy,0.21062708299905353,7.188439022000239,0.3,0.529810298102981,0.3137254901960784,0.8888888888888888,0.17073170731707318,0.5846883468834688,0.23172971685386018,0.48285010317337035,0.15012033008558087,/opt/tabr1_results/per_cancer/os_3yr/BRCA/repeat_01_fold_03/tabpfn_v2_5/test_predictions.csv,,,
per_cancer,os_3yr,BRCA,1,3,tabpfn_v2_6,320,81,100,success,0.249884232878685,validation split balanced accuracy,0.30738913399909507,7.72645521099912,0.8,0.4878048780487805,0.0,0.0,0.975609756097561,0.5542005420054201,0.22322313674876984,0.48972544125688566,0.15108048562394652,/opt/tabr1_results/per_cancer/os_3yr/BRCA/repeat_01_fold_03/tabpfn_v2_6/test_predictions.csv,,,
per_cancer,os_3yr,BRCA,1,3,tabpfn_v3,320,81,100,success,0.2041637897491455,validation split balanced accuracy,0.5109140730000945,5.609604475001106,0.8,0.4878048780487805,0.0,0.0,0.975609756097561,0.5853658536585367,0.2405445076359953,0.47753150991962917,0.14951853393835127,/opt/tabr1_results/per_cancer/os_3yr/BRCA/repeat_01_fold_03/tabpfn_v3/test_predictions.csv,,,
per_cancer,os_3yr,BRCA,1,3,tabfm_default,320,81,100,success,0.25749531388282776,validation split balanced accuracy,0.013087127999824588,4.549679763000313,0.82,0.5,0.0,0.0,1.0,0.5721544715447154,0.2500764551925855,0.4886167615303125,0.1514067161153751,/opt/tabr1_results/per_cancer/os_3yr/BRCA/repeat_01_fold_03/tabfm_default/test_predictions.csv,,,
per_cancer,os_3yr,BRCA,1,3,autogluon,320,81,100,success,0.4566139578819275,validation split balanced accuracy,4.453441652000038,0.010452147000250989,0.55,0.6172086720867209,0.36619718309859156,0.7222222222222222,0.5121951219512195,0.6256775067750678,0.26354032311685593,0.6362074031212517,0.22163674730302796,/opt/tabr1_results/per_cancer/os_3yr/BRCA/repeat_01_fold_03/autogluon/test_predictions.csv,,,
per_cancer,os_3yr,BRCA,1,4,tabpfn_v2,321,80,100,success,0.11971302330493927,validation split balanced accuracy,0.25456984900120005,8.456834657999934,0.51,0.4566755083996463,0.1694915254237288,0.38461538461538464,0.5287356321839081,0.47126436781609193,0.12438277972355274,0.3917919870893342,0.11430073548104261,/opt/tabr1_results/per_cancer/os_3yr/BRCA/repeat_01_fold_04/tabpfn_v2/test_predictions.csv,,,
per_cancer,os_3yr,BRCA,1,4,tabpfn_v2_5,321,80,100,success,0.11856159567832947,validation split balanced accuracy,0.2147170680000272,8.747149927999999,0.55,0.5450928381962865,0.23728813559322035,0.5384615384615384,0.5517241379310345,0.48894783377542006,0.1301150029907622,0.3923314481257931,0.11438182780004379,/opt/tabr1_results/per_cancer/os_3yr/BRCA/repeat_01_fold_04/tabpfn_v2_5/test_predictions.csv,,,
per_cancer,os_3yr,BRCA,1,4,tabpfn_v2_6,321,80,100,success,0.1355333775281906,validation split balanced accuracy,0.3061850969988882,9.610150288999648,0.66,0.5428824049513705,0.22727272727272727,0.38461538461538464,0.7011494252873564,0.515473032714412,0.1380696717687504,0.39472705880431536,0.11544298159706072,/opt/tabr1_results/per_cancer/os_3yr/BRCA/repeat_01_fold_04/tabpfn_v2_6/test_predictions.csv,,,
per_cancer,os_3yr,BRCA,1,4,tabpfn_v3,321,80,100,success,0.12436226010322571,validation split balanced accuracy,0.5144796690001385,6.125933838999117,0.59,0.5026525198938993,0.19607843137254902,0.38461538461538464,0.6206896551724138,0.5092838196286472,0.13606052957953274,0.3884923242573247,0.11384953459264509,/opt/tabr1_results/per_cancer/os_3yr/BRCA/repeat_01_fold_04/tabpfn_v3/test_predictions.csv,,,
per_cancer,os_3yr,BRCA,1,4,tabfm_default,321,80,100,success,0.14329421520233154,validation split balanced accuracy,0.013476459998855717,4.550820192000174,0.8,0.45977011494252873,0.0,0.0,0.9195402298850575,0.5291777188328912,0.1519648725664037,0.3927913117106796,0.11479545760959424,/opt/tabr1_results/per_cancer/os_3yr/BRCA/repeat_01_fold_04/tabfm_default/test_predictions.csv,,,
per_cancer,os_3yr,BRCA,1,4,autogluon,321,80,100,success,0.09893599152565002,validation split balanced accuracy,4.302770581000004,0.006849205999969854,0.77,0.5406719717064544,0.20689655172413793,0.23076923076923078,0.8505747126436781,0.4916003536693192,0.1379545197429505,0.6096565913721219,0.13263180982886674,/opt/tabr1_results/per_cancer/os_3yr/BRCA/repeat_01_fold_04/autogluon/test_predictions.csv,,,
per_cancer,os_3yr,BRCA,2,0,tabpfn_v2,320,81,100,success,0.15270306169986725,validation split balanced accuracy,0.24611718699998164,7.339263881000079,0.63,0.5132788559754852,0.17777777777777778,0.36363636363636365,0.6629213483146067,0.5209397344228806,0.1621314383954819,0.3599107087313147,0.100781712181115,/opt/tabr1_results/per_cancer/os_3yr/BRCA/repeat_02_fold_00/tabpfn_v2/test_predictions.csv,,,
per_cancer,os_3yr,BRCA,2,0,tabpfn_v2_5,320,81,100,success,0.14769893884658813,validation split balanced accuracy,0.22569671400015068,6.7551808079988405,0.61,0.5817160367722165,0.23529411764705882,0.5454545454545454,0.6179775280898876,0.5709908069458631,0.18346401390643347,0.3539156094929314,0.09921739400260975,/opt/tabr1_results/per_cancer/os_3yr/BRCA/repeat_02_fold_00/tabpfn_v2_5/test_predictions.csv,,,
per_cancer,os_3yr,BRCA,2,0,tabpfn_v2_6,320,81,100,success,0.16996803879737854,validation split balanced accuracy,0.3158576419991732,7.480516614001317,0.61,0.5020429009193055,0.1702127659574468,0.36363636363636365,0.6404494382022472,0.5045965270684372,0.20956623326246931,0.3608022742865974,0.1006767360766416,/opt/tabr1_results/per_cancer/os_3yr/BRCA/repeat_02_fold_00/tabpfn_v2_6/test_predictions.csv,,,
per_cancer,os_3yr,BRCA,2,0,tabpfn_v3,320,81,100,success,0.14579027891159058,validation split balanced accuracy,0.527019991999623,5.990069108000171,0.63,0.5929519918283963,0.24489795918367346,0.5454545454545454,0.6404494382022472,0.6077630234933606,0.2271595455136084,0.33991396441775534,0.09623885855278208,/opt/tabr1_results/per_cancer/os_3yr/BRCA/repeat_02_fold_00/tabpfn_v3/test_predictions.csv,,,
per_cancer,os_3yr,BRCA,2,0,tabfm_default,320,81,100,success,0.15886910259723663,validation split balanced accuracy,0.013524948999474873,4.199089446001381,0.68,0.5413687436159347,0.2,0.36363636363636365,0.7191011235955056,0.54902962206333,0.20433873510456377,0.348029731262328,0.09827396803015091,/opt/tabr1_results/per_cancer/os_3yr/BRCA/repeat_02_fold_00/tabfm_default/test_predictions.csv,,,
per_cancer,os_3yr,BRCA,2,0,autogluon,320,81,100,success,0.11789584159851074,validation split balanced accuracy,4.372214784001699,0.009040122000442352,0.64,0.5587334014300306,0.21739130434782608,0.45454545454545453,0.6629213483146067,0.5112359550561798,0.19042121200703038,0.38547364123666533,0.1041997216611116,/opt/tabr1_results/per_cancer/os_3yr/BRCA/repeat_02_fold_00/autogluon/test_predictions.csv,,,
per_cancer,os_3yr,BRCA,2,1,tabpfn_v2,321,80,100,success,0.1390104591846466,validation split balanced accuracy,0.26320216200110735,7.310445504999734,0.74,0.5450980392156862,0.23529411764705882,0.26666666666666666,0.8235294117647058,0.6109803921568626,0.2911059821807453,0.4192825904445607,0.12659358491909056,/opt/tabr1_results/per_cancer/os_3yr/BRCA/repeat_02_fold_01/tabpfn_v2/test_predictions.csv,,,
per_cancer,os_3yr,BRCA,2,1,tabpfn_v2_5,321,80,100,success,0.12564301490783691,validation split balanced accuracy,0.2564172160000453,8.74684923300083,0.62,0.5568627450980392,0.2692307692307692,0.4666666666666667,0.6470588235294118,0.6196078431372549,0.32280344306950026,0.41909293052995006,0.126327222224377,/opt/tabr1_results/per_cancer/os_3yr/BRCA/repeat_02_fold_01/tabpfn_v2_5/test_predictions.csv,,,
per_cancer,os_3yr,BRCA,2,1,tabpfn_v2_6,321,80,100,success,0.10820241272449493,validation split balanced accuracy,0.3182213119998778,9.686314992000916,0.51,0.5470588235294118,0.26865671641791045,0.6,0.49411764705882355,0.627450980392157,0.3311384715623224,0.41256831343083483,0.12383188121755151,/opt/tabr1_results/per_cancer/os_3yr/BRCA/repeat_02_fold_01/tabpfn_v2_6/test_predictions.csv,,,
per_cancer,os_3yr,BRCA,2,1,tabpfn_v3,321,80,100,success,0.14093002676963806,validation split balanced accuracy,0.5312507729995559,6.144192238998585,0.8,0.6352941176470588,0.375,0.4,0.8705882352941177,0.6149019607843137,0.33641738915518093,0.4159337698304686,0.1258482386139553,/opt/tabr1_results/per_cancer/os_3yr/BRCA/repeat_02_fold_01/tabpfn_v3/test_predictions.csv,,,
per_cancer,os_3yr,BRCA,2,1,tabfm_default,321,80,100,success,0.13296426832675934,validation split balanced accuracy,0.01317472499977157,4.532937803000095,0.82,0.6196078431372549,0.35714285714285715,0.3333333333333333,0.9058823529411765,0.6262745098039216,0.25323844113180705,0.42003661140119947,0.126932423841164,/opt/tabr1_results/per_cancer/os_3yr/BRCA/repeat_02_fold_01/tabfm_default/test_predictions.csv,,,
per_cancer,os_3yr,BRCA,2,1,autogluon,321,80,100,success,0.13540507853031158,validation split balanced accuracy,4.237036404998435,0.0170019390006928,0.68,0.5372549019607843,0.23809523809523808,0.3333333333333333,0.7411764705882353,0.5023529411764706,0.16363388838751158,0.42406528406663185,0.12784315980580843,/opt/tabr1_results/per_cancer/os_3yr/BRCA/repeat_02_fold_01/autogluon/test_predictions.csv,,,
per_cancer,os_3yr,BRCA,2,2,tabpfn_v2,320,80,101,success,0.13763266801834106,validation split balanced accuracy,0.3202868190001027,7.62001776499892,0.7425742574257426,0.5808702791461412,0.2777777777777778,0.35714285714285715,0.8045977011494253,0.5919540229885057,0.19892606430595744,0.40002365178392574,0.11909508287803819,/opt/tabr1_results/per_cancer/os_3yr/BRCA/repeat_02_fold_02/tabpfn_v2/test_predictions.csv,,,
per_cancer,os_3yr,BRCA,2,2,tabpfn_v2_5,320,80,101,success,0.09732887893915176,validation split balanced accuracy,0.21603382300054363,7.038668546001645,0.43564356435643564,0.46264367816091956,0.19718309859154928,0.5,0.42528735632183906,0.5336617405582922,0.23751575259652652,0.4069053720921382,0.12008874973856906,/opt/tabr1_results/per_cancer/os_3yr/BRCA/repeat_02_fold_02/tabpfn_v2_5/test_predictions.csv,,,
per_cancer,os_3yr,BRCA,2,2,tabpfn_v2_6,320,80,101,success,0.07037073373794556,validation split balanced accuracy,0.2808295730010286,7.524239795999165,0.297029702970297,0.5619868637110017,0.26804123711340205,0.9285714285714286,0.19540229885057472,0.5763546798029556,0.33745663298959117,0.3959461173285917,0.1170326500165954,/opt/tabr1_results/per_cancer/os_3yr/BRCA/repeat_02_fold_02/tabpfn_v2_6/test_predictions.csv,,,
per_cancer,os_3yr,BRCA,2,2,tabpfn_v3,320,80,101,success,0.08742419630289078,validation split balanced accuracy,0.5168401430000813,5.760252460999254,0.43564356435643564,0.5525451559934319,0.2597402597402597,0.7142857142857143,0.39080459770114945,0.5689655172413793,0.19590878754957816,0.4034172686987986,0.11980800938378965,/opt/tabr1_results/per_cancer/os_3yr/BRCA/repeat_02_fold_02/tabpfn_v3/test_predictions.csv,,,
per_cancer,os_3yr,BRCA,2,2,tabfm_default,320,80,101,success,0.0770842581987381,validation split balanced accuracy,0.013323773999218247,4.365403783000147,0.37623762376237624,0.5480295566502463,0.25882352941176473,0.7857142857142857,0.3103448275862069,0.574712643678161,0.17814830717889674,0.41974651613228026,0.12436727020057393,/opt/tabr1_results/per_cancer/os_3yr/BRCA/repeat_02_fold_02/tabfm_default/test_predictions.csv,,,
per_cancer,os_3yr,BRCA,2,2,autogluon,320,80,101,success,0.18358184397220612,validation split balanced accuracy,4.367090316000031,0.014226297000277555,0.8217821782178217,0.5669129720853858,0.25,0.21428571428571427,0.9195402298850575,0.5640394088669951,0.18602040847573184,0.3987208712646508,0.11840770829126453,/opt/tabr1_results/per_cancer/os_3yr/BRCA/repeat_02_fold_02/autogluon/test_predictions.csv,,,
per_cancer,os_3yr,BRCA,2,3,tabpfn_v2,320,81,100,success,0.10932198166847229,validation split balanced accuracy,0.2458361890003289,8.060187823000888,0.59,0.6260558804418453,0.3880597014925373,0.6842105263157895,0.5679012345679012,0.6530214424951267,0.28785140516484053,0.49998336658009246,0.15745360558230215,/opt/tabr1_results/per_cancer/os_3yr/BRCA/repeat_02_fold_03/tabpfn_v2/test_predictions.csv,,,
per_cancer,os_3yr,BRCA,2,3,tabpfn_v2_5,320,81,100,success,0.14366847276687622,validation split balanced accuracy,0.2114502189997438,7.125491585000418,0.77,0.5357374918778427,0.20689655172413793,0.15789473684210525,0.9135802469135802,0.6679662118258609,0.2890173160983579,0.500978114827287,0.15758358361196495,/opt/tabr1_results/per_cancer/os_3yr/BRCA/repeat_02_fold_03/tabpfn_v2_5/test_predictions.csv,,,
per_cancer,os_3yr,BRCA,2,3,tabpfn_v2_6,320,81,100,success,0.15014192461967468,validation split balanced accuracy,0.3052726709993294,7.730650356999831,0.74,0.5373619233268356,0.23529411764705882,0.21052631578947367,0.8641975308641975,0.6166341780376868,0.30179447268725346,0.4965783597275207,0.1562408505954246,/opt/tabr1_results/per_cancer/os_3yr/BRCA/repeat_02_fold_03/tabpfn_v2_6/test_predictions.csv,,,
per_cancer,os_3yr,BRCA,2,3,tabpfn_v3,320,81,100,success,0.11457640677690506,validation split balanced accuracy,0.5099502109987952,5.997723580001548,0.66,0.5886939571150097,0.34615384615384615,0.47368421052631576,0.7037037037037037,0.6445743989603638,0.2767509292182005,0.5010118909040009,0.15768184105969707,/opt/tabr1_results/per_cancer/os_3yr/BRCA/repeat_02_fold_03/tabpfn_v3/test_predictions.csv,,,
per_cancer,os_3yr,BRCA,2,3,tabfm_default,320,81,100,success,0.09475213289260864,validation split balanced accuracy,0.013425274999463,4.65527048200056,0.7,0.6536712150747239,0.4230769230769231,0.5789473684210527,0.7283950617283951,0.7365172189733593,0.32351019217186694,0.5054875217119275,0.15873665246953897,/opt/tabr1_results/per_cancer/os_3yr/BRCA/repeat_02_fold_03/tabfm_default/test_predictions.csv,,,
per_cancer,os_3yr,BRCA,2,3,autogluon,320,81,100,success,0.13159115612506866,validation split balanced accuracy,4.378972692999014,0.0136588400000619,0.67,0.5142949967511371,0.23255813953488372,0.2631578947368421,0.7654320987654321,0.5474333983105912,0.20090829103707045,0.5059325099677585,0.15871584384171572,/opt/tabr1_results/per_cancer/os_3yr/BRCA/repeat_02_fold_03/autogluon/test_predictions.csv,,,
per_cancer,os_3yr,BRCA,2,4,tabpfn_v2,320,81,100,success,0.1183820366859436,validation split balanced accuracy,0.29548305299977073,7.541749547999643,0.58,0.6174242424242424,0.27586206896551724,0.6666666666666666,0.5681818181818182,0.6231060606060606,0.18940689292335416,0.3640725472557697,0.10508805192764367,/opt/tabr1_results/per_cancer/os_3yr/BRCA/repeat_02_fold_04/tabpfn_v2/test_predictions.csv,,,
per_cancer,os_3yr,BRCA,2,4,tabpfn_v2_5,320,81,100,success,0.11884570866823196,validation split balanced accuracy,0.24825719699947513,7.075571907000267,0.64,0.615530303030303,0.28,0.5833333333333334,0.6477272727272727,0.5501893939393939,0.1626589538007322,0.3668638237279182,0.10561059822610577,/opt/tabr1_results/per_cancer/os_3yr/BRCA/repeat_02_fold_04/tabpfn_v2_5/test_predictions.csv,,,
per_cancer,os_3yr,BRCA,2,4,tabpfn_v2_6,320,81,100,success,0.11937807500362396,validation split balanced accuracy,0.30966963799983205,7.729006922001645,0.57,0.5397727272727273,0.21818181818181817,0.5,0.5795454545454546,0.5445075757575757,0.15628498593581344,0.37793506643965896,0.10669936559015408,/opt/tabr1_results/per_cancer/os_3yr/BRCA/repeat_02_fold_04/tabpfn_v2_6/test_predictions.csv,,,
per_cancer,os_3yr,BRCA,2,4,tabpfn_v3,320,81,100,success,0.11530563235282898,validation split balanced accuracy,0.5184990399993694,6.059140572000615,0.47,0.446969696969697,0.15873015873015872,0.4166666666666667,0.4772727272727273,0.4109848484848485,0.10545277776287305,0.3788710784668512,0.1077686187139701,/opt/tabr1_results/per_cancer/os_3yr/BRCA/repeat_02_fold_04/tabpfn_v3/test_predictions.csv,,,
per_cancer,os_3yr,BRCA,2,4,tabfm_default,320,81,100,success,0.08896090090274811,validation split balanced accuracy,0.013139974998921389,4.554382954000175,0.33,0.40340909090909094,0.1518987341772152,0.5,0.3068181818181818,0.4275568181818182,0.12001164866986572,0.38644087219448353,0.11233140424660316,/opt/tabr1_results/per_cancer/os_3yr/BRCA/repeat_02_fold_04/tabfm_default/test_predictions.csv,,,
per_cancer,os_3yr,BRCA,2,4,autogluon,320,81,100,success,0.14493012428283691,validation split balanced accuracy,4.315219169000557,0.014370717999554472,0.73,0.5946969696969697,0.2702702702702703,0.4166666666666667,0.7727272727272727,0.5871212121212122,0.14897984577780926,0.36637326037320583,0.10549583557729926,/opt/tabr1_results/per_cancer/os_3yr/BRCA/repeat_02_fold_04/autogluon/test_predictions.csv,,,
per_cancer,os_3yr,BRCA,3,0,tabpfn_v2,320,80,101,success,0.1309063732624054,validation split balanced accuracy,0.258679430000484,8.073074339999948,0.5544554455445545,0.5549516908212561,0.18181818181818182,0.5555555555555556,0.5543478260869565,0.6642512077294686,0.25777632505934844,0.300964913729625,0.08130047320417692,/opt/tabr1_results/per_cancer/os_3yr/BRCA/repeat_03_fold_00/tabpfn_v2/test_predictions.csv,,,
per_cancer,os_3yr,BRCA,3,0,tabpfn_v2_5,320,80,101,success,0.12899111211299896,validation split balanced accuracy,0.23659428500104696,7.054042398000092,0.5841584158415841,0.6213768115942029,0.2222222222222222,0.6666666666666666,0.5760869565217391,0.6666666666666666,0.25135442911186623,0.30145243344055556,0.0817518244388276,/opt/tabr1_results/per_cancer/os_3yr/BRCA/repeat_03_fold_00/tabpfn_v2_5/test_predictions.csv,,,
per_cancer,os_3yr,BRCA,3,0,tabpfn_v2_6,320,80,101,success,0.09125950187444687,validation split balanced accuracy,0.30427969499942265,7.656646155999624,0.44554455445544555,0.6455314009661836,0.2222222222222222,0.8888888888888888,0.40217391304347827,0.6666666666666666,0.2474343770592705,0.2895869225923926,0.07932021053816123,/opt/tabr1_results/per_cancer/os_3yr/BRCA/repeat_03_fold_00/tabpfn_v2_6/test_predictions.csv,,,
per_cancer,os_3yr,BRCA,3,0,tabpfn_v3,320,80,101,success,0.1213555634021759,validation split balanced accuracy,0.5053719309998996,5.981610360999184,0.4752475247524752,0.5615942028985507,0.18461538461538463,0.6666666666666666,0.45652173913043476,0.6280193236714975,0.24848800915219707,0.2913211635995693,0.07754330479505751,/opt/tabr1_results/per_cancer/os_3yr/BRCA/repeat_03_fold_00/tabpfn_v3/test_predictions.csv,,,
per_cancer,os_3yr,BRCA,3,0,tabfm_default,320,80,101,success,0.08349098265171051,validation split balanced accuracy,0.013452111001242884,4.293072413000118,0.3465346534653465,0.591183574879227,0.1951219512195122,0.8888888888888888,0.29347826086956524,0.6908212560386473,0.2804091080876795,0.2815572314003118,0.07556992113081878,/opt/tabr1_results/per_cancer/os_3yr/BRCA/repeat_03_fold_00/tabfm_default/test_predictions.csv,,,
per_cancer,os_3yr,BRCA,3,0,autogluon,320,80,101,success,0.5214004516601562,validation split balanced accuracy,4.427762061999601,0.010256718000164255,0.9108910891089109,0.5,0.0,0.0,1.0,0.5531400966183575,0.20044679906587148,0.6570047607114426,0.23194240400295527,/opt/tabr1_results/per_cancer/os_3yr/BRCA/repeat_03_fold_00/autogluon/test_predictions.csv,,,
per_cancer,os_3yr,BRCA,3,1,tabpfn_v2,321,80,100,success,0.10074687004089355,validation split balanced accuracy,0.23752154400062864,7.234130277000077,0.5,0.6136226642555757,0.40476190476190477,0.8095238095238095,0.4177215189873418,0.6564195298372513,0.40255940176123134,0.5369777017072987,0.17098724679655739,/opt/tabr1_results/per_cancer/os_3yr/BRCA/repeat_03_fold_01/tabpfn_v2/test_predictions.csv,,,
per_cancer,os_3yr,BRCA,3,1,tabpfn_v2_5,321,80,100,success,0.09164425730705261,validation split balanced accuracy,0.2297894229996018,8.943696391999765,0.4,0.5678119349005425,0.375,0.8571428571428571,0.27848101265822783,0.6889692585895117,0.40445170268057007,0.5377887603998401,0.17112000348662457,/opt/tabr1_results/per_cancer/os_3yr/BRCA/repeat_03_fold_01/tabpfn_v2_5/test_predictions.csv,,,
per_cancer,os_3yr,BRCA,3,1,tabpfn_v2_6,321,80,100,success,0.09414549916982651,validation split balanced accuracy,0.3200466900016181,9.193247434001023,0.44,0.5406871609403255,0.3488372093023256,0.7142857142857143,0.3670886075949367,0.6449668474984931,0.41410645306848926,0.5638561002102107,0.16760009399312384,/opt/tabr1_results/per_cancer/os_3yr/BRCA/repeat_03_fold_01/tabpfn_v2_6/test_predictions.csv,,,
per_cancer,os_3yr,BRCA,3,1,tabpfn_v3,321,80,100,success,0.10748360306024551,validation split balanced accuracy,0.5298505439986911,6.287384987999758,0.65,0.6561181434599156,0.4444444444444444,0.6666666666666666,0.6455696202531646,0.6407474382157927,0.38730773093919985,0.5580410204410949,0.1738507480282134,/opt/tabr1_results/per_cancer/os_3yr/BRCA/repeat_03_fold_01/tabpfn_v3/test_predictions.csv,,,
per_cancer,os_3yr,BRCA,3,1,tabfm_default,321,80,100,success,0.08349096029996872,validation split balanced accuracy,0.013427841000520857,4.488889129999734,0.51,0.6374321880650995,0.4235294117647059,0.8571428571428571,0.4177215189873418,0.6684749849306811,0.35908694559765386,0.5465027144965746,0.17074753881644397,/opt/tabr1_results/per_cancer/os_3yr/BRCA/repeat_03_fold_01/tabfm_default/test_predictions.csv,,,
per_cancer,os_3yr,BRCA,3,1,autogluon,321,80,100,success,0.11573012173175812,validation split balanced accuracy,4.215381869000339,0.017097832998842932,0.42,0.510548523206751,0.32558139534883723,0.6666666666666666,0.35443037974683544,0.5792646172393008,0.29614825240441006,0.5299046500832005,0.17009381595934378,/opt/tabr1_results/per_cancer/os_3yr/BRCA/repeat_03_fold_01/autogluon/test_predictions.csv,,,
per_cancer,os_3yr,BRCA,3,2,tabpfn_v2,320,81,100,success,0.13625600934028625,validation split balanced accuracy,0.2683602430006431,7.519951857999331,0.55,0.5271739130434783,0.1509433962264151,0.5,0.5543478260869565,0.561141304347826,0.10914431504055258,0.2977788152698622,0.07915117996494944,/opt/tabr1_results/per_cancer/os_3yr/BRCA/repeat_03_fold_02/tabpfn_v2/test_predictions.csv,,,
per_cancer,os_3yr,BRCA,3,2,tabpfn_v2_5,320,81,100,success,0.13448455929756165,validation split balanced accuracy,0.21567916899948614,7.09301419700023,0.59,0.49184782608695654,0.1276595744680851,0.375,0.6086956521739131,0.592391304347826,0.15345477526505513,0.2899449061081207,0.07629575065265168,/opt/tabr1_results/per_cancer/os_3yr/BRCA/repeat_03_fold_02/tabpfn_v2_5/test_predictions.csv,,,
per_cancer,os_3yr,BRCA,3,2,tabpfn_v2_6,320,81,100,success,0.1299399733543396,validation split balanced accuracy,0.3071292219992756,8.033659042999716,0.54,0.5217391304347826,0.14814814814814814,0.5,0.5434782608695652,0.4945652173913043,0.19936506240459995,0.30366756064612155,0.08004047822285781,/opt/tabr1_results/per_cancer/os_3yr/BRCA/repeat_03_fold_02/tabpfn_v2_6/test_predictions.csv,,,
per_cancer,os_3yr,BRCA,3,2,tabpfn_v3,320,81,100,success,0.1445978730916977,validation split balanced accuracy,0.5181827140004316,6.018812508000337,0.63,0.45652173913043476,0.0975609756097561,0.25,0.6630434782608695,0.46059782608695654,0.10349225176429389,0.30217095422769047,0.07847142703669649,/opt/tabr1_results/per_cancer/os_3yr/BRCA/repeat_03_fold_02/tabpfn_v3/test_predictions.csv,,,
per_cancer,os_3yr,BRCA,3,2,tabfm_default,320,81,100,success,0.1251603662967682,validation split balanced accuracy,0.01337993900051515,4.202398274001098,0.57,0.42391304347826086,0.0851063829787234,0.25,0.5978260869565217,0.5027173913043479,0.12863638734472765,0.29012535619988866,0.07637562261796278,/opt/tabr1_results/per_cancer/os_3yr/BRCA/repeat_03_fold_02/tabfm_default/test_predictions.csv,,,
per_cancer,os_3yr,BRCA,3,2,autogluon,320,81,100,success,0.10716859251260757,validation split balanced accuracy,4.297131037001236,0.005957109000519267,0.49,0.6086956521739131,0.19047619047619047,0.75,0.4673913043478261,0.592391304347826,0.12525638884719062,0.3082365785908721,0.08492252870069147,/opt/tabr1_results/per_cancer/os_3yr/BRCA/repeat_03_fold_02/autogluon/test_predictions.csv,,,
per_cancer,os_3yr,BRCA,3,3,tabpfn_v2,321,80,100,success,0.1037343442440033,validation split balanced accuracy,0.26870090599913965,7.912758391999887,0.47,0.4568452380952381,0.208955223880597,0.4375,0.47619047619047616,0.48363095238095233,0.18375214591223346,0.4627575814174463,0.13874273356728176,/opt/tabr1_results/per_cancer/os_3yr/BRCA/repeat_03_fold_03/tabpfn_v2/test_predictions.csv,,,
per_cancer,os_3yr,BRCA,3,3,tabpfn_v2_5,321,80,100,success,0.11390755325555801,validation split balanced accuracy,0.2394876039998053,8.741075563999402,0.5,0.5,0.24242424242424243,0.5,0.5,0.4657738095238096,0.17918896077161234,0.457221640676256,0.13796507053804805,/opt/tabr1_results/per_cancer/os_3yr/BRCA/repeat_03_fold_03/tabpfn_v2_5/test_predictions.csv,,,
per_cancer,os_3yr,BRCA,3,3,tabpfn_v2_6,321,80,100,success,0.14209219813346863,validation split balanced accuracy,0.3103995909987134,9.144096502999673,0.62,0.47023809523809523,0.17391304347826086,0.25,0.6904761904761905,0.4382440476190476,0.14503814964133802,0.46955643310011785,0.14071779129321477,/opt/tabr1_results/per_cancer/os_3yr/BRCA/repeat_03_fold_03/tabpfn_v2_6/test_predictions.csv,,,
per_cancer,os_3yr,BRCA,3,3,tabpfn_v3,321,80,100,success,0.13744349777698517,validation split balanced accuracy,0.5118712429994048,6.018724289000602,0.66,0.46875,0.15,0.1875,0.75,0.41964285714285715,0.14180264222226177,0.4636603878833547,0.13955550564542527,/opt/tabr1_results/per_cancer/os_3yr/BRCA/repeat_03_fold_03/tabpfn_v3/test_predictions.csv,,,
per_cancer,os_3yr,BRCA,3,3,tabfm_default,321,80,100,success,0.10902932286262512,validation split balanced accuracy,0.013454541000101017,4.437163264001356,0.53,0.5178571428571428,0.25396825396825395,0.5,0.5357142857142857,0.5037202380952381,0.1806906393859294,0.46163562708855865,0.13891256572347344,/opt/tabr1_results/per_cancer/os_3yr/BRCA/repeat_03_fold_03/tabfm_default/test_predictions.csv,,,
per_cancer,os_3yr,BRCA,3,3,autogluon,321,80,100,success,0.1445850282907486,validation split balanced accuracy,4.4254736750008306,0.013709676999496878,0.66,0.5193452380952381,0.22727272727272727,0.3125,0.7261904761904762,0.45870535714285715,0.1688345665961945,0.4442095127985375,0.13547475519994223,/opt/tabr1_results/per_cancer/os_3yr/BRCA/repeat_03_fold_03/autogluon/test_predictions.csv,,,
per_cancer,os_3yr,BRCA,3,4,tabpfn_v2,320,81,100,success,0.1160891130566597,validation split balanced accuracy,0.2704131949994917,7.538444149000497,0.72,0.48051027639971655,0.125,0.11764705882352941,0.8433734939759037,0.5747696669029057,0.20017594796041976,0.476288782237206,0.1455893981802291,/opt/tabr1_results/per_cancer/os_3yr/BRCA/repeat_03_fold_04/tabpfn_v2/test_predictions.csv,,,
per_cancer,os_3yr,BRCA,3,4,tabpfn_v2_5,320,81,100,success,0.09782715886831284,validation split balanced accuracy,0.2461830470001587,7.094915464998849,0.58,0.5598866052445075,0.3,0.5294117647058824,0.5903614457831325,0.6250885896527285,0.23831658910305353,0.4749349086656319,0.145243527641579,/opt/tabr1_results/per_cancer/os_3yr/BRCA/repeat_03_fold_04/tabpfn_v2_5/test_predictions.csv,,,
per_cancer,os_3yr,BRCA,3,4,tabpfn_v2_6,320,81,100,success,0.10226545482873917,validation split balanced accuracy,0.28135496400136617,7.886959608000325,0.64,0.5492558469170801,0.28,0.4117647058823529,0.6867469879518072,0.6031183557760453,0.2090832837050991,0.47605725088970297,0.1459651370254282,/opt/tabr1_results/per_cancer/os_3yr/BRCA/repeat_03_fold_04/tabpfn_v2_6/test_predictions.csv,,,
per_cancer,os_3yr,BRCA,3,4,tabpfn_v3,320,81,100,success,0.09622365981340408,validation split balanced accuracy,0.5204606470015278,5.776267158998962,0.46,0.5577604535790219,0.3076923076923077,0.7058823529411765,0.40963855421686746,0.5527994330262226,0.18583776909215938,0.4762164977998251,0.14589512258210688,/opt/tabr1_results/per_cancer/os_3yr/BRCA/repeat_03_fold_04/tabpfn_v3/test_predictions.csv,,,
per_cancer,os_3yr,BRCA,3,4,tabfm_default,320,81,100,success,0.09037801623344421,validation split balanced accuracy,0.01338663699971221,4.3669815759985795,0.62,0.5605953224663359,0.2962962962962963,0.47058823529411764,0.6506024096385542,0.5166548547129696,0.17526747571196047,0.5047836455011848,0.15336156708072451,/opt/tabr1_results/per_cancer/os_3yr/BRCA/repeat_03_fold_04/tabfm_default/test_predictions.csv,,,
per_cancer,os_3yr,BRCA,3,4,autogluon,320,81,100,success,0.037159986793994904,validation split balanced accuracy,4.3467609219987935,0.015396518998386455,0.55,0.5652019844082211,0.3076923076923077,0.5882352941176471,0.5421686746987951,0.5435861091424521,0.19642609621986779,0.6113458724751978,0.16127258573788453,/opt/tabr1_results/per_cancer/os_3yr/BRCA/repeat_03_fold_04/autogluon/test_predictions.csv,,,
per_cancer,os_3yr,BRCA,4,0,tabpfn_v2,320,81,100,success,0.14435839653015137,validation split balanced accuracy,0.25699164799880236,7.466469028000574,0.67,0.6325757575757576,0.2978723404255319,0.5833333333333334,0.6818181818181818,0.6354166666666666,0.2948767688018828,0.35156709954235404,0.1006875506327417,/opt/tabr1_results/per_cancer/os_3yr/BRCA/repeat_04_fold_00/tabpfn_v2/test_predictions.csv,,,
per_cancer,os_3yr,BRCA,4,0,tabpfn_v2_5,320,81,100,success,0.11744865775108337,validation split balanced accuracy,0.2445578810002189,7.0815518380004505,0.42,0.5625,0.23684210526315788,0.75,0.375,0.6856060606060606,0.30543770912432167,0.3484095867725274,0.10030669024432902,/opt/tabr1_results/per_cancer/os_3yr/BRCA/repeat_04_fold_00/tabpfn_v2_5/test_predictions.csv,,,
per_cancer,os_3yr,BRCA,4,0,tabpfn_v2_6,320,81,100,success,0.09717191755771637,validation split balanced accuracy,0.30942901800153777,7.617693656000483,0.33,0.5113636363636364,0.21176470588235294,0.75,0.2727272727272727,0.5426136363636365,0.26047759562415046,0.3501159846867945,0.09904943964580847,/opt/tabr1_results/per_cancer/os_3yr/BRCA/repeat_04_fold_00/tabpfn_v2_6/test_predictions.csv,,,
per_cancer,os_3yr,BRCA,4,0,tabpfn_v3,320,81,100,success,0.12642431259155273,validation split balanced accuracy,0.5185203789988009,5.9557574749997,0.5,0.5,0.1935483870967742,0.5,0.5,0.571969696969697,0.2417043086507193,0.346060673746954,0.09823353346634855,/opt/tabr1_results/per_cancer/os_3yr/BRCA/repeat_04_fold_00/tabpfn_v3/test_predictions.csv,,,
per_cancer,os_3yr,BRCA,4,0,tabfm_default,320,81,100,success,0.12516041100025177,validation split balanced accuracy,0.01319516500007012,4.524303719999807,0.68,0.5662878787878788,0.23809523809523808,0.4166666666666667,0.7159090909090909,0.5430871212121212,0.23429005778236844,0.3506142709192478,0.09963566450142576,/opt/tabr1_results/per_cancer/os_3yr/BRCA/repeat_04_fold_00/tabfm_default/test_predictions.csv,,,
per_cancer,os_3yr,BRCA,4,0,autogluon,320,81,100,success,0.1711401492357254,validation split balanced accuracy,4.380595741999059,0.014904161000231397,0.68,0.4583333333333333,0.1111111111111111,0.16666666666666666,0.75,0.3963068181818182,0.10820165237893874,0.37676567532030364,0.10818047474133319,/opt/tabr1_results/per_cancer/os_3yr/BRCA/repeat_04_fold_00/autogluon/test_predictions.csv,,,
per_cancer,os_3yr,BRCA,4,1,tabpfn_v2,320,80,101,success,0.08483108878135681,validation split balanced accuracy,0.27675146700130426,7.483138723000593,0.3564356435643564,0.6036585365853658,0.36893203883495146,1.0,0.2073170731707317,0.6848523748395379,0.297331892230283,0.480616815952946,0.1524497257548012,/opt/tabr1_results/per_cancer/os_3yr/BRCA/repeat_04_fold_01/tabpfn_v2/test_predictions.csv,,,
per_cancer,os_3yr,BRCA,4,1,tabpfn_v2_5,320,80,101,success,0.1057717502117157,validation split balanced accuracy,0.2510125369990419,7.010940752999886,0.5247524752475248,0.6264441591784339,0.38461538461538464,0.7894736842105263,0.4634146341463415,0.6482670089858793,0.26910832583541533,0.49196875949791335,0.15517671909865738,/opt/tabr1_results/per_cancer/os_3yr/BRCA/repeat_04_fold_01/tabpfn_v2_5/test_predictions.csv,,,
per_cancer,os_3yr,BRCA,4,1,tabpfn_v2_6,320,80,101,success,0.10784124583005905,validation split balanced accuracy,0.28850171500016586,7.766138934999617,0.5445544554455446,0.6386392811296534,0.39473684210526316,0.7894736842105263,0.4878048780487805,0.6540436456996148,0.3066734139463653,0.47494408064691473,0.15062504606775756,/opt/tabr1_results/per_cancer/os_3yr/BRCA/repeat_04_fold_01/tabpfn_v2_6/test_predictions.csv,,,
per_cancer,os_3yr,BRCA,4,1,tabpfn_v3,320,80,101,success,0.11355902254581451,validation split balanced accuracy,0.5254358419988421,5.785444514000119,0.5544554455445545,0.6043003851091142,0.36619718309859156,0.6842105263157895,0.524390243902439,0.6039794608472401,0.3019760721444168,0.49255440974469034,0.1547783517862708,/opt/tabr1_results/per_cancer/os_3yr/BRCA/repeat_04_fold_01/tabpfn_v3/test_predictions.csv,,,
per_cancer,os_3yr,BRCA,4,1,tabfm_default,320,80,101,success,0.21091073751449585,validation split balanced accuracy,0.01342180200117582,4.68388925599902,0.7920792079207921,0.5080231065468549,0.08695652173913043,0.05263157894736842,0.9634146341463414,0.5577663671373556,0.22690776546876212,0.5085347468257946,0.15853126605157147,/opt/tabr1_results/per_cancer/os_3yr/BRCA/repeat_04_fold_01/tabfm_default/test_predictions.csv,,,
per_cancer,os_3yr,BRCA,4,1,autogluon,320,80,101,success,0.12938793003559113,validation split balanced accuracy,4.259177762000036,0.051974714999232674,0.6831683168316832,0.6026957637997432,0.36,0.47368421052631576,0.7317073170731707,0.6514762516046214,0.3675623460091935,0.47661850391337046,0.1493708681944873,/opt/tabr1_results/per_cancer/os_3yr/BRCA/repeat_04_fold_01/autogluon/test_predictions.csv,,,
per_cancer,os_3yr,BRCA,4,2,tabpfn_v2,321,80,100,success,0.2127123773097992,validation split balanced accuracy,0.2480503110000427,8.665346477999265,0.84,0.4666666666666667,0.0,0.0,0.9333333333333333,0.5255555555555556,0.1325078117639436,0.3358564742328931,0.09278841616905825,/opt/tabr1_results/per_cancer/os_3yr/BRCA/repeat_04_fold_02/tabpfn_v2/test_predictions.csv,,,
per_cancer,os_3yr,BRCA,4,2,tabpfn_v2_5,321,80,100,success,0.12982815504074097,validation split balanced accuracy,0.21495800400043663,9.013268417998916,0.5,0.5888888888888889,0.21875,0.7,0.4777777777777778,0.5666666666666667,0.16055823628099244,0.329489059974967,0.09109340494349877,/opt/tabr1_results/per_cancer/os_3yr/BRCA/repeat_04_fold_02/tabpfn_v2_5/test_predictions.csv,,,
per_cancer,os_3yr,BRCA,4,2,tabpfn_v2_6,321,80,100,success,0.1165095791220665,validation split balanced accuracy,0.30659371100045973,9.732945186000507,0.43,0.5055555555555555,0.17391304347826086,0.6,0.4111111111111111,0.508888888888889,0.19843230275884782,0.3329331775217247,0.09178545919969122,/opt/tabr1_results/per_cancer/os_3yr/BRCA/repeat_04_fold_02/tabpfn_v2_6/test_predictions.csv,,,
per_cancer,os_3yr,BRCA,4,2,tabpfn_v3,321,80,100,success,0.1633923351764679,validation split balanced accuracy,0.5134149379991868,6.689432520000992,0.81,0.5388888888888889,0.17391304347826086,0.2,0.8777777777777778,0.5666666666666667,0.14853100107823314,0.3297096108429605,0.09148243450616811,/opt/tabr1_results/per_cancer/os_3yr/BRCA/repeat_04_fold_02/tabpfn_v3/test_predictions.csv,,,
per_cancer,os_3yr,BRCA,4,2,tabfm_default,321,80,100,success,0.10246425867080688,validation split balanced accuracy,0.01323385099931329,4.1966441919994395,0.41,0.6277777777777778,0.23376623376623376,0.9,0.35555555555555557,0.6755555555555556,0.1870549671161815,0.3186028390222961,0.08969654953487545,/opt/tabr1_results/per_cancer/os_3yr/BRCA/repeat_04_fold_02/tabfm_default/test_predictions.csv,,,
per_cancer,os_3yr,BRCA,4,2,autogluon,321,80,100,success,0.15157881379127502,validation split balanced accuracy,4.334662998000567,0.014493046999632497,0.6,0.6,0.23076923076923078,0.6,0.6,0.6283333333333333,0.15835597821792818,0.3359356656065217,0.09253874143063424,/opt/tabr1_results/per_cancer/os_3yr/BRCA/repeat_04_fold_02/autogluon/test_predictions.csv,,,
per_cancer,os_3yr,BRCA,4,3,tabpfn_v2,321,80,100,success,0.13995888829231262,validation split balanced accuracy,0.3308005830003822,8.327408745000866,0.73,0.5941176470588235,0.3076923076923077,0.4,0.788235294117647,0.5349019607843137,0.24977935980791854,0.43156417846630357,0.12764417689838234,/opt/tabr1_results/per_cancer/os_3yr/BRCA/repeat_04_fold_03/tabpfn_v2/test_predictions.csv,,,
per_cancer,os_3yr,BRCA,4,3,tabpfn_v2_5,321,80,100,success,0.12949948012828827,validation split balanced accuracy,0.22129074099939317,8.924095594000391,0.69,0.5431372549019607,0.24390243902439024,0.3333333333333333,0.7529411764705882,0.5858823529411764,0.27070725399068174,0.4225645331790362,0.12703481414261286,/opt/tabr1_results/per_cancer/os_3yr/BRCA/repeat_04_fold_03/tabpfn_v2_5/test_predictions.csv,,,
per_cancer,os_3yr,BRCA,4,3,tabpfn_v2_6,321,80,100,success,0.10858460515737534,validation split balanced accuracy,0.3133377459998883,9.52082965199952,0.52,0.5529411764705883,0.2727272727272727,0.6,0.5058823529411764,0.5992156862745098,0.2512942366852472,0.4146060797166172,0.12546765201464935,/opt/tabr1_results/per_cancer/os_3yr/BRCA/repeat_04_fold_03/tabpfn_v2_6/test_predictions.csv,,,
per_cancer,os_3yr,BRCA,4,3,tabpfn_v3,321,80,100,success,0.13931480050086975,validation split balanced accuracy,0.5157012820000091,6.75718642100037,0.79,0.6019607843137255,0.3225806451612903,0.3333333333333333,0.8705882352941177,0.5576470588235294,0.31184783236528224,0.4200069220694047,0.1270154622713625,/opt/tabr1_results/per_cancer/os_3yr/BRCA/repeat_04_fold_03/tabpfn_v3/test_predictions.csv,,,
per_cancer,os_3yr,BRCA,4,3,tabfm_default,321,80,100,success,0.09327343851327896,validation split balanced accuracy,0.013304833000802319,4.402102668000225,0.53,0.5588235294117647,0.27692307692307694,0.6,0.5176470588235295,0.5956862745098039,0.23744732864305454,0.42291137461845146,0.12710317883566705,/opt/tabr1_results/per_cancer/os_3yr/BRCA/repeat_04_fold_03/tabfm_default/test_predictions.csv,,,
per_cancer,os_3yr,BRCA,4,3,autogluon,321,80,100,success,0.14493012428283691,validation split balanced accuracy,4.345564055000068,0.01422430999991775,0.69,0.5431372549019607,0.24390243902439024,0.3333333333333333,0.7529411764705882,0.5945098039215687,0.23129310344827586,0.41792022428535897,0.12624241875704423,/opt/tabr1_results/per_cancer/os_3yr/BRCA/repeat_04_fold_03/autogluon/test_predictions.csv,,,
per_cancer,os_3yr,BRCA,4,4,tabpfn_v2,321,80,100,success,0.12759345769882202,validation split balanced accuracy,0.28652602300098806,8.890888719999566,0.8,0.4980392156862745,0.09090909090909091,0.06666666666666667,0.9294117647058824,0.6603921568627451,0.2400431102635467,0.4278563267558338,0.12932659996167672,/opt/tabr1_results/per_cancer/os_3yr/BRCA/repeat_04_fold_04/tabpfn_v2/test_predictions.csv,,,
per_cancer,os_3yr,BRCA,4,4,tabpfn_v2_5,321,80,100,success,0.13901425898075104,validation split balanced accuracy,0.23681089499950758,9.016938320999543,0.82,0.4823529411764706,0.0,0.0,0.9647058823529412,0.6423529411764706,0.24318667763213045,0.43026305226057787,0.12991048504060268,/opt/tabr1_results/per_cancer/os_3yr/BRCA/repeat_04_fold_04/tabpfn_v2_5/test_predictions.csv,,,
per_cancer,os_3yr,BRCA,4,4,tabpfn_v2_6,321,80,100,success,0.15123185515403748,validation split balanced accuracy,0.3030842719999782,9.550393211000483,0.83,0.515686274509804,0.10526315789473684,0.06666666666666667,0.9647058823529412,0.6541176470588236,0.2706110523278715,0.4308012613667788,0.13172817317944344,/opt/tabr1_results/per_cancer/os_3yr/BRCA/repeat_04_fold_04/tabpfn_v2_6/test_predictions.csv,,,
per_cancer,os_3yr,BRCA,4,4,tabpfn_v3,321,80,100,success,0.10520457476377487,validation split balanced accuracy,0.5080716149986984,6.446301147001577,0.58,0.5333333333333333,0.25,0.4666666666666667,0.6,0.5733333333333334,0.24461382488876093,0.42553493096027156,0.12823569146355193,/opt/tabr1_results/per_cancer/os_3yr/BRCA/repeat_04_fold_04/tabpfn_v3/test_predictions.csv,,,
per_cancer,os_3yr,BRCA,4,4,tabfm_default,321,80,100,success,0.13701842725276947,validation split balanced accuracy,0.01329257099860115,4.219583676000184,0.79,0.492156862745098,0.08695652173913043,0.06666666666666667,0.9176470588235294,0.5196078431372549,0.19773887382788105,0.43736455149364034,0.130366068951863,/opt/tabr1_results/per_cancer/os_3yr/BRCA/repeat_04_fold_04/tabfm_default/test_predictions.csv,,,
per_cancer,os_3yr,BRCA,4,4,autogluon,321,80,100,success,0.09666666388511658,validation split balanced accuracy,4.3642138710001745,0.11328561000118498,0.56,0.5764705882352941,0.2903225806451613,0.6,0.5529411764705883,0.5670588235294118,0.1723577873475498,0.44156299873220634,0.13261811098492488,/opt/tabr1_results/per_cancer/os_3yr/BRCA/repeat_04_fold_04/autogluon/test_predictions.csv,,,
per_cancer,os_3yr,ESCA,0,0,tabpfn_v2,54,14,18,success,0.8435887098312378,validation split balanced accuracy,0.15106573699995351,1.475464319000821,0.6111111111111112,0.48214285714285715,0.7407407407407407,0.7142857142857143,0.25,0.42857142857142855,0.7646507087683558,0.5607315177831651,0.18145853260733308,/opt/tabr1_results/per_cancer/os_3yr/ESCA/repeat_00_fold_00/tabpfn_v2/test_predictions.csv,,,
per_cancer,os_3yr,ESCA,0,0,tabpfn_v2_5,54,14,18,success,0.8590292930603027,validation split balanced accuracy,0.16267281100044784,2.2218086070006393,0.5,0.5,0.6086956521739131,0.5,0.5,0.4642857142857143,0.7927773440378482,0.5561101464068408,0.1802898853170832,/opt/tabr1_results/per_cancer/os_3yr/ESCA/repeat_00_fold_00/tabpfn_v2_5/test_predictions.csv,,,
per_cancer,os_3yr,ESCA,0,0,tabpfn_v2_6,54,14,18,success,0.828240156173706,validation split balanced accuracy,0.23410749899994698,2.2990007899988996,0.5555555555555556,0.44642857142857145,0.6923076923076923,0.6428571428571429,0.25,0.5714285714285715,0.8757953181272509,0.5656138021667511,0.18582252565766944,/opt/tabr1_results/per_cancer/os_3yr/ESCA/repeat_00_fold_00/tabpfn_v2_6/test_predictions.csv,,,
per_cancer,os_3yr,ESCA,0,0,tabpfn_v3,54,14,18,success,0.8108954429626465,validation split balanced accuracy,0.48414170400064904,2.5349899160009954,0.6111111111111112,0.39285714285714285,0.7586206896551724,0.7857142857142857,0.0,0.3392857142857143,0.7529025363058977,0.5767224163891707,0.18623357727630088,/opt/tabr1_results/per_cancer/os_3yr/ESCA/repeat_00_fold_00/tabpfn_v3/test_predictions.csv,,,
per_cancer,os_3yr,ESCA,0,0,tabfm_default,54,14,18,success,0.9216715097427368,validation split balanced accuracy,0.011893888999111368,1.5136397820006096,0.3333333333333333,0.5714285714285714,0.25,0.14285714285714285,1.0,0.875,0.9608861376718519,0.4830338680731913,0.1614796683384721,/opt/tabr1_results/per_cancer/os_3yr/ESCA/repeat_00_fold_00/tabfm_default/test_predictions.csv,,,
per_cancer,os_3yr,ESCA,0,0,autogluon,54,14,18,success,0.8087702393531799,validation split balanced accuracy,3.350082556000416,0.01349185399885755,0.5555555555555556,0.35714285714285715,0.7142857142857143,0.7142857142857143,0.0,0.35714285714285715,0.7324263038548753,0.5476740507530997,0.17834211333228545,/opt/tabr1_results/per_cancer/os_3yr/ESCA/repeat_00_fold_00/autogluon/test_predictions.csv,,,
per_cancer,os_3yr,ESCA,0,1,tabpfn_v2,55,14,17,success,0.7721080780029297,validation split balanced accuracy,0.15008215200032282,1.3689981540010194,0.5882352941176471,0.78125,0.72,0.5625,1.0,0.6875,0.9789786347231201,0.32302831976784685,0.08159930234683047,/opt/tabr1_results/per_cancer/os_3yr/ESCA/repeat_00_fold_01/tabpfn_v2/test_predictions.csv,,,
per_cancer,os_3yr,ESCA,0,1,tabpfn_v2_5,55,14,17,success,0.7715455889701843,validation split balanced accuracy,0.18917760099975567,2.1646362600004068,0.6470588235294118,0.8125,0.7692307692307693,0.625,1.0,0.75,0.9837863270308124,0.31551424682581297,0.07939613200728811,/opt/tabr1_results/per_cancer/os_3yr/ESCA/repeat_00_fold_01/tabpfn_v2_5/test_predictions.csv,,,
per_cancer,os_3yr,ESCA,0,1,tabpfn_v2_6,55,14,17,success,0.7786882519721985,validation split balanced accuracy,0.2327624059998925,2.128532544000336,0.47058823529411764,0.25,0.64,0.5,0.0,0.5,0.9618384832079685,0.33038491996867386,0.08495531147126702,/opt/tabr1_results/per_cancer/os_3yr/ESCA/repeat_00_fold_01/tabpfn_v2_6/test_predictions.csv,,,
per_cancer,os_3yr,ESCA,0,1,tabpfn_v3,55,14,17,success,0.7757463455200195,validation split balanced accuracy,0.48296803000084765,2.4536768419984583,0.6470588235294118,0.34375,0.7857142857142857,0.6875,0.0,0.6875,0.9789786347231201,0.31930917393361385,0.08040420110981242,/opt/tabr1_results/per_cancer/os_3yr/ESCA/repeat_00_fold_01/tabpfn_v3/test_predictions.csv,,,
per_cancer,os_3yr,ESCA,0,1,tabfm_default,55,14,17,success,0.8545613288879395,validation split balanced accuracy,0.011814044999482576,1.4554694590005965,0.6470588235294118,0.8125,0.7692307692307693,0.625,1.0,0.8125,0.9885110294117647,0.23368757344812388,0.0578234584466392,/opt/tabr1_results/per_cancer/os_3yr/ESCA/repeat_00_fold_01/tabfm_default/test_predictions.csv,,,
per_cancer,os_3yr,ESCA,0,1,autogluon,55,14,17,success,0.5,validation split balanced accuracy,3.3470216850000725,0.010290841999449185,0.9411764705882353,0.5,0.9696969696969697,1.0,0.0,0.53125,0.9555759803921569,0.6772763402488982,0.24206772336240523,/opt/tabr1_results/per_cancer/os_3yr/ESCA/repeat_00_fold_01/autogluon/test_predictions.csv,,,
per_cancer,os_3yr,ESCA,0,2,tabpfn_v2,55,14,17,success,0.8071380257606506,validation split balanced accuracy,0.14898851099860622,1.4757280739995622,0.47058823529411764,0.41666666666666663,0.6086956521739131,0.5,0.3333333333333333,0.5,0.8527530009672867,0.46896585872651275,0.1445307128788557,/opt/tabr1_results/per_cancer/os_3yr/ESCA/repeat_00_fold_02/tabpfn_v2/test_predictions.csv,,,
per_cancer,os_3yr,ESCA,0,2,tabpfn_v2_5,55,14,17,success,0.7265156507492065,validation split balanced accuracy,0.18956722999973863,2.0985056170011376,0.7647058823529411,0.5952380952380952,0.8571428571428571,0.8571428571428571,0.3333333333333333,0.5238095238095238,0.867038715253001,0.47048880216102745,0.1455004567485647,/opt/tabr1_results/per_cancer/os_3yr/ESCA/repeat_00_fold_02/tabpfn_v2_5/test_predictions.csv,,,
per_cancer,os_3yr,ESCA,0,2,tabpfn_v2_6,55,14,17,success,0.7668656706809998,validation split balanced accuracy,0.23213121000117098,2.0927235100007238,0.47058823529411764,0.41666666666666663,0.6086956521739131,0.5,0.3333333333333333,0.4761904761904762,0.8432291914434771,0.48670573498369635,0.1515773370599549,/opt/tabr1_results/per_cancer/os_3yr/ESCA/repeat_00_fold_02/tabpfn_v2_6/test_predictions.csv,,,
per_cancer,os_3yr,ESCA,0,2,tabpfn_v3,55,14,17,success,0.7841703295707703,validation split balanced accuracy,0.41166533499927027,2.4767759799997293,0.47058823529411764,0.41666666666666663,0.6086956521739131,0.5,0.3333333333333333,0.4047619047619048,0.8109812922838133,0.49617161425768946,0.15433766888843958,/opt/tabr1_results/per_cancer/os_3yr/ESCA/repeat_00_fold_02/tabpfn_v3/test_predictions.csv,,,
per_cancer,os_3yr,ESCA,0,2,tabfm_default,55,14,17,success,0.7919641733169556,validation split balanced accuracy,0.011956255999393761,1.365085273000659,0.8235294117647058,0.5,0.9032258064516129,1.0,0.0,0.3571428571428572,0.8227061745444098,0.5522466997992141,0.15993091232189435,/opt/tabr1_results/per_cancer/os_3yr/ESCA/repeat_00_fold_02/tabfm_default/test_predictions.csv,,,
per_cancer,os_3yr,ESCA,0,2,autogluon,55,14,17,success,0.7798436880111694,validation split balanced accuracy,3.3165425089991913,0.004612853999788058,0.4117647058823529,0.38095238095238093,0.5454545454545454,0.42857142857142855,0.3333333333333333,0.380952380952381,0.7920168067226889,0.47743428641941205,0.1492026262813847,/opt/tabr1_results/per_cancer/os_3yr/ESCA/repeat_00_fold_02/autogluon/test_predictions.csv,,,
per_cancer,os_3yr,ESCA,0,3,tabpfn_v2,55,14,17,success,0.7274472117424011,validation split balanced accuracy,0.14940576200024225,1.444352684999103,0.7058823529411765,0.5,0.8275862068965517,1.0,0.0,0.5166666666666666,0.7706793206793207,0.6241573387419098,0.21392661495384124,/opt/tabr1_results/per_cancer/os_3yr/ESCA/repeat_00_fold_03/tabpfn_v2/test_predictions.csv,,,
per_cancer,os_3yr,ESCA,0,3,tabpfn_v2_5,55,14,17,success,0.6261579990386963,validation split balanced accuracy,0.1894880239997292,2.0909925989999465,0.7058823529411765,0.5,0.8275862068965517,1.0,0.0,0.41666666666666663,0.6587211399711399,0.6383659925331948,0.21669951216492117,/opt/tabr1_results/per_cancer/os_3yr/ESCA/repeat_00_fold_03/tabpfn_v2_5/test_predictions.csv,,,
per_cancer,os_3yr,ESCA,0,3,tabpfn_v2_6,55,14,17,success,0.6535446643829346,validation split balanced accuracy,0.23173323000082746,2.1700759639988974,0.7647058823529411,0.6,0.8571428571428571,1.0,0.2,0.6166666666666667,0.8435057997557998,0.5909738228023914,0.20245238554183753,/opt/tabr1_results/per_cancer/os_3yr/ESCA/repeat_00_fold_03/tabpfn_v2_6/test_predictions.csv,,,
per_cancer,os_3yr,ESCA,0,3,tabpfn_v3,55,14,17,success,0.6798338294029236,validation split balanced accuracy,0.48438510000050883,2.511662154998703,0.7058823529411765,0.5,0.8275862068965517,1.0,0.0,0.45,0.7101004931887286,0.6362340436973597,0.21802816872570302,/opt/tabr1_results/per_cancer/os_3yr/ESCA/repeat_00_fold_03/tabpfn_v3/test_predictions.csv,,,
per_cancer,os_3yr,ESCA,0,3,tabfm_default,55,14,17,success,0.7255622148513794,validation split balanced accuracy,0.0117844510004943,1.3380151469991688,0.7058823529411765,0.5,0.8275862068965517,1.0,0.0,0.3333333333333333,0.6229642498024851,0.8970797253924049,0.26290289326135446,/opt/tabr1_results/per_cancer/os_3yr/ESCA/repeat_00_fold_03/tabfm_default/test_predictions.csv,,,
per_cancer,os_3yr,ESCA,0,3,autogluon,55,14,17,success,0.530475914478302,validation split balanced accuracy,3.3325642769996193,0.005854100001670304,0.7058823529411765,0.5,0.8275862068965517,1.0,0.0,0.55,0.7778749640881993,0.7155971480102651,0.2337471304124292,/opt/tabr1_results/per_cancer/os_3yr/ESCA/repeat_00_fold_03/autogluon/test_predictions.csv,,,
per_cancer,os_3yr,ESCA,0,4,tabpfn_v2,55,14,17,success,0.871105432510376,validation split balanced accuracy,0.14899574799892434,1.4786501359994872,0.5294117647058824,0.6666666666666666,0.5,0.3333333333333333,1.0,0.7166666666666667,0.8842626736009089,0.6191075302218192,0.21259624401632515,/opt/tabr1_results/per_cancer/os_3yr/ESCA/repeat_00_fold_04/tabpfn_v2/test_predictions.csv,,,
per_cancer,os_3yr,ESCA,0,4,tabpfn_v2_5,55,14,17,success,0.8726860284805298,validation split balanced accuracy,0.1898421629994118,2.1679637519991957,0.47058823529411764,0.5083333333333333,0.5263157894736842,0.4166666666666667,0.6,0.5333333333333333,0.8106040405672759,0.6771855023327252,0.22973595996805038,/opt/tabr1_results/per_cancer/os_3yr/ESCA/repeat_00_fold_04/tabpfn_v2_5/test_predictions.csv,,,
per_cancer,os_3yr,ESCA,0,4,tabpfn_v2_6,55,14,17,success,0.8805920481681824,validation split balanced accuracy,0.23324127299929387,2.1990930209994985,0.4117647058823529,0.5833333333333334,0.2857142857142857,0.16666666666666666,1.0,0.7000000000000001,0.8844250112632467,0.6283165042343449,0.21526049393654453,/opt/tabr1_results/per_cancer/os_3yr/ESCA/repeat_00_fold_04/tabpfn_v2_6/test_predictions.csv,,,
per_cancer,os_3yr,ESCA,0,4,tabpfn_v3,55,14,17,success,0.8363991975784302,validation split balanced accuracy,0.4843415310006094,2.454543752999598,0.4117647058823529,0.4083333333333333,0.5,0.4166666666666667,0.4,0.45,0.7056551699934053,0.6625752173163811,0.22379216670627522,/opt/tabr1_results/per_cancer/os_3yr/ESCA/repeat_00_fold_04/tabpfn_v3/test_predictions.csv,,,
per_cancer,os_3yr,ESCA,0,4,tabfm_default,55,14,17,success,0.9241418242454529,validation split balanced accuracy,0.011982440999418031,1.3372005979999813,0.5882352941176471,0.5333333333333333,0.6956521739130435,0.6666666666666666,0.4,0.4666666666666667,0.737401201739437,0.8392502048181748,0.2561518035458021,/opt/tabr1_results/per_cancer/os_3yr/ESCA/repeat_00_fold_04/tabfm_default/test_predictions.csv,,,
per_cancer,os_3yr,ESCA,0,4,autogluon,55,14,17,success,0.9985930323600769,validation split balanced accuracy,3.3641481300001033,0.0060752279987355,0.29411764705882354,0.4416666666666667,0.14285714285714285,0.08333333333333333,0.8,0.44999999999999996,0.7272707072339426,1.8224302750259906,0.33979703832048047,/opt/tabr1_results/per_cancer/os_3yr/ESCA/repeat_00_fold_04/autogluon/test_predictions.csv,,,
per_cancer,os_3yr,ESCA,1,0,tabpfn_v2,55,14,17,success,0.7262663245201111,validation split balanced accuracy,0.14977902000100585,1.4890001620005933,0.6470588235294118,0.4230769230769231,0.7857142857142857,0.8461538461538461,0.0,0.38461538461538464,0.7766300818337017,0.5814158124128395,0.19173810618167514,/opt/tabr1_results/per_cancer/os_3yr/ESCA/repeat_01_fold_00/tabpfn_v2/test_predictions.csv,,,
per_cancer,os_3yr,ESCA,1,0,tabpfn_v2_5,55,14,17,success,0.7652096748352051,validation split balanced accuracy,0.1633099470000161,2.124262307999743,0.5294117647058824,0.34615384615384615,0.6923076923076923,0.6923076923076923,0.0,0.34615384615384615,0.717023022226642,0.5780959325721504,0.19033971157879642,/opt/tabr1_results/per_cancer/os_3yr/ESCA/repeat_01_fold_00/tabpfn_v2_5/test_predictions.csv,,,
per_cancer,os_3yr,ESCA,1,0,tabpfn_v2_6,55,14,17,success,0.6878658533096313,validation split balanced accuracy,0.2323127999989083,2.2037729839994427,0.7058823529411765,0.46153846153846156,0.8275862068965517,0.9230769230769231,0.0,0.326923076923077,0.6866681207178944,0.6425920851147594,0.20773564526772337,/opt/tabr1_results/per_cancer/os_3yr/ESCA/repeat_01_fold_00/tabpfn_v2_6/test_predictions.csv,,,
per_cancer,os_3yr,ESCA,1,0,tabpfn_v3,55,14,17,success,0.7365482449531555,validation split balanced accuracy,0.42481423600111157,2.438949381999919,0.7058823529411765,0.46153846153846156,0.8275862068965517,0.9230769230769231,0.0,0.40384615384615385,0.7750380840878579,0.5855941504045434,0.192900496869822,/opt/tabr1_results/per_cancer/os_3yr/ESCA/repeat_01_fold_00/tabpfn_v3/test_predictions.csv,,,
per_cancer,os_3yr,ESCA,1,0,tabfm_default,55,14,17,success,0.8748396039009094,validation split balanced accuracy,0.011812900998847908,1.3371527529998275,0.5882352941176471,0.47115384615384615,0.72,0.6923076923076923,0.25,0.5384615384615385,0.8081910422408158,0.6769367178537844,0.20359451235555048,/opt/tabr1_results/per_cancer/os_3yr/ESCA/repeat_01_fold_00/tabfm_default/test_predictions.csv,,,
per_cancer,os_3yr,ESCA,1,0,autogluon,55,14,17,success,0.7518829703330994,validation split balanced accuracy,3.364193956998861,0.005599227999482537,0.6470588235294118,0.5096153846153846,0.7692307692307693,0.7692307692307693,0.25,0.653846153846154,0.8932948273446011,0.5248087919089267,0.17528727983575199,/opt/tabr1_results/per_cancer/os_3yr/ESCA/repeat_01_fold_00/autogluon/test_predictions.csv,,,
per_cancer,os_3yr,ESCA,1,1,tabpfn_v2,54,14,18,success,0.8082618713378906,validation split balanced accuracy,0.14984265500061156,1.4743367360006232,0.7222222222222222,0.5666666666666667,0.8275862068965517,0.8,0.3333333333333333,0.3777777777777778,0.7858374414256767,0.47330020677079787,0.14356675836708968,/opt/tabr1_results/per_cancer/os_3yr/ESCA/repeat_01_fold_01/tabpfn_v2/test_predictions.csv,,,
per_cancer,os_3yr,ESCA,1,1,tabpfn_v2_5,54,14,18,success,0.8827860951423645,validation split balanced accuracy,0.16085699399991427,2.2162273229987477,0.3333333333333333,0.3333333333333333,0.45454545454545453,0.3333333333333333,0.3333333333333333,0.3111111111111111,0.7458047616871147,0.5115434074728573,0.15245727296867095,/opt/tabr1_results/per_cancer/os_3yr/ESCA/repeat_01_fold_01/tabpfn_v2_5/test_predictions.csv,,,
per_cancer,os_3yr,ESCA,1,1,tabpfn_v2_6,54,14,18,success,0.8418436050415039,validation split balanced accuracy,0.23216550400138658,2.162363274999734,0.3333333333333333,0.3333333333333333,0.45454545454545453,0.3333333333333333,0.3333333333333333,0.33333333333333337,0.7569158727982258,0.5035509750074387,0.15207118400551897,/opt/tabr1_results/per_cancer/os_3yr/ESCA/repeat_01_fold_01/tabpfn_v2_6/test_predictions.csv,,,
per_cancer,os_3yr,ESCA,1,1,tabpfn_v3,54,14,18,success,0.8107897043228149,validation split balanced accuracy,0.4241711229988141,2.5684712510010286,0.4444444444444444,0.4,0.5833333333333334,0.4666666666666667,0.3333333333333333,0.26666666666666666,0.7555358639182169,0.4950883529996635,0.15137194855483926,/opt/tabr1_results/per_cancer/os_3yr/ESCA/repeat_01_fold_01/tabpfn_v3/test_predictions.csv,,,
per_cancer,os_3yr,ESCA,1,1,tabfm_default,54,14,18,success,0.8849262595176697,validation split balanced accuracy,0.011922945999685908,1.3542468150008062,0.3333333333333333,0.3333333333333333,0.45454545454545453,0.3333333333333333,0.3333333333333333,0.2888888888888889,0.7421936505760035,0.5291790620395574,0.15424822651451878,/opt/tabr1_results/per_cancer/os_3yr/ESCA/repeat_01_fold_01/tabfm_default/test_predictions.csv,,,
per_cancer,os_3yr,ESCA,1,1,autogluon,54,14,18,success,0.500377893447876,validation split balanced accuracy,3.321862255999804,0.010113181999258813,0.8333333333333334,0.5,0.9090909090909091,1.0,0.0,0.6222222222222222,0.9163759497583026,0.5967122693703297,0.20230538783399787,/opt/tabr1_results/per_cancer/os_3yr/ESCA/repeat_01_fold_01/autogluon/test_predictions.csv,,,
per_cancer,os_3yr,ESCA,1,2,tabpfn_v2,55,14,17,success,0.7742746472358704,validation split balanced accuracy,0.13167972799965355,1.5095435820003331,0.5882352941176471,0.35714285714285715,0.7407407407407407,0.7142857142857143,0.0,0.2380952380952381,0.7864224186177967,0.4819207069326527,0.1507228831735062,/opt/tabr1_results/per_cancer/os_3yr/ESCA/repeat_01_fold_02/tabpfn_v2/test_predictions.csv,,,
per_cancer,os_3yr,ESCA,1,2,tabpfn_v2_5,55,14,17,success,0.790786623954773,validation split balanced accuracy,0.1614632460004941,2.1307377540015295,0.35294117647058826,0.21428571428571427,0.5217391304347826,0.42857142857142855,0.0,0.2142857142857143,0.7626128948082729,0.48459763007592793,0.15155367140197823,/opt/tabr1_results/per_cancer/os_3yr/ESCA/repeat_01_fold_02/tabpfn_v2_5/test_predictions.csv,,,
per_cancer,os_3yr,ESCA,1,2,tabpfn_v2_6,55,14,17,success,0.7865545749664307,validation split balanced accuracy,0.23183957599940186,2.229553653000039,0.35294117647058826,0.34523809523809523,0.47619047619047616,0.35714285714285715,0.3333333333333333,0.2142857142857143,0.7594666363048717,0.4941821178256214,0.1553051548462714,/opt/tabr1_results/per_cancer/os_3yr/ESCA/repeat_01_fold_02/tabpfn_v2_6/test_predictions.csv,,,
per_cancer,os_3yr,ESCA,1,2,tabpfn_v3,55,14,17,success,0.8051506280899048,validation split balanced accuracy,0.4805137460007245,2.461228991000098,0.29411764705882354,0.5714285714285714,0.25,0.14285714285714285,1.0,0.19047619047619047,0.7661843233797014,0.4822532500473006,0.15077047788360118,/opt/tabr1_results/per_cancer/os_3yr/ESCA/repeat_01_fold_02/tabpfn_v3/test_predictions.csv,,,
per_cancer,os_3yr,ESCA,1,2,tabfm_default,55,14,17,success,0.7802907228469849,validation split balanced accuracy,0.011812590000772616,1.345005389999642,0.7647058823529411,0.4642857142857143,0.8666666666666667,0.9285714285714286,0.0,0.4285714285714286,0.8453121400075181,0.4959343276532569,0.15263475069780572,/opt/tabr1_results/per_cancer/os_3yr/ESCA/repeat_01_fold_02/tabfm_default/test_predictions.csv,,,
per_cancer,os_3yr,ESCA,1,2,autogluon,55,14,17,success,0.738911509513855,validation split balanced accuracy,3.3697133459991164,0.005560102999879746,0.35294117647058826,0.21428571428571427,0.5217391304347826,0.42857142857142855,0.0,0.33333333333333337,0.8334462281416063,0.7624268269420617,0.2518217115724255,/opt/tabr1_results/per_cancer/os_3yr/ESCA/repeat_01_fold_02/autogluon/test_predictions.csv,,,
per_cancer,os_3yr,ESCA,1,3,tabpfn_v2,55,14,17,success,0.857793390750885,validation split balanced accuracy,0.14903099299954192,1.4970485109988658,0.35294117647058826,0.5,0.0,0.0,1.0,0.33333333333333337,0.5766314790378961,0.7414848083899968,0.2606359100197172,/opt/tabr1_results/per_cancer/os_3yr/ESCA/repeat_01_fold_03/tabpfn_v2/test_predictions.csv,,,
per_cancer,os_3yr,ESCA,1,3,tabpfn_v2_5,55,14,17,success,0.8862596154212952,validation split balanced accuracy,0.16168924000157858,2.10273468700143,0.35294117647058826,0.5,0.0,0.0,1.0,0.36363636363636365,0.5903316677380849,0.7685849245391019,0.26839312123392284,/opt/tabr1_results/per_cancer/os_3yr/ESCA/repeat_01_fold_03/tabpfn_v2_5/test_predictions.csv,,,
per_cancer,os_3yr,ESCA,1,3,tabpfn_v2_6,55,14,17,success,0.881266176700592,validation split balanced accuracy,0.23340909499893314,2.213369993000015,0.35294117647058826,0.5,0.0,0.0,1.0,0.30303030303030304,0.549422576828994,0.7656197483305185,0.2661032795230862,/opt/tabr1_results/per_cancer/os_3yr/ESCA/repeat_01_fold_03/tabpfn_v2_6/test_predictions.csv,,,
per_cancer,os_3yr,ESCA,1,3,tabpfn_v3,55,14,17,success,0.864378035068512,validation split balanced accuracy,0.48185221000130696,2.456091709998873,0.35294117647058826,0.5,0.0,0.0,1.0,0.3484848484848485,0.5812407586471757,0.7458191557791127,0.261236075489961,/opt/tabr1_results/per_cancer/os_3yr/ESCA/repeat_01_fold_03/tabpfn_v3/test_predictions.csv,,,
per_cancer,os_3yr,ESCA,1,3,tabfm_default,55,14,17,success,0.9815794229507446,validation split balanced accuracy,0.01202517700039607,1.3646288580002874,0.35294117647058826,0.5,0.0,0.0,1.0,0.4090909090909091,0.6684111639993994,1.047637745511942,0.3141814867280927,/opt/tabr1_results/per_cancer/os_3yr/ESCA/repeat_01_fold_03/tabfm_default/test_predictions.csv,,,
per_cancer,os_3yr,ESCA,1,3,autogluon,55,14,17,success,0.8959954380989075,validation split balanced accuracy,3.4253733750010724,0.006845146999694407,0.35294117647058826,0.4242424242424242,0.26666666666666666,0.18181818181818182,0.6666666666666666,0.45454545454545453,0.6260404034468205,0.9059944473943614,0.28729165670107426,/opt/tabr1_results/per_cancer/os_3yr/ESCA/repeat_01_fold_03/autogluon/test_predictions.csv,,,
per_cancer,os_3yr,ESCA,1,4,tabpfn_v2,55,14,17,success,0.7486481070518494,validation split balanced accuracy,0.1509951749994798,1.5189384250006697,0.4117647058823529,0.23333333333333334,0.5833333333333334,0.4666666666666667,0.0,0.06666666666666667,0.7636152192034544,0.4455180593111785,0.13233048175951262,/opt/tabr1_results/per_cancer/os_3yr/ESCA/repeat_01_fold_04/tabpfn_v2/test_predictions.csv,,,
per_cancer,os_3yr,ESCA,1,4,tabpfn_v2_5,55,14,17,success,0.6156082153320312,validation split balanced accuracy,0.18940766699961387,2.2025419260007766,0.8823529411764706,0.5,0.9375,1.0,0.0,0.06666666666666667,0.7858374414256768,0.4665936348581376,0.13991787768303715,/opt/tabr1_results/per_cancer/os_3yr/ESCA/repeat_01_fold_04/tabpfn_v2_5/test_predictions.csv,,,
per_cancer,os_3yr,ESCA,1,4,tabpfn_v2_6,55,14,17,success,0.7158488631248474,validation split balanced accuracy,0.23235288100113394,2.1711536099992372,0.5882352941176471,0.3333333333333333,0.7407407407407407,0.6666666666666666,0.0,0.06666666666666667,0.7858374414256768,0.49596234943610845,0.15171966977278095,/opt/tabr1_results/per_cancer/os_3yr/ESCA/repeat_01_fold_04/tabpfn_v2_6/test_predictions.csv,,,
per_cancer,os_3yr,ESCA,1,4,tabpfn_v3,55,14,17,success,0.7373332381248474,validation split balanced accuracy,0.48345153400077834,2.4871961690005264,0.5882352941176471,0.3333333333333333,0.7407407407407407,0.6666666666666666,0.0,0.03333333333333333,0.7525041080923434,0.4463345792027567,0.13225227701564243,/opt/tabr1_results/per_cancer/os_3yr/ESCA/repeat_01_fold_04/tabpfn_v3/test_predictions.csv,,,
per_cancer,os_3yr,ESCA,1,4,tabfm_default,55,14,17,success,0.9022274017333984,validation split balanced accuracy,0.01177023700074642,1.3450982750000549,0.6470588235294118,0.5833333333333333,0.7692307692307693,0.6666666666666666,0.5,0.6,0.923163818752054,0.36311096454286973,0.10258708055262179,/opt/tabr1_results/per_cancer/os_3yr/ESCA/repeat_01_fold_04/tabfm_default/test_predictions.csv,,,
per_cancer,os_3yr,ESCA,1,4,autogluon,55,14,17,success,0.49517837166786194,validation split balanced accuracy,3.5912129759999516,0.014154089998555719,0.8823529411764706,0.5,0.9375,1.0,0.0,0.16666666666666666,0.8158374414256767,0.5151782781864198,0.16140713696171088,/opt/tabr1_results/per_cancer/os_3yr/ESCA/repeat_01_fold_04/autogluon/test_predictions.csv,,,
per_cancer,os_3yr,ESCA,2,0,tabpfn_v2,54,14,18,success,0.8598341345787048,validation split balanced accuracy,0.1503210360006051,1.4978083220012195,0.2222222222222222,0.5,0.0,0.0,1.0,0.48214285714285715,0.7609405592073659,0.5408473072037701,0.17566372951046105,/opt/tabr1_results/per_cancer/os_3yr/ESCA/repeat_02_fold_00/tabpfn_v2/test_predictions.csv,,,
per_cancer,os_3yr,ESCA,2,0,tabpfn_v2_5,54,14,18,success,0.8309510946273804,validation split balanced accuracy,0.18949643899941293,2.1845225609995396,0.4444444444444444,0.375,0.5833333333333334,0.5,0.25,0.4642857142857143,0.7612031642493827,0.5531530673731999,0.17899435506832834,/opt/tabr1_results/per_cancer/os_3yr/ESCA/repeat_02_fold_00/tabpfn_v2_5/test_predictions.csv,,,
per_cancer,os_3yr,ESCA,2,0,tabpfn_v2_6,54,14,18,success,0.5966945290565491,validation split balanced accuracy,0.23187166199932108,2.277659800998663,0.7777777777777778,0.5,0.875,1.0,0.0,0.6071428571428572,0.8725517538017538,0.5200724046723701,0.169576627080814,/opt/tabr1_results/per_cancer/os_3yr/ESCA/repeat_02_fold_00/tabpfn_v2_6/test_predictions.csv,,,
per_cancer,os_3yr,ESCA,2,0,tabpfn_v3,54,14,18,success,0.6106315851211548,validation split balanced accuracy,0.484490189999633,2.4907289190014126,0.7777777777777778,0.5,0.875,1.0,0.0,0.6428571428571429,0.8878705736373803,0.5288678142356462,0.1726078899720823,/opt/tabr1_results/per_cancer/os_3yr/ESCA/repeat_02_fold_00/tabpfn_v3/test_predictions.csv,,,
per_cancer,os_3yr,ESCA,2,0,tabfm_default,54,14,18,success,0.941463053226471,validation split balanced accuracy,0.011840463999760686,1.3329093680004007,0.3888888888888889,0.4285714285714286,0.47619047619047616,0.35714285714285715,0.5,0.5,0.8221650490032842,0.6452769749653711,0.19362011900426168,/opt/tabr1_results/per_cancer/os_3yr/ESCA/repeat_02_fold_00/tabfm_default/test_predictions.csv,,,
per_cancer,os_3yr,ESCA,2,0,autogluon,54,14,18,success,0.591989278793335,validation split balanced accuracy,3.348939634999624,0.011021970000001602,0.3888888888888889,0.3392857142857143,0.5217391304347826,0.42857142857142855,0.25,0.3214285714285714,0.7038902390793146,0.6347351164321012,0.2208315168065429,/opt/tabr1_results/per_cancer/os_3yr/ESCA/repeat_02_fold_00/autogluon/test_predictions.csv,,,
per_cancer,os_3yr,ESCA,2,1,tabpfn_v2,55,14,17,success,0.716487467288971,validation split balanced accuracy,0.14993444999890926,1.5228326529995684,0.7058823529411765,0.42857142857142855,0.8275862068965517,0.8571428571428571,0.0,0.4285714285714286,0.8273503399028609,0.4853944355827187,0.15202038457908737,/opt/tabr1_results/per_cancer/os_3yr/ESCA/repeat_02_fold_01/tabpfn_v2/test_predictions.csv,,,
per_cancer,os_3yr,ESCA,2,1,tabpfn_v2_5,55,14,17,success,0.7461351156234741,validation split balanced accuracy,0.190367065000828,2.0801201860012952,0.7058823529411765,0.5595238095238095,0.8148148148148148,0.7857142857142857,0.3333333333333333,0.2857142857142857,0.7316020405831329,0.5091440621712068,0.15973959783825614,/opt/tabr1_results/per_cancer/os_3yr/ESCA/repeat_02_fold_01/tabpfn_v2_5/test_predictions.csv,,,
per_cancer,os_3yr,ESCA,2,1,tabpfn_v2_6,55,14,17,success,0.7456024289131165,validation split balanced accuracy,0.23265113299930817,2.2497433650005405,0.6470588235294118,0.39285714285714285,0.7857142857142857,0.7857142857142857,0.0,0.38095238095238093,0.8383215115883182,0.48262326059480254,0.15152682413659424,/opt/tabr1_results/per_cancer/os_3yr/ESCA/repeat_02_fold_01/tabpfn_v2_6/test_predictions.csv,,,
per_cancer,os_3yr,ESCA,2,1,tabpfn_v3,55,14,17,success,0.7481639981269836,validation split balanced accuracy,0.4851811309999903,2.4727772530004586,0.6470588235294118,0.39285714285714285,0.7857142857142857,0.7857142857142857,0.0,0.2380952380952381,0.7352602870985224,0.4944208273658378,0.15495526484322836,/opt/tabr1_results/per_cancer/os_3yr/ESCA/repeat_02_fold_01/tabpfn_v3/test_predictions.csv,,,
per_cancer,os_3yr,ESCA,2,1,tabfm_default,55,14,17,success,0.9288689494132996,validation split balanced accuracy,0.01178428399907716,1.3742242230000556,0.29411764705882354,0.30952380952380953,0.4,0.2857142857142857,0.3333333333333333,0.28571428571428575,0.7703252221634574,0.5777190862822678,0.16475449045320356,/opt/tabr1_results/per_cancer/os_3yr/ESCA/repeat_02_fold_01/tabfm_default/test_predictions.csv,,,
per_cancer,os_3yr,ESCA,2,1,autogluon,55,14,17,success,0.5447614789009094,validation split balanced accuracy,3.3518715190002695,0.009910598000715254,0.23529411764705882,0.40476190476190477,0.23529411764705882,0.14285714285714285,0.6666666666666666,0.30952380952380953,0.7910992893660961,0.6690521807813914,0.23797238995131736,/opt/tabr1_results/per_cancer/os_3yr/ESCA/repeat_02_fold_01/autogluon/test_predictions.csv,,,
per_cancer,os_3yr,ESCA,2,2,tabpfn_v2,55,14,17,success,0.7049964070320129,validation split balanced accuracy,0.14956691299994418,1.5116061009994155,0.7058823529411765,0.5,0.8275862068965517,1.0,0.0,0.6333333333333333,0.7574888074888075,0.6134034699067014,0.20955807533625048,/opt/tabr1_results/per_cancer/os_3yr/ESCA/repeat_02_fold_02/tabpfn_v2/test_predictions.csv,,,
per_cancer,os_3yr,ESCA,2,2,tabpfn_v2_5,55,14,17,success,0.8087648153305054,validation split balanced accuracy,0.18917691099886724,2.0807883389989,0.5882352941176471,0.5916666666666667,0.6666666666666666,0.5833333333333334,0.6,0.6000000000000001,0.7509983072483073,0.6329878616778727,0.21502078731634455,/opt/tabr1_results/per_cancer/os_3yr/ESCA/repeat_02_fold_02/tabpfn_v2_5/test_predictions.csv,,,
per_cancer,os_3yr,ESCA,2,2,tabpfn_v2_6,55,14,17,success,0.8453060388565063,validation split balanced accuracy,0.23345426400010183,2.2053881290012214,0.4117647058823529,0.525,0.375,0.25,0.8,0.5166666666666666,0.7219780219780219,0.6404687317046707,0.21808821634029402,/opt/tabr1_results/per_cancer/os_3yr/ESCA/repeat_02_fold_02/tabpfn_v2_6/test_predictions.csv,,,
per_cancer,os_3yr,ESCA,2,2,tabpfn_v3,55,14,17,success,0.817633867263794,validation split balanced accuracy,0.48393093300001055,2.5036893550004606,0.47058823529411764,0.5083333333333333,0.5263157894736842,0.4166666666666667,0.6,0.44999999999999996,0.7212521887154241,0.6499129420790335,0.22206219094998444,/opt/tabr1_results/per_cancer/os_3yr/ESCA/repeat_02_fold_02/tabpfn_v3/test_predictions.csv,,,
per_cancer,os_3yr,ESCA,2,2,tabfm_default,55,14,17,success,0.945622980594635,validation split balanced accuracy,0.011761346000639605,1.4117235300000175,0.35294117647058826,0.425,0.35294117647058826,0.25,0.6,0.36666666666666664,0.6336785355167709,0.8958981906260769,0.26301134227195366,/opt/tabr1_results/per_cancer/os_3yr/ESCA/repeat_02_fold_02/tabfm_default/test_predictions.csv,,,
per_cancer,os_3yr,ESCA,2,2,autogluon,55,14,17,success,0.8067796230316162,validation split balanced accuracy,3.336619042000166,0.013438563999443431,0.5294117647058824,0.43333333333333335,0.6666666666666666,0.6666666666666666,0.2,0.45000000000000007,0.6811391223155929,0.631971978832274,0.2166698597069593,/opt/tabr1_results/per_cancer/os_3yr/ESCA/repeat_02_fold_02/autogluon/test_predictions.csv,,,
per_cancer,os_3yr,ESCA,2,3,tabpfn_v2,55,14,17,success,0.861496090888977,validation split balanced accuracy,0.14929331999883289,1.3768866669997806,0.29411764705882354,0.5384615384615384,0.14285714285714285,0.07692307692307693,1.0,0.8461538461538461,0.9626696832579185,0.5340026241803958,0.17704466276178218,/opt/tabr1_results/per_cancer/os_3yr/ESCA/repeat_02_fold_03/tabpfn_v2/test_predictions.csv,,,
per_cancer,os_3yr,ESCA,2,3,tabpfn_v2_5,55,14,17,success,0.8815324902534485,validation split balanced accuracy,0.16125041499981307,2.117895220000719,0.29411764705882354,0.5384615384615384,0.14285714285714285,0.07692307692307693,1.0,0.5576923076923077,0.8587099677597414,0.5632273626338078,0.18601191994614089,/opt/tabr1_results/per_cancer/os_3yr/ESCA/repeat_02_fold_03/tabpfn_v2_5/test_predictions.csv,,,
per_cancer,os_3yr,ESCA,2,3,tabpfn_v2_6,55,14,17,success,0.8043138980865479,validation split balanced accuracy,0.23361896700043872,2.2733257920008327,0.5882352941176471,0.7307692307692308,0.631578947368421,0.46153846153846156,1.0,0.8269230769230769,0.9490967365967367,0.49106927135319145,0.16277417736099742,/opt/tabr1_results/per_cancer/os_3yr/ESCA/repeat_02_fold_03/tabpfn_v2_6/test_predictions.csv,,,
per_cancer,os_3yr,ESCA,2,3,tabpfn_v3,55,14,17,success,0.8816043138504028,validation split balanced accuracy,0.43397803799962276,2.427912647000994,0.23529411764705882,0.5,0.0,0.0,1.0,0.5384615384615384,0.8534652125149862,0.5515113841636251,0.1823761937531346,/opt/tabr1_results/per_cancer/os_3yr/ESCA/repeat_02_fold_03/tabpfn_v3/test_predictions.csv,,,
per_cancer,os_3yr,ESCA,2,3,tabfm_default,55,14,17,success,0.9343951344490051,validation split balanced accuracy,0.01183764599954884,1.3481767190005485,0.47058823529411764,0.3076923076923077,0.64,0.6153846153846154,0.0,0.2884615384615385,0.76488627008989,0.7818114178060629,0.2179078577302755,/opt/tabr1_results/per_cancer/os_3yr/ESCA/repeat_02_fold_03/tabfm_default/test_predictions.csv,,,
per_cancer,os_3yr,ESCA,2,3,autogluon,55,14,17,success,0.811123788356781,validation split balanced accuracy,3.346353430999443,0.013178766001146869,0.23529411764705882,0.15384615384615385,0.38095238095238093,0.3076923076923077,0.0,0.15384615384615385,0.6599870717517776,0.5704207220409561,0.18801654474995017,/opt/tabr1_results/per_cancer/os_3yr/ESCA/repeat_02_fold_03/autogluon/test_predictions.csv,,,
per_cancer,os_3yr,ESCA,2,4,tabpfn_v2,55,14,17,success,0.6057045459747314,validation split balanced accuracy,0.1330408490011905,1.5082671029995254,0.7058823529411765,0.4,0.8275862068965517,0.8,0.0,0.39999999999999997,0.8760514866397219,0.4790853894589599,0.15297181702311513,/opt/tabr1_results/per_cancer/os_3yr/ESCA/repeat_02_fold_04/tabpfn_v2/test_predictions.csv,,,
per_cancer,os_3yr,ESCA,2,4,tabpfn_v2_5,55,14,17,success,0.6363576054573059,validation split balanced accuracy,0.19056214900047053,2.1645079379995877,0.7058823529411765,0.4,0.8275862068965517,0.8,0.0,0.3666666666666667,0.882213102801338,0.49044165697287895,0.15753175230407404,/opt/tabr1_results/per_cancer/os_3yr/ESCA/repeat_02_fold_04/tabpfn_v2_5/test_predictions.csv,,,
per_cancer,os_3yr,ESCA,2,4,tabpfn_v2_6,55,14,17,success,0.7461223006248474,validation split balanced accuracy,0.2334537740007363,2.2732828080006584,0.35294117647058826,0.2,0.5217391304347826,0.4,0.0,0.26666666666666666,0.868059663647899,0.6027274811902653,0.2095464620864782,/opt/tabr1_results/per_cancer/os_3yr/ESCA/repeat_02_fold_04/tabpfn_v2_6/test_predictions.csv,,,
per_cancer,os_3yr,ESCA,2,4,tabpfn_v3,55,14,17,success,0.6298723816871643,validation split balanced accuracy,0.48490784900059225,2.428187782999885,0.6470588235294118,0.36666666666666664,0.7857142857142857,0.7333333333333333,0.0,0.4,0.8955464361346714,0.5007266242324508,0.16685845642164962,/opt/tabr1_results/per_cancer/os_3yr/ESCA/repeat_02_fold_04/tabpfn_v3/test_predictions.csv,,,
per_cancer,os_3yr,ESCA,2,4,tabfm_default,55,14,17,success,0.8387972116470337,validation split balanced accuracy,0.011846117999084527,1.3428514700008236,0.5294117647058824,0.3,0.6923076923076923,0.6,0.0,0.26666666666666666,0.8546205102087454,0.47811971207656384,0.12941071722380382,/opt/tabr1_results/per_cancer/os_3yr/ESCA/repeat_02_fold_04/tabfm_default/test_predictions.csv,,,
per_cancer,os_3yr,ESCA,2,4,autogluon,55,14,17,success,0.8634884357452393,validation split balanced accuracy,3.306162390999816,0.013627226999233244,0.35294117647058826,0.2,0.5217391304347826,0.4,0.0,0.2,0.838059663647899,0.5182360485348518,0.15628270907946823,/opt/tabr1_results/per_cancer/os_3yr/ESCA/repeat_02_fold_04/autogluon/test_predictions.csv,,,
per_cancer,os_3yr,ESCA,3,0,tabpfn_v2,54,14,18,success,0.7706291675567627,validation split balanced accuracy,0.13386305099993479,1.4598990239992418,0.7777777777777778,0.5892857142857143,0.8666666666666667,0.9285714285714286,0.25,0.7678571428571428,0.9312361366458004,0.5201897161754706,0.1696446889873084,/opt/tabr1_results/per_cancer/os_3yr/ESCA/repeat_03_fold_00/tabpfn_v2/test_predictions.csv,,,
per_cancer,os_3yr,ESCA,3,0,tabpfn_v2_5,54,14,18,success,0.7664512991905212,validation split balanced accuracy,0.18970543000068574,2.2233720980002545,0.6666666666666666,0.42857142857142855,0.8,0.8571428571428571,0.0,0.5714285714285714,0.8745277365025264,0.5313850366270072,0.17368367558999745,/opt/tabr1_results/per_cancer/os_3yr/ESCA/repeat_03_fold_00/tabpfn_v2_5/test_predictions.csv,,,
per_cancer,os_3yr,ESCA,3,0,tabpfn_v2_6,54,14,18,success,0.7053674459457397,validation split balanced accuracy,0.23573405699971772,2.220966937000412,0.7222222222222222,0.4642857142857143,0.8387096774193549,0.9285714285714286,0.0,0.39285714285714285,0.8012411025016066,0.5454581796486102,0.17932163654950747,/opt/tabr1_results/per_cancer/os_3yr/ESCA/repeat_03_fold_00/tabpfn_v2_6/test_predictions.csv,,,
per_cancer,os_3yr,ESCA,3,0,tabpfn_v3,54,14,18,success,0.7534318566322327,validation split balanced accuracy,0.4844956879987876,2.477252706999934,0.6111111111111112,0.39285714285714285,0.7586206896551724,0.7857142857142857,0.0,0.5714285714285714,0.8657125437587623,0.5285641366362906,0.1727383348363636,/opt/tabr1_results/per_cancer/os_3yr/ESCA/repeat_03_fold_00/tabpfn_v3/test_predictions.csv,,,
per_cancer,os_3yr,ESCA,3,0,tabfm_default,54,14,18,success,0.7619126439094543,validation split balanced accuracy,0.011930893000680953,1.364030509001168,0.6111111111111112,0.39285714285714285,0.7586206896551724,0.7857142857142857,0.0,0.37499999999999994,0.7795084700546885,0.6394785741794604,0.2013467417597773,/opt/tabr1_results/per_cancer/os_3yr/ESCA/repeat_03_fold_00/tabfm_default/test_predictions.csv,,,
per_cancer,os_3yr,ESCA,3,0,autogluon,54,14,18,success,0.5521561503410339,validation split balanced accuracy,3.3509799229996133,0.010958023000057437,0.2777777777777778,0.5357142857142857,0.13333333333333333,0.07142857142857142,1.0,0.6071428571428572,0.8543119578833864,0.6573135925229309,0.23215797335689764,/opt/tabr1_results/per_cancer/os_3yr/ESCA/repeat_03_fold_00/autogluon/test_predictions.csv,,,
per_cancer,os_3yr,ESCA,3,1,tabpfn_v2,55,14,17,success,0.7729320526123047,validation split balanced accuracy,0.14927309099948616,1.4431879660005507,0.17647058823529413,0.09375,0.3,0.1875,0.0,0.0625,0.8787779673349525,0.43891224002614565,0.1253028775716928,/opt/tabr1_results/per_cancer/os_3yr/ESCA/repeat_03_fold_01/tabpfn_v2/test_predictions.csv,,,
per_cancer,os_3yr,ESCA,3,1,tabpfn_v2_5,55,14,17,success,0.7541558742523193,validation split balanced accuracy,0.1607581400003255,2.1507590109995363,0.47058823529411764,0.25,0.64,0.5,0.0,0.0625,0.8787779673349525,0.4390544512506307,0.12560584013099282,/opt/tabr1_results/per_cancer/os_3yr/ESCA/repeat_03_fold_01/tabpfn_v2_5/test_predictions.csv,,,
per_cancer,os_3yr,ESCA,3,1,tabpfn_v2_6,55,14,17,success,0.7854287028312683,validation split balanced accuracy,0.23444308299986005,2.248850052999842,0.11764705882352941,0.0625,0.21052631578947367,0.125,0.0,0.0625,0.8787779673349525,0.5537595727467464,0.1673302874049669,/opt/tabr1_results/per_cancer/os_3yr/ESCA/repeat_03_fold_01/tabpfn_v2_6/test_predictions.csv,,,
per_cancer,os_3yr,ESCA,3,1,tabpfn_v3,55,14,17,success,0.6880062818527222,validation split balanced accuracy,0.48353964099987934,2.439952677999827,0.5882352941176471,0.3125,0.7407407407407407,0.625,0.0,0.0625,0.8787779673349525,0.49149212755234306,0.14469212460617092,/opt/tabr1_results/per_cancer/os_3yr/ESCA/repeat_03_fold_01/tabpfn_v3/test_predictions.csv,,,
per_cancer,os_3yr,ESCA,3,1,tabfm_default,55,14,17,success,0.8609157204627991,validation split balanced accuracy,0.011936677999983658,1.3443745170006878,0.5294117647058824,0.28125,0.6923076923076923,0.5625,0.0,0.15625,0.899611300668286,0.3047327743432639,0.07312242446923278,/opt/tabr1_results/per_cancer/os_3yr/ESCA/repeat_03_fold_01/tabfm_default/test_predictions.csv,,,
per_cancer,os_3yr,ESCA,3,1,autogluon,55,14,17,success,0.5378268957138062,validation split balanced accuracy,3.333558822001578,0.00636957899951085,0.7647058823529411,0.40625,0.8666666666666667,0.8125,0.0,0.0,0.8475279673349525,0.6580507944574208,0.18683873477051277,/opt/tabr1_results/per_cancer/os_3yr/ESCA/repeat_03_fold_01/autogluon/test_predictions.csv,,,
per_cancer,os_3yr,ESCA,3,2,tabpfn_v2,55,14,17,success,0.851855456829071,validation split balanced accuracy,0.1503446820006502,1.5064722579991212,0.23529411764705882,0.5357142857142857,0.13333333333333333,0.07142857142857142,1.0,0.5476190476190477,0.8963042034995816,0.4705431315609432,0.14688316700199375,/opt/tabr1_results/per_cancer/os_3yr/ESCA/repeat_03_fold_02/tabpfn_v2/test_predictions.csv,,,
per_cancer,os_3yr,ESCA,3,2,tabpfn_v2_5,55,14,17,success,0.8507502675056458,validation split balanced accuracy,0.16091244199924404,2.131546196000272,0.17647058823529413,0.5,0.0,0.0,1.0,0.6190476190476191,0.9207838904792687,0.462553407765446,0.14455460698396796,/opt/tabr1_results/per_cancer/os_3yr/ESCA/repeat_03_fold_02/tabpfn_v2_5/test_predictions.csv,,,
per_cancer,os_3yr,ESCA,3,2,tabpfn_v2_6,55,14,17,success,0.9238900542259216,validation split balanced accuracy,0.2335467980010435,2.2409234660008224,0.17647058823529413,0.5,0.0,0.0,1.0,0.5714285714285715,0.8917999775667842,0.5012053582144561,0.15878581676766437,/opt/tabr1_results/per_cancer/os_3yr/ESCA/repeat_03_fold_02/tabpfn_v2_6/test_predictions.csv,,,
per_cancer,os_3yr,ESCA,3,2,tabpfn_v3,55,14,17,success,0.8296340107917786,validation split balanced accuracy,0.4831431820002763,2.453206878999481,0.5294117647058824,0.45238095238095233,0.6666666666666666,0.5714285714285714,0.3333333333333333,0.35714285714285715,0.7899353739164663,0.4798693735192663,0.14922076794183195,/opt/tabr1_results/per_cancer/os_3yr/ESCA/repeat_03_fold_02/tabpfn_v3/test_predictions.csv,,,
per_cancer,os_3yr,ESCA,3,2,tabfm_default,55,14,17,success,0.9259474277496338,validation split balanced accuracy,0.011980800998571794,1.4015012590007245,0.23529411764705882,0.5357142857142857,0.13333333333333333,0.07142857142857142,1.0,0.7142857142857143,0.9351051842648481,0.4450831612972997,0.14133727470936966,/opt/tabr1_results/per_cancer/os_3yr/ESCA/repeat_03_fold_02/tabfm_default/test_predictions.csv,,,
per_cancer,os_3yr,ESCA,3,2,autogluon,55,14,17,success,0.7692657709121704,validation split balanced accuracy,3.3257335099988268,0.012959551999301766,0.8235294117647058,0.5,0.9032258064516129,1.0,0.0,0.5476190476190477,0.8407362945178071,0.46712422155317124,0.14570110996597704,/opt/tabr1_results/per_cancer/os_3yr/ESCA/repeat_03_fold_02/autogluon/test_predictions.csv,,,
per_cancer,os_3yr,ESCA,3,3,tabpfn_v2,55,14,17,success,0.8575003147125244,validation split balanced accuracy,0.14854967899918847,1.4611178879986255,0.35294117647058826,0.3106060606060606,0.47619047619047616,0.45454545454545453,0.16666666666666666,0.3181818181818182,0.6037451185178458,0.9115917766783659,0.29324907438790887,/opt/tabr1_results/per_cancer/os_3yr/ESCA/repeat_03_fold_03/tabpfn_v2/test_predictions.csv,,,
per_cancer,os_3yr,ESCA,3,3,tabpfn_v2_5,55,14,17,success,0.8895915150642395,validation split balanced accuracy,0.19159821399989596,2.134141484999418,0.29411764705882354,0.303030303030303,0.3333333333333333,0.2727272727272727,0.3333333333333333,0.3030303030303031,0.6039286767896394,0.8950267297980037,0.2929497893388501,/opt/tabr1_results/per_cancer/os_3yr/ESCA/repeat_03_fold_03/tabpfn_v2_5/test_predictions.csv,,,
per_cancer,os_3yr,ESCA,3,3,tabpfn_v2_6,55,14,17,success,0.8992570042610168,validation split balanced accuracy,0.2327780809991964,2.200225018999845,0.29411764705882354,0.34090909090909094,0.25,0.18181818181818182,0.5,0.2727272727272727,0.5927454156063782,0.929560211448138,0.303526704518741,/opt/tabr1_results/per_cancer/os_3yr/ESCA/repeat_03_fold_03/tabpfn_v2_6/test_predictions.csv,,,
per_cancer,os_3yr,ESCA,3,3,tabpfn_v3,55,14,17,success,0.9013530015945435,validation split balanced accuracy,0.48234531999878527,2.431340282000747,0.29411764705882354,0.303030303030303,0.3333333333333333,0.2727272727272727,0.3333333333333333,0.22727272727272724,0.5193327171936797,0.9174735382961807,0.29707342361496103,/opt/tabr1_results/per_cancer/os_3yr/ESCA/repeat_03_fold_03/tabpfn_v3/test_predictions.csv,,,
per_cancer,os_3yr,ESCA,3,3,tabfm_default,55,14,17,success,0.9599626660346985,validation split balanced accuracy,0.011894463999851723,1.386791393000749,0.23529411764705882,0.3333333333333333,0.0,0.0,0.6666666666666666,0.40909090909090906,0.591408368814786,1.0470293970786333,0.307717519912853,/opt/tabr1_results/per_cancer/os_3yr/ESCA/repeat_03_fold_03/tabfm_default/test_predictions.csv,,,
per_cancer,os_3yr,ESCA,3,3,autogluon,55,14,17,success,0.823054313659668,validation split balanced accuracy,3.3231289069990453,0.004580995999276638,0.5294117647058824,0.44696969696969696,0.6666666666666666,0.7272727272727273,0.16666666666666666,0.44696969696969696,0.6240230357877417,0.7361074798328979,0.25900261886216924,/opt/tabr1_results/per_cancer/os_3yr/ESCA/repeat_03_fold_03/autogluon/test_predictions.csv,,,
per_cancer,os_3yr,ESCA,3,4,tabpfn_v2,55,14,17,success,0.8505558967590332,validation split balanced accuracy,0.14980482300052245,1.5030759239998588,0.7647058823529411,0.7596153846153846,0.8333333333333334,0.7692307692307693,0.75,0.6923076923076923,0.8141978559399374,0.545991941891089,0.17877461957856552,/opt/tabr1_results/per_cancer/os_3yr/ESCA/repeat_03_fold_04/tabpfn_v2/test_predictions.csv,,,
per_cancer,os_3yr,ESCA,3,4,tabpfn_v2_5,55,14,17,success,0.7468392848968506,validation split balanced accuracy,0.19052066000040213,2.17292996300057,0.7058823529411765,0.46153846153846156,0.8275862068965517,0.9230769230769231,0.0,0.6923076923076923,0.8141978559399374,0.5553409154371906,0.17845244963964207,/opt/tabr1_results/per_cancer/os_3yr/ESCA/repeat_03_fold_04/tabpfn_v2_5/test_predictions.csv,,,
per_cancer,os_3yr,ESCA,3,4,tabpfn_v2_6,55,14,17,success,0.9077444672584534,validation split balanced accuracy,0.23319404700123414,2.107310134999352,0.23529411764705882,0.41346153846153844,0.13333333333333333,0.07692307692307693,0.75,0.7500000000000001,0.8610852822391284,0.5279638242442783,0.17305666508236328,/opt/tabr1_results/per_cancer/os_3yr/ESCA/repeat_03_fold_04/tabpfn_v2_6/test_predictions.csv,,,
per_cancer,os_3yr,ESCA,3,4,tabpfn_v3,55,14,17,success,0.8286610245704651,validation split balanced accuracy,0.4853229279997322,2.4787173709992203,0.7647058823529411,0.5865384615384616,0.8571428571428571,0.9230769230769231,0.25,0.6923076923076923,0.8128024753024752,0.5497868924346304,0.179749550299054,/opt/tabr1_results/per_cancer/os_3yr/ESCA/repeat_03_fold_04/tabpfn_v3/test_predictions.csv,,,
per_cancer,os_3yr,ESCA,3,4,tabfm_default,55,14,17,success,0.9511421918869019,validation split balanced accuracy,0.011722641000233125,1.3645269570006349,0.7058823529411765,0.5480769230769231,0.8148148148148148,0.8461538461538461,0.25,0.34615384615384615,0.6833797424295162,0.9131234438500071,0.21991488000448497,/opt/tabr1_results/per_cancer/os_3yr/ESCA/repeat_03_fold_04/tabfm_default/test_predictions.csv,,,
per_cancer,os_3yr,ESCA,3,4,autogluon,55,14,17,success,0.5188182592391968,validation split balanced accuracy,3.30229134199908,0.010365942000134964,0.5882352941176471,0.6442307692307692,0.6666666666666666,0.5384615384615384,0.75,0.5673076923076923,0.7985178094906602,0.6788407103577868,0.24285162679266878,/opt/tabr1_results/per_cancer/os_3yr/ESCA/repeat_03_fold_04/autogluon/test_predictions.csv,,,
per_cancer,os_3yr,ESCA,4,0,tabpfn_v2,54,14,18,success,0.8190897703170776,validation split balanced accuracy,0.13283616900116613,1.4709308040000906,0.5,0.5666666666666667,0.6086956521739131,0.4666666666666667,0.6666666666666666,0.5333333333333333,0.866632360014713,0.4511161337219182,0.1395520783804363,/opt/tabr1_results/per_cancer/os_3yr/ESCA/repeat_04_fold_00/tabpfn_v2/test_predictions.csv,,,
per_cancer,os_3yr,ESCA,4,0,tabpfn_v2_5,54,14,18,success,0.8264285922050476,validation split balanced accuracy,0.18914759799918102,2.2168223610005953,0.5555555555555556,0.4666666666666667,0.6923076923076923,0.6,0.3333333333333333,0.4666666666666667,0.8714712248535778,0.4833282479369616,0.152105568877467,/opt/tabr1_results/per_cancer/os_3yr/ESCA/repeat_04_fold_00/tabpfn_v2_5/test_predictions.csv,,,
per_cancer,os_3yr,ESCA,4,0,tabpfn_v2_6,54,14,18,success,0.7801080942153931,validation split balanced accuracy,0.23179067399905762,2.290772112000923,0.5555555555555556,0.3333333333333333,0.7142857142857143,0.6666666666666666,0.0,0.33333333333333337,0.8234146517970047,0.5398951765736719,0.17104094725851185,/opt/tabr1_results/per_cancer/os_3yr/ESCA/repeat_04_fold_00/tabpfn_v2_6/test_predictions.csv,,,
per_cancer,os_3yr,ESCA,4,0,tabpfn_v3,54,14,18,success,0.7577711939811707,validation split balanced accuracy,0.4825513249998039,2.463114243999371,0.4444444444444444,0.26666666666666666,0.6153846153846154,0.5333333333333333,0.0,0.3333333333333333,0.8277580861404391,0.5210432028800692,0.16516771041630443,/opt/tabr1_results/per_cancer/os_3yr/ESCA/repeat_04_fold_00/tabpfn_v3/test_predictions.csv,,,
per_cancer,os_3yr,ESCA,4,0,tabfm_default,54,14,18,success,0.8364357948303223,validation split balanced accuracy,0.011929476000659633,1.3724474709997594,0.7222222222222222,0.43333333333333335,0.8387096774193549,0.8666666666666667,0.0,0.4888888888888889,0.8568810002633531,0.4982294188274204,0.14895543429967223,/opt/tabr1_results/per_cancer/os_3yr/ESCA/repeat_04_fold_00/tabfm_default/test_predictions.csv,,,
per_cancer,os_3yr,ESCA,4,0,autogluon,54,14,18,success,0.7742370963096619,validation split balanced accuracy,3.3213608030000614,0.0046925440001359675,0.4444444444444444,0.4,0.5833333333333334,0.4666666666666667,0.3333333333333333,0.4,0.8074074074074075,0.4658368459879754,0.14400908787082953,/opt/tabr1_results/per_cancer/os_3yr/ESCA/repeat_04_fold_00/autogluon/test_predictions.csv,,,
per_cancer,os_3yr,ESCA,4,1,tabpfn_v2,55,14,17,success,0.8195885419845581,validation split balanced accuracy,0.13280308699904708,1.4904871559992898,0.6470588235294118,0.7692307692307692,0.7,0.5384615384615384,1.0,0.8461538461538461,0.953492340992341,0.45032834319123854,0.14586292194297332,/opt/tabr1_results/per_cancer/os_3yr/ESCA/repeat_04_fold_01/tabpfn_v2/test_predictions.csv,,,
per_cancer,os_3yr,ESCA,4,1,tabpfn_v2_5,55,14,17,success,0.8393840193748474,validation split balanced accuracy,0.19000318100006552,2.1306564940005046,0.7058823529411765,0.8076923076923077,0.7619047619047619,0.6153846153846154,1.0,0.8461538461538461,0.9540997464074388,0.42746612681414764,0.13664660293648972,/opt/tabr1_results/per_cancer/os_3yr/ESCA/repeat_04_fold_01/tabpfn_v2_5/test_predictions.csv,,,
per_cancer,os_3yr,ESCA,4,1,tabpfn_v2_6,55,14,17,success,0.8454390168190002,validation split balanced accuracy,0.23198011699969356,2.162162234999414,0.6470588235294118,0.6826923076923077,0.7272727272727273,0.6153846153846154,0.75,0.7115384615384616,0.9040445665445664,0.4849235936309551,0.15627020874014347,/opt/tabr1_results/per_cancer/os_3yr/ESCA/repeat_04_fold_01/tabpfn_v2_6/test_predictions.csv,,,
per_cancer,os_3yr,ESCA,4,1,tabpfn_v3,55,14,17,success,0.8013362288475037,validation split balanced accuracy,0.4839251590001368,2.448004875999686,0.6470588235294118,0.5961538461538461,0.75,0.6923076923076923,0.5,0.75,0.9246489621489622,0.4912485138703402,0.1615938663535078,/opt/tabr1_results/per_cancer/os_3yr/ESCA/repeat_04_fold_01/tabpfn_v3/test_predictions.csv,,,
per_cancer,os_3yr,ESCA,4,1,tabfm_default,55,14,17,success,0.7490872740745544,validation split balanced accuracy,0.011810612999397563,1.4032896499993512,0.8235294117647058,0.625,0.896551724137931,1.0,0.25,0.7980769230769231,0.9390234765234766,0.5422939533579132,0.17784545279791786,/opt/tabr1_results/per_cancer/os_3yr/ESCA/repeat_04_fold_01/tabfm_default/test_predictions.csv,,,
per_cancer,os_3yr,ESCA,4,1,autogluon,55,14,17,success,0.8754608631134033,validation split balanced accuracy,3.345818916999633,0.005398081000748789,0.47058823529411764,0.4807692307692308,0.5714285714285714,0.46153846153846156,0.5,0.5769230769230769,0.8689941280439017,0.6387391708463929,0.21951871719962798,/opt/tabr1_results/per_cancer/os_3yr/ESCA/repeat_04_fold_01/autogluon/test_predictions.csv,,,
per_cancer,os_3yr,ESCA,4,2,tabpfn_v2,55,14,17,success,0.8110986351966858,validation split balanced accuracy,0.1507858570003009,1.4634517289996438,0.5882352941176471,0.5916666666666667,0.6666666666666666,0.5833333333333334,0.6,0.7,0.8816951566951567,0.6237587897802997,0.21412142059870956,/opt/tabr1_results/per_cancer/os_3yr/ESCA/repeat_04_fold_02/tabpfn_v2/test_predictions.csv,,,
per_cancer,os_3yr,ESCA,4,2,tabpfn_v2_5,55,14,17,success,0.8241857290267944,validation split balanced accuracy,0.16157824499896378,2.150340383001094,0.6470588235294118,0.6916666666666667,0.7,0.5833333333333334,0.8,0.7166666666666666,0.8757758445258446,0.6060252113353667,0.20808200454946277,/opt/tabr1_results/per_cancer/os_3yr/ESCA/repeat_04_fold_02/tabpfn_v2_5/test_predictions.csv,,,
per_cancer,os_3yr,ESCA,4,2,tabpfn_v2_6,55,14,17,success,0.779861569404602,validation split balanced accuracy,0.23410319700087712,2.185764559000745,0.7058823529411765,0.6166666666666667,0.8,0.8333333333333334,0.4,0.7166666666666667,0.8647909960409961,0.6022385593911592,0.20703657915063042,/opt/tabr1_results/per_cancer/os_3yr/ESCA/repeat_04_fold_02/tabpfn_v2_6/test_predictions.csv,,,
per_cancer,os_3yr,ESCA,4,2,tabpfn_v3,55,14,17,success,0.8010172247886658,validation split balanced accuracy,0.45238456900005986,2.456022190001022,0.8235294117647058,0.7583333333333333,0.88,0.9166666666666666,0.6,0.7666666666666667,0.8819876882376882,0.6202702894720055,0.21313177028770647,/opt/tabr1_results/per_cancer/os_3yr/ESCA/repeat_04_fold_02/tabpfn_v3/test_predictions.csv,,,
per_cancer,os_3yr,ESCA,4,2,tabfm_default,55,14,17,success,0.8112776875495911,validation split balanced accuracy,0.011944955998842488,1.3470933619992138,0.7647058823529411,0.6583333333333333,0.8461538461538461,0.9166666666666666,0.4,0.7333333333333334,0.8819324194324195,0.6623868811320827,0.2240852034688818,/opt/tabr1_results/per_cancer/os_3yr/ESCA/repeat_04_fold_02/tabfm_default/test_predictions.csv,,,
per_cancer,os_3yr,ESCA,4,2,autogluon,55,14,17,success,0.8052541017532349,validation split balanced accuracy,3.343404642999303,0.013130601000739262,0.7058823529411765,0.675,0.782608695652174,0.75,0.6,0.6416666666666667,0.7665379283026342,0.6318120788226026,0.21666119010109888,/opt/tabr1_results/per_cancer/os_3yr/ESCA/repeat_04_fold_02/autogluon/test_predictions.csv,,,
per_cancer,os_3yr,ESCA,4,3,tabpfn_v2,55,14,17,success,0.6911661624908447,validation split balanced accuracy,0.15051479600151652,1.5361166980001144,0.7647058823529411,0.4642857142857143,0.8666666666666667,0.9285714285714286,0.0,0.5,0.8905890852844633,0.48679965966811994,0.15408681292444748,/opt/tabr1_results/per_cancer/os_3yr/ESCA/repeat_04_fold_03/tabpfn_v2/test_predictions.csv,,,
per_cancer,os_3yr,ESCA,4,3,tabpfn_v2_5,55,14,17,success,0.7647756338119507,validation split balanced accuracy,0.18957507600134704,2.163697451000189,0.5294117647058824,0.32142857142857145,0.6923076923076923,0.6428571428571429,0.0,0.5,0.8759658117326183,0.47495751274114495,0.14936747152003954,/opt/tabr1_results/per_cancer/os_3yr/ESCA/repeat_04_fold_03/tabpfn_v2_5/test_predictions.csv,,,
per_cancer,os_3yr,ESCA,4,3,tabpfn_v2_6,55,14,17,success,0.6751343607902527,validation split balanced accuracy,0.23338219300057972,2.1690067399995314,0.7058823529411765,0.42857142857142855,0.8275862068965517,0.8571428571428571,0.0,0.28571428571428575,0.7237789113314324,0.5340320262689174,0.16774039346554512,/opt/tabr1_results/per_cancer/os_3yr/ESCA/repeat_04_fold_03/tabpfn_v2_6/test_predictions.csv,,,
per_cancer,os_3yr,ESCA,4,3,tabpfn_v3,55,14,17,success,0.7376225590705872,validation split balanced accuracy,0.48130576299990935,2.445583179998721,0.6470588235294118,0.5238095238095238,0.7692307692307693,0.7142857142857143,0.3333333333333333,0.5714285714285714,0.905232774928153,0.47119750478359873,0.14775953190989602,/opt/tabr1_results/per_cancer/os_3yr/ESCA/repeat_04_fold_03/tabpfn_v3/test_predictions.csv,,,
per_cancer,os_3yr,ESCA,4,3,tabfm_default,55,14,17,success,0.8523901700973511,validation split balanced accuracy,0.01196874699962791,1.3402829909991851,0.6470588235294118,0.6547619047619048,0.75,0.6428571428571429,0.6666666666666666,0.523809523809524,0.8596571204239272,0.47762166435246106,0.15096138392923375,/opt/tabr1_results/per_cancer/os_3yr/ESCA/repeat_04_fold_03/tabfm_default/test_predictions.csv,,,
per_cancer,os_3yr,ESCA,4,3,autogluon,55,14,17,success,0.8187101483345032,validation split balanced accuracy,3.3164425099985237,0.006600650000109454,0.4117647058823529,0.5119047619047619,0.5,0.35714285714285715,0.6666666666666666,0.523809523809524,0.8596571204239272,0.5020043258232002,0.1614478759467166,/opt/tabr1_results/per_cancer/os_3yr/ESCA/repeat_04_fold_03/autogluon/test_predictions.csv,,,
per_cancer,os_3yr,ESCA,4,4,tabpfn_v2,55,14,17,success,0.6737142205238342,validation split balanced accuracy,0.13422863599953416,1.5042043620014738,0.8235294117647058,0.5,0.9032258064516129,1.0,0.0,0.5952380952380953,0.9016275507872146,0.47090010612502803,0.14746242382254113,/opt/tabr1_results/per_cancer/os_3yr/ESCA/repeat_04_fold_04/tabpfn_v2/test_predictions.csv,,,
per_cancer,os_3yr,ESCA,4,4,tabpfn_v2_5,55,14,17,success,0.8274639844894409,validation split balanced accuracy,0.1900377080000908,2.0403223729990714,0.35294117647058826,0.6071428571428571,0.35294117647058826,0.21428571428571427,1.0,0.40476190476190477,0.8452659560327627,0.4890157987486956,0.154520704187595,/opt/tabr1_results/per_cancer/os_3yr/ESCA/repeat_04_fold_04/tabpfn_v2_5/test_predictions.csv,,,
per_cancer,os_3yr,ESCA,4,4,tabpfn_v2_6,55,14,17,success,0.6701456308364868,validation split balanced accuracy,0.23400658700120403,2.1371711379997578,0.7647058823529411,0.4642857142857143,0.8666666666666667,0.9285714285714286,0.0,0.761904761904762,0.948918850757086,0.4418517530366161,0.13878794768872282,/opt/tabr1_results/per_cancer/os_3yr/ESCA/repeat_04_fold_04/tabpfn_v2_6/test_predictions.csv,,,
per_cancer,os_3yr,ESCA,4,4,tabpfn_v3,55,14,17,success,0.8261131644248962,validation split balanced accuracy,0.4827672610008449,2.4170163329999923,0.17647058823529413,0.5,0.0,0.0,1.0,0.45238095238095244,0.8697067929735998,0.4803525096935632,0.1506378716778102,/opt/tabr1_results/per_cancer/os_3yr/ESCA/repeat_04_fold_04/tabpfn_v3/test_predictions.csv,,,
per_cancer,os_3yr,ESCA,4,4,tabfm_default,55,14,17,success,0.9327806234359741,validation split balanced accuracy,0.011832104000859545,1.3521101960013766,0.23529411764705882,0.5357142857142857,0.13333333333333333,0.07142857142857142,1.0,0.48809523809523814,0.8266417231228156,0.4980388663050473,0.15208765887256767,/opt/tabr1_results/per_cancer/os_3yr/ESCA/repeat_04_fold_04/tabfm_default/test_predictions.csv,,,
per_cancer,os_3yr,ESCA,4,4,autogluon,55,14,17,success,0.8018006086349487,validation split balanced accuracy,3.3612213960004738,0.005130415000166977,0.5294117647058824,0.5833333333333333,0.6363636363636364,0.5,0.6666666666666666,0.4285714285714286,0.850460761227568,0.4891566840892086,0.15460434696788972,/opt/tabr1_results/per_cancer/os_3yr/ESCA/repeat_04_fold_04/autogluon/test_predictions.csv,,,
per_cancer,os_3yr,HNSCC,0,0,tabpfn_v2,246,62,77,success,0.5714094638824463,validation split balanced accuracy,0.20933573900038027,6.231479025000226,0.5454545454545454,0.5653214774281806,0.4927536231884058,0.3953488372093023,0.7352941176470589,0.6039671682626538,0.6275593281375771,0.6743872602950646,0.24060391593796743,/opt/tabr1_results/per_cancer/os_3yr/HNSCC/repeat_00_fold_00/tabpfn_v2/test_predictions.csv,,,
per_cancer,os_3yr,HNSCC,0,0,tabpfn_v2_5,246,62,77,success,0.6083477139472961,validation split balanced accuracy,0.21185880300072313,5.724872374999904,0.5844155844155844,0.612517099863201,0.5,0.37209302325581395,0.8529411764705882,0.6545827633378932,0.7241391790542109,0.6582910238080054,0.23310498349426229,/opt/tabr1_results/per_cancer/os_3yr/HNSCC/repeat_00_fold_00/tabpfn_v2_5/test_predictions.csv,,,
per_cancer,os_3yr,HNSCC,0,0,tabpfn_v2_6,246,62,77,success,0.5983709692955017,validation split balanced accuracy,0.2977862820007431,6.500236605999817,0.5844155844155844,0.615595075239398,0.4838709677419355,0.3488372093023256,0.8823529411764706,0.6251709986320109,0.6791125207229027,0.662624501960163,0.23501515957648855,/opt/tabr1_results/per_cancer/os_3yr/HNSCC/repeat_00_fold_00/tabpfn_v2_6/test_predictions.csv,,,
per_cancer,os_3yr,HNSCC,0,0,tabpfn_v3,246,62,77,success,0.57064288854599,validation split balanced accuracy,0.5143219049987238,5.099700999999186,0.5844155844155844,0.612517099863201,0.5,0.37209302325581395,0.8529411764705882,0.573187414500684,0.6722976319337646,0.6770956186197937,0.24208115447416007,/opt/tabr1_results/per_cancer/os_3yr/HNSCC/repeat_00_fold_00/tabpfn_v3/test_predictions.csv,,,
per_cancer,os_3yr,HNSCC,0,0,tabfm_default,246,62,77,success,0.596433162689209,validation split balanced accuracy,0.01297367199913424,3.9715704059999553,0.4675324675324675,0.5170998632010944,0.16326530612244897,0.09302325581395349,0.9411764705882353,0.5235978112175101,0.6140571070973805,0.681632174549749,0.24431266189641937,/opt/tabr1_results/per_cancer/os_3yr/HNSCC/repeat_00_fold_00/tabfm_default/test_predictions.csv,,,
per_cancer,os_3yr,HNSCC,0,0,autogluon,246,62,77,success,0.6214861869812012,validation split balanced accuracy,4.864653777000058,0.014341611000418197,0.5844155844155844,0.6002051983584131,0.5555555555555556,0.46511627906976744,0.7352941176470589,0.6012311901504788,0.6373716310857911,0.7066775903002368,0.25228831793660866,/opt/tabr1_results/per_cancer/os_3yr/HNSCC/repeat_00_fold_00/autogluon/test_predictions.csv,,,
per_cancer,os_3yr,HNSCC,0,1,tabpfn_v2,246,62,77,success,0.5613138675689697,validation split balanced accuracy,0.22516429600000265,6.286939776999134,0.5714285714285714,0.5722972972972973,0.5714285714285714,0.55,0.5945945945945946,0.6608108108108107,0.6548371864597302,0.6632749371901315,0.23538534788804505,/opt/tabr1_results/per_cancer/os_3yr/HNSCC/repeat_00_fold_01/tabpfn_v2/test_predictions.csv,,,
per_cancer,os_3yr,HNSCC,0,1,tabpfn_v2_5,246,62,77,success,0.49825236201286316,validation split balanced accuracy,0.2358873160010262,5.616419468999084,0.5714285714285714,0.5682432432432433,0.611764705882353,0.65,0.4864864864864865,0.5898648648648648,0.6141787308756852,0.6824880860016059,0.24471387348015322,/opt/tabr1_results/per_cancer/os_3yr/HNSCC/repeat_00_fold_01/tabpfn_v2_5/test_predictions.csv,,,
per_cancer,os_3yr,HNSCC,0,1,tabpfn_v2_6,246,62,77,success,0.5468910932540894,validation split balanced accuracy,0.269828332000543,6.218619002000196,0.5064935064935064,0.5067567567567568,0.5128205128205128,0.5,0.5135135135135135,0.6297297297297297,0.680819685156179,0.6660083456902693,0.23704902237087963,/opt/tabr1_results/per_cancer/os_3yr/HNSCC/repeat_00_fold_01/tabpfn_v2_6/test_predictions.csv,,,
per_cancer,os_3yr,HNSCC,0,1,tabpfn_v3,246,62,77,success,0.565891683101654,validation split balanced accuracy,0.513639709999552,4.9160499699992215,0.5454545454545454,0.5523648648648649,0.46153846153846156,0.375,0.7297297297297297,0.6033783783783784,0.6207595750897602,0.6803302078520462,0.24364356587819425,/opt/tabr1_results/per_cancer/os_3yr/HNSCC/repeat_00_fold_01/tabpfn_v3/test_predictions.csv,,,
per_cancer,os_3yr,HNSCC,0,1,tabfm_default,246,62,77,success,0.5540415644645691,validation split balanced accuracy,0.012884945001133019,3.893527047999669,0.5584415584415584,0.5628378378378378,0.5142857142857142,0.45,0.6756756756756757,0.5939189189189189,0.5869932050784836,0.6796035603030832,0.24328779874535217,/opt/tabr1_results/per_cancer/os_3yr/HNSCC/repeat_00_fold_01/tabfm_default/test_predictions.csv,,,
per_cancer,os_3yr,HNSCC,0,1,autogluon,246,62,77,success,0.4830038845539093,validation split balanced accuracy,5.304178508000405,0.011949386000196682,0.5324675324675324,0.5277027027027027,0.5909090909090909,0.65,0.40540540540540543,0.5344594594594594,0.5677091254358305,0.7221750089253304,0.2620698902662924,/opt/tabr1_results/per_cancer/os_3yr/HNSCC/repeat_00_fold_01/autogluon/test_predictions.csv,,,
per_cancer,os_3yr,HNSCC,0,2,tabpfn_v2,246,62,77,success,0.5835081934928894,validation split balanced accuracy,0.23157111900036398,6.1040772140004265,0.4935064935064935,0.5025510204081632,0.5411764705882353,0.46938775510204084,0.5357142857142857,0.5335276967930029,0.6964981056387549,0.6676291118204074,0.2375499300039375,/opt/tabr1_results/per_cancer/os_3yr/HNSCC/repeat_00_fold_02/tabpfn_v2/test_predictions.csv,,,
per_cancer,os_3yr,HNSCC,0,2,tabpfn_v2_5,246,62,77,success,0.5945956707000732,validation split balanced accuracy,0.21645935000015015,5.847668651000276,0.4935064935064935,0.5255102040816326,0.5063291139240507,0.40816326530612246,0.6428571428571429,0.5451895043731778,0.708184537544485,0.6587689120279289,0.23356916440550585,/opt/tabr1_results/per_cancer/os_3yr/HNSCC/repeat_00_fold_02/tabpfn_v2_5/test_predictions.csv,,,
per_cancer,os_3yr,HNSCC,0,2,tabpfn_v2_6,246,62,77,success,0.5917346477508545,validation split balanced accuracy,0.30202446399925975,6.434766258000309,0.45454545454545453,0.4872448979591837,0.46153846153846156,0.3673469387755102,0.6071428571428571,0.5306122448979591,0.6739601391590033,0.6741797150080072,0.24061492103749094,/opt/tabr1_results/per_cancer/os_3yr/HNSCC/repeat_00_fold_02/tabpfn_v2_6/test_predictions.csv,,,
per_cancer,os_3yr,HNSCC,0,2,tabpfn_v3,246,62,77,success,0.5823555588722229,validation split balanced accuracy,0.4486837320000632,4.968915667999681,0.4805194805194805,0.5382653061224489,0.4444444444444444,0.32653061224489793,0.75,0.5532069970845481,0.6898978399150812,0.6651111502199392,0.2361398862083684,/opt/tabr1_results/per_cancer/os_3yr/HNSCC/repeat_00_fold_02/tabpfn_v3/test_predictions.csv,,,
per_cancer,os_3yr,HNSCC,0,2,tabfm_default,246,62,77,success,0.5753759741783142,validation split balanced accuracy,0.012708876998658525,3.497165037999366,0.5064935064935064,0.5969387755102041,0.40625,0.2653061224489796,0.9285714285714286,0.6042274052478134,0.7560105550410816,0.6624369338694867,0.23482948900589112,/opt/tabr1_results/per_cancer/os_3yr/HNSCC/repeat_00_fold_02/tabfm_default/test_predictions.csv,,,
per_cancer,os_3yr,HNSCC,0,2,autogluon,246,62,77,success,0.5795251727104187,validation split balanced accuracy,4.119578362999164,0.005796432998977252,0.37662337662337664,0.41836734693877553,0.35135135135135137,0.2653061224489796,0.5714285714285714,0.4657434402332361,0.6268269895666359,0.6790659792730472,0.2429702398395712,/opt/tabr1_results/per_cancer/os_3yr/HNSCC/repeat_00_fold_02/autogluon/test_predictions.csv,,,
per_cancer,os_3yr,HNSCC,0,3,tabpfn_v2,246,62,77,success,0.5818686485290527,validation split balanced accuracy,0.22708959899864567,6.125676927000313,0.6233766233766234,0.6172297297297298,0.5396825396825397,0.4594594594594595,0.775,0.5851351351351352,0.5960653843467252,0.6899630342793337,0.24850904401741716,/opt/tabr1_results/per_cancer/os_3yr/HNSCC/repeat_00_fold_03/tabpfn_v2/test_predictions.csv,,,
per_cancer,os_3yr,HNSCC,0,3,tabpfn_v2_5,246,62,77,success,0.5494840145111084,validation split balanced accuracy,0.240828367001086,5.820292710001013,0.5714285714285714,0.5692567567567568,0.5352112676056338,0.5135135135135135,0.625,0.6006756756756757,0.6075191383415035,0.689442766067959,0.24823510665875653,/opt/tabr1_results/per_cancer/os_3yr/HNSCC/repeat_00_fold_03/tabpfn_v2_5/test_predictions.csv,,,
per_cancer,os_3yr,HNSCC,0,3,tabpfn_v2_6,246,62,77,success,0.5363391041755676,validation split balanced accuracy,0.30079945900070015,6.183888707000733,0.5844155844155844,0.5827702702702703,0.5555555555555556,0.5405405405405406,0.625,0.5932432432432433,0.5858441784734023,0.695054329622161,0.2507084272636638,/opt/tabr1_results/per_cancer/os_3yr/HNSCC/repeat_00_fold_03/tabpfn_v2_6/test_predictions.csv,,,
per_cancer,os_3yr,HNSCC,0,3,tabpfn_v3,246,62,77,success,0.5748870372772217,validation split balanced accuracy,0.5173056120002002,4.929506718999619,0.5974025974025974,0.5912162162162162,0.5079365079365079,0.43243243243243246,0.75,0.6263513513513514,0.6455764429095026,0.6847412195549789,0.24600346588590707,/opt/tabr1_results/per_cancer/os_3yr/HNSCC/repeat_00_fold_03/tabpfn_v3/test_predictions.csv,,,
per_cancer,os_3yr,HNSCC,0,3,tabfm_default,246,62,77,success,0.6474019885063171,validation split balanced accuracy,0.013022753000768716,3.523470690999602,0.5454545454545454,0.527027027027027,0.10256410256410256,0.05405405405405406,1.0,0.585472972972973,0.6445790073118336,0.6852160186281054,0.24639589886400712,/opt/tabr1_results/per_cancer/os_3yr/HNSCC/repeat_00_fold_03/tabfm_default/test_predictions.csv,,,
per_cancer,os_3yr,HNSCC,0,3,autogluon,246,62,77,success,0.47000652551651,validation split balanced accuracy,5.477619676999893,0.016432603000794188,0.5454545454545454,0.5564189189189189,0.6391752577319587,0.8378378378378378,0.275,0.6844594594594595,0.7322917866046246,0.6485173965315993,0.22969393091246315,/opt/tabr1_results/per_cancer/os_3yr/HNSCC/repeat_00_fold_03/autogluon/test_predictions.csv,,,
per_cancer,os_3yr,HNSCC,0,4,tabpfn_v2,246,62,77,success,0.5566445589065552,validation split balanced accuracy,0.22692457399898558,6.211739316999228,0.5714285714285714,0.5619918699186992,0.6373626373626373,0.7073170731707317,0.4166666666666667,0.6300813008130082,0.6276175540643755,0.6750111374453224,0.2410423150628599,/opt/tabr1_results/per_cancer/os_3yr/HNSCC/repeat_00_fold_04/tabpfn_v2/test_predictions.csv,,,
per_cancer,os_3yr,HNSCC,0,4,tabpfn_v2_5,246,62,77,success,0.4789119064807892,validation split balanced accuracy,0.21170499700019718,5.876042486999722,0.5714285714285714,0.5518292682926829,0.6796116504854369,0.8536585365853658,0.25,0.6287262872628726,0.6669895504311739,0.6729405006047887,0.2402865006742302,/opt/tabr1_results/per_cancer/os_3yr/HNSCC/repeat_00_fold_04/tabpfn_v2_5/test_predictions.csv,,,
per_cancer,os_3yr,HNSCC,0,4,tabpfn_v2_6,246,62,77,success,0.534466028213501,validation split balanced accuracy,0.3007458869997208,6.473048941999878,0.6493506493506493,0.6487127371273713,0.6666666666666666,0.6585365853658537,0.6388888888888888,0.6558265582655827,0.6803834193724484,0.6601731467975559,0.23392636073275275,/opt/tabr1_results/per_cancer/os_3yr/HNSCC/repeat_00_fold_04/tabpfn_v2_6/test_predictions.csv,,,
per_cancer,os_3yr,HNSCC,0,4,tabpfn_v3,246,62,77,success,0.5708791613578796,validation split balanced accuracy,0.5172487740001088,4.895835331000853,0.5194805194805194,0.5301490514905149,0.44776119402985076,0.36585365853658536,0.6944444444444444,0.6158536585365854,0.6512657967139113,0.6804824497312764,0.2437743428936604,/opt/tabr1_results/per_cancer/os_3yr/HNSCC/repeat_00_fold_04/tabpfn_v3/test_predictions.csv,,,
per_cancer,os_3yr,HNSCC,0,4,tabfm_default,246,62,77,success,0.5043401718139648,validation split balanced accuracy,0.012946803999511758,3.855291732999831,0.5584415584415584,0.5396341463414633,0.6666666666666666,0.8292682926829268,0.25,0.6202574525745258,0.6480612192103542,0.6810892332055536,0.2440245200170075,/opt/tabr1_results/per_cancer/os_3yr/HNSCC/repeat_00_fold_04/tabfm_default/test_predictions.csv,,,
per_cancer,os_3yr,HNSCC,0,4,autogluon,246,62,77,success,0.537095308303833,validation split balanced accuracy,4.145974455001124,0.005689349000022048,0.5974025974025974,0.5897696476964769,0.651685393258427,0.7073170731707317,0.4722222222222222,0.6775067750677507,0.7267335199941886,0.6692111234678623,0.23821740543476758,/opt/tabr1_results/per_cancer/os_3yr/HNSCC/repeat_00_fold_04/autogluon/test_predictions.csv,,,
per_cancer,os_3yr,HNSCC,1,0,tabpfn_v2,246,62,77,success,0.6560648083686829,validation split balanced accuracy,0.2285368920001929,6.142233734999536,0.5064935064935064,0.5315040650406504,0.24,0.14634146341463414,0.9166666666666666,0.6084010840108401,0.6420274125884338,0.6752459064264574,0.24118619742612607,/opt/tabr1_results/per_cancer/os_3yr/HNSCC/repeat_01_fold_00/tabpfn_v2/test_predictions.csv,,,
per_cancer,os_3yr,HNSCC,1,0,tabpfn_v2_5,246,62,77,success,0.7295584678649902,validation split balanced accuracy,0.21236909100116463,5.958663693001654,0.4675324675324675,0.49322493224932246,0.16326530612244897,0.0975609756097561,0.8888888888888888,0.6260162601626016,0.6409158027436519,0.67722481556945,0.24154212787989418,/opt/tabr1_results/per_cancer/os_3yr/HNSCC/repeat_01_fold_00/tabpfn_v2_5/test_predictions.csv,,,
per_cancer,os_3yr,HNSCC,1,0,tabpfn_v2_6,246,62,77,success,0.6318244338035583,validation split balanced accuracy,0.30050514899994596,6.257677572999455,0.5844155844155844,0.5995934959349594,0.4838709677419355,0.36585365853658536,0.8333333333333334,0.6266937669376693,0.6372011672523757,0.6671834582105854,0.23702705258209025,/opt/tabr1_results/per_cancer/os_3yr/HNSCC/repeat_01_fold_00/tabpfn_v2_6/test_predictions.csv,,,
per_cancer,os_3yr,HNSCC,1,0,tabpfn_v3,246,62,77,success,0.6812325119972229,validation split balanced accuracy,0.5162137389997952,4.8183361280007375,0.4805194805194805,0.5121951219512195,0.047619047619047616,0.024390243902439025,1.0,0.6050135501355014,0.6324403292861834,0.6786301140948012,0.24282566311928802,/opt/tabr1_results/per_cancer/os_3yr/HNSCC/repeat_01_fold_00/tabpfn_v3/test_predictions.csv,,,
per_cancer,os_3yr,HNSCC,1,0,tabfm_default,246,62,77,success,0.5,validation split balanced accuracy,0.01290368199988734,3.834026022999751,0.5064935064935064,0.48407859078590787,0.6415094339622641,0.8292682926829268,0.1388888888888889,0.5657181571815718,0.5910458242406689,0.7361007643268286,0.26735904137785443,/opt/tabr1_results/per_cancer/os_3yr/HNSCC/repeat_01_fold_00/tabfm_default/test_predictions.csv,,,
per_cancer,os_3yr,HNSCC,1,0,autogluon,246,62,77,success,0.8512434959411621,validation split balanced accuracy,5.115369485998599,0.0176801739999064,0.4805194805194805,0.505420054200542,0.2,0.12195121951219512,0.8888888888888888,0.6070460704607046,0.6007487145804278,0.7310039073878637,0.2563810052431319,/opt/tabr1_results/per_cancer/os_3yr/HNSCC/repeat_01_fold_00/autogluon/test_predictions.csv,,,
per_cancer,os_3yr,HNSCC,1,1,tabpfn_v2,246,62,77,success,0.5162477493286133,validation split balanced accuracy,0.22889486900021438,6.338669707998633,0.5714285714285714,0.5454856361149111,0.6666666666666666,0.7674418604651163,0.3235294117647059,0.591655266757866,0.6443207491393548,0.6786541468256679,0.2427819525835806,/opt/tabr1_results/per_cancer/os_3yr/HNSCC/repeat_01_fold_01/tabpfn_v2/test_predictions.csv,,,
per_cancer,os_3yr,HNSCC,1,1,tabpfn_v2_5,246,62,77,success,0.482142835855484,validation split balanced accuracy,0.21445463400050357,5.789841755999078,0.5454545454545454,0.5253077975376197,0.631578947368421,0.6976744186046512,0.35294117647058826,0.5937072503419972,0.6310287118618619,0.6801374456813984,0.2427667917507449,/opt/tabr1_results/per_cancer/os_3yr/HNSCC/repeat_01_fold_01/tabpfn_v2_5/test_predictions.csv,,,
per_cancer,os_3yr,HNSCC,1,1,tabpfn_v2_6,246,62,77,success,0.4542575478553772,validation split balanced accuracy,0.2999193190007645,6.3101121580002655,0.5454545454545454,0.5283857729138166,0.6236559139784946,0.6744186046511628,0.38235294117647056,0.560875512995896,0.6042051743856987,0.6899825593724663,0.24758204148250473,/opt/tabr1_results/per_cancer/os_3yr/HNSCC/repeat_01_fold_01/tabpfn_v2_6/test_predictions.csv,,,
per_cancer,os_3yr,HNSCC,1,1,tabpfn_v3,246,62,77,success,0.4780484437942505,validation split balanced accuracy,0.5174554080003873,4.870598927000174,0.5454545454545454,0.5129958960328317,0.6601941747572816,0.7906976744186046,0.23529411764705882,0.6114911080711354,0.6352957556684418,0.6759011275418075,0.24126080152340845,/opt/tabr1_results/per_cancer/os_3yr/HNSCC/repeat_01_fold_01/tabpfn_v3/test_predictions.csv,,,
per_cancer,os_3yr,HNSCC,1,1,tabfm_default,246,62,77,success,0.4826458692550659,validation split balanced accuracy,0.012854313999923761,3.4441509259995655,0.5974025974025974,0.5533515731874145,0.7207207207207207,0.9302325581395349,0.17647058823529413,0.634404924760602,0.6713979792401013,0.6764860812079394,0.2417006278075832,/opt/tabr1_results/per_cancer/os_3yr/HNSCC/repeat_01_fold_01/tabfm_default/test_predictions.csv,,,
per_cancer,os_3yr,HNSCC,1,1,autogluon,246,62,77,success,0.5109259486198425,validation split balanced accuracy,4.287872767999943,0.01201458899959107,0.5194805194805194,0.5143638850889193,0.5647058823529412,0.5581395348837209,0.47058823529411764,0.5458276333789329,0.6190542882499039,0.7053303216424798,0.25561507501681857,/opt/tabr1_results/per_cancer/os_3yr/HNSCC/repeat_01_fold_01/autogluon/test_predictions.csv,,,
per_cancer,os_3yr,HNSCC,1,2,tabpfn_v2,246,62,77,success,0.5748128890991211,validation split balanced accuracy,0.23070896700119192,5.937873775999833,0.5974025974025974,0.6067073170731707,0.5507246376811594,0.4634146341463415,0.75,0.5857046070460705,0.6262640775282684,0.6827278122357958,0.24490177699694837,/opt/tabr1_results/per_cancer/os_3yr/HNSCC/repeat_01_fold_02/tabpfn_v2/test_predictions.csv,,,
per_cancer,os_3yr,HNSCC,1,2,tabpfn_v2_5,246,62,77,success,0.6032438278198242,validation split balanced accuracy,0.243292986000597,5.861587979001342,0.5714285714285714,0.5823170731707317,0.5074626865671642,0.4146341463414634,0.75,0.6310975609756098,0.685477503508056,0.6619224454011937,0.23516704961614562,/opt/tabr1_results/per_cancer/os_3yr/HNSCC/repeat_01_fold_02/tabpfn_v2_5/test_predictions.csv,,,
per_cancer,os_3yr,HNSCC,1,2,tabpfn_v2_6,246,62,77,success,0.5954849720001221,validation split balanced accuracy,0.305118340998888,6.426963249999972,0.5844155844155844,0.5928184281842819,0.5428571428571428,0.4634146341463415,0.7222222222222222,0.5985772357723578,0.6030370390285611,0.7019922390899538,0.24942195885242552,/opt/tabr1_results/per_cancer/os_3yr/HNSCC/repeat_01_fold_02/tabpfn_v2_6/test_predictions.csv,,,
per_cancer,os_3yr,HNSCC,1,2,tabpfn_v3,246,62,77,success,0.5529282689094543,validation split balanced accuracy,0.520145798998783,4.978451364999273,0.6233766233766234,0.627710027100271,0.6133333333333333,0.5609756097560976,0.6944444444444444,0.6283875338753387,0.6809508238785354,0.6786346813412457,0.24288661920683602,/opt/tabr1_results/per_cancer/os_3yr/HNSCC/repeat_01_fold_02/tabpfn_v3/test_predictions.csv,,,
per_cancer,os_3yr,HNSCC,1,2,tabfm_default,246,62,77,success,0.5411394238471985,validation split balanced accuracy,0.012976508000065223,3.669894310000018,0.4805194805194805,0.4749322493224932,0.5348837209302325,0.5609756097560976,0.3888888888888889,0.48035230352303526,0.5527117528469011,0.6935306547783925,0.2502863593633483,/opt/tabr1_results/per_cancer/os_3yr/HNSCC/repeat_01_fold_02/tabfm_default/test_predictions.csv,,,
per_cancer,os_3yr,HNSCC,1,2,autogluon,246,62,77,success,0.5718642473220825,validation split balanced accuracy,4.36187438900015,0.013122072999976808,0.5714285714285714,0.5806233062330624,0.5217391304347826,0.43902439024390244,0.7222222222222222,0.614159891598916,0.660464228490057,0.678999461651523,0.24310649525161623,/opt/tabr1_results/per_cancer/os_3yr/HNSCC/repeat_01_fold_02/autogluon/test_predictions.csv,,,
per_cancer,os_3yr,HNSCC,1,3,tabpfn_v2,246,62,77,success,0.5078558325767517,validation split balanced accuracy,0.2094123450006009,6.149760514999798,0.5584415584415584,0.5404761904761906,0.6458333333333334,0.7380952380952381,0.34285714285714286,0.5687074829931973,0.6303375051164525,0.6858332471874269,0.2461996304260248,/opt/tabr1_results/per_cancer/os_3yr/HNSCC/repeat_01_fold_03/tabpfn_v2/test_predictions.csv,,,
per_cancer,os_3yr,HNSCC,1,3,tabpfn_v2_5,246,62,77,success,0.44762498140335083,validation split balanced accuracy,0.2391409929987276,6.001171019999674,0.5974025974025974,0.5642857142857143,0.7155963302752294,0.9285714285714286,0.2,0.625170068027211,0.6530010056418921,0.6728435262401101,0.2386363860152847,/opt/tabr1_results/per_cancer/os_3yr/HNSCC/repeat_01_fold_03/tabpfn_v2_5/test_predictions.csv,,,
per_cancer,os_3yr,HNSCC,1,3,tabpfn_v2_6,246,62,77,success,0.5665892958641052,validation split balanced accuracy,0.29979934099901584,6.410556763999921,0.5584415584415584,0.5619047619047619,0.5641025641025641,0.5238095238095238,0.6,0.5904761904761904,0.6511259925129582,0.6894985066594048,0.24676790134773532,/opt/tabr1_results/per_cancer/os_3yr/HNSCC/repeat_01_fold_03/tabpfn_v2_6/test_predictions.csv,,,
per_cancer,os_3yr,HNSCC,1,3,tabpfn_v3,246,62,77,success,0.5192221403121948,validation split balanced accuracy,0.5149514969998563,4.924223989000893,0.5064935064935064,0.4928571428571429,0.5869565217391305,0.6428571428571429,0.34285714285714286,0.5782312925170068,0.6379250137267928,0.6831220381096013,0.24456392897934717,/opt/tabr1_results/per_cancer/os_3yr/HNSCC/repeat_01_fold_03/tabpfn_v3/test_predictions.csv,,,
per_cancer,os_3yr,HNSCC,1,3,tabfm_default,246,62,77,success,0.4352613091468811,validation split balanced accuracy,0.012879504000011366,3.736879096000848,0.5584415584415584,0.519047619047619,0.7017543859649122,0.9523809523809523,0.08571428571428572,0.5748299319727891,0.650567493652494,0.6797683353561252,0.24349248109841556,/opt/tabr1_results/per_cancer/os_3yr/HNSCC/repeat_01_fold_03/tabfm_default/test_predictions.csv,,,
per_cancer,os_3yr,HNSCC,1,3,autogluon,246,62,77,success,0.5368643999099731,validation split balanced accuracy,4.501547586000015,0.00703210199935711,0.4805194805194805,0.47380952380952385,0.5348837209302325,0.5476190476190477,0.4,0.4823129251700681,0.5570869921054515,0.9029532882559833,0.3142576341522925,/opt/tabr1_results/per_cancer/os_3yr/HNSCC/repeat_01_fold_03/autogluon/test_predictions.csv,,,
per_cancer,os_3yr,HNSCC,1,4,tabpfn_v2,246,62,77,success,0.5815250873565674,validation split balanced accuracy,0.21086964599999192,6.042189322999548,0.38961038961038963,0.4073187414500684,0.3188405797101449,0.2558139534883721,0.5588235294117647,0.43673050615595077,0.5030399244279313,0.7409264775597647,0.2717385605599541,/opt/tabr1_results/per_cancer/os_3yr/HNSCC/repeat_01_fold_04/tabpfn_v2/test_predictions.csv,,,
per_cancer,os_3yr,HNSCC,1,4,tabpfn_v2_5,246,62,77,success,0.586189866065979,validation split balanced accuracy,0.23967706300027203,5.687155673000234,0.42857142857142855,0.44528043775649795,0.37142857142857144,0.3023255813953488,0.5882352941176471,0.4339945280437756,0.533438436090022,0.7465136880920487,0.27446235486013265,/opt/tabr1_results/per_cancer/os_3yr/HNSCC/repeat_01_fold_04/tabpfn_v2_5/test_predictions.csv,,,
per_cancer,os_3yr,HNSCC,1,4,tabpfn_v2_6,246,62,77,success,0.5876350998878479,validation split balanced accuracy,0.30020323200005805,6.541606752000007,0.42857142857142855,0.448358413132695,0.35294117647058826,0.27906976744186046,0.6176470588235294,0.4346785225718194,0.536237138683592,0.7518422647163002,0.27720151414811095,/opt/tabr1_results/per_cancer/os_3yr/HNSCC/repeat_01_fold_04/tabpfn_v2_6/test_predictions.csv,,,
per_cancer,os_3yr,HNSCC,1,4,tabpfn_v3,246,62,77,success,0.5287225246429443,validation split balanced accuracy,0.446984046999205,4.903546419998747,0.45454545454545453,0.4623803009575923,0.4473684210526316,0.3953488372093023,0.5294117647058824,0.43673050615595077,0.5224871564765531,0.7150898542226882,0.2606369727004672,/opt/tabr1_results/per_cancer/os_3yr/HNSCC/repeat_01_fold_04/tabpfn_v3/test_predictions.csv,,,
per_cancer,os_3yr,HNSCC,1,4,tabfm_default,246,62,77,success,0.5325062274932861,validation split balanced accuracy,0.012918738999360357,3.585826951999479,0.42857142857142855,0.439124487004104,0.40540540540540543,0.3488372093023256,0.5294117647058824,0.4408344733242134,0.5191272026388951,0.7145131269155225,0.2604077022115132,/opt/tabr1_results/per_cancer/os_3yr/HNSCC/repeat_01_fold_04/tabfm_default/test_predictions.csv,,,
per_cancer,os_3yr,HNSCC,1,4,autogluon,246,62,77,success,0.46339061856269836,validation split balanced accuracy,4.761446196000179,0.005646696999974665,0.4675324675324675,0.4493844049247606,0.5591397849462365,0.6046511627906976,0.29411764705882354,0.45451436388508887,0.5472022195632198,0.722100853258515,0.26370551400067205,/opt/tabr1_results/per_cancer/os_3yr/HNSCC/repeat_01_fold_04/autogluon/test_predictions.csv,,,
per_cancer,os_3yr,HNSCC,2,0,tabpfn_v2,246,62,77,success,0.5760561227798462,validation split balanced accuracy,0.23087978799958364,6.379469047000384,0.6103896103896104,0.6093117408906883,0.5714285714285714,0.5263157894736842,0.6923076923076923,0.6474358974358974,0.6568517843346441,0.6886058071792096,0.24784465234022232,/opt/tabr1_results/per_cancer/os_3yr/HNSCC/repeat_02_fold_00/tabpfn_v2/test_predictions.csv,,,
per_cancer,os_3yr,HNSCC,2,0,tabpfn_v2_5,246,62,77,success,0.49037447571754456,validation split balanced accuracy,0.24219699400055106,5.929226390000622,0.5194805194805194,0.5232793522267206,0.6262626262626263,0.8157894736842105,0.23076923076923078,0.5468960863697705,0.5913549972652195,0.7078145871607977,0.25715062098185043,/opt/tabr1_results/per_cancer/os_3yr/HNSCC/repeat_02_fold_00/tabpfn_v2_5/test_predictions.csv,,,
per_cancer,os_3yr,HNSCC,2,0,tabpfn_v2_6,246,62,77,success,0.576971173286438,validation split balanced accuracy,0.3027060149997851,6.307423858999755,0.5844155844155844,0.585357624831309,0.6097560975609756,0.6578947368421053,0.5128205128205128,0.5732118758434548,0.6310633820514019,0.7016360598742403,0.25428646013815837,/opt/tabr1_results/per_cancer/os_3yr/HNSCC/repeat_02_fold_00/tabpfn_v2_6/test_predictions.csv,,,
per_cancer,os_3yr,HNSCC,2,0,tabpfn_v3,246,62,77,success,0.5581105947494507,validation split balanced accuracy,0.5167741530003696,4.922692341999209,0.5194805194805194,0.5226045883940621,0.6105263157894737,0.7631578947368421,0.28205128205128205,0.5124831309041835,0.5780673660834381,0.7022781870704402,0.2545184571093878,/opt/tabr1_results/per_cancer/os_3yr/HNSCC/repeat_02_fold_00/tabpfn_v3/test_predictions.csv,,,
per_cancer,os_3yr,HNSCC,2,0,tabfm_default,246,62,77,success,0.4978298544883728,validation split balanced accuracy,0.012943294999786303,3.7710637640011555,0.4675324675324675,0.4733468286099865,0.6306306306306306,0.9210526315789473,0.02564102564102564,0.5080971659919029,0.5625790123970041,0.7026112599701684,0.2547486552548807,/opt/tabr1_results/per_cancer/os_3yr/HNSCC/repeat_02_fold_00/tabfm_default/test_predictions.csv,,,
per_cancer,os_3yr,HNSCC,2,0,autogluon,246,62,77,success,0.5124257802963257,validation split balanced accuracy,4.353841967000335,0.014644158000010066,0.4805194805194805,0.4848178137651822,0.6078431372549019,0.8157894736842105,0.15384615384615385,0.5964912280701755,0.6203759900800926,0.700847766980762,0.2540469035364418,/opt/tabr1_results/per_cancer/os_3yr/HNSCC/repeat_02_fold_00/autogluon/test_predictions.csv,,,
per_cancer,os_3yr,HNSCC,2,1,tabpfn_v2,246,62,77,success,0.4626214802265167,validation split balanced accuracy,0.22693748100027733,6.120144860000437,0.5974025974025974,0.5622222222222222,0.6868686868686869,0.68,0.4444444444444444,0.54,0.6533071168424444,0.6882796696695923,0.24693699939520028,/opt/tabr1_results/per_cancer/os_3yr/HNSCC/repeat_02_fold_01/tabpfn_v2/test_predictions.csv,,,
per_cancer,os_3yr,HNSCC,2,1,tabpfn_v2_5,246,62,77,success,0.528113603591919,validation split balanced accuracy,0.23884515600002487,5.737834878000285,0.4935064935064935,0.49925925925925924,0.5517241379310345,0.48,0.5185185185185185,0.5392592592592592,0.66133843610107,0.6920460489463975,0.24759743226035016,/opt/tabr1_results/per_cancer/os_3yr/HNSCC/repeat_02_fold_01/tabpfn_v2_5/test_predictions.csv,,,
per_cancer,os_3yr,HNSCC,2,1,tabpfn_v2_6,246,62,77,success,0.4937851130962372,validation split balanced accuracy,0.29749201300001005,6.373111684999458,0.5974025974025974,0.5792592592592593,0.6736842105263158,0.64,0.5185185185185185,0.5903703703703703,0.695335334062553,0.6820757741795175,0.24345148163369779,/opt/tabr1_results/per_cancer/os_3yr/HNSCC/repeat_02_fold_01/tabpfn_v2_6/test_predictions.csv,,,
per_cancer,os_3yr,HNSCC,2,1,tabpfn_v3,246,62,77,success,0.5163605213165283,validation split balanced accuracy,0.49950938599977235,4.932234445999711,0.5974025974025974,0.5792592592592593,0.6736842105263158,0.64,0.5185185185185185,0.5081481481481481,0.627281713099617,0.6933430891125545,0.24941011538475424,/opt/tabr1_results/per_cancer/os_3yr/HNSCC/repeat_02_fold_01/tabpfn_v3/test_predictions.csv,,,
per_cancer,os_3yr,HNSCC,2,1,tabfm_default,246,62,77,success,0.5303446650505066,validation split balanced accuracy,0.012968118999197031,3.460864398000922,0.4935064935064935,0.5333333333333333,0.5063291139240507,0.4,0.6666666666666666,0.5533333333333333,0.7144133124581605,0.6784845631658787,0.2427625978056725,/opt/tabr1_results/per_cancer/os_3yr/HNSCC/repeat_02_fold_01/tabfm_default/test_predictions.csv,,,
per_cancer,os_3yr,HNSCC,2,1,autogluon,246,62,77,success,0.4734117090702057,validation split balanced accuracy,4.485355441998763,0.11250190399914572,0.6233766233766234,0.5907407407407407,0.7070707070707071,0.7,0.48148148148148145,0.6088888888888889,0.713609131585756,0.680394796075419,0.24351970030554365,/opt/tabr1_results/per_cancer/os_3yr/HNSCC/repeat_02_fold_01/autogluon/test_predictions.csv,,,
per_cancer,os_3yr,HNSCC,2,2,tabpfn_v2,246,62,77,success,0.585288405418396,validation split balanced accuracy,0.23066666400154645,5.925140831001045,0.5844155844155844,0.5898648648648649,0.5294117647058824,0.45,0.7297297297297297,0.5645270270270271,0.6255647042625395,0.6906910584153637,0.24886659319494744,/opt/tabr1_results/per_cancer/os_3yr/HNSCC/repeat_02_fold_02/tabpfn_v2/test_predictions.csv,,,
per_cancer,os_3yr,HNSCC,2,2,tabpfn_v2_5,246,62,77,success,0.575485348701477,validation split balanced accuracy,0.245288479998635,5.933616069998607,0.5584415584415584,0.5668918918918919,0.45161290322580644,0.35,0.7837837837837838,0.6043918918918918,0.6380397204806623,0.6766837649605596,0.24188066828597687,/opt/tabr1_results/per_cancer/os_3yr/HNSCC/repeat_02_fold_02/tabpfn_v2_5/test_predictions.csv,,,
per_cancer,os_3yr,HNSCC,2,2,tabpfn_v2_6,246,62,77,success,0.5641589760780334,validation split balanced accuracy,0.3026385439989099,6.643186060000517,0.5714285714285714,0.5804054054054054,0.45901639344262296,0.35,0.8108108108108109,0.5949324324324324,0.6054388138638181,0.6792786733628815,0.2429786886146464,/opt/tabr1_results/per_cancer/os_3yr/HNSCC/repeat_02_fold_02/tabpfn_v2_6/test_predictions.csv,,,
per_cancer,os_3yr,HNSCC,2,2,tabpfn_v3,246,62,77,success,0.5430163145065308,validation split balanced accuracy,0.523015912000119,4.946428645000196,0.6103896103896104,0.6158783783783783,0.5588235294117647,0.475,0.7567567567567568,0.585472972972973,0.6315648569823079,0.6874610506096087,0.24717883365956766,/opt/tabr1_results/per_cancer/os_3yr/HNSCC/repeat_02_fold_02/tabpfn_v3/test_predictions.csv,,,
per_cancer,os_3yr,HNSCC,2,2,tabfm_default,246,62,77,success,0.5216878056526184,validation split balanced accuracy,0.013080476999675739,3.463193236999359,0.5844155844155844,0.5878378378378378,0.5555555555555556,0.5,0.6756756756756757,0.5905405405405405,0.6349550935020725,0.687169966104988,0.24703011613917727,/opt/tabr1_results/per_cancer/os_3yr/HNSCC/repeat_02_fold_02/tabfm_default/test_predictions.csv,,,
per_cancer,os_3yr,HNSCC,2,2,autogluon,246,62,77,success,0.7711700201034546,validation split balanced accuracy,4.382163433001551,0.0075092520000907825,0.5584415584415584,0.5658783783783784,0.46875,0.375,0.7567567567567568,0.6091216216216216,0.6066750400476434,0.8493943522430633,0.2763580592374735,/opt/tabr1_results/per_cancer/os_3yr/HNSCC/repeat_02_fold_02/autogluon/test_predictions.csv,,,
per_cancer,os_3yr,HNSCC,2,3,tabpfn_v2,246,62,77,success,0.5991725921630859,validation split balanced accuracy,0.21188825700119196,6.40081853600168,0.5194805194805194,0.5155195681511471,0.3018867924528302,0.21052631578947367,0.8205128205128205,0.581646423751687,0.6038246614260667,0.6958930571768285,0.25145457897688794,/opt/tabr1_results/per_cancer/os_3yr/HNSCC/repeat_02_fold_03/tabpfn_v2/test_predictions.csv,,,
per_cancer,os_3yr,HNSCC,2,3,tabpfn_v2_5,246,62,77,success,0.5889158844947815,validation split balanced accuracy,0.21177153099961288,5.960754474001078,0.5844155844155844,0.5819838056680162,0.4838709677419355,0.39473684210526316,0.7692307692307693,0.6295546558704455,0.615920604237539,0.6793751801685252,0.24312207966919258,/opt/tabr1_results/per_cancer/os_3yr/HNSCC/repeat_02_fold_03/tabpfn_v2_5/test_predictions.csv,,,
per_cancer,os_3yr,HNSCC,2,3,tabpfn_v2_6,246,62,77,success,0.651750385761261,validation split balanced accuracy,0.29972687699955713,6.565938076999373,0.5064935064935064,0.5010121457489879,0.13636363636363635,0.07894736842105263,0.9230769230769231,0.5870445344129555,0.609954420954919,0.6882635677339652,0.24765360665780362,/opt/tabr1_results/per_cancer/os_3yr/HNSCC/repeat_02_fold_03/tabpfn_v2_6/test_predictions.csv,,,
per_cancer,os_3yr,HNSCC,2,3,tabpfn_v3,246,62,77,success,0.5778370499610901,validation split balanced accuracy,0.5160539700009394,4.885473135998836,0.5584415584415584,0.5536437246963563,0.2916666666666667,0.18421052631578946,0.9230769230769231,0.5951417004048583,0.6475518032417031,0.6903125286500739,0.2486516052165647,/opt/tabr1_results/per_cancer/os_3yr/HNSCC/repeat_02_fold_03/tabpfn_v3/test_predictions.csv,,,
per_cancer,os_3yr,HNSCC,2,3,tabfm_default,246,62,77,success,0.5411394834518433,validation split balanced accuracy,0.012946609000209719,3.4604460110003856,0.5844155844155844,0.5836707152496626,0.5555555555555556,0.5263157894736842,0.6410256410256411,0.5762483130904184,0.6004878831629781,0.6838157095964682,0.24546863792940063,/opt/tabr1_results/per_cancer/os_3yr/HNSCC/repeat_02_fold_03/tabfm_default/test_predictions.csv,,,
per_cancer,os_3yr,HNSCC,2,3,autogluon,246,62,77,success,0.5538277626037598,validation split balanced accuracy,4.47817214799943,0.005911235999519704,0.5194805194805194,0.5195681511470984,0.5194805194805194,0.5263157894736842,0.5128205128205128,0.6039136302294197,0.6134643245776944,0.7096042201729698,0.25516856798793003,/opt/tabr1_results/per_cancer/os_3yr/HNSCC/repeat_02_fold_03/autogluon/test_predictions.csv,,,
per_cancer,os_3yr,HNSCC,2,4,tabpfn_v2,246,62,77,success,0.5534699559211731,validation split balanced accuracy,0.2096505800000159,6.131739335998645,0.4935064935064935,0.5,0.5063291139240507,0.45454545454545453,0.5454545454545454,0.4607438016528925,0.5712726991533058,0.7236945960487634,0.2640369849248589,/opt/tabr1_results/per_cancer/os_3yr/HNSCC/repeat_02_fold_04/tabpfn_v2/test_predictions.csv,,,
per_cancer,os_3yr,HNSCC,2,4,tabpfn_v2_5,246,62,77,success,0.5751510858535767,validation split balanced accuracy,0.23816015400007018,5.883455279001282,0.5194805194805194,0.5340909090909091,0.5066666666666667,0.4318181818181818,0.6363636363636364,0.5,0.6142618201712003,0.7245624481735807,0.26410127189189325,/opt/tabr1_results/per_cancer/os_3yr/HNSCC/repeat_02_fold_04/tabpfn_v2_5/test_predictions.csv,,,
per_cancer,os_3yr,HNSCC,2,4,tabpfn_v2_6,246,62,77,success,0.6847479343414307,validation split balanced accuracy,0.29918301699945005,6.357697616000223,0.45454545454545453,0.5,0.27586206896551724,0.18181818181818182,0.8181818181818182,0.4662534435261708,0.5788996852002762,0.7488445180425629,0.27397497403183296,/opt/tabr1_results/per_cancer/os_3yr/HNSCC/repeat_02_fold_04/tabpfn_v2_6/test_predictions.csv,,,
per_cancer,os_3yr,HNSCC,2,4,tabpfn_v3,246,62,77,success,0.5812679529190063,validation split balanced accuracy,0.5138386800008448,5.019827579999401,0.45454545454545453,0.4772727272727273,0.4,0.3181818181818182,0.6363636363636364,0.446969696969697,0.5509235065944974,0.7199094262583282,0.26280725093804475,/opt/tabr1_results/per_cancer/os_3yr/HNSCC/repeat_02_fold_04/tabpfn_v3/test_predictions.csv,,,
per_cancer,os_3yr,HNSCC,2,4,tabfm_default,246,62,77,success,0.5540415644645691,validation split balanced accuracy,0.012932625999383163,3.442596999999296,0.4935064935064935,0.5151515151515151,0.4507042253521127,0.36363636363636365,0.6666666666666666,0.49276859504132225,0.5769483718143155,0.696196720811931,0.2514374721703312,/opt/tabr1_results/per_cancer/os_3yr/HNSCC/repeat_02_fold_04/tabfm_default/test_predictions.csv,,,
per_cancer,os_3yr,HNSCC,2,4,autogluon,246,62,77,success,0.6455124020576477,validation split balanced accuracy,4.4553421450000315,0.005673010999089456,0.4805194805194805,0.5151515151515151,0.375,0.2727272727272727,0.7575757575757576,0.5371900826446281,0.6214047898164252,0.6930094900517186,0.24973937363193197,/opt/tabr1_results/per_cancer/os_3yr/HNSCC/repeat_02_fold_04/autogluon/test_predictions.csv,,,
per_cancer,os_3yr,HNSCC,3,0,tabpfn_v2,246,62,77,success,0.5704455375671387,validation split balanced accuracy,0.22686048300056427,6.196282957000221,0.4025974025974026,0.43893678160919536,0.3783783783783784,0.2916666666666667,0.5862068965517241,0.5107758620689655,0.5911187654666854,0.6795169733763252,0.2429970565264238,/opt/tabr1_results/per_cancer/os_3yr/HNSCC/repeat_03_fold_00/tabpfn_v2/test_predictions.csv,,,
per_cancer,os_3yr,HNSCC,3,0,tabpfn_v2_5,246,62,77,success,0.578406572341919,validation split balanced accuracy,0.21306947999983095,5.795209772000817,0.4155844155844156,0.4561781609195402,0.3835616438356164,0.2916666666666667,0.6206896551724138,0.48706896551724144,0.5876926548476978,0.6719797247324362,0.23938021715379781,/opt/tabr1_results/per_cancer/os_3yr/HNSCC/repeat_03_fold_00/tabpfn_v2_5/test_predictions.csv,,,
per_cancer,os_3yr,HNSCC,3,0,tabpfn_v2_6,246,62,77,success,0.5994630455970764,validation split balanced accuracy,0.298688521999793,6.257178110001405,0.44155844155844154,0.49748563218390807,0.37681159420289856,0.2708333333333333,0.7241379310344828,0.507183908045977,0.5990026542305062,0.670521399483206,0.23856093656303287,/opt/tabr1_results/per_cancer/os_3yr/HNSCC/repeat_03_fold_00/tabpfn_v2_6/test_predictions.csv,,,
per_cancer,os_3yr,HNSCC,3,0,tabpfn_v3,246,62,77,success,0.5571084022521973,validation split balanced accuracy,0.5157599640006083,5.053390473000036,0.4935064935064935,0.5118534482758621,0.5185185185185185,0.4375,0.5862068965517241,0.5100574712643677,0.641096943548817,0.6680818582047771,0.23758472927712265,/opt/tabr1_results/per_cancer/os_3yr/HNSCC/repeat_03_fold_00/tabpfn_v3/test_predictions.csv,,,
per_cancer,os_3yr,HNSCC,3,0,tabfm_default,246,62,77,success,0.5260181427001953,validation split balanced accuracy,0.012780253999153501,3.6084710309987713,0.4805194805194805,0.4536637931034483,0.574468085106383,0.5625,0.3448275862068966,0.4691091954022988,0.6370833626559484,0.6715955298106298,0.239828486569149,/opt/tabr1_results/per_cancer/os_3yr/HNSCC/repeat_03_fold_00/tabfm_default/test_predictions.csv,,,
per_cancer,os_3yr,HNSCC,3,0,autogluon,246,62,77,success,0.5626189708709717,validation split balanced accuracy,4.665656442999534,0.006432834999941406,0.5324675324675324,0.5362787356321839,0.5813953488372093,0.5208333333333334,0.5517241379310345,0.47844827586206895,0.6058476149547801,0.741085468978863,0.27031518932673027,/opt/tabr1_results/per_cancer/os_3yr/HNSCC/repeat_03_fold_00/autogluon/test_predictions.csv,,,
per_cancer,os_3yr,HNSCC,3,1,tabpfn_v2,246,62,77,success,0.5282781720161438,validation split balanced accuracy,0.21149435000006633,6.376745382000081,0.5194805194805194,0.5263513513513514,0.5842696629213483,0.7027027027027027,0.35,0.5618243243243243,0.5163246783646342,0.7153354681365779,0.2597468826182945,/opt/tabr1_results/per_cancer/os_3yr/HNSCC/repeat_03_fold_01/tabpfn_v2/test_predictions.csv,,,
per_cancer,os_3yr,HNSCC,3,1,tabpfn_v2_5,246,62,77,success,0.65031898021698,validation split balanced accuracy,0.23892958299984457,5.841560689999824,0.5584415584415584,0.5496621621621622,0.41379310344827586,0.32432432432432434,0.775,0.5530405405405406,0.5344506256070445,0.7223543757430139,0.262376569399931,/opt/tabr1_results/per_cancer/os_3yr/HNSCC/repeat_03_fold_01/tabpfn_v2_5/test_predictions.csv,,,
per_cancer,os_3yr,HNSCC,3,1,tabpfn_v2_6,246,62,77,success,0.6618781089782715,validation split balanced accuracy,0.30169237199879717,6.5319214049995935,0.5324675324675324,0.5216216216216216,0.3333333333333333,0.24324324324324326,0.8,0.5260135135135136,0.5028229811514141,0.7306523940324708,0.2663505854205307,/opt/tabr1_results/per_cancer/os_3yr/HNSCC/repeat_03_fold_01/tabpfn_v2_6/test_predictions.csv,,,
per_cancer,os_3yr,HNSCC,3,1,tabpfn_v3,246,62,77,success,0.6076011657714844,validation split balanced accuracy,0.5137038960001519,4.9156316190001235,0.5324675324675324,0.5256756756756756,0.41935483870967744,0.35135135135135137,0.7,0.5462837837837838,0.5211894691354355,0.7114759980617386,0.25870652662444404,/opt/tabr1_results/per_cancer/os_3yr/HNSCC/repeat_03_fold_01/tabpfn_v3/test_predictions.csv,,,
per_cancer,os_3yr,HNSCC,3,1,tabfm_default,246,62,77,success,0.639435887336731,validation split balanced accuracy,0.012998748999962118,3.50827548199959,0.5064935064935064,0.4956081081081081,0.2962962962962963,0.21621621621621623,0.775,0.5037162162162163,0.5048391461662866,0.7315889819077811,0.2675427759643468,/opt/tabr1_results/per_cancer/os_3yr/HNSCC/repeat_03_fold_01/tabfm_default/test_predictions.csv,,,
per_cancer,os_3yr,HNSCC,3,1,autogluon,246,62,77,success,0.597797155380249,validation split balanced accuracy,4.345523828998921,0.014393748999282252,0.5584415584415584,0.5587837837837838,0.5526315789473685,0.5675675675675675,0.55,0.5804054054054054,0.5767818018956363,0.7063548333474928,0.25635111257762894,/opt/tabr1_results/per_cancer/os_3yr/HNSCC/repeat_03_fold_01/autogluon/test_predictions.csv,,,
per_cancer,os_3yr,HNSCC,3,2,tabpfn_v2,246,62,77,success,0.5552690029144287,validation split balanced accuracy,0.22835636399940995,6.229609609999898,0.45454545454545453,0.4524291497975709,0.5333333333333333,0.6153846153846154,0.2894736842105263,0.484480431848853,0.4999354556988099,0.7246807485211564,0.2647508710913197,/opt/tabr1_results/per_cancer/os_3yr/HNSCC/repeat_03_fold_02/tabpfn_v2/test_predictions.csv,,,
per_cancer,os_3yr,HNSCC,3,2,tabpfn_v2_5,246,62,77,success,0.6504143476486206,validation split balanced accuracy,0.23753763700005948,5.95404926899937,0.5324675324675324,0.5357624831309042,0.3793103448275862,0.28205128205128205,0.7894736842105263,0.5323886639676113,0.5399699660743,0.7182651909822851,0.2607049716235406,/opt/tabr1_results/per_cancer/os_3yr/HNSCC/repeat_03_fold_02/tabpfn_v2_5/test_predictions.csv,,,
per_cancer,os_3yr,HNSCC,3,2,tabpfn_v2_6,246,62,77,success,0.6217812895774841,validation split balanced accuracy,0.29687930200088886,6.270115526000154,0.4675324675324675,0.46963562753036436,0.36923076923076925,0.3076923076923077,0.631578947368421,0.5026990553306343,0.5305159344962385,0.719365273245913,0.26223775751781786,/opt/tabr1_results/per_cancer/os_3yr/HNSCC/repeat_03_fold_02/tabpfn_v2_6/test_predictions.csv,,,
per_cancer,os_3yr,HNSCC,3,2,tabpfn_v3,246,62,77,success,0.5844313502311707,validation split balanced accuracy,0.5103641590012558,4.858681973000785,0.5324675324675324,0.5357624831309042,0.3793103448275862,0.28205128205128205,0.7894736842105263,0.5283400809716599,0.530965390107448,0.700498478450907,0.25342136259924836,/opt/tabr1_results/per_cancer/os_3yr/HNSCC/repeat_03_fold_02/tabpfn_v3/test_predictions.csv,,,
per_cancer,os_3yr,HNSCC,3,2,tabfm_default,246,62,77,success,0.5732537508010864,validation split balanced accuracy,0.012919052998768166,3.461745233000329,0.5714285714285714,0.5738866396761134,0.47619047619047616,0.38461538461538464,0.7631578947368421,0.5705128205128205,0.564993628854,0.6900031343514127,0.248374033991975,/opt/tabr1_results/per_cancer/os_3yr/HNSCC/repeat_03_fold_02/tabfm_default/test_predictions.csv,,,
per_cancer,os_3yr,HNSCC,3,2,autogluon,246,62,77,success,0.3346882164478302,validation split balanced accuracy,4.217664992000209,0.005835122999997111,0.5454545454545454,0.5401484480431848,0.6788990825688074,0.9487179487179487,0.13157894736842105,0.5715249662618084,0.568530666042602,0.7479347719235558,0.2676491711505152,/opt/tabr1_results/per_cancer/os_3yr/HNSCC/repeat_03_fold_02/autogluon/test_predictions.csv,,,
per_cancer,os_3yr,HNSCC,3,3,tabpfn_v2,246,62,77,success,0.58376544713974,validation split balanced accuracy,0.20962040800077375,5.95545249099996,0.5194805194805194,0.5715287517531558,0.4307692307692308,0.30434782608695654,0.8387096774193549,0.5876577840112203,0.6942954151589484,0.6730139753999886,0.240078703998584,/opt/tabr1_results/per_cancer/os_3yr/HNSCC/repeat_03_fold_03/tabpfn_v2/test_predictions.csv,,,
per_cancer,os_3yr,HNSCC,3,3,tabpfn_v2_5,246,62,77,success,0.5362269878387451,validation split balanced accuracy,0.21138076199895295,5.897810245000073,0.5324675324675324,0.5455820476858345,0.55,0.4782608695652174,0.6129032258064516,0.5659186535764376,0.6919093214938156,0.6712422068433783,0.23935986389701316,/opt/tabr1_results/per_cancer/os_3yr/HNSCC/repeat_03_fold_03/tabpfn_v2_5/test_predictions.csv,,,
per_cancer,os_3yr,HNSCC,3,3,tabpfn_v2_6,246,62,77,success,0.5578917264938354,validation split balanced accuracy,0.30016340400106856,6.273058287000822,0.5844155844155844,0.6048387096774194,0.5897435897435898,0.5,0.7096774193548387,0.5652173913043478,0.6617317999116956,0.677076946020308,0.2420165541933078,/opt/tabr1_results/per_cancer/os_3yr/HNSCC/repeat_03_fold_03/tabpfn_v2_6/test_predictions.csv,,,
per_cancer,os_3yr,HNSCC,3,3,tabpfn_v3,246,62,77,success,0.5197536945343018,validation split balanced accuracy,0.47174526900016645,4.847015810999437,0.5064935064935064,0.4922861150070126,0.5777777777777777,0.5652173913043478,0.41935483870967744,0.5532959326788218,0.6822840081132818,0.6801985882199296,0.24362689131453716,/opt/tabr1_results/per_cancer/os_3yr/HNSCC/repeat_03_fold_03/tabpfn_v3/test_predictions.csv,,,
per_cancer,os_3yr,HNSCC,3,3,tabfm_default,246,62,77,success,0.5432940721511841,validation split balanced accuracy,0.012800364000213449,3.568763242999921,0.5064935064935064,0.5396213183730716,0.4722222222222222,0.3695652173913043,0.7096774193548387,0.5319074333800842,0.6410858257177202,0.6816585882154628,0.24439844352436021,/opt/tabr1_results/per_cancer/os_3yr/HNSCC/repeat_03_fold_03/tabfm_default/test_predictions.csv,,,
per_cancer,os_3yr,HNSCC,3,3,autogluon,246,62,77,success,0.5256519913673401,validation split balanced accuracy,4.774080672001219,0.01278505800109997,0.5324675324675324,0.5192847124824684,0.6,0.5869565217391305,0.45161290322580644,0.517531556802244,0.6468052505846085,0.7176237221770911,0.26095491120270703,/opt/tabr1_results/per_cancer/os_3yr/HNSCC/repeat_03_fold_03/autogluon/test_predictions.csv,,,
per_cancer,os_3yr,HNSCC,3,4,tabpfn_v2,247,61,77,success,0.5844866037368774,validation split balanced accuracy,0.1907391179993283,5.956867634999071,0.6363636363636364,0.6378378378378378,0.631578947368421,0.6,0.6756756756756757,0.6695945945945946,0.7494723425348498,0.6684906316979826,0.2385135327855421,/opt/tabr1_results/per_cancer/os_3yr/HNSCC/repeat_03_fold_04/tabpfn_v2/test_predictions.csv,,,
per_cancer,os_3yr,HNSCC,3,4,tabpfn_v2_5,247,61,77,success,0.5486541986465454,validation split balanced accuracy,0.2115677539986791,5.721509421999144,0.5974025974025974,0.5902027027027027,0.6666666666666666,0.775,0.40540540540540543,0.7067567567567568,0.7647440075931374,0.6512209868578694,0.2304911664393891,/opt/tabr1_results/per_cancer/os_3yr/HNSCC/repeat_03_fold_04/tabpfn_v2_5/test_predictions.csv,,,
per_cancer,os_3yr,HNSCC,3,4,tabpfn_v2_6,247,61,77,success,0.6000177264213562,validation split balanced accuracy,0.3008293450002384,6.055669187999229,0.6363636363636364,0.6398648648648648,0.6111111111111112,0.55,0.7297297297297297,0.6959459459459459,0.7806666116219333,0.656549134467554,0.23281669490881793,/opt/tabr1_results/per_cancer/os_3yr/HNSCC/repeat_03_fold_04/tabpfn_v2_6/test_predictions.csv,,,
per_cancer,os_3yr,HNSCC,3,4,tabpfn_v3,247,61,77,success,0.5851051807403564,validation split balanced accuracy,0.5156923429985909,4.930253481999898,0.5844155844155844,0.5908783783783784,0.5151515151515151,0.425,0.7567567567567568,0.6527027027027027,0.6965780263562021,0.6837692912943208,0.24550553159695584,/opt/tabr1_results/per_cancer/os_3yr/HNSCC/repeat_03_fold_04/tabpfn_v3/test_predictions.csv,,,
per_cancer,os_3yr,HNSCC,3,4,tabfm_default,247,61,77,success,0.5732538104057312,validation split balanced accuracy,0.013070351998976548,3.6604161280010885,0.6233766233766234,0.6283783783783784,0.5797101449275363,0.5,0.7567567567567568,0.6807432432432432,0.7377810268527769,0.6617038516069781,0.23503840568174106,/opt/tabr1_results/per_cancer/os_3yr/HNSCC/repeat_03_fold_04/tabfm_default/test_predictions.csv,,,
per_cancer,os_3yr,HNSCC,3,4,autogluon,247,61,77,success,0.8281567096710205,validation split balanced accuracy,5.327676173001237,0.05564564800079097,0.5974025974025974,0.6033783783783784,0.5373134328358209,0.45,0.7567567567567568,0.5851351351351352,0.625063271871539,2.013978195539655,0.35386954404413823,/opt/tabr1_results/per_cancer/os_3yr/HNSCC/repeat_03_fold_04/autogluon/test_predictions.csv,,,
per_cancer,os_3yr,HNSCC,4,0,tabpfn_v2,246,62,77,success,0.48418229818344116,validation split balanced accuracy,0.225193478001529,5.917541459999484,0.5844155844155844,0.48239942528735635,0.7288135593220338,0.8958333333333334,0.06896551724137931,0.5797413793103448,0.745612895020374,0.6638620407740752,0.23569430010417972,/opt/tabr1_results/per_cancer/os_3yr/HNSCC/repeat_04_fold_00/tabpfn_v2/test_predictions.csv,,,
per_cancer,os_3yr,HNSCC,4,0,tabpfn_v2_5,246,62,77,success,0.5129895210266113,validation split balanced accuracy,0.23783767699933378,6.064050454000608,0.5714285714285714,0.5334051724137931,0.6666666666666666,0.6875,0.3793103448275862,0.6242816091954022,0.759972990048541,0.6542568159718964,0.23101982769065346,/opt/tabr1_results/per_cancer/os_3yr/HNSCC/repeat_04_fold_00/tabpfn_v2_5/test_predictions.csv,,,
per_cancer,os_3yr,HNSCC,4,0,tabpfn_v2_6,246,62,77,success,0.5364658832550049,validation split balanced accuracy,0.29845162099991285,6.286891478001053,0.6233766233766234,0.6160201149425287,0.6813186813186813,0.6458333333333334,0.5862068965517241,0.6774425287356323,0.7848462736279828,0.653514255048648,0.23041222785166443,/opt/tabr1_results/per_cancer/os_3yr/HNSCC/repeat_04_fold_00/tabpfn_v2_6/test_predictions.csv,,,
per_cancer,os_3yr,HNSCC,4,0,tabpfn_v3,246,62,77,success,0.5488482713699341,validation split balanced accuracy,0.5120363419991918,4.679240015999312,0.5324675324675324,0.5977011494252873,0.47058823529411764,0.3333333333333333,0.8620689655172413,0.5969827586206896,0.7134941998582616,0.6698381149196012,0.23849209322298906,/opt/tabr1_results/per_cancer/os_3yr/HNSCC/repeat_04_fold_00/tabpfn_v3/test_predictions.csv,,,
per_cancer,os_3yr,HNSCC,4,0,tabfm_default,246,62,77,success,0.5021701455116272,validation split balanced accuracy,0.012902669001050526,3.3013762890004728,0.5584415584415584,0.4956896551724138,0.6792452830188679,0.75,0.2413793103448276,0.594109195402299,0.7437906364203686,0.6740821675538402,0.2405603068571839,/opt/tabr1_results/per_cancer/os_3yr/HNSCC/repeat_04_fold_00/tabfm_default/test_predictions.csv,,,
per_cancer,os_3yr,HNSCC,4,0,autogluon,246,62,77,success,0.5582888722419739,validation split balanced accuracy,4.681668332001209,0.0051141280000592815,0.44155844155844154,0.5043103448275862,0.3582089552238806,0.25,0.7586206896551724,0.589080459770115,0.691761732639252,0.6755742836885007,0.2412358282390418,/opt/tabr1_results/per_cancer/os_3yr/HNSCC/repeat_04_fold_00/autogluon/test_predictions.csv,,,
per_cancer,os_3yr,HNSCC,4,1,tabpfn_v2,246,62,77,success,0.5354022979736328,validation split balanced accuracy,0.2086483640014194,5.124462523001057,0.6103896103896104,0.6108108108108108,0.6153846153846154,0.6,0.6216216216216216,0.6016891891891892,0.6000950475291353,0.6846939861886329,0.2457634061287347,/opt/tabr1_results/per_cancer/os_3yr/HNSCC/repeat_04_fold_01/tabpfn_v2/test_predictions.csv,,,
per_cancer,os_3yr,HNSCC,4,1,tabpfn_v2_5,246,62,77,success,0.5399529337882996,validation split balanced accuracy,0.23856797299958998,6.057885259999239,0.6233766233766234,0.6222972972972973,0.6419753086419753,0.65,0.5945945945945946,0.6327702702702702,0.6098431165354335,0.6775615395735367,0.2421356866214024,/opt/tabr1_results/per_cancer/os_3yr/HNSCC/repeat_04_fold_01/tabpfn_v2_5/test_predictions.csv,,,
per_cancer,os_3yr,HNSCC,4,1,tabpfn_v2_6,246,62,77,success,0.5300444960594177,validation split balanced accuracy,0.2999627610006428,6.397803441001088,0.6103896103896104,0.6097972972972974,0.625,0.625,0.5945945945945946,0.6513513513513514,0.6324126437449628,0.6659861195061153,0.23655713974895695,/opt/tabr1_results/per_cancer/os_3yr/HNSCC/repeat_04_fold_01/tabpfn_v2_6/test_predictions.csv,,,
per_cancer,os_3yr,HNSCC,4,1,tabpfn_v3,246,62,77,success,0.549052894115448,validation split balanced accuracy,0.48225272000127006,4.709318344001076,0.6493506493506493,0.6554054054054055,0.5970149253731343,0.5,0.8108108108108109,0.6868243243243243,0.6805455576218953,0.6819977926009326,0.2444685434848598,/opt/tabr1_results/per_cancer/os_3yr/HNSCC/repeat_04_fold_01/tabpfn_v3/test_predictions.csv,,,
per_cancer,os_3yr,HNSCC,4,1,tabfm_default,246,62,77,success,0.5130178928375244,validation split balanced accuracy,0.012947720000738627,3.4123960209999495,0.5714285714285714,0.5621621621621622,0.6597938144329897,0.8,0.32432432432432434,0.5304054054054055,0.5692471825430637,0.6895244990839591,0.24821615629254315,/opt/tabr1_results/per_cancer/os_3yr/HNSCC/repeat_04_fold_01/tabfm_default/test_predictions.csv,,,
per_cancer,os_3yr,HNSCC,4,1,autogluon,246,62,77,success,0.7204390168190002,validation split balanced accuracy,4.242036906000067,0.010033212000053027,0.6363636363636364,0.6408783783783785,0.6,0.525,0.7567567567567568,0.6712837837837838,0.6298215062667406,0.8357902104486309,0.24898352332258278,/opt/tabr1_results/per_cancer/os_3yr/HNSCC/repeat_04_fold_01/autogluon/test_predictions.csv,,,
per_cancer,os_3yr,HNSCC,4,2,tabpfn_v2,246,62,77,success,0.5519534349441528,validation split balanced accuracy,0.2278366089994961,5.648286468000151,0.5974025974025974,0.6023809523809525,0.5974025974025974,0.5476190476190477,0.6571428571428571,0.6017006802721088,0.6857441889528589,0.6694088135599683,0.2392469597369498,/opt/tabr1_results/per_cancer/os_3yr/HNSCC/repeat_04_fold_02/tabpfn_v2/test_predictions.csv,,,
per_cancer,os_3yr,HNSCC,4,2,tabpfn_v2_5,246,62,77,success,0.552682638168335,validation split balanced accuracy,0.24096019500029797,5.804356695000024,0.5584415584415584,0.5595238095238095,0.575,0.5476190476190477,0.5714285714285714,0.5989795918367347,0.6738113713059558,0.6706935833652624,0.23966940862669017,/opt/tabr1_results/per_cancer/os_3yr/HNSCC/repeat_04_fold_02/tabpfn_v2_5/test_predictions.csv,,,
per_cancer,os_3yr,HNSCC,4,2,tabpfn_v2_6,246,62,77,success,0.572910487651825,validation split balanced accuracy,0.3020712830002594,6.463754855998559,0.5324675324675324,0.5452380952380953,0.4857142857142857,0.40476190476190477,0.6857142857142857,0.5853741496598639,0.6635797361595303,0.6742076039399022,0.24179708678903947,/opt/tabr1_results/per_cancer/os_3yr/HNSCC/repeat_04_fold_02/tabpfn_v2_6/test_predictions.csv,,,
per_cancer,os_3yr,HNSCC,4,2,tabpfn_v3,246,62,77,success,0.5620337128639221,validation split balanced accuracy,0.5183036969992827,4.740545937000206,0.5194805194805194,0.5214285714285714,0.5316455696202531,0.5,0.5428571428571428,0.5642857142857142,0.644394120074087,0.6764793927679249,0.24200471924080535,/opt/tabr1_results/per_cancer/os_3yr/HNSCC/repeat_04_fold_02/tabpfn_v3/test_predictions.csv,,,
per_cancer,os_3yr,HNSCC,4,2,tabfm_default,246,62,77,success,0.5943419933319092,validation split balanced accuracy,0.012850084998717648,3.4323419249994913,0.5454545454545454,0.5547619047619048,0.5205479452054794,0.4523809523809524,0.6571428571428571,0.5656462585034013,0.6715826350962625,0.6832936036705216,0.24586580383152173,/opt/tabr1_results/per_cancer/os_3yr/HNSCC/repeat_04_fold_02/tabfm_default/test_predictions.csv,,,
per_cancer,os_3yr,HNSCC,4,2,autogluon,246,62,77,success,0.5896599888801575,validation split balanced accuracy,4.525824903001194,0.012385992999043083,0.5844155844155844,0.5952380952380952,0.5555555555555556,0.47619047619047616,0.7142857142857143,0.6017006802721088,0.6494805619408787,0.6820787214520577,0.24406460734857088,/opt/tabr1_results/per_cancer/os_3yr/HNSCC/repeat_04_fold_02/autogluon/test_predictions.csv,,,
per_cancer,os_3yr,HNSCC,4,3,tabpfn_v2,246,62,77,success,0.5902001857757568,validation split balanced accuracy,0.21077673000036157,5.332682660999126,0.5714285714285714,0.5711875843454791,0.56,0.5526315789473685,0.5897435897435898,0.558029689608637,0.5772731881481213,0.7047650169529059,0.25571886484191264,/opt/tabr1_results/per_cancer/os_3yr/HNSCC/repeat_04_fold_03/tabpfn_v2/test_predictions.csv,,,
per_cancer,os_3yr,HNSCC,4,3,tabpfn_v2_5,246,62,77,success,0.5683189630508423,validation split balanced accuracy,0.24164275599832763,5.872849076000421,0.5324675324675324,0.5334008097165992,0.5609756097560976,0.6052631578947368,0.46153846153846156,0.5566801619433198,0.5759766532084106,0.7008595715198023,0.25382826559623584,/opt/tabr1_results/per_cancer/os_3yr/HNSCC/repeat_04_fold_03/tabpfn_v2_5/test_predictions.csv,,,
per_cancer,os_3yr,HNSCC,4,3,tabpfn_v2_6,246,62,77,success,0.5667004585266113,validation split balanced accuracy,0.29920064699945215,6.563316781001049,0.45454545454545453,0.4547908232118758,0.46153846153846156,0.47368421052631576,0.4358974358974359,0.5384615384615384,0.5838399615358966,0.7014551087893882,0.2541082113583443,/opt/tabr1_results/per_cancer/os_3yr/HNSCC/repeat_04_fold_03/tabpfn_v2_6/test_predictions.csv,,,
per_cancer,os_3yr,HNSCC,4,3,tabpfn_v3,246,62,77,success,0.5660221576690674,validation split balanced accuracy,0.5194145920013398,4.806510676999096,0.5324675324675324,0.5327260458839407,0.5384615384615384,0.5526315789473685,0.5128205128205128,0.5614035087719298,0.5767076158443011,0.7012879604739901,0.2540507286674688,/opt/tabr1_results/per_cancer/os_3yr/HNSCC/repeat_04_fold_03/tabpfn_v3/test_predictions.csv,,,
per_cancer,os_3yr,HNSCC,4,3,tabfm_default,246,62,77,success,0.5497480630874634,validation split balanced accuracy,0.012973603001228184,3.2743798149986105,0.5064935064935064,0.5050607287449393,0.4411764705882353,0.39473684210526316,0.6153846153846154,0.5516194331983806,0.6143835839406103,0.693313664038505,0.2501526971500014,/opt/tabr1_results/per_cancer/os_3yr/HNSCC/repeat_04_fold_03/tabfm_default/test_predictions.csv,,,
per_cancer,os_3yr,HNSCC,4,3,autogluon,246,62,77,success,0.6772428154945374,validation split balanced accuracy,4.400828568999714,0.01249516400093853,0.5974025974025974,0.5927800269905533,0.3673469387755102,0.23684210526315788,0.9487179487179487,0.5958164642375168,0.6528235621344223,0.6851978190150705,0.24693475477671034,/opt/tabr1_results/per_cancer/os_3yr/HNSCC/repeat_04_fold_03/autogluon/test_predictions.csv,,,
per_cancer,os_3yr,HNSCC,4,4,tabpfn_v2,247,61,77,success,0.5497099757194519,validation split balanced accuracy,0.21072290499978408,5.803839615999095,0.5324675324675324,0.5285714285714286,0.5714285714285714,0.5714285714285714,0.4857142857142857,0.5598639455782313,0.6277477016156701,0.6870767987753937,0.24696862400226785,/opt/tabr1_results/per_cancer/os_3yr/HNSCC/repeat_04_fold_04/tabpfn_v2/test_predictions.csv,,,
per_cancer,os_3yr,HNSCC,4,4,tabpfn_v2_5,247,61,77,success,0.686421811580658,validation split balanced accuracy,0.23966889700022875,5.798724649999713,0.4935064935064935,0.5190476190476191,0.3389830508474576,0.23809523809523808,0.8,0.6142857142857143,0.6929695109126623,0.6680612407389798,0.23807755954880408,/opt/tabr1_results/per_cancer/os_3yr/HNSCC/repeat_04_fold_04/tabpfn_v2_5/test_predictions.csv,,,
per_cancer,os_3yr,HNSCC,4,4,tabpfn_v2_6,247,61,77,success,0.5235990285873413,validation split balanced accuracy,0.3000850349999382,6.21925409799951,0.5714285714285714,0.5666666666666667,0.611764705882353,0.6190476190476191,0.5142857142857142,0.5707482993197279,0.6109872153657627,0.6906624298463495,0.24777101347535818,/opt/tabr1_results/per_cancer/os_3yr/HNSCC/repeat_04_fold_04/tabpfn_v2_6/test_predictions.csv,,,
per_cancer,os_3yr,HNSCC,4,4,tabpfn_v3,247,61,77,success,0.6573399305343628,validation split balanced accuracy,0.513968039998872,4.771744789000877,0.5324675324675324,0.569047619047619,0.28,0.16666666666666666,0.9714285714285714,0.5734693877551021,0.6408282658072291,0.6796125103100324,0.24341606786170808,/opt/tabr1_results/per_cancer/os_3yr/HNSCC/repeat_04_fold_04/tabpfn_v3/test_predictions.csv,,,
per_cancer,os_3yr,HNSCC,4,4,tabfm_default,247,61,77,success,0.6293697953224182,validation split balanced accuracy,0.013082653998935712,3.328779776000374,0.4935064935064935,0.530952380952381,0.20408163265306123,0.11904761904761904,0.9428571428571428,0.6384353741496599,0.655597977537385,0.6719032470586738,0.2392576035229988,/opt/tabr1_results/per_cancer/os_3yr/HNSCC/repeat_04_fold_04/tabfm_default/test_predictions.csv,,,
per_cancer,os_3yr,HNSCC,4,4,autogluon,247,61,77,success,0.574790358543396,validation split balanced accuracy,4.32973561900144,0.10583374599991657,0.5194805194805194,0.5285714285714286,0.4931506849315068,0.42857142857142855,0.6285714285714286,0.5129251700680272,0.5889049889849357,0.6910335866027968,0.24896550528301223,/opt/tabr1_results/per_cancer/os_3yr/HNSCC/repeat_04_fold_04/autogluon/test_predictions.csv,,,
per_cancer,os_3yr,LSCC,0,0,tabpfn_v2,227,57,71,success,0.5561331510543823,validation split balanced accuracy,0.18600268500085804,5.413673605999065,0.647887323943662,0.6121794871794872,0.3902439024390244,0.25,0.9743589743589743,0.6903044871794872,0.6895629603221247,0.656985675034856,0.23225201280485144,/opt/tabr1_results/per_cancer/os_3yr/LSCC/repeat_00_fold_00/tabpfn_v2/test_predictions.csv,,,
per_cancer,os_3yr,LSCC,0,0,tabpfn_v2_5,227,57,71,success,0.5134749412536621,validation split balanced accuracy,0.23386748600023566,5.608353174000513,0.6619718309859155,0.6362179487179487,0.5,0.375,0.8974358974358975,0.7071314102564102,0.6738137948230815,0.6461062042866156,0.22691250330001123,/opt/tabr1_results/per_cancer/os_3yr/LSCC/repeat_00_fold_00/tabpfn_v2_5/test_predictions.csv,,,
per_cancer,os_3yr,LSCC,0,0,tabpfn_v2_6,227,57,71,success,0.4722103476524353,validation split balanced accuracy,0.26747177700053726,5.922223864999978,0.676056338028169,0.6770833333333333,0.6567164179104478,0.6875,0.6666666666666666,0.6991185897435898,0.6666945418356298,0.6504672203099444,0.2290181711584318,/opt/tabr1_results/per_cancer/os_3yr/LSCC/repeat_00_fold_00/tabpfn_v2_6/test_predictions.csv,,,
per_cancer,os_3yr,LSCC,0,0,tabpfn_v3,227,57,71,success,0.4987832009792328,validation split balanced accuracy,0.4894944650004618,4.987832804999925,0.6338028169014085,0.6021634615384616,0.4090909090909091,0.28125,0.9230769230769231,0.7159455128205128,0.6860109168690287,0.6653604839838088,0.23624980555905614,/opt/tabr1_results/per_cancer/os_3yr/LSCC/repeat_00_fold_00/tabpfn_v3/test_predictions.csv,,,
per_cancer,os_3yr,LSCC,0,0,tabfm_default,227,57,71,success,0.5668712854385376,validation split balanced accuracy,0.012917568999910145,2.992493966999973,0.6056338028169014,0.5681089743589743,0.3,0.1875,0.9487179487179487,0.6774839743589745,0.629837874702053,0.6553157341607195,0.23145546525036148,/opt/tabr1_results/per_cancer/os_3yr/LSCC/repeat_00_fold_00/tabfm_default/test_predictions.csv,,,
per_cancer,os_3yr,LSCC,0,0,autogluon,227,57,71,success,0.4883253574371338,validation split balanced accuracy,4.064796626000316,0.07312575800096965,0.6197183098591549,0.639823717948718,0.6666666666666666,0.84375,0.4358974358974359,0.717548076923077,0.6580445160903423,0.6855432697154696,0.24619999734804981,/opt/tabr1_results/per_cancer/os_3yr/LSCC/repeat_00_fold_00/autogluon/test_predictions.csv,,,
per_cancer,os_3yr,LSCC,0,1,tabpfn_v2,227,57,71,success,0.4655119478702545,validation split balanced accuracy,0.19993903000067803,5.186813727999834,0.49295774647887325,0.4980127186009539,0.5384615384615384,0.6176470588235294,0.3783783783783784,0.4924483306836248,0.508639464543957,0.7647775101797886,0.27891304649103205,/opt/tabr1_results/per_cancer/os_3yr/LSCC/repeat_00_fold_01/tabpfn_v2/test_predictions.csv,,,
per_cancer,os_3yr,LSCC,0,1,tabpfn_v2_5,227,57,71,success,0.45703214406967163,validation split balanced accuracy,0.20212457200068457,5.560661681000056,0.4507042253521127,0.4562798092209857,0.5063291139240507,0.5882352941176471,0.32432432432432434,0.489268680445151,0.5169062990147875,0.7481908027041098,0.2738214631939128,/opt/tabr1_results/per_cancer/os_3yr/LSCC/repeat_00_fold_01/tabpfn_v2_5/test_predictions.csv,,,
per_cancer,os_3yr,LSCC,0,1,tabpfn_v2_6,227,57,71,success,0.5531504154205322,validation split balanced accuracy,0.29061789399929694,5.946091582000008,0.5352112676056338,0.5242448330683624,0.35294117647058826,0.2647058823529412,0.7837837837837838,0.47655007949125594,0.5200370340606397,0.7419171884230913,0.27165132777182033,/opt/tabr1_results/per_cancer/os_3yr/LSCC/repeat_00_fold_01/tabpfn_v2_6/test_predictions.csv,,,
per_cancer,os_3yr,LSCC,0,1,tabpfn_v3,227,57,71,success,0.5238882899284363,validation split balanced accuracy,0.5079695470012666,4.6851037359992915,0.4225352112676056,0.41971383147853736,0.36923076923076925,0.35294117647058826,0.4864864864864865,0.435214626391097,0.4569480349426479,0.7565024631317876,0.27789479956765784,/opt/tabr1_results/per_cancer/os_3yr/LSCC/repeat_00_fold_01/tabpfn_v3/test_predictions.csv,,,
per_cancer,os_3yr,LSCC,0,1,tabfm_default,227,57,71,success,0.49348992109298706,validation split balanced accuracy,0.012715800001387834,2.8735261740002898,0.43661971830985913,0.44395866454689986,0.5121951219512195,0.6176470588235294,0.2702702702702703,0.48052464228934816,0.500036129416021,0.7738845674951261,0.2823679470175117,/opt/tabr1_results/per_cancer/os_3yr/LSCC/repeat_00_fold_01/tabfm_default/test_predictions.csv,,,
per_cancer,os_3yr,LSCC,0,1,autogluon,227,57,71,success,0.4121488332748413,validation split balanced accuracy,4.412135733999094,0.06302397699982976,0.4084507042253521,0.40620031796502387,0.36363636363636365,0.35294117647058826,0.4594594594594595,0.37639109697933226,0.44402996240488607,0.8378897352207646,0.31529364009244903,/opt/tabr1_results/per_cancer/os_3yr/LSCC/repeat_00_fold_01/autogluon/test_predictions.csv,,,
per_cancer,os_3yr,LSCC,0,2,tabpfn_v2,227,57,71,success,0.45995163917541504,validation split balanced accuracy,0.22465396699954,3.8989506540001457,0.5633802816901409,0.5721690590111643,0.5974025974025974,0.696969696969697,0.4473684210526316,0.5199362041467304,0.4709455721015944,0.6919840537990051,0.24941489020309335,/opt/tabr1_results/per_cancer/os_3yr/LSCC/repeat_00_fold_02/tabpfn_v2/test_predictions.csv,,,
per_cancer,os_3yr,LSCC,0,2,tabpfn_v2_5,227,57,71,success,0.49783074855804443,validation split balanced accuracy,0.26735233700128447,5.4854970180003875,0.5774647887323944,0.567384370015949,0.4827586206896552,0.42424242424242425,0.7105263157894737,0.5534290271132377,0.4874592297171512,0.6897554618101943,0.24829773453821027,/opt/tabr1_results/per_cancer/os_3yr/LSCC/repeat_00_fold_02/tabpfn_v2_5/test_predictions.csv,,,
per_cancer,os_3yr,LSCC,0,2,tabpfn_v2_6,227,57,71,success,0.4371544420719147,validation split balanced accuracy,0.31330957299906004,5.975272667999889,0.5352112676056338,0.539872408293461,0.547945205479452,0.6060606060606061,0.47368421052631576,0.4824561403508772,0.45930083099460245,0.7295975131541274,0.26650624614638674,/opt/tabr1_results/per_cancer/os_3yr/LSCC/repeat_00_fold_02/tabpfn_v2_6/test_predictions.csv,,,
per_cancer,os_3yr,LSCC,0,2,tabpfn_v3,227,57,71,success,0.4583038091659546,validation split balanced accuracy,0.5121215759991173,4.755723973001295,0.5633802816901409,0.5661881977671451,0.5633802816901409,0.6060606060606061,0.5263157894736842,0.4896331738437001,0.4624727407346125,0.6984689448914788,0.2526219654512066,/opt/tabr1_results/per_cancer/os_3yr/LSCC/repeat_00_fold_02/tabpfn_v3/test_predictions.csv,,,
per_cancer,os_3yr,LSCC,0,2,tabfm_default,227,57,71,success,0.5774953961372375,validation split balanced accuracy,0.012823444998502964,2.7872500739995303,0.5211267605633803,0.49082934609250395,0.10526315789473684,0.06060606060606061,0.9210526315789473,0.5255183413078149,0.48978485701324875,0.6965837854736648,0.2516023559717923,/opt/tabr1_results/per_cancer/os_3yr/LSCC/repeat_00_fold_02/tabfm_default/test_predictions.csv,,,
per_cancer,os_3yr,LSCC,0,2,autogluon,227,57,71,success,0.4580838680267334,validation split balanced accuracy,4.095425802999671,0.005225886001426261,0.5070422535211268,0.5175438596491228,0.5569620253164557,0.6666666666666666,0.3684210526315789,0.5043859649122807,0.4604360332345997,0.6913286592048093,0.24909578303038354,/opt/tabr1_results/per_cancer/os_3yr/LSCC/repeat_00_fold_02/autogluon/test_predictions.csv,,,
per_cancer,os_3yr,LSCC,0,3,tabpfn_v2,227,57,71,success,0.4807538390159607,validation split balanced accuracy,0.22741829400001734,4.129635617000531,0.6056338028169014,0.6035714285714285,0.6585365853658537,0.75,0.45714285714285713,0.6626984126984126,0.651267285460548,0.6771523470162563,0.24208996483204576,/opt/tabr1_results/per_cancer/os_3yr/LSCC/repeat_00_fold_03/tabpfn_v2/test_predictions.csv,,,
per_cancer,os_3yr,LSCC,0,3,tabpfn_v2_5,227,57,71,success,0.4848145842552185,validation split balanced accuracy,0.24133367299873498,5.569320499000241,0.5633802816901409,0.5630952380952381,0.5753424657534246,0.5833333333333334,0.5428571428571428,0.6571428571428571,0.6447729128337847,0.676372975396765,0.24171543067101467,/opt/tabr1_results/per_cancer/os_3yr/LSCC/repeat_00_fold_03/tabpfn_v2_5/test_predictions.csv,,,
per_cancer,os_3yr,LSCC,0,3,tabpfn_v2_6,227,57,71,success,0.5150347948074341,validation split balanced accuracy,0.3132090409999364,5.948328687998583,0.5070422535211268,0.5107142857142857,0.33962264150943394,0.25,0.7714285714285715,0.6150793650793651,0.5815522202753156,0.6627640140986173,0.2354347203765868,/opt/tabr1_results/per_cancer/os_3yr/LSCC/repeat_00_fold_03/tabpfn_v2_6/test_predictions.csv,,,
per_cancer,os_3yr,LSCC,0,3,tabpfn_v3,227,57,71,success,0.4723617434501648,validation split balanced accuracy,0.4901608469990606,4.781819069999983,0.5774647887323944,0.5765873015873015,0.6052631578947368,0.6388888888888888,0.5142857142857142,0.6563492063492063,0.6440626687407884,0.6845610152450047,0.24573773197429535,/opt/tabr1_results/per_cancer/os_3yr/LSCC/repeat_00_fold_03/tabpfn_v3/test_predictions.csv,,,
per_cancer,os_3yr,LSCC,0,3,tabfm_default,227,57,71,success,0.4739818274974823,validation split balanced accuracy,0.013064552000287222,3.2058811169990804,0.5915492957746479,0.5873015873015872,0.6881720430107527,0.8888888888888888,0.2857142857142857,0.6384920634920634,0.5982224268117575,0.6792819209346221,0.24313782285940627,/opt/tabr1_results/per_cancer/os_3yr/LSCC/repeat_00_fold_03/tabfm_default/test_predictions.csv,,,
per_cancer,os_3yr,LSCC,0,3,autogluon,227,57,71,success,0.47613680362701416,validation split balanced accuracy,3.837650808000035,0.022144868000395945,0.5633802816901409,0.5630952380952381,0.5753424657534246,0.5833333333333334,0.5428571428571428,0.5650793650793652,0.5197057055227161,0.6907384144722027,0.24880075634835783,/opt/tabr1_results/per_cancer/os_3yr/LSCC/repeat_00_fold_03/autogluon/test_predictions.csv,,,
per_cancer,os_3yr,LSCC,0,4,tabpfn_v2,227,57,71,success,0.44689491391181946,validation split balanced accuracy,0.20879626099849702,3.7920979159989656,0.5352112676056338,0.5392857142857144,0.6373626373626373,0.8285714285714286,0.25,0.5174603174603174,0.4804068180990048,0.6922807217593981,0.24962834598467953,/opt/tabr1_results/per_cancer/os_3yr/LSCC/repeat_00_fold_04/tabpfn_v2/test_predictions.csv,,,
per_cancer,os_3yr,LSCC,0,4,tabpfn_v2_5,227,57,71,success,0.42752963304519653,validation split balanced accuracy,0.2667877999992925,5.62824838799861,0.5352112676056338,0.5392857142857144,0.6373626373626373,0.8285714285714286,0.25,0.5365079365079366,0.5531853039179926,0.6916396104706879,0.2492995505745691,/opt/tabr1_results/per_cancer/os_3yr/LSCC/repeat_00_fold_04/tabpfn_v2_5/test_predictions.csv,,,
per_cancer,os_3yr,LSCC,0,4,tabpfn_v2_6,227,57,71,success,0.3726821839809418,validation split balanced accuracy,0.31249310900057026,5.9919723460006935,0.5070422535211268,0.5107142857142857,0.6067415730337079,0.7714285714285715,0.25,0.5325396825396824,0.5215089941192939,0.7188369791592408,0.2618126198303913,/opt/tabr1_results/per_cancer/os_3yr/LSCC/repeat_00_fold_04/tabpfn_v2_6/test_predictions.csv,,,
per_cancer,os_3yr,LSCC,0,4,tabpfn_v3,227,57,71,success,0.414521187543869,validation split balanced accuracy,0.5428971349992935,4.792416696000146,0.5211267605633803,0.5253968253968254,0.6304347826086957,0.8285714285714286,0.2222222222222222,0.5333333333333333,0.5546370291521283,0.6963800861626548,0.2516575952654041,/opt/tabr1_results/per_cancer/os_3yr/LSCC/repeat_00_fold_04/tabpfn_v3/test_predictions.csv,,,
per_cancer,os_3yr,LSCC,0,4,tabfm_default,227,57,71,success,0.42674627900123596,validation split balanced accuracy,0.012821013000575476,2.6767073609989893,0.5492957746478874,0.5531746031746032,0.6444444444444445,0.8285714285714286,0.2777777777777778,0.5488095238095239,0.5093898587589439,0.6945853170604861,0.2505890949399505,/opt/tabr1_results/per_cancer/os_3yr/LSCC/repeat_00_fold_04/tabfm_default/test_predictions.csv,,,
per_cancer,os_3yr,LSCC,0,4,autogluon,227,57,71,success,0.26258569955825806,validation split balanced accuracy,3.8935381219998817,0.05017128300096374,0.4507042253521127,0.45674603174603173,0.6138613861386139,0.8857142857142857,0.027777777777777776,0.473015873015873,0.49377459408948193,0.8195175359569404,0.30617897772705516,/opt/tabr1_results/per_cancer/os_3yr/LSCC/repeat_00_fold_04/autogluon/test_predictions.csv,,,
per_cancer,os_3yr,LSCC,1,0,tabpfn_v2,227,57,71,success,0.460787296295166,validation split balanced accuracy,0.22815913100021135,3.737619666999308,0.6338028169014085,0.6369047619047619,0.6976744186046512,0.8571428571428571,0.4166666666666667,0.5940476190476189,0.5803298424722286,0.6792200617981645,0.24317858864958503,/opt/tabr1_results/per_cancer/os_3yr/LSCC/repeat_01_fold_00/tabpfn_v2/test_predictions.csv,,,
per_cancer,os_3yr,LSCC,1,0,tabpfn_v2_5,227,57,71,success,0.4354281723499298,validation split balanced accuracy,0.2682959670000855,5.276223446999211,0.5774647887323944,0.5817460317460317,0.6739130434782609,0.8857142857142857,0.2777777777777778,0.5924603174603174,0.5752493792060298,0.6796363855478136,0.24336566607357277,/opt/tabr1_results/per_cancer/os_3yr/LSCC/repeat_01_fold_00/tabpfn_v2_5/test_predictions.csv,,,
per_cancer,os_3yr,LSCC,1,0,tabpfn_v2_6,227,57,71,success,0.5791425108909607,validation split balanced accuracy,0.31291567200059944,5.853861947000041,0.5633802816901409,0.5587301587301587,0.3404255319148936,0.22857142857142856,0.8888888888888888,0.6440476190476191,0.6201349404911903,0.6644545303116632,0.23590049345302852,/opt/tabr1_results/per_cancer/os_3yr/LSCC/repeat_01_fold_00/tabpfn_v2_6/test_predictions.csv,,,
per_cancer,os_3yr,LSCC,1,0,tabpfn_v3,227,57,71,success,0.49932175874710083,validation split balanced accuracy,0.5558257930006221,4.749544385998888,0.5492957746478874,0.5444444444444444,0.30434782608695654,0.2,0.8888888888888888,0.6345238095238095,0.5980360772099187,0.6762761389569416,0.24169408121511296,/opt/tabr1_results/per_cancer/os_3yr/LSCC/repeat_01_fold_00/tabpfn_v3/test_predictions.csv,,,
per_cancer,os_3yr,LSCC,1,0,tabfm_default,227,57,71,success,0.44810420274734497,validation split balanced accuracy,0.012659414998779539,3.2016962279994914,0.6056338028169014,0.609920634920635,0.6956521739130435,0.9142857142857143,0.3055555555555556,0.6452380952380952,0.6322975610478143,0.6632703320604005,0.23537101157434512,/opt/tabr1_results/per_cancer/os_3yr/LSCC/repeat_01_fold_00/tabfm_default/test_predictions.csv,,,
per_cancer,os_3yr,LSCC,1,0,autogluon,227,57,71,success,0.4310872256755829,validation split balanced accuracy,3.721509363998848,0.22971785599838768,0.5352112676056338,0.5376984126984127,0.6024096385542169,0.7142857142857143,0.3611111111111111,0.5813492063492063,0.5888259164068597,0.6810907181619656,0.24418467959180676,/opt/tabr1_results/per_cancer/os_3yr/LSCC/repeat_01_fold_00/autogluon/test_predictions.csv,,,
per_cancer,os_3yr,LSCC,1,1,tabpfn_v2,227,57,71,success,0.5238979458808899,validation split balanced accuracy,0.21242712800085428,5.533928849001313,0.6197183098591549,0.6100953895071541,0.49056603773584906,0.38235294117647056,0.8378378378378378,0.5779014308426073,0.5732722351213472,0.6825424358208407,0.24467781966153154,/opt/tabr1_results/per_cancer/os_3yr/LSCC/repeat_01_fold_01/tabpfn_v2/test_predictions.csv,,,
per_cancer,os_3yr,LSCC,1,1,tabpfn_v2_5,227,57,71,success,0.48815903067588806,validation split balanced accuracy,0.2065040930010582,5.355244489001052,0.5211267605633803,0.5166931637519873,0.45161290322580644,0.4117647058823529,0.6216216216216216,0.5500794912559618,0.5512987782803451,0.6916914816212596,0.24918861625904312,/opt/tabr1_results/per_cancer/os_3yr/LSCC/repeat_01_fold_01/tabpfn_v2_5/test_predictions.csv,,,
per_cancer,os_3yr,LSCC,1,1,tabpfn_v2_6,227,57,71,success,0.31438255310058594,validation split balanced accuracy,0.29467532300077437,5.795590871999593,0.49295774647887325,0.5123211446740858,0.6470588235294118,0.9705882352941176,0.05405405405405406,0.5794912559618443,0.5572155211777192,0.6920496831813643,0.24947595037431605,/opt/tabr1_results/per_cancer/os_3yr/LSCC/repeat_01_fold_01/tabpfn_v2_6/test_predictions.csv,,,
per_cancer,os_3yr,LSCC,1,1,tabpfn_v3,227,57,71,success,0.40349283814430237,validation split balanced accuracy,0.5101243339995563,4.751975405999474,0.5492957746478874,0.5580286168521462,0.6190476190476191,0.7647058823529411,0.35135135135135137,0.5699523052464228,0.568531739382363,0.6861204354023175,0.24659828517722876,/opt/tabr1_results/per_cancer/os_3yr/LSCC/repeat_01_fold_01/tabpfn_v3/test_predictions.csv,,,
per_cancer,os_3yr,LSCC,1,1,tabfm_default,227,57,71,success,0.465333491563797,validation split balanced accuracy,0.01305491800121672,2.6542865089995757,0.5211267605633803,0.525039745627981,0.5526315789473685,0.6176470588235294,0.43243243243243246,0.5310015898251192,0.546297400624862,0.6908099283887249,0.24882538829722983,/opt/tabr1_results/per_cancer/os_3yr/LSCC/repeat_01_fold_01/tabfm_default/test_predictions.csv,,,
per_cancer,os_3yr,LSCC,1,1,autogluon,227,57,71,success,0.42866310477256775,validation split balanced accuracy,4.593352036001306,0.016972883999187616,0.5492957746478874,0.5520667726550079,0.5675675675675675,0.6176470588235294,0.4864864864864865,0.5858505564387918,0.5500025645926666,0.7866263545126447,0.2746577426297499,/opt/tabr1_results/per_cancer/os_3yr/LSCC/repeat_01_fold_01/autogluon/test_predictions.csv,,,
per_cancer,os_3yr,LSCC,1,2,tabpfn_v2,227,57,71,success,0.3858269155025482,validation split balanced accuracy,0.22540752299937594,3.757080538000082,0.5492957746478874,0.5448412698412699,0.6595744680851063,0.8611111111111112,0.22857142857142856,0.5214285714285715,0.5560494253221903,0.7004847844847986,0.2536616909375899,/opt/tabr1_results/per_cancer/os_3yr/LSCC/repeat_01_fold_02/tabpfn_v2/test_predictions.csv,,,
per_cancer,os_3yr,LSCC,1,2,tabpfn_v2_5,227,57,71,success,0.41472235321998596,validation split balanced accuracy,0.2404808339997544,5.482546478999211,0.5492957746478874,0.5460317460317461,0.6363636363636364,0.7777777777777778,0.3142857142857143,0.49920634920634915,0.5245586112734988,0.7038941821012565,0.25537935117435073,/opt/tabr1_results/per_cancer/os_3yr/LSCC/repeat_01_fold_02/tabpfn_v2_5/test_predictions.csv,,,
per_cancer,os_3yr,LSCC,1,2,tabpfn_v2_6,227,57,71,success,0.33306610584259033,validation split balanced accuracy,0.31198204000065743,6.1691070970009605,0.5492957746478874,0.5456349206349207,0.6444444444444445,0.8055555555555556,0.2857142857142857,0.5,0.5361419665861361,0.7242483447485643,0.2648586758059622,/opt/tabr1_results/per_cancer/os_3yr/LSCC/repeat_01_fold_02/tabpfn_v2_6/test_predictions.csv,,,
per_cancer,os_3yr,LSCC,1,2,tabpfn_v3,227,57,71,success,0.44573286175727844,validation split balanced accuracy,0.5559562720009126,4.681727974000751,0.5774647887323944,0.5738095238095238,0.6666666666666666,0.8333333333333334,0.3142857142857143,0.5,0.5240425903814188,0.6969708510495944,0.2519128188391395,/opt/tabr1_results/per_cancer/os_3yr/LSCC/repeat_01_fold_02/tabpfn_v3/test_predictions.csv,,,
per_cancer,os_3yr,LSCC,1,2,tabfm_default,227,57,71,success,0.4140562117099762,validation split balanced accuracy,0.012905975001558545,2.660699576001207,0.5633802816901409,0.5595238095238095,0.6593406593406593,0.8333333333333334,0.2857142857142857,0.5305555555555556,0.5566454022141609,0.6932592824821977,0.25013548410567693,/opt/tabr1_results/per_cancer/os_3yr/LSCC/repeat_01_fold_02/tabfm_default/test_predictions.csv,,,
per_cancer,os_3yr,LSCC,1,2,autogluon,227,57,71,success,0.3743915557861328,validation split balanced accuracy,3.9253317109996715,0.005379370999435196,0.5774647887323944,0.573015873015873,0.6808510638297872,0.8888888888888888,0.2571428571428571,0.5047619047619047,0.5539305092721174,0.7028703516315621,0.25484581919340804,/opt/tabr1_results/per_cancer/os_3yr/LSCC/repeat_01_fold_02/autogluon/test_predictions.csv,,,
per_cancer,os_3yr,LSCC,1,3,tabpfn_v2,227,57,71,success,0.5252013206481934,validation split balanced accuracy,0.22499452800002473,3.9889881260005495,0.5070422535211268,0.4936204146730463,0.36363636363636365,0.30303030303030304,0.6842105263157895,0.5538277511961722,0.49734628917712864,0.6773512607926674,0.24222423205710752,/opt/tabr1_results/per_cancer/os_3yr/LSCC/repeat_01_fold_03/tabpfn_v2/test_predictions.csv,,,
per_cancer,os_3yr,LSCC,1,3,tabpfn_v2_5,227,57,71,success,0.5394759178161621,validation split balanced accuracy,0.2701203060005355,5.378370496999196,0.4647887323943662,0.4441786283891547,0.20833333333333334,0.15151515151515152,0.7368421052631579,0.5394736842105262,0.4673179171400901,0.6797984447318636,0.24347689562962757,/opt/tabr1_results/per_cancer/os_3yr/LSCC/repeat_01_fold_03/tabpfn_v2_5/test_predictions.csv,,,
per_cancer,os_3yr,LSCC,1,3,tabpfn_v2_6,227,57,71,success,0.5663935542106628,validation split balanced accuracy,0.31470860600165906,6.110085406999133,0.49295774647887325,0.46451355661881977,0.1,0.06060606060606061,0.868421052631579,0.5059808612440192,0.46771662754180654,0.677630048949363,0.242619718422249,/opt/tabr1_results/per_cancer/os_3yr/LSCC/repeat_01_fold_03/tabpfn_v2_6/test_predictions.csv,,,
per_cancer,os_3yr,LSCC,1,3,tabpfn_v3,227,57,71,success,0.512474536895752,validation split balanced accuracy,0.5566406960006134,4.785684797998329,0.5352112676056338,0.5259170653907497,0.4406779661016949,0.3939393939393939,0.6578947368421053,0.5594098883572568,0.5429152664090902,0.6779915462263268,0.2424905760572533,/opt/tabr1_results/per_cancer/os_3yr/LSCC/repeat_01_fold_03/tabpfn_v3/test_predictions.csv,,,
per_cancer,os_3yr,LSCC,1,3,tabfm_default,227,57,71,success,0.5518957376480103,validation split balanced accuracy,0.012762584001393407,2.6695106550014316,0.5352112676056338,0.5019936204146731,0.05714285714285714,0.030303030303030304,0.9736842105263158,0.6072567783094099,0.5334939840488743,0.6741416311302706,0.2407114184826998,/opt/tabr1_results/per_cancer/os_3yr/LSCC/repeat_01_fold_03/tabfm_default/test_predictions.csv,,,
per_cancer,os_3yr,LSCC,1,3,autogluon,227,57,71,success,0.46209537982940674,validation split balanced accuracy,4.131314737000139,0.005374673000915209,0.5633802816901409,0.5781499202551834,0.6265060240963856,0.7878787878787878,0.3684210526315789,0.5721690590111643,0.511860097286811,0.6837928485341556,0.24526318889820511,/opt/tabr1_results/per_cancer/os_3yr/LSCC/repeat_01_fold_03/autogluon/test_predictions.csv,,,
per_cancer,os_3yr,LSCC,1,4,tabpfn_v2,227,57,71,success,0.5181506276130676,validation split balanced accuracy,0.206268137000734,4.164075533000869,0.5492957746478874,0.5392628205128205,0.4666666666666667,0.4375,0.6410256410256411,0.5384615384615384,0.48922764202119584,0.6890276302053372,0.2479518844344183,/opt/tabr1_results/per_cancer/os_3yr/LSCC/repeat_01_fold_04/tabpfn_v2/test_predictions.csv,,,
per_cancer,os_3yr,LSCC,1,4,tabpfn_v2_5,227,57,71,success,0.5227259397506714,validation split balanced accuracy,0.2643177199988713,5.585892519000481,0.5070422535211268,0.5036057692307692,0.46153846153846156,0.46875,0.5384615384615384,0.5328525641025641,0.4566927958587816,0.6971110378169032,0.25162307458512734,/opt/tabr1_results/per_cancer/os_3yr/LSCC/repeat_01_fold_04/tabpfn_v2_5/test_predictions.csv,,,
per_cancer,os_3yr,LSCC,1,4,tabpfn_v2_6,227,57,71,success,0.4529310464859009,validation split balanced accuracy,0.30955377600002976,5.75840252099988,0.5211267605633803,0.5444711538461539,0.5952380952380952,0.78125,0.3076923076923077,0.5641025641025641,0.5229297378338714,0.6900966535774176,0.24843446534221475,/opt/tabr1_results/per_cancer/os_3yr/LSCC/repeat_01_fold_04/tabpfn_v2_6/test_predictions.csv,,,
per_cancer,os_3yr,LSCC,1,4,tabpfn_v3,227,57,71,success,0.5481055974960327,validation split balanced accuracy,0.5503989119988546,4.7321600720006245,0.49295774647887325,0.4599358974358974,0.18181818181818182,0.125,0.7948717948717948,0.5472756410256411,0.47693965884932904,0.6879480656133292,0.24743391526823483,/opt/tabr1_results/per_cancer/os_3yr/LSCC/repeat_01_fold_04/tabpfn_v3/test_predictions.csv,,,
per_cancer,os_3yr,LSCC,1,4,tabfm_default,227,57,71,success,0.5389832258224487,validation split balanced accuracy,0.01275955600067391,2.9010226350001176,0.5633802816901409,0.546474358974359,0.43636363636363634,0.375,0.717948717948718,0.5641025641025641,0.4906915276106451,0.6897746747325939,0.24825631477210008,/opt/tabr1_results/per_cancer/os_3yr/LSCC/repeat_01_fold_04/tabfm_default/test_predictions.csv,,,
per_cancer,os_3yr,LSCC,1,4,autogluon,227,57,71,success,0.39400914311408997,validation split balanced accuracy,4.354410141999324,0.007434538001689361,0.5915492957746479,0.5973557692307692,0.5915492957746479,0.65625,0.5384615384615384,0.5905448717948718,0.5156763162393725,0.8970431780440812,0.29455048595556516,/opt/tabr1_results/per_cancer/os_3yr/LSCC/repeat_01_fold_04/autogluon/test_predictions.csv,,,
per_cancer,os_3yr,LSCC,2,0,tabpfn_v2,227,57,71,success,0.46911942958831787,validation split balanced accuracy,0.20603206499981752,4.2367781009998,0.49295774647887325,0.5173387096774194,0.55,0.7096774193548387,0.325,0.5096774193548388,0.44876529099810625,0.687286504098268,0.24712077450196962,/opt/tabr1_results/per_cancer/os_3yr/LSCC/repeat_02_fold_00/tabpfn_v2/test_predictions.csv,,,
per_cancer,os_3yr,LSCC,2,0,tabpfn_v2_5,227,57,71,success,0.44549819827079773,validation split balanced accuracy,0.2363679019999836,5.6488331540003855,0.4788732394366197,0.5120967741935484,0.5647058823529412,0.7741935483870968,0.25,0.5120967741935484,0.45285264314777574,0.6890794070515206,0.24802108450288204,/opt/tabr1_results/per_cancer/os_3yr/LSCC/repeat_02_fold_00/tabpfn_v2_5/test_predictions.csv,,,
per_cancer,os_3yr,LSCC,2,0,tabpfn_v2_6,227,57,71,success,0.5215117335319519,validation split balanced accuracy,0.31027307600015774,5.944885128999886,0.4788732394366197,0.45040322580645165,0.27450980392156865,0.22580645161290322,0.675,0.5112903225806451,0.4530765829851816,0.6973024715623916,0.2519885897784819,/opt/tabr1_results/per_cancer/os_3yr/LSCC/repeat_02_fold_00/tabpfn_v2_6/test_predictions.csv,,,
per_cancer,os_3yr,LSCC,2,0,tabpfn_v3,227,57,71,success,0.45488467812538147,validation split balanced accuracy,0.5517669359996944,4.780455408999842,0.5070422535211268,0.5298387096774193,0.5569620253164557,0.7096774193548387,0.35,0.525,0.45923377191972825,0.6863942250613009,0.2466598231391624,/opt/tabr1_results/per_cancer/os_3yr/LSCC/repeat_02_fold_00/tabpfn_v3/test_predictions.csv,,,
per_cancer,os_3yr,LSCC,2,0,tabfm_default,227,57,71,success,0.4783121943473816,validation split balanced accuracy,0.012685105999480584,2.6811845720003475,0.49295774647887325,0.5245967741935484,0.5714285714285714,0.7741935483870968,0.275,0.5016129032258064,0.424131568068342,0.7108211994746861,0.25597220361696515,/opt/tabr1_results/per_cancer/os_3yr/LSCC/repeat_02_fold_00/tabfm_default/test_predictions.csv,,,
per_cancer,os_3yr,LSCC,2,0,autogluon,227,57,71,success,0.5035149455070496,validation split balanced accuracy,4.447530175999418,0.010231137999653583,0.49295774647887325,0.48104838709677417,0.4,0.3870967741935484,0.575,0.49758064516129036,0.49376772962189586,0.6950483109291911,0.25099628364261056,/opt/tabr1_results/per_cancer/os_3yr/LSCC/repeat_02_fold_00/autogluon/test_predictions.csv,,,
per_cancer,os_3yr,LSCC,2,1,tabpfn_v2,227,57,71,success,0.45940980315208435,validation split balanced accuracy,0.22163152100074512,4.047001103999719,0.5070422535211268,0.5189516129032258,0.4927536231884058,0.425,0.6129032258064516,0.5512096774193549,0.5900254907650158,0.7107590854003558,0.2586508134663104,/opt/tabr1_results/per_cancer/os_3yr/LSCC/repeat_02_fold_01/tabpfn_v2/test_predictions.csv,,,
per_cancer,os_3yr,LSCC,2,1,tabpfn_v2_5,227,57,71,success,0.45896708965301514,validation split balanced accuracy,0.23712135299865622,5.5570134469999175,0.49295774647887325,0.49919354838709673,0.5,0.45,0.5483870967741935,0.5326612903225807,0.5694146784570031,0.70937385225074,0.2580336883335275,/opt/tabr1_results/per_cancer/os_3yr/LSCC/repeat_02_fold_01/tabpfn_v2_5/test_predictions.csv,,,
per_cancer,os_3yr,LSCC,2,1,tabpfn_v2_6,227,57,71,success,0.4677446484565735,validation split balanced accuracy,0.3111992789999931,6.082060706999982,0.5774647887323944,0.5778225806451613,0.6052631578947368,0.575,0.5806451612903226,0.5294354838709678,0.551140843286236,0.7137664257807875,0.25968001960195847,/opt/tabr1_results/per_cancer/os_3yr/LSCC/repeat_02_fold_01/tabpfn_v2_6/test_predictions.csv,,,
per_cancer,os_3yr,LSCC,2,1,tabpfn_v3,227,57,71,success,0.4408802390098572,validation split balanced accuracy,0.5198204910011555,4.7575262210011715,0.5774647887323944,0.5633064516129033,0.6428571428571429,0.675,0.45161290322580644,0.5754032258064516,0.6541445372451078,0.7085255500535891,0.2575120075701366,/opt/tabr1_results/per_cancer/os_3yr/LSCC/repeat_02_fold_01/tabpfn_v3/test_predictions.csv,,,
per_cancer,os_3yr,LSCC,2,1,tabfm_default,227,57,71,success,0.46965542435646057,validation split balanced accuracy,0.012893539000288001,2.64417112800038,0.5492957746478874,0.5310483870967742,0.627906976744186,0.675,0.3870967741935484,0.5463709677419355,0.5857980908365615,0.7007671111677246,0.2536606691962051,/opt/tabr1_results/per_cancer/os_3yr/LSCC/repeat_02_fold_01/tabfm_default/test_predictions.csv,,,
per_cancer,os_3yr,LSCC,2,1,autogluon,227,57,71,success,0.46881893277168274,validation split balanced accuracy,4.038452311000583,0.040711968000323395,0.5211267605633803,0.5096774193548387,0.5853658536585366,0.6,0.41935483870967744,0.4891129032258065,0.5410900409784579,0.7088363577831613,0.257369841736871,/opt/tabr1_results/per_cancer/os_3yr/LSCC/repeat_02_fold_01/autogluon/test_predictions.csv,,,
per_cancer,os_3yr,LSCC,2,2,tabpfn_v2,227,57,71,success,0.4735180139541626,validation split balanced accuracy,0.22120158600046125,5.1839399820000835,0.5774647887323944,0.5805555555555556,0.6511627906976745,0.8,0.3611111111111111,0.611904761904762,0.6346902874073501,0.6801313424238035,0.24353242401607408,/opt/tabr1_results/per_cancer/os_3yr/LSCC/repeat_02_fold_02/tabpfn_v2/test_predictions.csv,,,
per_cancer,os_3yr,LSCC,2,2,tabpfn_v2_5,227,57,71,success,0.44088977575302124,validation split balanced accuracy,0.2346846029995504,5.618348014999356,0.5915492957746479,0.5956349206349206,0.6813186813186813,0.8857142857142857,0.3055555555555556,0.5952380952380952,0.6207517893372434,0.6796607811071145,0.24331072719912794,/opt/tabr1_results/per_cancer/os_3yr/LSCC/repeat_02_fold_02/tabpfn_v2_5/test_predictions.csv,,,
per_cancer,os_3yr,LSCC,2,2,tabpfn_v2_6,227,57,71,success,0.4507909119129181,validation split balanced accuracy,0.29468751900094503,5.954267928000263,0.5633802816901409,0.5654761904761905,0.6172839506172839,0.7142857142857143,0.4166666666666667,0.5873015873015872,0.6038300800220741,0.6778626195521515,0.24262240157899573,/opt/tabr1_results/per_cancer/os_3yr/LSCC/repeat_02_fold_02/tabpfn_v2_6/test_predictions.csv,,,
per_cancer,os_3yr,LSCC,2,2,tabpfn_v3,227,57,71,success,0.45272985100746155,validation split balanced accuracy,0.513626308998937,4.715868020999551,0.5774647887323944,0.5817460317460317,0.6739130434782609,0.8857142857142857,0.2777777777777778,0.6071428571428572,0.5856952438746525,0.6868816276914188,0.2468765956454086,/opt/tabr1_results/per_cancer/os_3yr/LSCC/repeat_02_fold_02/tabpfn_v3/test_predictions.csv,,,
per_cancer,os_3yr,LSCC,2,2,tabfm_default,227,57,71,success,0.46101680397987366,validation split balanced accuracy,0.0129680610007199,2.661645950998718,0.6197183098591549,0.6242063492063492,0.7096774193548387,0.9428571428571428,0.3055555555555556,0.6615079365079364,0.6841755840441706,0.6783681863715563,0.24263271082183105,/opt/tabr1_results/per_cancer/os_3yr/LSCC/repeat_02_fold_02/tabfm_default/test_predictions.csv,,,
per_cancer,os_3yr,LSCC,2,2,autogluon,227,57,71,success,0.6446661949157715,validation split balanced accuracy,4.235424114000125,0.005195613000978483,0.5070422535211268,0.5023809523809524,0.2553191489361702,0.17142857142857143,0.8333333333333334,0.596031746031746,0.6049647309933888,0.6761185852239293,0.2412306991668034,/opt/tabr1_results/per_cancer/os_3yr/LSCC/repeat_02_fold_02/autogluon/test_predictions.csv,,,
per_cancer,os_3yr,LSCC,2,3,tabpfn_v2,227,57,71,success,0.37332651019096375,validation split balanced accuracy,0.20174357900032192,5.134044051001183,0.5211267605633803,0.5426634768740032,0.6222222222222222,0.8484848484848485,0.23684210526315788,0.6311802232854865,0.5834952285945519,0.6693100881440789,0.23816302609314116,/opt/tabr1_results/per_cancer/os_3yr/LSCC/repeat_02_fold_03/tabpfn_v2/test_predictions.csv,,,
per_cancer,os_3yr,LSCC,2,3,tabpfn_v2_5,227,57,71,success,0.460085928440094,validation split balanced accuracy,0.23404678199949558,5.565074407999418,0.5774647887323944,0.5833333333333333,0.5945945945945946,0.6666666666666666,0.5,0.5506379585326954,0.5321944523796713,0.708994740170052,0.2566208472097731,/opt/tabr1_results/per_cancer/os_3yr/LSCC/repeat_02_fold_03/tabpfn_v2_5/test_predictions.csv,,,
per_cancer,os_3yr,LSCC,2,3,tabpfn_v2_6,227,57,71,success,0.43781688809394836,validation split balanced accuracy,0.29197352200026216,5.9723734199997125,0.5492957746478874,0.5669856459330144,0.627906976744186,0.8181818181818182,0.3157894736842105,0.7085326953748006,0.6540657423813169,0.6539276993643057,0.23066459254828856,/opt/tabr1_results/per_cancer/os_3yr/LSCC/repeat_02_fold_03/tabpfn_v2_6/test_predictions.csv,,,
per_cancer,os_3yr,LSCC,2,3,tabpfn_v3,227,57,71,success,0.47195783257484436,validation split balanced accuracy,0.465631716999269,4.7155872140010615,0.5774647887323944,0.5813397129186603,0.5833333333333334,0.6363636363636364,0.5263157894736842,0.6112440191387559,0.5352896536294446,0.6786247341094025,0.24280941686820903,/opt/tabr1_results/per_cancer/os_3yr/LSCC/repeat_02_fold_03/tabpfn_v3/test_predictions.csv,,,
per_cancer,os_3yr,LSCC,2,3,tabfm_default,227,57,71,success,0.43739622831344604,validation split balanced accuracy,0.012723428000754211,2.714671908001037,0.5774647887323944,0.5933014354066986,0.6428571428571429,0.8181818181818182,0.3684210526315789,0.5996810207336524,0.5523333419935584,0.6722236390966311,0.23973885299146083,/opt/tabr1_results/per_cancer/os_3yr/LSCC/repeat_02_fold_03/tabfm_default/test_predictions.csv,,,
per_cancer,os_3yr,LSCC,2,3,autogluon,227,57,71,success,0.42308053374290466,validation split balanced accuracy,4.313344520998726,0.004880270000285236,0.5633802816901409,0.5861244019138756,0.6593406593406593,0.9090909090909091,0.2631578947368421,0.6790271132376395,0.6395988742976867,0.6598011983050297,0.23353531384379816,/opt/tabr1_results/per_cancer/os_3yr/LSCC/repeat_02_fold_03/autogluon/test_predictions.csv,,,
per_cancer,os_3yr,LSCC,2,4,tabpfn_v2,227,57,71,success,0.4826478958129883,validation split balanced accuracy,0.2107187609999528,3.9112612579992856,0.5633802816901409,0.5870967741935484,0.6075949367088608,0.7741935483870968,0.4,0.5491935483870969,0.4690669039226562,0.6840220768588532,0.24546748047241337,/opt/tabr1_results/per_cancer/os_3yr/LSCC/repeat_02_fold_04/tabpfn_v2/test_predictions.csv,,,
per_cancer,os_3yr,LSCC,2,4,tabpfn_v2_5,227,57,71,success,0.4815647304058075,validation split balanced accuracy,0.24065159499878064,5.666840789999696,0.5070422535211268,0.5262096774193548,0.5454545454545454,0.6774193548387096,0.375,0.4903225806451613,0.40741117789220427,0.6880426084681205,0.2474807856382943,/opt/tabr1_results/per_cancer/os_3yr/LSCC/repeat_02_fold_04/tabpfn_v2_5/test_predictions.csv,,,
per_cancer,os_3yr,LSCC,2,4,tabpfn_v2_6,227,57,71,success,0.4761798083782196,validation split balanced accuracy,0.3155078070012678,6.07133995300137,0.49295774647887325,0.5209677419354839,0.5609756097560976,0.7419354838709677,0.3,0.4717741935483871,0.4389087169352359,0.696283431192023,0.2516063989106489,/opt/tabr1_results/per_cancer/os_3yr/LSCC/repeat_02_fold_04/tabpfn_v2_6/test_predictions.csv,,,
per_cancer,os_3yr,LSCC,2,4,tabpfn_v3,227,57,71,success,0.47466227412223816,validation split balanced accuracy,0.553615410999555,4.799398279999878,0.49295774647887325,0.5137096774193548,0.5384615384615384,0.6774193548387096,0.35,0.47903225806451616,0.4328890053936415,0.6876227931352583,0.24724876954954236,/opt/tabr1_results/per_cancer/os_3yr/LSCC/repeat_02_fold_04/tabpfn_v3/test_predictions.csv,,,
per_cancer,os_3yr,LSCC,2,4,tabfm_default,227,57,71,success,0.486982136964798,validation split balanced accuracy,0.012851378000050317,2.671913284999391,0.5211267605633803,0.5423387096774194,0.5641025641025641,0.7096774193548387,0.375,0.5157258064516129,0.43045337941112183,0.7051221314412399,0.2541523785366545,/opt/tabr1_results/per_cancer/os_3yr/LSCC/repeat_02_fold_04/tabfm_default/test_predictions.csv,,,
per_cancer,os_3yr,LSCC,2,4,autogluon,227,57,71,success,0.3596351146697998,validation split balanced accuracy,3.8594569499982754,0.020239137000316987,0.5492957746478874,0.5782258064516128,0.6097560975609756,0.8064516129032258,0.35,0.4991935483870968,0.40758771259017057,0.7397539948429194,0.2713531282387893,/opt/tabr1_results/per_cancer/os_3yr/LSCC/repeat_02_fold_04/autogluon/test_predictions.csv,,,
per_cancer,os_3yr,LSCC,3,0,tabpfn_v2,227,57,71,success,0.47263461351394653,validation split balanced accuracy,0.2235360499998933,4.202250156999071,0.5211267605633803,0.5131160572337043,0.39285714285714285,0.3235294117647059,0.7027027027027027,0.53060413354531,0.4849596389567327,0.6875382972773414,0.24732452123452295,/opt/tabr1_results/per_cancer/os_3yr/LSCC/repeat_03_fold_00/tabpfn_v2/test_predictions.csv,,,
per_cancer,os_3yr,LSCC,3,0,tabpfn_v2_5,227,57,71,success,0.40400734543800354,validation split balanced accuracy,0.23672376300055475,5.846110132000831,0.5492957746478874,0.5616057233704292,0.6444444444444445,0.8529411764705882,0.2702702702702703,0.5369634340222575,0.4980966125422841,0.6905295081900136,0.24876778026562327,/opt/tabr1_results/per_cancer/os_3yr/LSCC/repeat_03_fold_00/tabpfn_v2_5/test_predictions.csv,,,
per_cancer,os_3yr,LSCC,3,0,tabpfn_v2_6,227,57,71,success,0.49774935841560364,validation split balanced accuracy,0.3088643690007302,5.9083950980002555,0.4788732394366197,0.47138314785373614,0.3508771929824561,0.29411764705882354,0.6486486486486487,0.5393481717011128,0.5181666821214855,0.6893498444333515,0.2483454441492006,/opt/tabr1_results/per_cancer/os_3yr/LSCC/repeat_03_fold_00/tabpfn_v2_6/test_predictions.csv,,,
per_cancer,os_3yr,LSCC,3,0,tabpfn_v3,227,57,71,success,0.44853267073631287,validation split balanced accuracy,0.5434448320011143,4.802670848001071,0.5070422535211268,0.5162957074721781,0.5882352941176471,0.7352941176470589,0.2972972972972973,0.5886327503974562,0.543563952464988,0.685685053682116,0.2463369177514406,/opt/tabr1_results/per_cancer/os_3yr/LSCC/repeat_03_fold_00/tabpfn_v3/test_predictions.csv,,,
per_cancer,os_3yr,LSCC,3,0,tabfm_default,227,57,71,success,0.5130178928375244,validation split balanced accuracy,0.01288246400144999,3.1252704039998207,0.5492957746478874,0.5401430842607313,0.4074074074074074,0.3235294117647059,0.7567567567567568,0.5413354531001591,0.5302069050839614,0.6909259957869991,0.2479922303479688,/opt/tabr1_results/per_cancer/os_3yr/LSCC/repeat_03_fold_00/tabfm_default/test_predictions.csv,,,
per_cancer,os_3yr,LSCC,3,0,autogluon,227,57,71,success,0.5001888275146484,validation split balanced accuracy,3.7312478680014465,0.04770841699973971,0.4788732394366197,0.4701907790143084,0.32727272727272727,0.2647058823529412,0.6756756756756757,0.496422893481717,0.46232435672567956,0.6849991155875722,0.24596986387831177,/opt/tabr1_results/per_cancer/os_3yr/LSCC/repeat_03_fold_00/autogluon/test_predictions.csv,,,
per_cancer,os_3yr,LSCC,3,1,tabpfn_v2,227,57,71,success,0.47169333696365356,validation split balanced accuracy,0.2258536429999367,3.9825738899999124,0.5352112676056338,0.5488782051282051,0.5714285714285714,0.6875,0.41025641025641024,0.5813301282051282,0.5397910352231716,0.688760281839565,0.24729041900828289,/opt/tabr1_results/per_cancer/os_3yr/LSCC/repeat_03_fold_01/tabpfn_v2/test_predictions.csv,,,
per_cancer,os_3yr,LSCC,3,1,tabpfn_v2_5,227,57,71,success,0.43135887384414673,validation split balanced accuracy,0.24062936700102,5.469186596999862,0.5492957746478874,0.5645032051282051,0.5897435897435898,0.71875,0.41025641025641024,0.6197916666666666,0.5489358519038481,0.6799529483708607,0.2419383159629692,/opt/tabr1_results/per_cancer/os_3yr/LSCC/repeat_03_fold_01/tabpfn_v2_5/test_predictions.csv,,,
per_cancer,os_3yr,LSCC,3,1,tabpfn_v2_6,227,57,71,success,0.5302813053131104,validation split balanced accuracy,0.31603888400059077,5.935650055998849,0.647887323943662,0.640224358974359,0.5901639344262295,0.5625,0.717948717948718,0.6478365384615385,0.6065879906835953,0.6765978957861214,0.2405164674055593,/opt/tabr1_results/per_cancer/os_3yr/LSCC/repeat_03_fold_01/tabpfn_v2_6/test_predictions.csv,,,
per_cancer,os_3yr,LSCC,3,1,tabpfn_v3,227,57,71,success,0.43655091524124146,validation split balanced accuracy,0.5565027859993279,4.765119514999242,0.5633802816901409,0.5801282051282051,0.6075949367088608,0.75,0.41025641025641024,0.641426282051282,0.5700331782189169,0.6725048945293739,0.2388156540330443,/opt/tabr1_results/per_cancer/os_3yr/LSCC/repeat_03_fold_01/tabpfn_v3/test_predictions.csv,,,
per_cancer,os_3yr,LSCC,3,1,tabfm_default,227,57,71,success,0.5518957376480103,validation split balanced accuracy,0.013203301999965333,2.6475516430000425,0.6056338028169014,0.5821314102564102,0.44,0.34375,0.8205128205128205,0.5837339743589743,0.5303742866792924,0.7038015390263045,0.25438219156232006,/opt/tabr1_results/per_cancer/os_3yr/LSCC/repeat_03_fold_01/tabfm_default/test_predictions.csv,,,
per_cancer,os_3yr,LSCC,3,1,autogluon,227,57,71,success,0.4836684465408325,validation split balanced accuracy,4.211806893999892,0.009928944000421325,0.4788732394366197,0.49759615384615385,0.5432098765432098,0.6875,0.3076923076923077,0.5865384615384616,0.5935175465824378,0.6905275522012216,0.24868882620761143,/opt/tabr1_results/per_cancer/os_3yr/LSCC/repeat_03_fold_01/autogluon/test_predictions.csv,,,
per_cancer,os_3yr,LSCC,3,2,tabpfn_v2,227,57,71,success,0.4899774491786957,validation split balanced accuracy,0.2156149339989497,5.089985499998875,0.4788732394366197,0.4777777777777778,0.5194805194805194,0.5555555555555556,0.4,0.496031746031746,0.5036179872947183,0.6860957957717493,0.24655481187403527,/opt/tabr1_results/per_cancer/os_3yr/LSCC/repeat_03_fold_02/tabpfn_v2/test_predictions.csv,,,
per_cancer,os_3yr,LSCC,3,2,tabpfn_v2_5,227,57,71,success,0.5016518831253052,validation split balanced accuracy,0.2053609989998222,5.602045903000544,0.43661971830985913,0.4373015873015873,0.4117647058823529,0.3888888888888889,0.4857142857142857,0.49047619047619045,0.4963710873002058,0.6906564102142664,0.24883139773088764,/opt/tabr1_results/per_cancer/os_3yr/LSCC/repeat_03_fold_02/tabpfn_v2_5/test_predictions.csv,,,
per_cancer,os_3yr,LSCC,3,2,tabpfn_v2_6,227,57,71,success,0.5473778247833252,validation split balanced accuracy,0.29379524099931587,5.923662207998859,0.4507042253521127,0.45396825396825397,0.2909090909090909,0.2222222222222222,0.6857142857142857,0.5246031746031746,0.4928458004003796,0.6933534141207122,0.25011001126102095,/opt/tabr1_results/per_cancer/os_3yr/LSCC/repeat_03_fold_02/tabpfn_v2_6/test_predictions.csv,,,
per_cancer,os_3yr,LSCC,3,2,tabpfn_v3,227,57,71,success,0.4909220337867737,validation split balanced accuracy,0.5097229299990431,4.715879838999172,0.4225352112676056,0.4222222222222222,0.4383561643835616,0.4444444444444444,0.4,0.4976190476190476,0.5213921660369575,0.6909715954248857,0.24893097921684335,/opt/tabr1_results/per_cancer/os_3yr/LSCC/repeat_03_fold_02/tabpfn_v3/test_predictions.csv,,,
per_cancer,os_3yr,LSCC,3,2,tabfm_default,227,57,71,success,0.5043401718139648,validation split balanced accuracy,0.013073490999886417,2.6268728799987002,0.4507042253521127,0.4511904761904762,0.43478260869565216,0.4166666666666667,0.4857142857142857,0.5003968253968254,0.5275289500590872,0.6935726583398255,0.25012716269019336,/opt/tabr1_results/per_cancer/os_3yr/LSCC/repeat_03_fold_02/tabfm_default/test_predictions.csv,,,
per_cancer,os_3yr,LSCC,3,2,autogluon,227,57,71,success,0.8191945552825928,validation split balanced accuracy,4.167687563998697,0.007012873000348918,0.4647887323943662,0.46904761904761905,0.24,0.16666666666666666,0.7714285714285715,0.3174603174603175,0.4168187262564924,1.1429958150010897,0.41221785306401465,/opt/tabr1_results/per_cancer/os_3yr/LSCC/repeat_03_fold_02/autogluon/test_predictions.csv,,,
per_cancer,os_3yr,LSCC,3,3,tabpfn_v2,227,57,71,success,0.4794110655784607,validation split balanced accuracy,0.22211737600082415,4.150325643999167,0.5633802816901409,0.5857371794871795,0.6265060240963856,0.8125,0.358974358974359,0.5256410256410257,0.4801051258631066,0.6761197837102896,0.2417585019838172,/opt/tabr1_results/per_cancer/os_3yr/LSCC/repeat_03_fold_03/tabpfn_v2/test_predictions.csv,,,
per_cancer,os_3yr,LSCC,3,3,tabpfn_v2_5,227,57,71,success,0.5216765999794006,validation split balanced accuracy,0.2644395940005779,5.773701699999947,0.49295774647887325,0.47115384615384615,0.3076923076923077,0.25,0.6923076923076923,0.578525641025641,0.47346776636449844,0.6807017197687375,0.24396737995670362,/opt/tabr1_results/per_cancer/os_3yr/LSCC/repeat_03_fold_03/tabpfn_v2_5/test_predictions.csv,,,
per_cancer,os_3yr,LSCC,3,3,tabpfn_v2_6,227,57,71,success,0.5668631196022034,validation split balanced accuracy,0.3105292880009074,5.896116481000718,0.49295774647887325,0.4655448717948718,0.25,0.1875,0.7435897435897436,0.5088141025641025,0.43133475939201205,0.6985189101487851,0.2530375553054323,/opt/tabr1_results/per_cancer/os_3yr/LSCC/repeat_03_fold_03/tabpfn_v2_6/test_predictions.csv,,,
per_cancer,os_3yr,LSCC,3,3,tabpfn_v3,227,57,71,success,0.5033916234970093,validation split balanced accuracy,0.5528889640008856,4.705443779999769,0.4788732394366197,0.4583333333333333,0.3018867924528302,0.25,0.6666666666666666,0.5256410256410257,0.4365639268782039,0.6819261544578481,0.2445712638355471,/opt/tabr1_results/per_cancer/os_3yr/LSCC/repeat_03_fold_03/tabpfn_v3/test_predictions.csv,,,
per_cancer,os_3yr,LSCC,3,3,tabfm_default,227,57,71,success,0.4352613091468811,validation split balanced accuracy,0.012775900000633555,2.6521028820006904,0.5633802816901409,0.594150641025641,0.651685393258427,0.90625,0.28205128205128205,0.5556891025641025,0.487978186042774,0.6842127690759406,0.24601317031990322,/opt/tabr1_results/per_cancer/os_3yr/LSCC/repeat_03_fold_03/tabfm_default/test_predictions.csv,,,
per_cancer,os_3yr,LSCC,3,3,autogluon,227,57,71,success,0.7077053189277649,validation split balanced accuracy,4.267555274998813,0.040534767000281136,0.49295774647887325,0.4543269230769231,0.1,0.0625,0.8461538461538461,0.6057692307692308,0.4813164251828169,0.6888373621668039,0.24741510482805434,/opt/tabr1_results/per_cancer/os_3yr/LSCC/repeat_03_fold_03/autogluon/test_predictions.csv,,,
per_cancer,os_3yr,LSCC,3,4,tabpfn_v2,227,57,71,success,0.4458943009376526,validation split balanced accuracy,0.1874097489999258,5.02180817000044,0.5352112676056338,0.5321428571428571,0.6206896551724138,0.75,0.3142857142857143,0.5126984126984128,0.5161465622665761,0.7092387377124584,0.25746962726190475,/opt/tabr1_results/per_cancer/os_3yr/LSCC/repeat_03_fold_04/tabpfn_v2/test_predictions.csv,,,
per_cancer,os_3yr,LSCC,3,4,tabpfn_v2_5,227,57,71,success,0.4800781309604645,validation split balanced accuracy,0.23459061099856626,5.699634194999817,0.5070422535211268,0.5075396825396825,0.4927536231884058,0.4722222222222222,0.5428571428571428,0.526984126984127,0.5279063400493145,0.7366258649290657,0.26897170659937436,/opt/tabr1_results/per_cancer/os_3yr/LSCC/repeat_03_fold_04/tabpfn_v2_5/test_predictions.csv,,,
per_cancer,os_3yr,LSCC,3,4,tabpfn_v2_6,227,57,71,success,0.49784645438194275,validation split balanced accuracy,0.2924819169984403,6.113472151999304,0.5211267605633803,0.521031746031746,0.5277777777777778,0.5277777777777778,0.5142857142857142,0.5317460317460317,0.5561257275663258,0.7189111912082173,0.26146871517466164,/opt/tabr1_results/per_cancer/os_3yr/LSCC/repeat_03_fold_04/tabpfn_v2_6/test_predictions.csv,,,
per_cancer,os_3yr,LSCC,3,4,tabpfn_v3,227,57,71,success,0.5148944854736328,validation split balanced accuracy,0.5121836920006899,4.7076057190006395,0.5070422535211268,0.5091269841269841,0.4262295081967213,0.3611111111111111,0.6571428571428571,0.5000000000000001,0.5045420634404226,0.7073754901419963,0.25678016200427173,/opt/tabr1_results/per_cancer/os_3yr/LSCC/repeat_03_fold_04/tabpfn_v3/test_predictions.csv,,,
per_cancer,os_3yr,LSCC,3,4,tabfm_default,227,57,71,success,0.43739625811576843,validation split balanced accuracy,0.012697676000243519,3.0386620440003753,0.5211267605633803,0.5186507936507936,0.5952380952380952,0.6944444444444444,0.34285714285714286,0.4638888888888889,0.467425311079714,0.7383804881852717,0.27108222127604986,/opt/tabr1_results/per_cancer/os_3yr/LSCC/repeat_03_fold_04/tabfm_default/test_predictions.csv,,,
per_cancer,os_3yr,LSCC,3,4,autogluon,227,57,71,success,0.47513288259506226,validation split balanced accuracy,4.388780748000499,0.004860665998421609,0.38028169014084506,0.38015873015873014,0.3888888888888889,0.3888888888888889,0.37142857142857144,0.43373015873015874,0.492703219852562,0.729832943969513,0.26792108927629116,/opt/tabr1_results/per_cancer/os_3yr/LSCC/repeat_03_fold_04/autogluon/test_predictions.csv,,,
per_cancer,os_3yr,LSCC,4,0,tabpfn_v2,227,57,71,success,0.5070507526397705,validation split balanced accuracy,0.22148668100089708,4.0282716839992645,0.4507042253521127,0.5090311986863711,0.5517241379310345,0.8275862068965517,0.19047619047619047,0.5459770114942528,0.44600923693135747,0.6953954965587739,0.25113126837332855,/opt/tabr1_results/per_cancer/os_3yr/LSCC/repeat_04_fold_00/tabpfn_v2/test_predictions.csv,,,
per_cancer,os_3yr,LSCC,4,0,tabpfn_v2_5,227,57,71,success,0.5113897323608398,validation split balanced accuracy,0.23698299299940118,5.658396631000869,0.4647887323943662,0.520935960591133,0.5581395348837209,0.8275862068965517,0.21428571428571427,0.5082101806239737,0.4396144308992089,0.695219420402328,0.2510549532171011,/opt/tabr1_results/per_cancer/os_3yr/LSCC/repeat_04_fold_00/tabpfn_v2_5/test_predictions.csv,,,
per_cancer,os_3yr,LSCC,4,0,tabpfn_v2_6,227,57,71,success,0.5108515620231628,validation split balanced accuracy,0.30979509400094685,5.849616503999641,0.43661971830985913,0.48645320197044334,0.5238095238095238,0.7586206896551724,0.21428571428571427,0.4885057471264368,0.3939474715240985,0.7048337433747056,0.25584701231209483,/opt/tabr1_results/per_cancer/os_3yr/LSCC/repeat_04_fold_00/tabpfn_v2_6/test_predictions.csv,,,
per_cancer,os_3yr,LSCC,4,0,tabpfn_v3,227,57,71,success,0.5199506282806396,validation split balanced accuracy,0.5499555299993517,4.749798032000399,0.49295774647887325,0.534072249589491,0.55,0.7586206896551724,0.30952380952380953,0.5369458128078818,0.4209284511831808,0.7140471602208823,0.26018291293209583,/opt/tabr1_results/per_cancer/os_3yr/LSCC/repeat_04_fold_00/tabpfn_v3/test_predictions.csv,,,
per_cancer,os_3yr,LSCC,4,0,tabfm_default,227,57,71,success,0.5281819701194763,validation split balanced accuracy,0.01291714199942362,2.645817871998588,0.4788732394366197,0.5114942528735632,0.5194805194805194,0.6896551724137931,0.3333333333333333,0.5673234811165846,0.5450066241376045,0.696714820841824,0.2518366656777459,/opt/tabr1_results/per_cancer/os_3yr/LSCC/repeat_04_fold_00/tabfm_default/test_predictions.csv,,,
per_cancer,os_3yr,LSCC,4,0,autogluon,227,57,71,success,0.5495429039001465,validation split balanced accuracy,3.7907149870006833,0.010147918999791727,0.5633802816901409,0.5722495894909688,0.5373134328358209,0.6206896551724138,0.5238095238095238,0.5451559934318555,0.42827707282950717,0.6902180970770385,0.24862657928197238,/opt/tabr1_results/per_cancer/os_3yr/LSCC/repeat_04_fold_00/autogluon/test_predictions.csv,,,
per_cancer,os_3yr,LSCC,4,1,tabpfn_v2,227,57,71,success,0.5065059065818787,validation split balanced accuracy,0.22535125000104017,3.776682779998737,0.5774647887323944,0.5494417862838915,0.25,0.15151515151515152,0.9473684210526315,0.6208133971291866,0.6196229261579229,0.6784390878770242,0.2427119237364521,/opt/tabr1_results/per_cancer/os_3yr/LSCC/repeat_04_fold_01/tabpfn_v2/test_predictions.csv,,,
per_cancer,os_3yr,LSCC,4,1,tabpfn_v2_5,227,57,71,success,0.5065094828605652,validation split balanced accuracy,0.23874858799899812,5.680834501999925,0.676056338028169,0.6634768740031898,0.5818181818181818,0.48484848484848486,0.8421052631578947,0.6355661881977672,0.6077599535076118,0.6799749197100295,0.24345814702029786,/opt/tabr1_results/per_cancer/os_3yr/LSCC/repeat_04_fold_01/tabpfn_v2_5/test_predictions.csv,,,
per_cancer,os_3yr,LSCC,4,1,tabpfn_v2_6,227,57,71,success,0.5345785021781921,validation split balanced accuracy,0.31362358200021845,5.926181932001782,0.5915492957746479,0.5765550239234449,0.4528301886792453,0.36363636363636365,0.7894736842105263,0.6303827751196173,0.5929739664695507,0.6736551571538288,0.2403124259172532,/opt/tabr1_results/per_cancer/os_3yr/LSCC/repeat_04_fold_01/tabpfn_v2_6/test_predictions.csv,,,
per_cancer,os_3yr,LSCC,4,1,tabpfn_v3,227,57,71,success,0.4963380992412567,validation split balanced accuracy,0.5556477069985704,4.710027342998728,0.6338028169014085,0.6240031897926634,0.5517241379310345,0.48484848484848486,0.7631578947368421,0.651116427432217,0.6439973648149921,0.6830964404199142,0.24498727175245535,/opt/tabr1_results/per_cancer/os_3yr/LSCC/repeat_04_fold_01/tabpfn_v3/test_predictions.csv,,,
per_cancer,os_3yr,LSCC,4,1,tabfm_default,227,57,71,success,0.5238534212112427,validation split balanced accuracy,0.012877191000370658,2.6621768979985063,0.5774647887323944,0.5574162679425837,0.375,0.2727272727272727,0.8421052631578947,0.6299840510366826,0.5722281944488914,0.6751782463845116,0.24123133320790718,/opt/tabr1_results/per_cancer/os_3yr/LSCC/repeat_04_fold_01/tabfm_default/test_predictions.csv,,,
per_cancer,os_3yr,LSCC,4,1,autogluon,227,57,71,success,0.49828416109085083,validation split balanced accuracy,3.7302541640001436,0.011701500001436216,0.5352112676056338,0.5358851674641147,0.5217391304347826,0.5454545454545454,0.5263157894736842,0.6072567783094099,0.620727421939343,0.6883897599504125,0.24762255904603217,/opt/tabr1_results/per_cancer/os_3yr/LSCC/repeat_04_fold_01/autogluon/test_predictions.csv,,,
per_cancer,os_3yr,LSCC,4,2,tabpfn_v2,227,57,71,success,0.4443613588809967,validation split balanced accuracy,0.20798963100060064,3.815694249000444,0.6197183098591549,0.6048644338118022,0.6966292134831461,0.8157894736842105,0.3939393939393939,0.5897129186602871,0.5945072719505404,0.688222237307697,0.24761635729251247,/opt/tabr1_results/per_cancer/os_3yr/LSCC/repeat_04_fold_02/tabpfn_v2/test_predictions.csv,,,
per_cancer,os_3yr,LSCC,4,2,tabpfn_v2_5,227,57,71,success,0.44333982467651367,validation split balanced accuracy,0.24002358299912885,5.596801498999412,0.5633802816901409,0.5502392344497608,0.6436781609195402,0.7368421052631579,0.36363636363636365,0.553030303030303,0.600309790162984,0.6926362226994742,0.24982536647125161,/opt/tabr1_results/per_cancer/os_3yr/LSCC/repeat_04_fold_02/tabpfn_v2_5/test_predictions.csv,,,
per_cancer,os_3yr,LSCC,4,2,tabpfn_v2_6,227,57,71,success,0.4023192226886749,validation split balanced accuracy,0.2846251890005078,5.773186427000837,0.5915492957746479,0.5765550239234449,0.6741573033707865,0.7894736842105263,0.36363636363636365,0.5713716108452951,0.5777124046426904,0.6984771166642169,0.252212693014893,/opt/tabr1_results/per_cancer/os_3yr/LSCC/repeat_04_fold_02/tabpfn_v2_6/test_predictions.csv,,,
per_cancer,os_3yr,LSCC,4,2,tabpfn_v3,227,57,71,success,0.512985110282898,validation split balanced accuracy,0.5523023660007311,4.675050075000399,0.5633802816901409,0.5801435406698565,0.45614035087719296,0.34210526315789475,0.8181818181818182,0.5849282296650717,0.5964849106217592,0.69125597959716,0.2488755575474695,/opt/tabr1_results/per_cancer/os_3yr/LSCC/repeat_04_fold_02/tabpfn_v3/test_predictions.csv,,,
per_cancer,os_3yr,LSCC,4,2,tabfm_default,227,57,71,success,0.36457645893096924,validation split balanced accuracy,0.012861481000072672,2.6657396770006017,0.6197183098591549,0.5988835725677831,0.7157894736842105,0.8947368421052632,0.30303030303030304,0.5542264752791068,0.6156629146389615,0.6924904208963193,0.24999951446431462,/opt/tabr1_results/per_cancer/os_3yr/LSCC/repeat_04_fold_02/tabfm_default/test_predictions.csv,,,
per_cancer,os_3yr,LSCC,4,2,autogluon,227,57,71,success,0.3994393050670624,validation split balanced accuracy,4.353154149999682,0.237020978000146,0.6056338028169014,0.5897129186602871,0.6888888888888889,0.8157894736842105,0.36363636363636365,0.5952950558213717,0.6328089194973326,0.6819856790679126,0.24442415093902226,/opt/tabr1_results/per_cancer/os_3yr/LSCC/repeat_04_fold_02/autogluon/test_predictions.csv,,,
per_cancer,os_3yr,LSCC,4,3,tabpfn_v2,227,57,71,success,0.546920895576477,validation split balanced accuracy,0.22145241999896825,5.123730280000018,0.4788732394366197,0.4773449920508744,0.44776119402985076,0.4411764705882353,0.5135135135135135,0.5278219395866455,0.5400813178887196,0.7082809294795572,0.25739173940980625,/opt/tabr1_results/per_cancer/os_3yr/LSCC/repeat_04_fold_03/tabpfn_v2/test_predictions.csv,,,
per_cancer,os_3yr,LSCC,4,3,tabpfn_v2_5,227,57,71,success,0.5296187996864319,validation split balanced accuracy,0.20387015999949654,5.744365940001444,0.5070422535211268,0.505564387917329,0.47761194029850745,0.47058823529411764,0.5405405405405406,0.5349761526232114,0.5799794212496255,0.7119624784778681,0.25924092728513365,/opt/tabr1_results/per_cancer/os_3yr/LSCC/repeat_04_fold_03/tabpfn_v2_5/test_predictions.csv,,,
per_cancer,os_3yr,LSCC,4,3,tabpfn_v2_6,227,57,71,success,0.5194869637489319,validation split balanced accuracy,0.2926099129999784,5.949180259000059,0.5211267605633803,0.5238473767885533,0.5405405405405406,0.5882352941176471,0.4594594594594595,0.5095389507154212,0.4745560398838707,0.7135125330616432,0.25970584506100297,/opt/tabr1_results/per_cancer/os_3yr/LSCC/repeat_04_fold_03/tabpfn_v2_6/test_predictions.csv,,,
per_cancer,os_3yr,LSCC,4,3,tabpfn_v3,227,57,71,success,0.5096135139465332,validation split balanced accuracy,0.5100916210012656,4.733480804999999,0.49295774647887325,0.4968203497615262,0.5263157894736842,0.5882352941176471,0.40540540540540543,0.5079491255961844,0.4639782417633225,0.6979341442339708,0.2523761322413131,/opt/tabr1_results/per_cancer/os_3yr/LSCC/repeat_04_fold_03/tabpfn_v3/test_predictions.csv,,,
per_cancer,os_3yr,LSCC,4,3,tabfm_default,227,57,71,success,0.47181808948516846,validation split balanced accuracy,0.013025517999267322,2.812237580999863,0.49295774647887325,0.4980127186009539,0.5384615384615384,0.6176470588235294,0.3783783783783784,0.5294117647058824,0.5259712239437404,0.7161099592661806,0.26082380049204,/opt/tabr1_results/per_cancer/os_3yr/LSCC/repeat_04_fold_03/tabfm_default/test_predictions.csv,,,
per_cancer,os_3yr,LSCC,4,3,autogluon,227,57,71,success,0.4530470371246338,validation split balanced accuracy,4.9694740930008265,0.004912726999464212,0.5211267605633803,0.5274244833068362,0.575,0.6764705882352942,0.3783783783783784,0.5182829888712241,0.48401816195882763,0.7012474371400792,0.25389338856026855,/opt/tabr1_results/per_cancer/os_3yr/LSCC/repeat_04_fold_03/autogluon/test_predictions.csv,,,
per_cancer,os_3yr,LSCC,4,4,tabpfn_v2,227,57,71,success,0.3666691184043884,validation split balanced accuracy,0.22049162199982675,5.2235111709997,0.5492957746478874,0.5460317460317461,0.6363636363636364,0.7777777777777778,0.3142857142857143,0.5428571428571429,0.5635228128896099,0.7024880473942849,0.2545437963222955,/opt/tabr1_results/per_cancer/os_3yr/LSCC/repeat_04_fold_04/tabpfn_v2/test_predictions.csv,,,
per_cancer,os_3yr,LSCC,4,4,tabpfn_v2_5,227,57,71,success,0.4736105501651764,validation split balanced accuracy,0.20305608499984373,5.753834300998278,0.5211267605633803,0.5198412698412699,0.5641025641025641,0.6111111111111112,0.42857142857142855,0.5468253968253968,0.543044887371964,0.7066398332945437,0.2560094560459539,/opt/tabr1_results/per_cancer/os_3yr/LSCC/repeat_04_fold_04/tabpfn_v2_5/test_predictions.csv,,,
per_cancer,os_3yr,LSCC,4,4,tabpfn_v2_6,227,57,71,success,0.41838741302490234,validation split balanced accuracy,0.29124175799915974,6.069601007000529,0.5352112676056338,0.5321428571428571,0.6206896551724138,0.75,0.3142857142857143,0.5198412698412698,0.5158479227492937,0.712221864580265,0.25910559888570484,/opt/tabr1_results/per_cancer/os_3yr/LSCC/repeat_04_fold_04/tabpfn_v2_6/test_predictions.csv,,,
per_cancer,os_3yr,LSCC,4,4,tabpfn_v3,227,57,71,success,0.4905177354812622,validation split balanced accuracy,0.5099888479999208,4.672565799999575,0.5633802816901409,0.5626984126984127,0.5866666666666667,0.6111111111111112,0.5142857142857142,0.5714285714285714,0.5577228810678204,0.6847257412394696,0.2458306714075598,/opt/tabr1_results/per_cancer/os_3yr/LSCC/repeat_04_fold_04/tabpfn_v3/test_predictions.csv,,,
per_cancer,os_3yr,LSCC,4,4,tabfm_default,227,57,71,success,0.5195213556289673,validation split balanced accuracy,0.012760449999404955,2.655502780999086,0.5492957746478874,0.55,0.5294117647058824,0.5,0.6,0.5666666666666667,0.5688810158922665,0.6921447526277384,0.2492730717375729,/opt/tabr1_results/per_cancer/os_3yr/LSCC/repeat_04_fold_04/tabfm_default/test_predictions.csv,,,
per_cancer,os_3yr,LSCC,4,4,autogluon,227,57,71,success,0.4688122570514679,validation split balanced accuracy,4.361226410999734,0.010693569000068237,0.5352112676056338,0.5321428571428571,0.6206896551724138,0.75,0.3142857142857143,0.523015873015873,0.5338797970441632,0.6921898494698108,0.24951684589198372,/opt/tabr1_results/per_cancer/os_3yr/LSCC/repeat_04_fold_04/autogluon/test_predictions.csv,,,
per_cancer,os_3yr,LUAD,0,0,tabpfn_v2,203,51,64,success,0.4877479672431946,validation split balanced accuracy,0.19609634100015683,4.003760928000702,0.5625,0.5601173020527859,0.6,0.6363636363636364,0.4838709677419355,0.501466275659824,0.5225928175470358,0.6950049892982155,0.2509294300262521,/opt/tabr1_results/per_cancer/os_3yr/LUAD/repeat_00_fold_00/tabpfn_v2/test_predictions.csv,,,
per_cancer,os_3yr,LUAD,0,0,tabpfn_v2_5,203,51,64,success,0.47075197100639343,validation split balanced accuracy,0.2235259480003151,5.268763158001093,0.546875,0.5361681329423265,0.6666666666666666,0.8787878787878788,0.1935483870967742,0.4721407624633431,0.4946371117286502,0.7170899940767024,0.2614456542294676,/opt/tabr1_results/per_cancer/os_3yr/LUAD/repeat_00_fold_00/tabpfn_v2_5/test_predictions.csv,,,
per_cancer,os_3yr,LUAD,0,0,tabpfn_v2_6,203,51,64,success,0.4333808422088623,validation split balanced accuracy,0.3014653530008218,5.502119341999787,0.515625,0.5048875855327468,0.6436781609195402,0.8484848484848485,0.16129032258064516,0.5083088954056696,0.5253396202814216,0.7298979615719368,0.26564396812146995,/opt/tabr1_results/per_cancer/os_3yr/LUAD/repeat_00_fold_00/tabpfn_v2_6/test_predictions.csv,,,
per_cancer,os_3yr,LUAD,0,0,tabpfn_v3,203,51,64,success,0.4922725260257721,validation split balanced accuracy,0.5345007600008103,4.376303668999753,0.5,0.49071358748778104,0.6190476190476191,0.7878787878787878,0.1935483870967742,0.4095796676441838,0.4534642656597186,0.704827013026975,0.25580260202376903,/opt/tabr1_results/per_cancer/os_3yr/LUAD/repeat_00_fold_00/tabpfn_v3/test_predictions.csv,,,
per_cancer,os_3yr,LUAD,0,0,tabfm_default,203,51,64,success,0.5260181427001953,validation split balanced accuracy,0.012919570999656571,2.6514478450008028,0.390625,0.3993157380254154,0.1702127659574468,0.12121212121212122,0.6774193548387096,0.47165200391006845,0.503249100737177,0.6954386183430823,0.2511422139830753,/opt/tabr1_results/per_cancer/os_3yr/LUAD/repeat_00_fold_00/tabfm_default/test_predictions.csv,,,
per_cancer,os_3yr,LUAD,0,0,autogluon,203,51,64,success,0.4710184931755066,validation split balanced accuracy,4.21814732600069,0.013158375999410055,0.515625,0.5009775171065494,0.6736842105263158,0.9696969696969697,0.03225806451612903,0.550830889540567,0.5880411938561567,0.6905247827859551,0.24868967379363327,/opt/tabr1_results/per_cancer/os_3yr/LUAD/repeat_00_fold_00/autogluon/test_predictions.csv,,,
per_cancer,os_3yr,LUAD,0,1,tabpfn_v2,203,51,64,success,0.49864500761032104,validation split balanced accuracy,0.21072253300008015,3.8359229910001886,0.46875,0.4662756598240469,0.5142857142857142,0.5454545454545454,0.3870967741935484,0.4613880742913001,0.512001225329962,0.7031159978721173,0.25493775785722744,/opt/tabr1_results/per_cancer/os_3yr/LUAD/repeat_00_fold_01/tabpfn_v2/test_predictions.csv,,,
per_cancer,os_3yr,LUAD,0,1,tabpfn_v2_5,203,51,64,success,0.6852685809135437,validation split balanced accuracy,0.22354663999976765,5.270667462000347,0.421875,0.43352883675464315,0.0975609756097561,0.06060606060606061,0.8064516129032258,0.396871945259042,0.4680381370522365,0.772236166438447,0.2875316536106336,/opt/tabr1_results/per_cancer/os_3yr/LUAD/repeat_00_fold_01/tabpfn_v2_5/test_predictions.csv,,,
per_cancer,os_3yr,LUAD,0,1,tabpfn_v2_6,203,51,64,success,0.439602792263031,validation split balanced accuracy,0.2998038750010892,5.4130505379998795,0.46875,0.4672531769305963,0.5,0.5151515151515151,0.41935483870967744,0.4242424242424242,0.47297728564701574,0.7697254890423112,0.2861335256618366,/opt/tabr1_results/per_cancer/os_3yr/LUAD/repeat_00_fold_01/tabpfn_v2_6/test_predictions.csv,,,
per_cancer,os_3yr,LUAD,0,1,tabpfn_v3,203,51,64,success,0.48469313979148865,validation split balanced accuracy,0.5342065329987236,4.357380694000312,0.421875,0.41593352883675466,0.5194805194805194,0.6060606060606061,0.22580645161290322,0.40860215053763443,0.449391162327726,0.7322073361833139,0.26917488841300935,/opt/tabr1_results/per_cancer/os_3yr/LUAD/repeat_00_fold_01/tabpfn_v3/test_predictions.csv,,,
per_cancer,os_3yr,LUAD,0,1,tabfm_default,203,51,64,success,0.5518957376480103,validation split balanced accuracy,0.012670739999521174,2.536094660999879,0.484375,0.4941348973607038,0.26666666666666666,0.18181818181818182,0.8064516129032258,0.5156402737047898,0.5170927603303368,0.710099706267871,0.25403205012068486,/opt/tabr1_results/per_cancer/os_3yr/LUAD/repeat_00_fold_01/tabfm_default/test_predictions.csv,,,
per_cancer,os_3yr,LUAD,0,1,autogluon,203,51,64,success,0.7794033885002136,validation split balanced accuracy,3.8672684939992905,0.0064845339984458406,0.484375,0.49315738025415445,0.2978723404255319,0.21212121212121213,0.7741935483870968,0.41544477028348,0.5182030335629523,0.9496365106369945,0.3434142519240338,/opt/tabr1_results/per_cancer/os_3yr/LUAD/repeat_00_fold_01/autogluon/test_predictions.csv,,,
per_cancer,os_3yr,LUAD,0,2,tabpfn_v2,203,51,64,success,0.5316379070281982,validation split balanced accuracy,0.21484028300073987,4.530254409000918,0.59375,0.581622678396872,0.3157894736842105,0.1935483870967742,0.9696969696969697,0.5967741935483871,0.6450063090594903,0.6834608765043759,0.24517914498179771,/opt/tabr1_results/per_cancer/os_3yr/LUAD/repeat_00_fold_02/tabpfn_v2/test_predictions.csv,,,
per_cancer,os_3yr,LUAD,0,2,tabpfn_v2_5,203,51,64,success,0.5497220754623413,validation split balanced accuracy,0.22623094400114496,5.195463029000166,0.59375,0.5806451612903226,0.2777777777777778,0.16129032258064516,1.0,0.5664711632453567,0.6179353252153336,0.682748276727168,0.24486978319757208,/opt/tabr1_results/per_cancer/os_3yr/LUAD/repeat_00_fold_02/tabpfn_v2_5/test_predictions.csv,,,
per_cancer,os_3yr,LUAD,0,2,tabpfn_v2_6,203,51,64,success,0.5708646774291992,validation split balanced accuracy,0.3015216389994748,5.506625757998336,0.578125,0.564516129032258,0.22857142857142856,0.12903225806451613,1.0,0.581622678396872,0.6576831198704743,0.6770506963883323,0.2422086282853822,/opt/tabr1_results/per_cancer/os_3yr/LUAD/repeat_00_fold_02/tabpfn_v2_6/test_predictions.csv,,,
per_cancer,os_3yr,LUAD,0,2,tabpfn_v3,203,51,64,success,0.5168105959892273,validation split balanced accuracy,0.5378938640005799,4.37027078599931,0.578125,0.5713587487781036,0.4489795918367347,0.3548387096774194,0.7878787878787878,0.5566959921798632,0.5942537300268065,0.6879127653297221,0.24739702066477443,/opt/tabr1_results/per_cancer/os_3yr/LUAD/repeat_00_fold_02/tabpfn_v3/test_predictions.csv,,,
per_cancer,os_3yr,LUAD,0,2,tabfm_default,203,51,64,success,0.5065100789070129,validation split balanced accuracy,0.012886664999314235,2.8480823829995643,0.484375,0.4843597262952102,0.47619047619047616,0.4838709677419355,0.48484848484848486,0.5405669599217987,0.5689146035432409,0.6807368545198604,0.24281692121031234,/opt/tabr1_results/per_cancer/os_3yr/LUAD/repeat_00_fold_02/tabfm_default/test_predictions.csv,,,
per_cancer,os_3yr,LUAD,0,2,autogluon,203,51,64,success,0.5842300057411194,validation split balanced accuracy,4.402333337999153,0.006917541999428067,0.515625,0.510752688172043,0.41509433962264153,0.3548387096774194,0.6666666666666666,0.5293255131964809,0.5509099236627522,0.7485103622761359,0.2707858568096229,/opt/tabr1_results/per_cancer/os_3yr/LUAD/repeat_00_fold_02/autogluon/test_predictions.csv,,,
per_cancer,os_3yr,LUAD,0,3,tabpfn_v2,204,51,63,success,0.49240726232528687,validation split balanced accuracy,0.2027733380000427,3.683496990999629,0.5238095238095238,0.5241935483870968,0.5161290322580645,0.5,0.5483870967741935,0.498991935483871,0.5628898100855687,0.695415196918626,0.25112850049908514,/opt/tabr1_results/per_cancer/os_3yr/LUAD/repeat_00_fold_03/tabpfn_v2/test_predictions.csv,,,
per_cancer,os_3yr,LUAD,0,3,tabpfn_v2_5,204,51,63,success,0.47839370369911194,validation split balanced accuracy,0.26125181700081157,5.128308549999929,0.5238095238095238,0.5236895161290323,0.53125,0.53125,0.5161290322580645,0.5161290322580645,0.5470681090314058,0.6921412859433774,0.249544065460556,/opt/tabr1_results/per_cancer/os_3yr/LUAD/repeat_00_fold_03/tabpfn_v2_5/test_predictions.csv,,,
per_cancer,os_3yr,LUAD,0,3,tabpfn_v2_6,204,51,63,success,0.4500228464603424,validation split balanced accuracy,0.3068985989993962,5.677507741998852,0.5079365079365079,0.5070564516129032,0.5373134328358209,0.5625,0.45161290322580644,0.5131048387096775,0.5292478068441147,0.7031915275924195,0.2547339292554413,/opt/tabr1_results/per_cancer/os_3yr/LUAD/repeat_00_fold_03/tabpfn_v2_6/test_predictions.csv,,,
per_cancer,os_3yr,LUAD,0,3,tabpfn_v3,204,51,63,success,0.5008143782615662,validation split balanced accuracy,0.5464199470006861,4.478656327999488,0.4603174603174603,0.4637096774193548,0.32,0.25,0.6774193548387096,0.47379032258064513,0.5101969336235114,0.6938982538405534,0.25039055358036943,/opt/tabr1_results/per_cancer/os_3yr/LUAD/repeat_00_fold_03/tabpfn_v3/test_predictions.csv,,,
per_cancer,os_3yr,LUAD,0,3,tabfm_default,204,51,63,success,0.4739818274974823,validation split balanced accuracy,0.012736746000882704,2.5863581470002828,0.49206349206349204,0.48941532258064513,0.5675675675675675,0.65625,0.3225806451612903,0.4390120967741935,0.47077578826751726,0.8333967042268686,0.2951184110155903,/opt/tabr1_results/per_cancer/os_3yr/LUAD/repeat_00_fold_03/tabfm_default/test_predictions.csv,,,
per_cancer,os_3yr,LUAD,0,3,autogluon,204,51,63,success,0.7633808255195618,validation split balanced accuracy,4.095891720000509,0.006932779999260674,0.5714285714285714,0.576108870967742,0.4,0.28125,0.8709677419354839,0.6098790322580645,0.671171533869115,0.7552645369165384,0.2636204743280541,/opt/tabr1_results/per_cancer/os_3yr/LUAD/repeat_00_fold_03/autogluon/test_predictions.csv,,,
per_cancer,os_3yr,LUAD,0,4,tabpfn_v2,204,51,63,success,0.48132193088531494,validation split balanced accuracy,0.21315834599954542,4.39701266100019,0.47619047619047616,0.4857142857142857,0.49230769230769234,0.5714285714285714,0.4,0.4821428571428571,0.4586107755519984,0.6939649553952564,0.2503979746147881,/opt/tabr1_results/per_cancer/os_3yr/LUAD/repeat_00_fold_04/tabpfn_v2/test_predictions.csv,,,
per_cancer,os_3yr,LUAD,0,4,tabpfn_v2_5,204,51,63,success,0.478321373462677,validation split balanced accuracy,0.2531690380001237,5.221975178999855,0.4444444444444444,0.4857142857142857,0.5783132530120482,0.8571428571428571,0.11428571428571428,0.5086734693877552,0.4630332339805805,0.6962746892140326,0.25150772885703454,/opt/tabr1_results/per_cancer/os_3yr/LUAD/repeat_00_fold_04/tabpfn_v2_5/test_predictions.csv,,,
per_cancer,os_3yr,LUAD,0,4,tabpfn_v2_6,204,51,63,success,0.4956667125225067,validation split balanced accuracy,0.2991619550011819,5.734278125000856,0.5238095238095238,0.5249999999999999,0.5,0.5357142857142857,0.5142857142857142,0.5331632653061225,0.48259504475370935,0.6950189555322039,0.25092692403725375,/opt/tabr1_results/per_cancer/os_3yr/LUAD/repeat_00_fold_04/tabpfn_v2_6/test_predictions.csv,,,
per_cancer,os_3yr,LUAD,0,4,tabpfn_v3,204,51,63,success,0.5139586925506592,validation split balanced accuracy,0.5353095270002086,4.411045494000064,0.5714285714285714,0.5285714285714286,0.22857142857142856,0.14285714285714285,0.9142857142857143,0.5382653061224489,0.5346330704580182,0.6909793978230498,0.24891644869409624,/opt/tabr1_results/per_cancer/os_3yr/LUAD/repeat_00_fold_04/tabpfn_v3/test_predictions.csv,,,
per_cancer,os_3yr,LUAD,0,4,tabfm_default,204,51,63,success,0.5260181427001953,validation split balanced accuracy,0.01272362300005625,2.4486642409992783,0.5714285714285714,0.5464285714285715,0.4,0.32142857142857145,0.7714285714285715,0.6010204081632653,0.5500558736790988,0.6735515977590611,0.24075183608828954,/opt/tabr1_results/per_cancer/os_3yr/LUAD/repeat_00_fold_04/tabfm_default/test_predictions.csv,,,
per_cancer,os_3yr,LUAD,0,4,autogluon,204,51,63,success,0.5084569454193115,validation split balanced accuracy,3.8698604020009952,0.010720695001509739,0.5555555555555556,0.5035714285714286,0.06666666666666667,0.03571428571428571,0.9714285714285714,0.5530612244897959,0.4723225363346331,0.6922667222034394,0.24955983811146723,/opt/tabr1_results/per_cancer/os_3yr/LUAD/repeat_00_fold_04/autogluon/test_predictions.csv,,,
per_cancer,os_3yr,LUAD,1,0,tabpfn_v2,203,51,64,success,0.578880786895752,validation split balanced accuracy,0.19070585499866866,4.621709633000137,0.4375,0.4627450980392157,0.1,0.058823529411764705,0.8666666666666667,0.46029411764705885,0.5000511177556322,0.7221508633363267,0.2641393743454747,/opt/tabr1_results/per_cancer/os_3yr/LUAD/repeat_01_fold_00/tabpfn_v2/test_predictions.csv,,,
per_cancer,os_3yr,LUAD,1,0,tabpfn_v2_5,203,51,64,success,0.6473433375358582,validation split balanced accuracy,0.24567115399986506,5.1694019960013975,0.453125,0.48333333333333334,0.0,0.0,0.9666666666666667,0.4504901960784314,0.5061189467558599,0.7286392265615802,0.2671679046337643,/opt/tabr1_results/per_cancer/os_3yr/LUAD/repeat_01_fold_00/tabpfn_v2_5/test_predictions.csv,,,
per_cancer,os_3yr,LUAD,1,0,tabpfn_v2_6,203,51,64,success,0.7290571928024292,validation split balanced accuracy,0.2943337939996127,5.788987212999928,0.46875,0.5,0.0,0.0,1.0,0.5102941176470588,0.5216262452811105,0.735381366086447,0.2692819310461404,/opt/tabr1_results/per_cancer/os_3yr/LUAD/repeat_01_fold_00/tabpfn_v2_6/test_predictions.csv,,,
per_cancer,os_3yr,LUAD,1,0,tabpfn_v3,203,51,64,success,0.5422000288963318,validation split balanced accuracy,0.5298249600000418,4.223804293000285,0.453125,0.48137254901960785,0.05405405405405406,0.029411764705882353,0.9333333333333333,0.4475490196078431,0.49043231619582767,0.71041931497051,0.2586334740280021,/opt/tabr1_results/per_cancer/os_3yr/LUAD/repeat_01_fold_00/tabpfn_v3/test_predictions.csv,,,
per_cancer,os_3yr,LUAD,1,0,tabfm_default,203,51,64,success,0.6394359469413757,validation split balanced accuracy,0.012716850000288105,2.4973240549988986,0.4375,0.4666666666666667,0.0,0.0,0.9333333333333333,0.45294117647058824,0.4928917898290936,0.7314496394711056,0.2683616045828359,/opt/tabr1_results/per_cancer/os_3yr/LUAD/repeat_01_fold_00/tabfm_default/test_predictions.csv,,,
per_cancer,os_3yr,LUAD,1,0,autogluon,203,51,64,success,0.3850055932998657,validation split balanced accuracy,4.071143170000141,0.013409741999566904,0.53125,0.5,0.6938775510204082,1.0,0.0,0.41813725490196074,0.5352350943249005,0.7072013914993872,0.2569597838254897,/opt/tabr1_results/per_cancer/os_3yr/LUAD/repeat_01_fold_00/autogluon/test_predictions.csv,,,
per_cancer,os_3yr,LUAD,1,1,tabpfn_v2,203,51,64,success,0.5314009189605713,validation split balanced accuracy,0.20430635399861785,3.6265245150007104,0.53125,0.541871921182266,0.5,0.42857142857142855,0.6551724137931034,0.49753694581280794,0.584480476707365,0.6928595712673752,0.24986363506775677,/opt/tabr1_results/per_cancer/os_3yr/LUAD/repeat_01_fold_01/tabpfn_v2/test_predictions.csv,,,
per_cancer,os_3yr,LUAD,1,1,tabpfn_v2_5,203,51,64,success,0.5399458408355713,validation split balanced accuracy,0.2600277729998197,5.234612772001128,0.5,0.5162561576354681,0.42857142857142855,0.34285714285714286,0.6896551724137931,0.4758620689655172,0.571026311474832,0.6954763015479225,0.2511610005710115,/opt/tabr1_results/per_cancer/os_3yr/LUAD/repeat_01_fold_01/tabpfn_v2_5/test_predictions.csv,,,
per_cancer,os_3yr,LUAD,1,1,tabpfn_v2_6,203,51,64,success,0.5407276153564453,validation split balanced accuracy,0.30543931300053373,5.52012018700043,0.46875,0.4876847290640394,0.37037037037037035,0.2857142857142857,0.6896551724137931,0.49261083743842365,0.5828510885446787,0.6964539366924823,0.25168210851813455,/opt/tabr1_results/per_cancer/os_3yr/LUAD/repeat_01_fold_01/tabpfn_v2_6/test_predictions.csv,,,
per_cancer,os_3yr,LUAD,1,1,tabpfn_v3,203,51,64,success,0.5246570706367493,validation split balanced accuracy,0.5459110100000544,4.455363760000182,0.5,0.5221674876847291,0.38461538461538464,0.2857142857142857,0.7586206896551724,0.5123152709359606,0.5886861800199903,0.6906603306040289,0.2487653821218585,/opt/tabr1_results/per_cancer/os_3yr/LUAD/repeat_01_fold_01/tabpfn_v3/test_predictions.csv,,,
per_cancer,os_3yr,LUAD,1,1,tabfm_default,203,51,64,success,0.5454471111297607,validation split balanced accuracy,0.012750092999340268,2.5041267330016126,0.515625,0.545320197044335,0.3404255319148936,0.22857142857142856,0.8620689655172413,0.5832512315270936,0.6305168051680853,0.6770477303799094,0.24263539975185078,/opt/tabr1_results/per_cancer/os_3yr/LUAD/repeat_01_fold_01/tabfm_default/test_predictions.csv,,,
per_cancer,os_3yr,LUAD,1,1,autogluon,203,51,64,success,0.5120663642883301,validation split balanced accuracy,4.364171146000444,0.052908706000380334,0.5625,0.5733990147783251,0.5333333333333333,0.45714285714285713,0.6896551724137931,0.5004926108374383,0.5847223171611452,0.7659799578313014,0.27879798574315545,/opt/tabr1_results/per_cancer/os_3yr/LUAD/repeat_01_fold_01/autogluon/test_predictions.csv,,,
per_cancer,os_3yr,LUAD,1,2,tabpfn_v2,203,51,64,success,0.5221148729324341,validation split balanced accuracy,0.19856208199962566,4.5090557299990905,0.5625,0.5261083743842364,0.2222222222222222,0.13793103448275862,0.9142857142857143,0.5014778325123153,0.5079175610475444,0.6919442937035243,0.2494009780504341,/opt/tabr1_results/per_cancer/os_3yr/LUAD/repeat_01_fold_02/tabpfn_v2/test_predictions.csv,,,
per_cancer,os_3yr,LUAD,1,2,tabpfn_v2_5,203,51,64,success,0.6176134943962097,validation split balanced accuracy,0.2543697210003302,5.207163171999127,0.578125,0.5374384236453202,0.18181818181818182,0.10344827586206896,0.9714285714285714,0.496551724137931,0.5205616176666151,0.6878452143565776,0.24740928640926307,/opt/tabr1_results/per_cancer/os_3yr/LUAD/repeat_01_fold_02/tabpfn_v2_5/test_predictions.csv,,,
per_cancer,os_3yr,LUAD,1,2,tabpfn_v2_6,203,51,64,success,0.5017691254615784,validation split balanced accuracy,0.304196883998884,5.579790978001256,0.453125,0.4497536945812808,0.4067796610169492,0.41379310344827586,0.4857142857142857,0.4600985221674877,0.48766141408096014,0.717479526373151,0.2619531503472149,/opt/tabr1_results/per_cancer/os_3yr/LUAD/repeat_01_fold_02/tabpfn_v2_6/test_predictions.csv,,,
per_cancer,os_3yr,LUAD,1,2,tabpfn_v3,203,51,64,success,0.5047446489334106,validation split balanced accuracy,0.5393560829998023,4.329499704001137,0.53125,0.5182266009852217,0.4230769230769231,0.3793103448275862,0.6571428571428571,0.5054187192118227,0.49463425483967943,0.6937203503952439,0.2502865869864479,/opt/tabr1_results/per_cancer/os_3yr/LUAD/repeat_01_fold_02/tabpfn_v3/test_predictions.csv,,,
per_cancer,os_3yr,LUAD,1,2,tabfm_default,203,51,64,success,0.47181811928749084,validation split balanced accuracy,0.012726117000056547,2.5290700269997615,0.421875,0.44482758620689655,0.5194805194805194,0.6896551724137931,0.2,0.4472906403940887,0.4248277312902436,0.7333191981922262,0.2659084995062465,/opt/tabr1_results/per_cancer/os_3yr/LUAD/repeat_01_fold_02/tabfm_default/test_predictions.csv,,,
per_cancer,os_3yr,LUAD,1,2,autogluon,203,51,64,success,0.5744134783744812,validation split balanced accuracy,3.9555820929999754,0.006406344999049907,0.515625,0.4980295566502463,0.3673469387755102,0.3103448275862069,0.6857142857142857,0.48866995073891634,0.4852870900406967,0.791622594953318,0.29101293965210784,/opt/tabr1_results/per_cancer/os_3yr/LUAD/repeat_01_fold_02/autogluon/test_predictions.csv,,,
per_cancer,os_3yr,LUAD,1,3,tabpfn_v2,204,51,63,success,0.523300290107727,validation split balanced accuracy,0.21160566399885283,4.810258859000896,0.5238095238095238,0.5163157894736843,0.4444444444444444,0.48,0.5526315789473685,0.5515789473684211,0.548315995516801,0.6973076419513214,0.2521581009673366,/opt/tabr1_results/per_cancer/os_3yr/LUAD/repeat_01_fold_03/tabpfn_v2/test_predictions.csv,,,
per_cancer,os_3yr,LUAD,1,3,tabpfn_v2_5,204,51,63,success,0.5718497633934021,validation split balanced accuracy,0.25134667699967395,5.342046362999099,0.6507936507936508,0.5805263157894737,0.35294117647058826,0.24,0.9210526315789473,0.5599999999999999,0.5544351556712211,0.6978406946508886,0.252472356712609,/opt/tabr1_results/per_cancer/os_3yr/LUAD/repeat_01_fold_03/tabpfn_v2_5/test_predictions.csv,,,
per_cancer,os_3yr,LUAD,1,3,tabpfn_v2_6,204,51,63,success,0.6024103164672852,validation split balanced accuracy,0.302734564000275,5.506383838001057,0.6349206349206349,0.5810526315789474,0.41025641025641024,0.32,0.8421052631578947,0.5936842105263157,0.565034811430918,0.6951548646839184,0.2511845817103016,/opt/tabr1_results/per_cancer/os_3yr/LUAD/repeat_01_fold_03/tabpfn_v2_6/test_predictions.csv,,,
per_cancer,os_3yr,LUAD,1,3,tabpfn_v3,204,51,63,success,0.5457680225372314,validation split balanced accuracy,0.5368889819983451,4.376536534000479,0.6825396825396826,0.6136842105263158,0.4117647058823529,0.28,0.9473684210526315,0.5821052631578948,0.5905305975162023,0.6962137996970679,0.2515472797772131,/opt/tabr1_results/per_cancer/os_3yr/LUAD/repeat_01_fold_03/tabpfn_v3/test_predictions.csv,,,
per_cancer,os_3yr,LUAD,1,3,tabfm_default,204,51,63,success,0.5108490586280823,validation split balanced accuracy,0.012732690998745966,2.4718122519989265,0.5238095238095238,0.5026315789473684,0.4,0.4,0.6052631578947368,0.5289473684210525,0.4753890716474465,0.7055707800338232,0.2556971183463222,/opt/tabr1_results/per_cancer/os_3yr/LUAD/repeat_01_fold_03/tabfm_default/test_predictions.csv,,,
per_cancer,os_3yr,LUAD,1,3,autogluon,204,51,63,success,0.39475417137145996,validation split balanced accuracy,3.8418042970006354,0.016362010999728227,0.4444444444444444,0.5121052631578947,0.5454545454545454,0.84,0.18421052631578946,0.5752631578947368,0.5475846480106209,0.7131558681816237,0.25964630868947663,/opt/tabr1_results/per_cancer/os_3yr/LUAD/repeat_01_fold_03/autogluon/test_predictions.csv,,,
per_cancer,os_3yr,LUAD,1,4,tabpfn_v2,204,51,63,success,0.47621211409568787,validation split balanced accuracy,0.21709612099948572,4.477038928000184,0.5873015873015873,0.584685598377282,0.6176470588235294,0.6176470588235294,0.5517241379310345,0.5709939148073022,0.6130080155354587,0.6940197409793102,0.25043355528219907,/opt/tabr1_results/per_cancer/os_3yr/LUAD/repeat_01_fold_04/tabpfn_v2/test_predictions.csv,,,
per_cancer,os_3yr,LUAD,1,4,tabpfn_v2_5,204,51,63,success,0.4588741362094879,validation split balanced accuracy,0.30973110099876067,5.290891550999731,0.5396825396825397,0.5101419878296146,0.6741573033707865,0.8823529411764706,0.13793103448275862,0.4604462474645031,0.5650920484151107,0.6963862359247394,0.251611691358999,/opt/tabr1_results/per_cancer/os_3yr/LUAD/repeat_01_fold_04/tabpfn_v2_5/test_predictions.csv,,,
per_cancer,os_3yr,LUAD,1,4,tabpfn_v2_6,204,51,63,success,0.4762003719806671,validation split balanced accuracy,0.30944245500177203,5.239258610001343,0.5714285714285714,0.5775862068965517,0.5573770491803278,0.5,0.6551724137931034,0.5933062880324544,0.6243753303161238,0.6840331838732587,0.24551280214840032,/opt/tabr1_results/per_cancer/os_3yr/LUAD/repeat_01_fold_04/tabpfn_v2_6/test_predictions.csv,,,
per_cancer,os_3yr,LUAD,1,4,tabpfn_v3,204,51,63,success,0.4998641610145569,validation split balanced accuracy,0.5426366619994951,4.439839136999581,0.4603174603174603,0.49239350912778906,0.15,0.08823529411764706,0.896551724137931,0.5699797160243407,0.6058746093660263,0.6939484145748211,0.25040138628995834,/opt/tabr1_results/per_cancer/os_3yr/LUAD/repeat_01_fold_04/tabpfn_v3/test_predictions.csv,,,
per_cancer,os_3yr,LUAD,1,4,tabfm_default,204,51,63,success,0.5043401122093201,validation split balanced accuracy,0.012479355000323267,2.5804501499987964,0.5555555555555556,0.5704868154158215,0.48148148148148145,0.38235294117647056,0.7586206896551724,0.6019269776876267,0.6819495695414663,0.6763460878540865,0.24279631817884487,/opt/tabr1_results/per_cancer/os_3yr/LUAD/repeat_01_fold_04/tabfm_default/test_predictions.csv,,,
per_cancer,os_3yr,LUAD,1,4,autogluon,204,51,63,success,0.44352006912231445,validation split balanced accuracy,3.834399735000261,0.015856887999689206,0.5396825396825397,0.5,0.7010309278350515,1.0,0.0,0.5867139959432048,0.6361115523386601,0.6876639529884603,0.24725706825359442,/opt/tabr1_results/per_cancer/os_3yr/LUAD/repeat_01_fold_04/autogluon/test_predictions.csv,,,
per_cancer,os_3yr,LUAD,2,0,tabpfn_v2,203,51,64,success,0.5024396181106567,validation split balanced accuracy,0.21606627899927844,4.475919808999606,0.53125,0.53125,0.4827586206896552,0.4375,0.625,0.5146484375,0.49600140090130956,0.6932437771874964,0.25004808885099883,/opt/tabr1_results/per_cancer/os_3yr/LUAD/repeat_02_fold_00/tabpfn_v2/test_predictions.csv,,,
per_cancer,os_3yr,LUAD,2,0,tabpfn_v2_5,203,51,64,success,0.5102987289428711,validation split balanced accuracy,0.2557473890010442,5.175825342999815,0.5,0.5,0.4666666666666667,0.4375,0.5625,0.4677734375,0.5002622434905394,0.6957955309280315,0.251321725767804,/opt/tabr1_results/per_cancer/os_3yr/LUAD/repeat_02_fold_00/tabpfn_v2_5/test_predictions.csv,,,
per_cancer,os_3yr,LUAD,2,0,tabpfn_v2_6,203,51,64,success,0.474205881357193,validation split balanced accuracy,0.27419166899926495,5.641844097001012,0.46875,0.46875,0.6046511627906976,0.8125,0.125,0.4384765625,0.4665720494423512,0.702671316263983,0.25473894541669806,/opt/tabr1_results/per_cancer/os_3yr/LUAD/repeat_02_fold_00/tabpfn_v2_6/test_predictions.csv,,,
per_cancer,os_3yr,LUAD,2,0,tabpfn_v3,203,51,64,success,0.5043399333953857,validation split balanced accuracy,0.5398174860001745,4.379690515999755,0.46875,0.46875,0.5277777777777778,0.59375,0.34375,0.4501953125,0.4885765083049934,0.6933597853597689,0.25011953000514536,/opt/tabr1_results/per_cancer/os_3yr/LUAD/repeat_02_fold_00/tabpfn_v3/test_predictions.csv,,,
per_cancer,os_3yr,LUAD,2,0,tabfm_default,203,51,64,success,0.5065100789070129,validation split balanced accuracy,0.012788943000487052,2.5235410799996316,0.515625,0.515625,0.3673469387755102,0.28125,0.75,0.49755859375,0.5609732655813746,0.6818707850520263,0.24481954933995123,/opt/tabr1_results/per_cancer/os_3yr/LUAD/repeat_02_fold_00/tabfm_default/test_predictions.csv,,,
per_cancer,os_3yr,LUAD,2,0,autogluon,203,51,64,success,0.5732132196426392,validation split balanced accuracy,4.176468700999976,0.01164143599999079,0.46875,0.46875,0.2608695652173913,0.1875,0.75,0.4384765625,0.45311936749118403,0.7217854848071783,0.2639080371702486,/opt/tabr1_results/per_cancer/os_3yr/LUAD/repeat_02_fold_00/autogluon/test_predictions.csv,,,
per_cancer,os_3yr,LUAD,2,1,tabpfn_v2,203,51,64,success,0.5276328921318054,validation split balanced accuracy,0.1945216479998635,4.570311432999006,0.578125,0.578125,0.5423728813559322,0.5,0.65625,0.57666015625,0.6741976631156632,0.6946257954304863,0.2507461545204821,/opt/tabr1_results/per_cancer/os_3yr/LUAD/repeat_02_fold_01/tabpfn_v2/test_predictions.csv,,,
per_cancer,os_3yr,LUAD,2,1,tabpfn_v2_5,203,51,64,success,0.5167791843414307,validation split balanced accuracy,0.248115564998443,5.199337138999908,0.578125,0.578125,0.5263157894736842,0.46875,0.6875,0.55029296875,0.6281701852234111,0.6802257140128823,0.24377627054700723,/opt/tabr1_results/per_cancer/os_3yr/LUAD/repeat_02_fold_01/tabpfn_v2_5/test_predictions.csv,,,
per_cancer,os_3yr,LUAD,2,1,tabpfn_v2_6,203,51,64,success,0.5509785413742065,validation split balanced accuracy,0.300135423998654,5.580914864998704,0.65625,0.65625,0.56,0.4375,0.875,0.60888671875,0.7004320985450079,0.6695169098473327,0.23850458444925282,/opt/tabr1_results/per_cancer/os_3yr/LUAD/repeat_02_fold_01/tabpfn_v2_6/test_predictions.csv,,,
per_cancer,os_3yr,LUAD,2,1,tabpfn_v3,203,51,64,success,0.5458232164382935,validation split balanced accuracy,0.5343312999993941,4.377561073999459,0.59375,0.59375,0.35,0.21875,0.96875,0.55615234375,0.6450607800571455,0.7043758610722491,0.25506860123833947,/opt/tabr1_results/per_cancer/os_3yr/LUAD/repeat_02_fold_01/tabpfn_v3/test_predictions.csv,,,
per_cancer,os_3yr,LUAD,2,1,tabfm_default,203,51,64,success,0.5647387504577637,validation split balanced accuracy,0.012909073000628268,2.938455542000156,0.5,0.5,0.15789473684210525,0.09375,0.90625,0.46826171875,0.5222290474229768,0.7144303321599826,0.2601048699826469,/opt/tabr1_results/per_cancer/os_3yr/LUAD/repeat_02_fold_01/tabfm_default/test_predictions.csv,,,
per_cancer,os_3yr,LUAD,2,1,autogluon,203,51,64,success,0.5227658748626709,validation split balanced accuracy,3.8835865090004518,0.005594592999841552,0.59375,0.59375,0.5806451612903226,0.5625,0.625,0.5517578125,0.5703001334427017,0.6919201532661919,0.24938327092749243,/opt/tabr1_results/per_cancer/os_3yr/LUAD/repeat_02_fold_01/autogluon/test_predictions.csv,,,
per_cancer,os_3yr,LUAD,2,2,tabpfn_v2,203,51,64,success,0.4932212233543396,validation split balanced accuracy,0.21230471600028977,4.390414356999827,0.484375,0.4812807881773399,0.5217391304347826,0.5142857142857142,0.4482758620689655,0.46403940886699513,0.5599413568214341,0.698979649939544,0.25291317132425284,/opt/tabr1_results/per_cancer/os_3yr/LUAD/repeat_02_fold_02/tabpfn_v2/test_predictions.csv,,,
per_cancer,os_3yr,LUAD,2,2,tabpfn_v2_5,203,51,64,success,0.4869868755340576,validation split balanced accuracy,0.22554618600042886,5.014688745000967,0.46875,0.464039408866995,0.5142857142857142,0.5142857142857142,0.41379310344827586,0.454679802955665,0.5448827934199905,0.698464599004113,0.25265727703774976,/opt/tabr1_results/per_cancer/os_3yr/LUAD/repeat_02_fold_02/tabpfn_v2_5/test_predictions.csv,,,
per_cancer,os_3yr,LUAD,2,2,tabpfn_v2_6,203,51,64,success,0.5107883810997009,validation split balanced accuracy,0.2748723240001709,5.439457182999831,0.46875,0.4729064039408867,0.46875,0.42857142857142855,0.5172413793103449,0.48768472906403937,0.5788482956893093,0.7043646308362884,0.255719483334746,/opt/tabr1_results/per_cancer/os_3yr/LUAD/repeat_02_fold_02/tabpfn_v2_6/test_predictions.csv,,,
per_cancer,os_3yr,LUAD,2,2,tabpfn_v3,203,51,64,success,0.5109475255012512,validation split balanced accuracy,0.5366356640006416,4.343072175999623,0.46875,0.5024630541871921,0.22727272727272727,0.14285714285714285,0.8620689655172413,0.5064039408866995,0.5623598983897642,0.6964515759817211,0.2516501538545514,/opt/tabr1_results/per_cancer/os_3yr/LUAD/repeat_02_fold_02/tabpfn_v3/test_predictions.csv,,,
per_cancer,os_3yr,LUAD,2,2,tabfm_default,203,51,64,success,0.4891510605812073,validation split balanced accuracy,0.012702744999842253,2.5855372400001215,0.46875,0.46699507389162564,0.5,0.4857142857142857,0.4482758620689655,0.49064039408867,0.5214244795898767,0.7071017318784952,0.25686266132786,/opt/tabr1_results/per_cancer/os_3yr/LUAD/repeat_02_fold_02/tabfm_default/test_predictions.csv,,,
per_cancer,os_3yr,LUAD,2,2,autogluon,203,51,64,success,0.413497656583786,validation split balanced accuracy,4.287800367999807,0.012235468999278964,0.515625,0.5009852216748769,0.5974025974025974,0.6571428571428571,0.3448275862068966,0.5044334975369458,0.5419311998411158,0.7670605649831503,0.2800941814753731,/opt/tabr1_results/per_cancer/os_3yr/LUAD/repeat_02_fold_02/autogluon/test_predictions.csv,,,
per_cancer,os_3yr,LUAD,2,3,tabpfn_v2,204,51,63,success,0.5360943675041199,validation split balanced accuracy,0.21474358099840174,4.569876363999356,0.5079365079365079,0.5060851926977687,0.4745762711864407,0.4827586206896552,0.5294117647058824,0.5025354969574036,0.4879816435270133,0.7111582726709492,0.2588157033437897,/opt/tabr1_results/per_cancer/os_3yr/LUAD/repeat_02_fold_03/tabpfn_v2/test_predictions.csv,,,
per_cancer,os_3yr,LUAD,2,3,tabpfn_v2_5,204,51,63,success,0.5603467226028442,validation split balanced accuracy,0.2534333869989496,5.124299158998838,0.5873015873015873,0.5745436105476673,0.48,0.41379310344827586,0.7352941176470589,0.5573022312373225,0.5259529221134609,0.7047784268440029,0.2555970469390266,/opt/tabr1_results/per_cancer/os_3yr/LUAD/repeat_02_fold_03/tabpfn_v2_5/test_predictions.csv,,,
per_cancer,os_3yr,LUAD,2,3,tabpfn_v2_6,204,51,63,success,0.5324195623397827,validation split balanced accuracy,0.30128988200158346,5.4709007410001504,0.49206349206349204,0.49391480730223125,0.4838709677419355,0.5172413793103449,0.47058823529411764,0.5187626774847871,0.5522749012664135,0.7203555512703325,0.2622776135008599,/opt/tabr1_results/per_cancer/os_3yr/LUAD/repeat_02_fold_03/tabpfn_v2_6/test_predictions.csv,,,
per_cancer,os_3yr,LUAD,2,3,tabpfn_v3,204,51,63,success,0.5418980717658997,validation split balanced accuracy,0.5392546460006997,4.404834199000106,0.49206349206349204,0.48377281947261663,0.4074074074074074,0.3793103448275862,0.5882352941176471,0.48326572008113583,0.4588635901367298,0.7389829278057238,0.26953063325288473,/opt/tabr1_results/per_cancer/os_3yr/LUAD/repeat_02_fold_03/tabpfn_v3/test_predictions.csv,,,
per_cancer,os_3yr,LUAD,2,3,tabfm_default,204,51,63,success,0.560466468334198,validation split balanced accuracy,0.012614495999514475,2.5660895059991162,0.49206349206349204,0.48884381338742394,0.4482758620689655,0.4482758620689655,0.5294117647058824,0.42089249492900604,0.4650101618751695,0.8336272825175933,0.30421709966363264,/opt/tabr1_results/per_cancer/os_3yr/LUAD/repeat_02_fold_03/tabfm_default/test_predictions.csv,,,
per_cancer,os_3yr,LUAD,2,3,autogluon,204,51,63,success,0.5722761154174805,validation split balanced accuracy,3.8795074930003466,0.01622183699873858,0.5396825396825397,0.5177484787018255,0.32558139534883723,0.2413793103448276,0.7941176470588235,0.5496957403651116,0.5435296556809908,0.6878611387408426,0.24739614206321708,/opt/tabr1_results/per_cancer/os_3yr/LUAD/repeat_02_fold_03/autogluon/test_predictions.csv,,,
per_cancer,os_3yr,LUAD,2,4,tabpfn_v2,204,51,63,success,0.5054196119308472,validation split balanced accuracy,0.21451039900057367,4.639371322000443,0.5873015873015873,0.5567951318458417,0.2777777777777778,0.1724137931034483,0.9411764705882353,0.6095334685598378,0.5864245027302281,0.6861315408544479,0.24649607549219818,/opt/tabr1_results/per_cancer/os_3yr/LUAD/repeat_02_fold_04/tabpfn_v2/test_predictions.csv,,,
per_cancer,os_3yr,LUAD,2,4,tabpfn_v2_5,204,51,63,success,0.5065087080001831,validation split balanced accuracy,0.2542389729987917,5.432250998001109,0.6190476190476191,0.5912778904665315,0.3684210526315789,0.2413793103448276,0.9411764705882353,0.6267748478701827,0.5919096999931107,0.6875463678589354,0.24720150456833112,/opt/tabr1_results/per_cancer/os_3yr/LUAD/repeat_02_fold_04/tabpfn_v2_5/test_predictions.csv,,,
per_cancer,os_3yr,LUAD,2,4,tabpfn_v2_6,204,51,63,success,0.5538042783737183,validation split balanced accuracy,0.30205503000070166,5.342468704999192,0.5396825396825397,0.5050709939148073,0.12121212121212122,0.06896551724137931,0.9411764705882353,0.6374239350912779,0.5734297681018122,0.679240412740516,0.24305976994498907,/opt/tabr1_results/per_cancer/os_3yr/LUAD/repeat_02_fold_04/tabpfn_v2_6/test_predictions.csv,,,
per_cancer,os_3yr,LUAD,2,4,tabpfn_v3,204,51,63,success,0.5172175765037537,validation split balanced accuracy,0.5392358530007186,4.330616672999895,0.5714285714285714,0.5344827586206896,0.12903225806451613,0.06896551724137931,1.0,0.6206896551724138,0.5996040158104725,0.6873183050971807,0.24708935511410104,/opt/tabr1_results/per_cancer/os_3yr/LUAD/repeat_02_fold_04/tabpfn_v3/test_predictions.csv,,,
per_cancer,os_3yr,LUAD,2,4,tabfm_default,204,51,63,success,0.4978298544883728,validation split balanced accuracy,0.012713258000076166,2.401089117000083,0.5714285714285714,0.5750507099391481,0.5714285714285714,0.6206896551724138,0.5294117647058824,0.5801217038539553,0.5365258004979965,0.7176420977168013,0.2581388813417093,/opt/tabr1_results/per_cancer/os_3yr/LUAD/repeat_02_fold_04/tabfm_default/test_predictions.csv,,,
per_cancer,os_3yr,LUAD,2,4,autogluon,204,51,63,success,0.5066508054733276,validation split balanced accuracy,4.256917680999322,0.013062244999673567,0.5873015873015873,0.5669371196754563,0.4090909090909091,0.3103448275862069,0.8235294117647058,0.5806288032454361,0.5825437771101083,0.6887669479540777,0.24781128220589965,/opt/tabr1_results/per_cancer/os_3yr/LUAD/repeat_02_fold_04/autogluon/test_predictions.csv,,,
per_cancer,os_3yr,LUAD,3,0,tabpfn_v2,203,51,64,success,0.528954267501831,validation split balanced accuracy,0.21261041999969166,4.706953874001556,0.484375,0.484375,0.23255813953488372,0.15625,0.8125,0.5595703125,0.5255378440248976,0.6881539862442352,0.24752097423998443,/opt/tabr1_results/per_cancer/os_3yr/LUAD/repeat_03_fold_00/tabpfn_v2/test_predictions.csv,,,
per_cancer,os_3yr,LUAD,3,0,tabpfn_v2_5,203,51,64,success,0.5649735927581787,validation split balanced accuracy,0.22429380000176025,5.167242355999406,0.53125,0.53125,0.34782608695652173,0.25,0.8125,0.5341796875,0.5256824072563662,0.6920715987756154,0.24946572303218717,/opt/tabr1_results/per_cancer/os_3yr/LUAD/repeat_03_fold_00/tabpfn_v2_5/test_predictions.csv,,,
per_cancer,os_3yr,LUAD,3,0,tabpfn_v2_6,203,51,64,success,0.5745998620986938,validation split balanced accuracy,0.3029774410006212,5.425397074999637,0.53125,0.53125,0.2857142857142857,0.1875,0.875,0.5546875,0.5571060523479048,0.6838037856431831,0.24558613342514768,/opt/tabr1_results/per_cancer/os_3yr/LUAD/repeat_03_fold_00/tabpfn_v2_6/test_predictions.csv,,,
per_cancer,os_3yr,LUAD,3,0,tabpfn_v3,203,51,64,success,0.5355140566825867,validation split balanced accuracy,0.5353758709989052,4.405983113001639,0.59375,0.59375,0.5,0.40625,0.78125,0.5771484375,0.6361707020049658,0.6942472469852906,0.25036987127490357,/opt/tabr1_results/per_cancer/os_3yr/LUAD/repeat_03_fold_00/tabpfn_v3/test_predictions.csv,,,
per_cancer,os_3yr,LUAD,3,0,tabfm_default,203,51,64,success,0.6068350672721863,validation split balanced accuracy,0.012785170998540707,2.5073223229992436,0.515625,0.515625,0.27906976744186046,0.1875,0.84375,0.5693359375,0.5984429918662277,0.6882877245281127,0.24724471612241028,/opt/tabr1_results/per_cancer/os_3yr/LUAD/repeat_03_fold_00/tabfm_default/test_predictions.csv,,,
per_cancer,os_3yr,LUAD,3,0,autogluon,203,51,64,success,0.46732261776924133,validation split balanced accuracy,4.203455410999595,0.005411886999354465,0.5625,0.5625,0.6410256410256411,0.78125,0.34375,0.54443359375,0.5531461385784376,0.6899927408729027,0.24843374323649214,/opt/tabr1_results/per_cancer/os_3yr/LUAD/repeat_03_fold_00/autogluon/test_predictions.csv,,,
per_cancer,os_3yr,LUAD,3,1,tabpfn_v2,203,51,64,success,0.4972873628139496,validation split balanced accuracy,0.2083582440009195,4.714299158000358,0.546875,0.5421568627450981,0.5915492957746479,0.6176470588235294,0.4666666666666667,0.5598039215686275,0.6006105722067178,0.6888254894433465,0.24784540654981685,/opt/tabr1_results/per_cancer/os_3yr/LUAD/repeat_03_fold_01/tabpfn_v2/test_predictions.csv,,,
per_cancer,os_3yr,LUAD,3,1,tabpfn_v2_5,203,51,64,success,0.48102253675460815,validation split balanced accuracy,0.2474214160010888,5.188025847000972,0.53125,0.503921568627451,0.6808510638297872,0.9411764705882353,0.06666666666666667,0.5411764705882353,0.6023016857422449,0.689815321956595,0.24833856702818968,/opt/tabr1_results/per_cancer/os_3yr/LUAD/repeat_03_fold_01/tabpfn_v2_5/test_predictions.csv,,,
per_cancer,os_3yr,LUAD,3,1,tabpfn_v2_6,203,51,64,success,0.46560221910476685,validation split balanced accuracy,0.2954120519989374,5.52410845400118,0.515625,0.5049019607843137,0.5974025974025974,0.6764705882352942,0.3333333333333333,0.5294117647058824,0.6118493240761138,0.6908304969317375,0.24888612696349635,/opt/tabr1_results/per_cancer/os_3yr/LUAD/repeat_03_fold_01/tabpfn_v2_6/test_predictions.csv,,,
per_cancer,os_3yr,LUAD,3,1,tabpfn_v3,203,51,64,success,0.49254247546195984,validation split balanced accuracy,0.5297074639984203,4.350287871999171,0.546875,0.5401960784313726,0.6027397260273972,0.6470588235294118,0.43333333333333335,0.47254901960784307,0.5122145553630154,0.6988889400866292,0.2528455777141215,/opt/tabr1_results/per_cancer/os_3yr/LUAD/repeat_03_fold_01/tabpfn_v3/test_predictions.csv,,,
per_cancer,os_3yr,LUAD,3,1,tabfm_default,203,51,64,success,0.5065100789070129,validation split balanced accuracy,0.01273290300014196,2.663992067999061,0.484375,0.4872549019607843,0.47619047619047616,0.4411764705882353,0.5333333333333333,0.43774509803921574,0.499184406693967,0.7317394038440335,0.26545581431888154,/opt/tabr1_results/per_cancer/os_3yr/LUAD/repeat_03_fold_01/tabfm_default/test_predictions.csv,,,
per_cancer,os_3yr,LUAD,3,1,autogluon,203,51,64,success,0.23584502935409546,validation split balanced accuracy,4.5695447779999085,0.061862415001087356,0.46875,0.45098039215686275,0.5952380952380952,0.7352941176470589,0.16666666666666666,0.43333333333333335,0.5186851742201601,0.9138245474535349,0.3348301824178773,/opt/tabr1_results/per_cancer/os_3yr/LUAD/repeat_03_fold_01/autogluon/test_predictions.csv,,,
per_cancer,os_3yr,LUAD,3,2,tabpfn_v2,203,51,64,success,0.5054240226745605,validation split balanced accuracy,0.21779249599967443,4.73229280600026,0.5625,0.5581622678396873,0.48148148148148145,0.41935483870967744,0.696969696969697,0.5566959921798631,0.5424150419402636,0.6893298071984444,0.24809494832059653,/opt/tabr1_results/per_cancer/os_3yr/LUAD/repeat_03_fold_02/tabpfn_v2/test_predictions.csv,,,
per_cancer,os_3yr,LUAD,3,2,tabpfn_v2_5,203,51,64,success,0.5059669017791748,validation split balanced accuracy,0.2549799519983935,5.271547213998929,0.484375,0.47751710654936463,0.32653061224489793,0.25806451612903225,0.696969696969697,0.5083088954056696,0.49701660900977285,0.6942466361124922,0.25054678313052753,/opt/tabr1_results/per_cancer/os_3yr/LUAD/repeat_03_fold_02/tabpfn_v2_5/test_predictions.csv,,,
per_cancer,os_3yr,LUAD,3,2,tabpfn_v2_6,203,51,64,success,0.5318054556846619,validation split balanced accuracy,0.3044610119995923,5.364839548999953,0.546875,0.5381231671554252,0.35555555555555557,0.25806451612903225,0.8181818181818182,0.5283479960899315,0.5946033582160617,0.6912821782622309,0.24909571775307604,/opt/tabr1_results/per_cancer/os_3yr/LUAD/repeat_03_fold_02/tabpfn_v2_6/test_predictions.csv,,,
per_cancer,os_3yr,LUAD,3,2,tabpfn_v3,203,51,64,success,0.5115237832069397,validation split balanced accuracy,0.4909586159992614,4.349735333998979,0.5,0.48778103616813295,0.15789473684210525,0.0967741935483871,0.8787878787878788,0.4696969696969697,0.47566606838370173,0.6937540551239969,0.25030659998564087,/opt/tabr1_results/per_cancer/os_3yr/LUAD/repeat_03_fold_02/tabpfn_v3/test_predictions.csv,,,
per_cancer,os_3yr,LUAD,3,2,tabfm_default,203,51,64,success,0.5108489394187927,validation split balanced accuracy,0.012799160000213305,2.5109754240002076,0.421875,0.41593352883675466,0.27450980392156865,0.22580645161290322,0.6060606060606061,0.4217986314760508,0.43013137739312146,0.7200097983079201,0.26289881899578804,/opt/tabr1_results/per_cancer/os_3yr/LUAD/repeat_03_fold_02/tabfm_default/test_predictions.csv,,,
per_cancer,os_3yr,LUAD,3,2,autogluon,203,51,64,success,0.5294368267059326,validation split balanced accuracy,4.230928776001747,0.11946420699860028,0.515625,0.5087976539589443,0.3673469387755102,0.2903225806451613,0.7272727272727273,0.5811339198435973,0.5615906757687255,0.684806445087021,0.2458337069364666,/opt/tabr1_results/per_cancer/os_3yr/LUAD/repeat_03_fold_02/autogluon/test_predictions.csv,,,
per_cancer,os_3yr,LUAD,3,3,tabpfn_v2,204,51,63,success,0.5170735716819763,validation split balanced accuracy,0.21121492000020226,4.770858169000348,0.5238095238095238,0.5216733870967742,0.4444444444444444,0.3870967741935484,0.65625,0.533266129032258,0.5979889344530261,0.6877072248258352,0.24730569681202982,/opt/tabr1_results/per_cancer/os_3yr/LUAD/repeat_03_fold_03/tabpfn_v2/test_predictions.csv,,,
per_cancer,os_3yr,LUAD,3,3,tabpfn_v2_5,204,51,63,success,0.521943986415863,validation split balanced accuracy,0.2237764880010218,5.389968610999858,0.5396825396825397,0.5383064516129032,0.49122807017543857,0.45161290322580644,0.625,0.5151209677419355,0.5099623902095393,0.6944895526150773,0.25069385830854307,/opt/tabr1_results/per_cancer/os_3yr/LUAD/repeat_03_fold_03/tabpfn_v2_5/test_predictions.csv,,,
per_cancer,os_3yr,LUAD,3,3,tabpfn_v2_6,204,51,63,success,0.49132823944091797,validation split balanced accuracy,0.2980416880000121,5.422640512000726,0.4603174603174603,0.4627016129032258,0.5277777777777778,0.6129032258064516,0.3125,0.5020161290322581,0.5375939024995735,0.6919210202792633,0.2495503208517067,/opt/tabr1_results/per_cancer/os_3yr/LUAD/repeat_03_fold_03/tabpfn_v2_6/test_predictions.csv,,,
per_cancer,os_3yr,LUAD,3,3,tabpfn_v3,204,51,63,success,0.5250600576400757,validation split balanced accuracy,0.477865266999288,4.394718305999049,0.49206349206349204,0.4899193548387097,0.4074074074074074,0.3548387096774194,0.625,0.4546370967741935,0.5442181180061018,0.6945588290916159,0.250713531023905,/opt/tabr1_results/per_cancer/os_3yr/LUAD/repeat_03_fold_03/tabpfn_v3/test_predictions.csv,,,
per_cancer,os_3yr,LUAD,3,3,tabfm_default,204,51,63,success,0.5195213556289673,validation split balanced accuracy,0.012821352000173647,2.6008707830005733,0.5079365079365079,0.5090725806451613,0.5373134328358209,0.5806451612903226,0.4375,0.547883064516129,0.59469419210652,0.6947765121077983,0.2507365173193398,/opt/tabr1_results/per_cancer/os_3yr/LUAD/repeat_03_fold_03/tabfm_default/test_predictions.csv,,,
per_cancer,os_3yr,LUAD,3,3,autogluon,204,51,63,success,0.5230773091316223,validation split balanced accuracy,4.433814136000365,0.018020497998804785,0.6031746031746031,0.5977822580645161,0.3902439024390244,0.25806451612903225,0.9375,0.5262096774193548,0.617985204804466,0.6899095288700599,0.24839433634020786,/opt/tabr1_results/per_cancer/os_3yr/LUAD/repeat_03_fold_03/autogluon/test_predictions.csv,,,
per_cancer,os_3yr,LUAD,3,4,tabpfn_v2,204,51,63,success,0.5037953853607178,validation split balanced accuracy,0.20974863400078902,4.466806223001186,0.5396825396825397,0.5329614604462475,0.4727272727272727,0.4482758620689655,0.6176470588235294,0.5750507099391481,0.5963114294382819,0.6897939722407358,0.2483250691197902,/opt/tabr1_results/per_cancer/os_3yr/LUAD/repeat_03_fold_04/tabpfn_v2/test_predictions.csv,,,
per_cancer,os_3yr,LUAD,3,4,tabpfn_v2_5,204,51,63,success,0.5021655559539795,validation split balanced accuracy,0.25028683099844784,5.196460354998635,0.5555555555555556,0.5425963488843814,0.44,0.3793103448275862,0.7058823529411765,0.6206896551724137,0.5950736262495087,0.6847411867727208,0.24582370835899994,/opt/tabr1_results/per_cancer/os_3yr/LUAD/repeat_03_fold_04/tabpfn_v2_5/test_predictions.csv,,,
per_cancer,os_3yr,LUAD,3,4,tabpfn_v2_6,204,51,63,success,0.48296305537223816,validation split balanced accuracy,0.2992702609990374,5.410572658000092,0.5714285714285714,0.5877281947261663,0.6301369863013698,0.7931034482758621,0.38235294117647056,0.5720081135902637,0.5786196307891365,0.673466639065269,0.2405228959476258,/opt/tabr1_results/per_cancer/os_3yr/LUAD/repeat_03_fold_04/tabpfn_v2_6/test_predictions.csv,,,
per_cancer,os_3yr,LUAD,3,4,tabpfn_v3,204,51,63,success,0.4985089898109436,validation split balanced accuracy,0.5354398030012817,4.343092811001043,0.5714285714285714,0.5750507099391481,0.5714285714285714,0.6206896551724138,0.5294117647058824,0.6582150101419878,0.6710077668155132,0.6891309254982957,0.24799267486407217,/opt/tabr1_results/per_cancer/os_3yr/LUAD/repeat_03_fold_04/tabpfn_v3/test_predictions.csv,,,
per_cancer,os_3yr,LUAD,3,4,tabfm_default,204,51,63,success,0.5540415644645691,validation split balanced accuracy,0.012801823000700097,2.4460016619996168,0.6507936507936508,0.6232251521298174,0.42105263157894735,0.27586206896551724,0.9705882352941176,0.6501014198782962,0.6704210572649645,0.6918983405948117,0.247434602129983,/opt/tabr1_results/per_cancer/os_3yr/LUAD/repeat_03_fold_04/tabfm_default/test_predictions.csv,,,
per_cancer,os_3yr,LUAD,3,4,autogluon,204,51,63,success,0.5024971961975098,validation split balanced accuracy,4.005852993999724,0.02438955499928852,0.5238095238095238,0.5106490872210954,0.4,0.3448275862068966,0.6764705882352942,0.5486815415821501,0.5095099763980184,0.6923614457927967,0.2496068619558486,/opt/tabr1_results/per_cancer/os_3yr/LUAD/repeat_03_fold_04/autogluon/test_predictions.csv,,,
per_cancer,os_3yr,LUAD,4,0,tabpfn_v2,203,51,64,success,0.5043299198150635,validation split balanced accuracy,0.1947084219991666,4.659559697000077,0.390625,0.4928205128205128,0.5517241379310345,0.96,0.02564102564102564,0.5184615384615384,0.4656852765202521,0.7201363428645695,0.2633921206451669,/opt/tabr1_results/per_cancer/os_3yr/LUAD/repeat_04_fold_00/tabpfn_v2/test_predictions.csv,,,
per_cancer,os_3yr,LUAD,4,0,tabpfn_v2_5,203,51,64,success,0.6581259369850159,validation split balanced accuracy,0.2504803299998457,5.219806786000845,0.609375,0.5358974358974359,0.2857142857142857,0.2,0.8717948717948718,0.4917948717948718,0.48753453981303424,0.7323678368807295,0.26929156864291987,/opt/tabr1_results/per_cancer/os_3yr/LUAD/repeat_04_fold_00/tabpfn_v2_5/test_predictions.csv,,,
per_cancer,os_3yr,LUAD,4,0,tabpfn_v2_6,203,51,64,success,0.7788634300231934,validation split balanced accuracy,0.2974405499990098,5.302733517000888,0.625,0.52,0.07692307692307693,0.04,1.0,0.5553846153846154,0.4708406433022133,0.7383112863016591,0.2712832429063284,/opt/tabr1_results/per_cancer/os_3yr/LUAD/repeat_04_fold_00/tabpfn_v2_6/test_predictions.csv,,,
per_cancer,os_3yr,LUAD,4,0,tabpfn_v3,203,51,64,success,0.5526068210601807,validation split balanced accuracy,0.5339815269999235,4.363299316999473,0.53125,0.5005128205128205,0.375,0.36,0.6410256410256411,0.5143589743589743,0.4897864197653316,0.7138254528122503,0.2604436440476221,/opt/tabr1_results/per_cancer/os_3yr/LUAD/repeat_04_fold_00/tabpfn_v3/test_predictions.csv,,,
per_cancer,os_3yr,LUAD,4,0,tabfm_default,203,51,64,success,0.48481371998786926,validation split balanced accuracy,0.012778087000697269,2.727658039999369,0.390625,0.4856410256410257,0.5411764705882353,0.92,0.05128205128205128,0.5635897435897436,0.47203225001731325,0.7424526834171302,0.26757809154446,/opt/tabr1_results/per_cancer/os_3yr/LUAD/repeat_04_fold_00/tabfm_default/test_predictions.csv,,,
per_cancer,os_3yr,LUAD,4,0,autogluon,203,51,64,success,0.43370628356933594,validation split balanced accuracy,3.8457479200005764,0.016224050999881,0.390625,0.4928205128205128,0.5517241379310345,0.96,0.02564102564102564,0.48410256410256414,0.4050006439581992,0.7462186040258362,0.27572000816968256,/opt/tabr1_results/per_cancer/os_3yr/LUAD/repeat_04_fold_00/autogluon/test_predictions.csv,,,
per_cancer,os_3yr,LUAD,4,1,tabpfn_v2,204,51,63,success,0.5322979092597961,validation split balanced accuracy,0.2142078519991628,4.5948413030000665,0.5873015873015873,0.6107142857142858,0.5185185185185185,0.4,0.8214285714285714,0.6071428571428572,0.6593518214136941,0.6871172826844323,0.24698073025060935,/opt/tabr1_results/per_cancer/os_3yr/LUAD/repeat_04_fold_01/tabpfn_v2/test_predictions.csv,,,
per_cancer,os_3yr,LUAD,4,1,tabpfn_v2_5,204,51,63,success,0.5243715047836304,validation split balanced accuracy,0.25250471599974844,5.278874712999823,0.5873015873015873,0.5857142857142856,0.6176470588235294,0.6,0.5714285714285714,0.596938775510204,0.6394085842608039,0.6885938330457296,0.24767960552743729,/opt/tabr1_results/per_cancer/os_3yr/LUAD/repeat_04_fold_01/tabpfn_v2_5/test_predictions.csv,,,
per_cancer,os_3yr,LUAD,4,1,tabpfn_v2_6,204,51,63,success,0.5731556415557861,validation split balanced accuracy,0.3002124510003341,5.398238207999384,0.47619047619047616,0.5178571428571429,0.23255813953488372,0.14285714285714285,0.8928571428571429,0.5377551020408163,0.6101747917163545,0.6904976729985307,0.2486780412408989,/opt/tabr1_results/per_cancer/os_3yr/LUAD/repeat_04_fold_01/tabpfn_v2_6/test_predictions.csv,,,
per_cancer,os_3yr,LUAD,4,1,tabpfn_v3,204,51,63,success,0.5373557209968567,validation split balanced accuracy,0.5403875289994176,4.426098592999551,0.5079365079365079,0.5214285714285715,0.4745762711864407,0.4,0.6428571428571429,0.5173469387755103,0.5659656599139773,0.6929126955132583,0.24986805014869357,/opt/tabr1_results/per_cancer/os_3yr/LUAD/repeat_04_fold_01/tabpfn_v3/test_predictions.csv,,,
per_cancer,os_3yr,LUAD,4,1,tabfm_default,204,51,63,success,0.604762077331543,validation split balanced accuracy,0.012869394000517786,2.4264997160007624,0.47619047619047616,0.5214285714285715,0.1951219512195122,0.11428571428571428,0.9285714285714286,0.541326530612245,0.6128462292198238,0.6915729741662195,0.24971935864498981,/opt/tabr1_results/per_cancer/os_3yr/LUAD/repeat_04_fold_01/tabfm_default/test_predictions.csv,,,
per_cancer,os_3yr,LUAD,4,1,autogluon,204,51,63,success,0.7368043661117554,validation split balanced accuracy,4.27270669200152,0.0073897059992305,0.47619047619047616,0.5178571428571429,0.23255813953488372,0.14285714285714285,0.8928571428571429,0.49795918367346936,0.5784908789566681,0.7869299812409879,0.2882520027890938,/opt/tabr1_results/per_cancer/os_3yr/LUAD/repeat_04_fold_01/autogluon/test_predictions.csv,,,
per_cancer,os_3yr,LUAD,4,2,tabpfn_v2,203,51,64,success,0.47455838322639465,validation split balanced accuracy,0.2182465259993478,4.590532550999342,0.40625,0.40476190476190477,0.4411764705882353,0.4166666666666667,0.39285714285714285,0.39136904761904756,0.5344034035682823,0.7360428176178759,0.2706145818858709,/opt/tabr1_results/per_cancer/os_3yr/LUAD/repeat_04_fold_02/tabpfn_v2/test_predictions.csv,,,
per_cancer,os_3yr,LUAD,4,2,tabpfn_v2_5,203,51,64,success,0.433838814496994,validation split balanced accuracy,0.22786130100030277,5.5544137799988675,0.484375,0.45436507936507936,0.6024096385542169,0.6944444444444444,0.21428571428571427,0.41914682539682535,0.5576845339307199,0.7339899134998704,0.26976917105528697,/opt/tabr1_results/per_cancer/os_3yr/LUAD/repeat_04_fold_02/tabpfn_v2_5/test_predictions.csv,,,
per_cancer,os_3yr,LUAD,4,2,tabpfn_v2_6,203,51,64,success,0.29494160413742065,validation split balanced accuracy,0.3055083150011342,5.2516598790007265,0.5625,0.5,0.72,1.0,0.0,0.44692460317460314,0.5628569972707979,0.7560953907026813,0.2797390079181838,/opt/tabr1_results/per_cancer/os_3yr/LUAD/repeat_04_fold_02/tabpfn_v2_6/test_predictions.csv,,,
per_cancer,os_3yr,LUAD,4,2,tabpfn_v3,203,51,64,success,0.5289279222488403,validation split balanced accuracy,0.5415112320006301,4.366889562001234,0.40625,0.4484126984126984,0.17391304347826086,0.1111111111111111,0.7857142857142857,0.40625,0.5407300051241042,0.74540916768384,0.2753653490620766,/opt/tabr1_results/per_cancer/os_3yr/LUAD/repeat_04_fold_02/tabpfn_v3/test_predictions.csv,,,
per_cancer,os_3yr,LUAD,4,2,tabfm_default,203,51,64,success,0.3330451250076294,validation split balanced accuracy,0.012776612000379828,2.4877018370007136,0.5,0.46031746031746035,0.6363636363636364,0.7777777777777778,0.14285714285714285,0.41716269841269843,0.5548989932275051,0.7283282725566096,0.26685656902856103,/opt/tabr1_results/per_cancer/os_3yr/LUAD/repeat_04_fold_02/tabfm_default/test_predictions.csv,,,
per_cancer,os_3yr,LUAD,4,2,autogluon,203,51,64,success,0.5351032614707947,validation split balanced accuracy,3.9618091019983694,0.016359699999156874,0.5,0.5357142857142857,0.36,0.25,0.8214285714285714,0.5257936507936508,0.6440816467877308,0.7213277526475985,0.2634301975147742,/opt/tabr1_results/per_cancer/os_3yr/LUAD/repeat_04_fold_02/autogluon/test_predictions.csv,,,
per_cancer,os_3yr,LUAD,4,3,tabpfn_v2,204,51,63,success,0.5632877349853516,validation split balanced accuracy,0.21907227500014415,4.200096410000697,0.6666666666666666,0.6005263157894737,0.4,0.28,0.9210526315789473,0.643157894736842,0.57720673637352,0.6970227805436661,0.25195365669661024,/opt/tabr1_results/per_cancer/os_3yr/LUAD/repeat_04_fold_03/tabpfn_v2/test_predictions.csv,,,
per_cancer,os_3yr,LUAD,4,3,tabpfn_v2_5,204,51,63,success,0.5879548788070679,validation split balanced accuracy,0.25805294899873843,5.146759701001429,0.6349206349206349,0.5536842105263158,0.25806451612903225,0.16,0.9473684210526315,0.6484210526315789,0.5619762297730667,0.6938979332678731,0.2504171310432221,/opt/tabr1_results/per_cancer/os_3yr/LUAD/repeat_04_fold_03/tabpfn_v2_5/test_predictions.csv,,,
per_cancer,os_3yr,LUAD,4,3,tabpfn_v2_6,204,51,63,success,0.6431702375411987,validation split balanced accuracy,0.3068060820005485,5.57384308499968,0.6190476190476191,0.5268421052631579,0.14285714285714285,0.08,0.9736842105263158,0.6642105263157895,0.53133738058132,0.6881387444233331,0.24740550542312548,/opt/tabr1_results/per_cancer/os_3yr/LUAD/repeat_04_fold_03/tabpfn_v2_6/test_predictions.csv,,,
per_cancer,os_3yr,LUAD,4,3,tabpfn_v3,204,51,63,success,0.5463775992393494,validation split balanced accuracy,0.5443512919991917,4.37985893000041,0.5873015873015873,0.5210526315789473,0.2777777777777778,0.2,0.8421052631578947,0.6273684210526317,0.5485976595820304,0.6997616879398285,0.253309296158869,/opt/tabr1_results/per_cancer/os_3yr/LUAD/repeat_04_fold_03/tabpfn_v3/test_predictions.csv,,,
per_cancer,os_3yr,LUAD,4,3,tabfm_default,204,51,63,success,0.893474817276001,validation split balanced accuracy,0.012840147999668261,2.4730034230015008,0.6031746031746031,0.5,0.0,0.0,1.0,0.5694736842105262,0.4795802971136562,0.7359890172321009,0.2624299060187221,/opt/tabr1_results/per_cancer/os_3yr/LUAD/repeat_04_fold_03/tabfm_default/test_predictions.csv,,,
per_cancer,os_3yr,LUAD,4,3,autogluon,204,51,63,success,0.5635676383972168,validation split balanced accuracy,4.06772714500039,0.005410378000306082,0.5873015873015873,0.5347368421052632,0.35,0.28,0.7894736842105263,0.5268421052631579,0.40705910818367685,0.7056007786079413,0.2561117764480776,/opt/tabr1_results/per_cancer/os_3yr/LUAD/repeat_04_fold_03/autogluon/test_predictions.csv,,,
per_cancer,os_3yr,LUAD,4,4,tabpfn_v2,203,51,64,success,0.5797350406646729,validation split balanced accuracy,0.21319971699995222,4.5598736309984815,0.453125,0.5138888888888888,0.05405405405405406,0.027777777777777776,1.0,0.6106150793650793,0.6950952823277025,0.6808870999373513,0.24389856251435146,/opt/tabr1_results/per_cancer/os_3yr/LUAD/repeat_04_fold_04/tabpfn_v2/test_predictions.csv,,,
per_cancer,os_3yr,LUAD,4,4,tabpfn_v2_5,203,51,64,success,0.5650684833526611,validation split balanced accuracy,0.2522159959989949,5.088834184000007,0.453125,0.5138888888888888,0.05405405405405406,0.027777777777777776,1.0,0.5828373015873016,0.6899461232677053,0.6818480147680547,0.24439450211064212,/opt/tabr1_results/per_cancer/os_3yr/LUAD/repeat_04_fold_04/tabpfn_v2_5/test_predictions.csv,,,
per_cancer,os_3yr,LUAD,4,4,tabpfn_v2_6,203,51,64,success,0.502174437046051,validation split balanced accuracy,0.30311025899936794,5.364072680999016,0.546875,0.5257936507936508,0.6329113924050633,0.6944444444444444,0.35714285714285715,0.6274801587301587,0.7320881195629214,0.6755596771603128,0.24129993011397943,/opt/tabr1_results/per_cancer/os_3yr/LUAD/repeat_04_fold_04/tabpfn_v2_6/test_predictions.csv,,,
per_cancer,os_3yr,LUAD,4,4,tabpfn_v3,203,51,64,success,0.4818367063999176,validation split balanced accuracy,0.5361757729988312,4.431617820999236,0.5625,0.5158730158730158,0.6956521739130435,0.8888888888888888,0.14285714285714285,0.5947420634920635,0.6633798327033669,0.6820132199127111,0.244499418007381,/opt/tabr1_results/per_cancer/os_3yr/LUAD/repeat_04_fold_04/tabpfn_v3/test_predictions.csv,,,
per_cancer,os_3yr,LUAD,4,4,tabfm_default,203,51,64,success,0.0896669328212738,validation split balanced accuracy,0.012755633999404381,2.5921034939983656,0.5625,0.5,0.72,1.0,0.0,0.6924603174603174,0.7478321368020836,0.6283264407588137,0.2208496027880309,/opt/tabr1_results/per_cancer/os_3yr/LUAD/repeat_04_fold_04/tabfm_default/test_predictions.csv,,,
per_cancer,os_3yr,LUAD,4,4,autogluon,203,51,64,success,0.648841381072998,validation split balanced accuracy,4.414086418000807,0.016932670998357935,0.5625,0.5793650793650793,0.5333333333333333,0.4444444444444444,0.7142857142857143,0.6463293650793651,0.6862669216086543,0.6800957465823996,0.24144908516446506,/opt/tabr1_results/per_cancer/os_3yr/LUAD/repeat_04_fold_04/autogluon/test_predictions.csv,,,
pooled,os_3yr,ALL,0,0,tabpfn_v2,1053,263,329,failed,,,,,,,,,,,,,,,RuntimeError,"Running on CPU with more than 1000 samples is not allowed by default due to slow performance.
To override this behavior, set the environment variable TABPFN_ALLOW_CPU_LARGE_DATASET=1 or set ignore_pretraining_limits=True.
Alternatively, consider using a GPU or the tabpfn-client API: https://github.com/PriorLabs/tabpfn-client",/opt/tabr1_results/pooled/os_3yr/ALL/repeat_00_fold_00/tabpfn_v2/traceback.txt
pooled,os_3yr,ALL,0,0,tabpfn_v2_5,1053,263,329,failed,,,,,,,,,,,,,,,RuntimeError,"Running on CPU with more than 1000 samples is not allowed by default due to slow performance.
To override this behavior, set the environment variable TABPFN_ALLOW_CPU_LARGE_DATASET=1 or set ignore_pretraining_limits=True.
Alternatively, consider using a GPU or the tabpfn-client API: https://github.com/PriorLabs/tabpfn-client",/opt/tabr1_results/pooled/os_3yr/ALL/repeat_00_fold_00/tabpfn_v2_5/traceback.txt
pooled,os_3yr,ALL,0,0,tabpfn_v2_6,1053,263,329,failed,,,,,,,,,,,,,,,RuntimeError,"Running on CPU with more than 1000 samples is not allowed by default due to slow performance.
To override this behavior, set the environment variable TABPFN_ALLOW_CPU_LARGE_DATASET=1 or set ignore_pretraining_limits=True.
Alternatively, consider using a GPU or the tabpfn-client API: https://github.com/PriorLabs/tabpfn-client",/opt/tabr1_results/pooled/os_3yr/ALL/repeat_00_fold_00/tabpfn_v2_6/traceback.txt
pooled,os_3yr,ALL,0,0,tabpfn_v3,1053,263,329,success,0.4015597105026245,validation split balanced accuracy,0.4927892730011081,22.081211472999712,0.6170212765957447,0.6815599173553719,0.64,0.9256198347107438,0.4375,0.7532183725365544,0.6228120042713555,0.5595503442088205,0.1915373492699326,/opt/tabr1_results/pooled/os_3yr/ALL/repeat_00_fold_00/tabpfn_v3/test_predictions.csv,,,
pooled,os_3yr,ALL,0,0,tabfm_default,1053,263,329,success,0.465333491563797,validation split balanced accuracy,0.018168294000133756,15.05769153700021,0.668693009118541,0.6861292116973936,0.6254295532646048,0.7520661157024794,0.6201923076923077,0.7699260966306422,0.6591169885098109,0.5484717093974236,0.18724094896405738,/opt/tabr1_results/pooled/os_3yr/ALL/repeat_00_fold_00/tabfm_default/test_predictions.csv,,,
pooled,os_3yr,ALL,0,0,autogluon,1053,263,329,success,0.29316437244415283,validation split balanced accuracy,7.743309657000282,0.02215093000086199,0.6352583586626139,0.673513986013986,0.6226415094339622,0.8181818181818182,0.5288461538461539,0.7606881754609027,0.5879105352588545,0.5660842868084174,0.19155305995384703,/opt/tabr1_results/pooled/os_3yr/ALL/repeat_00_fold_00/autogluon/test_predictions.csv,,,
pooled,os_3yr,ALL,0,1,tabpfn_v2,1052,264,329,failed,,,,,,,,,,,,,,,RuntimeError,"Running on CPU with more than 1000 samples is not allowed by default due to slow performance.
To override this behavior, set the environment variable TABPFN_ALLOW_CPU_LARGE_DATASET=1 or set ignore_pretraining_limits=True.
Alternatively, consider using a GPU or the tabpfn-client API: https://github.com/PriorLabs/tabpfn-client",/opt/tabr1_results/pooled/os_3yr/ALL/repeat_00_fold_01/tabpfn_v2/traceback.txt
pooled,os_3yr,ALL,0,1,tabpfn_v2_5,1052,264,329,failed,,,,,,,,,,,,,,,RuntimeError,"Running on CPU with more than 1000 samples is not allowed by default due to slow performance.
To override this behavior, set the environment variable TABPFN_ALLOW_CPU_LARGE_DATASET=1 or set ignore_pretraining_limits=True.
Alternatively, consider using a GPU or the tabpfn-client API: https://github.com/PriorLabs/tabpfn-client",/opt/tabr1_results/pooled/os_3yr/ALL/repeat_00_fold_01/tabpfn_v2_5/traceback.txt
pooled,os_3yr,ALL,0,1,tabpfn_v2_6,1052,264,329,failed,,,,,,,,,,,,,,,RuntimeError,"Running on CPU with more than 1000 samples is not allowed by default due to slow performance.
To override this behavior, set the environment variable TABPFN_ALLOW_CPU_LARGE_DATASET=1 or set ignore_pretraining_limits=True.
Alternatively, consider using a GPU or the tabpfn-client API: https://github.com/PriorLabs/tabpfn-client",/opt/tabr1_results/pooled/os_3yr/ALL/repeat_00_fold_01/tabpfn_v2_6/traceback.txt
pooled,os_3yr,ALL,0,1,tabpfn_v3,1052,264,329,success,0.37562987208366394,validation split balanced accuracy,0.4934916069996689,22.506199563000337,0.6747720364741642,0.688051948051948,0.720626631853786,0.8961038961038961,0.48,0.7446196660482375,0.6800172663205901,0.6152107116999642,0.21293306663271727,/opt/tabr1_results/pooled/os_3yr/ALL/repeat_00_fold_01/tabpfn_v3/test_predictions.csv,,,
pooled,os_3yr,ALL,0,1,tabfm_default,1052,264,329,success,0.3767249882221222,validation split balanced accuracy,0.01801036100005149,14.924818500001493,0.6747720364741642,0.688051948051948,0.720626631853786,0.8961038961038961,0.48,0.7341187384044527,0.6694821441254682,0.6217521345756709,0.21634623742280978,/opt/tabr1_results/pooled/os_3yr/ALL/repeat_00_fold_01/tabfm_default/test_predictions.csv,,,
pooled,os_3yr,ALL,0,1,autogluon,1052,264,329,success,0.4771236479282379,validation split balanced accuracy,7.756285625000601,0.005596166000032099,0.6504559270516718,0.6383116883116884,0.5454545454545454,0.44805194805194803,0.8285714285714286,0.7148608534322819,0.6534629486940665,0.632070770260929,0.22153069870839157,/opt/tabr1_results/pooled/os_3yr/ALL/repeat_00_fold_01/autogluon/test_predictions.csv,,,
pooled,os_3yr,ALL,0,2,tabpfn_v2,1053,263,329,failed,,,,,,,,,,,,,,,RuntimeError,"Running on CPU with more than 1000 samples is not allowed by default due to slow performance.
To override this behavior, set the environment variable TABPFN_ALLOW_CPU_LARGE_DATASET=1 or set ignore_pretraining_limits=True.
Alternatively, consider using a GPU or the tabpfn-client API: https://github.com/PriorLabs/tabpfn-client",/opt/tabr1_results/pooled/os_3yr/ALL/repeat_00_fold_02/tabpfn_v2/traceback.txt
pooled,os_3yr,ALL,0,2,tabpfn_v2_5,1053,263,329,failed,,,,,,,,,,,,,,,RuntimeError,"Running on CPU with more than 1000 samples is not allowed by default due to slow performance.
To override this behavior, set the environment variable TABPFN_ALLOW_CPU_LARGE_DATASET=1 or set ignore_pretraining_limits=True.
Alternatively, consider using a GPU or the tabpfn-client API: https://github.com/PriorLabs/tabpfn-client",/opt/tabr1_results/pooled/os_3yr/ALL/repeat_00_fold_02/tabpfn_v2_5/traceback.txt
pooled,os_3yr,ALL,0,2,tabpfn_v2_6,1053,263,329,failed,,,,,,,,,,,,,,,RuntimeError,"Running on CPU with more than 1000 samples is not allowed by default due to slow performance.
To override this behavior, set the environment variable TABPFN_ALLOW_CPU_LARGE_DATASET=1 or set ignore_pretraining_limits=True.
Alternatively, consider using a GPU or the tabpfn-client API: https://github.com/PriorLabs/tabpfn-client",/opt/tabr1_results/pooled/os_3yr/ALL/repeat_00_fold_02/tabpfn_v2_6/traceback.txt
pooled,os_3yr,ALL,0,2,tabpfn_v3,1053,263,329,success,0.4959365725517273,validation split balanced accuracy,0.4600220520005678,22.256531547000122,0.6109422492401215,0.638727749523204,0.5844155844155844,0.743801652892562,0.5336538461538461,0.7006118881118881,0.5719480859914197,0.585100450934123,0.20223837802990086,/opt/tabr1_results/pooled/os_3yr/ALL/repeat_00_fold_02/tabpfn_v3/test_predictions.csv,,,
pooled,os_3yr,ALL,0,2,tabfm_default,1053,263,329,success,0.5346665382385254,validation split balanced accuracy,0.018272955998327234,15.347769650999908,0.6382978723404256,0.6240662746344565,0.5369649805447471,0.5702479338842975,0.6778846153846154,0.7167434837889383,0.5885392073307874,0.5819214108841344,0.20107020975662127,/opt/tabr1_results/pooled/os_3yr/ALL/repeat_00_fold_02/tabfm_default/test_predictions.csv,,,
pooled,os_3yr,ALL,0,2,autogluon,1053,263,329,success,0.41127705574035645,validation split balanced accuracy,8.17525594000108,0.013506547000361024,0.6139817629179332,0.6411315956770502,0.5863192182410424,0.743801652892562,0.5384615384615384,0.6908375715193897,0.5164099602684686,0.61886082070181,0.2146913473070083,/opt/tabr1_results/pooled/os_3yr/ALL/repeat_00_fold_02/autogluon/test_predictions.csv,,,
pooled,os_3yr,ALL,0,3,tabpfn_v2,1053,263,329,failed,,,,,,,,,,,,,,,RuntimeError,"Running on CPU with more than 1000 samples is not allowed by default due to slow performance.
To override this behavior, set the environment variable TABPFN_ALLOW_CPU_LARGE_DATASET=1 or set ignore_pretraining_limits=True.
Alternatively, consider using a GPU or the tabpfn-client API: https://github.com/PriorLabs/tabpfn-client",/opt/tabr1_results/pooled/os_3yr/ALL/repeat_00_fold_03/tabpfn_v2/traceback.txt
pooled,os_3yr,ALL,0,3,tabpfn_v2_5,1053,263,329,failed,,,,,,,,,,,,,,,RuntimeError,"Running on CPU with more than 1000 samples is not allowed by default due to slow performance.
To override this behavior, set the environment variable TABPFN_ALLOW_CPU_LARGE_DATASET=1 or set ignore_pretraining_limits=True.
Alternatively, consider using a GPU or the tabpfn-client API: https://github.com/PriorLabs/tabpfn-client",/opt/tabr1_results/pooled/os_3yr/ALL/repeat_00_fold_03/tabpfn_v2_5/traceback.txt
pooled,os_3yr,ALL,0,3,tabpfn_v2_6,1053,263,329,failed,,,,,,,,,,,,,,,RuntimeError,"Running on CPU with more than 1000 samples is not allowed by default due to slow performance.
To override this behavior, set the environment variable TABPFN_ALLOW_CPU_LARGE_DATASET=1 or set ignore_pretraining_limits=True.
Alternatively, consider using a GPU or the tabpfn-client API: https://github.com/PriorLabs/tabpfn-client",/opt/tabr1_results/pooled/os_3yr/ALL/repeat_00_fold_03/tabpfn_v2_6/traceback.txt
pooled,os_3yr,ALL,0,3,tabpfn_v3,1053,263,329,success,0.3715524673461914,validation split balanced accuracy,0.48647317200084217,22.397549727000296,0.6443768996960486,0.6725505677118581,0.6846361185983828,0.8881118881118881,0.45698924731182794,0.7018572825024438,0.6099579595481506,0.6118273587073968,0.21192119000512413,/opt/tabr1_results/pooled/os_3yr/ALL/repeat_00_fold_03/tabpfn_v3/test_predictions.csv,,,
pooled,os_3yr,ALL,0,3,tabfm_default,1053,263,329,success,0.13497847318649292,validation split balanced accuracy,0.018093481001415057,14.915345049999814,0.6504559270516718,0.6819685690653433,0.6965699208443272,0.9230769230769231,0.44086021505376344,0.7147717873524325,0.6202763225381619,0.6072565140573651,0.21043028736951525,/opt/tabr1_results/pooled/os_3yr/ALL/repeat_00_fold_03/tabfm_default/test_predictions.csv,,,
pooled,os_3yr,ALL,0,3,autogluon,1053,263,329,success,0.36132991313934326,validation split balanced accuracy,7.535333525000169,0.018748521000816254,0.6413373860182371,0.6545040980524851,0.6467065868263473,0.7552447552447552,0.553763440860215,0.6884728175050756,0.597793265170153,0.6537562944313805,0.2295766557460551,/opt/tabr1_results/pooled/os_3yr/ALL/repeat_00_fold_03/autogluon/test_predictions.csv,,,
pooled,os_3yr,ALL,0,4,tabpfn_v2,1053,263,329,failed,,,,,,,,,,,,,,,RuntimeError,"Running on CPU with more than 1000 samples is not allowed by default due to slow performance.
To override this behavior, set the environment variable TABPFN_ALLOW_CPU_LARGE_DATASET=1 or set ignore_pretraining_limits=True.
Alternatively, consider using a GPU or the tabpfn-client API: https://github.com/PriorLabs/tabpfn-client",/opt/tabr1_results/pooled/os_3yr/ALL/repeat_00_fold_04/tabpfn_v2/traceback.txt
pooled,os_3yr,ALL,0,4,tabpfn_v2_5,1053,263,329,failed,,,,,,,,,,,,,,,RuntimeError,"Running on CPU with more than 1000 samples is not allowed by default due to slow performance.
To override this behavior, set the environment variable TABPFN_ALLOW_CPU_LARGE_DATASET=1 or set ignore_pretraining_limits=True.
Alternatively, consider using a GPU or the tabpfn-client API: https://github.com/PriorLabs/tabpfn-client",/opt/tabr1_results/pooled/os_3yr/ALL/repeat_00_fold_04/tabpfn_v2_5/traceback.txt
pooled,os_3yr,ALL,0,4,tabpfn_v2_6,1053,263,329,failed,,,,,,,,,,,,,,,RuntimeError,"Running on CPU with more than 1000 samples is not allowed by default due to slow performance.
To override this behavior, set the environment variable TABPFN_ALLOW_CPU_LARGE_DATASET=1 or set ignore_pretraining_limits=True.
Alternatively, consider using a GPU or the tabpfn-client API: https://github.com/PriorLabs/tabpfn-client",/opt/tabr1_results/pooled/os_3yr/ALL/repeat_00_fold_04/tabpfn_v2_6/traceback.txt
pooled,os_3yr,ALL,0,4,tabpfn_v3,1053,263,329,success,0.4456591010093689,validation split balanced accuracy,0.49380031900000176,22.76103896299901,0.6261398176291794,0.6410051703163018,0.6191950464396285,0.7299270072992701,0.5520833333333334,0.6730915450121655,0.5631762164929823,0.624725651804751,0.21757528909775353,/opt/tabr1_results/pooled/os_3yr/ALL/repeat_00_fold_04/tabpfn_v3/test_predictions.csv,,,
pooled,os_3yr,ALL,0,4,tabfm_default,1053,263,329,success,0.45670586824417114,validation split balanced accuracy,0.018185708000601153,15.752901612000642,0.6170212765957447,0.6331926703163018,0.6134969325153374,0.7299270072992701,0.5364583333333334,0.6833941605839416,0.569490347305957,0.6228128034836361,0.21646471223888286,/opt/tabr1_results/pooled/os_3yr/ALL/repeat_00_fold_04/tabfm_default/test_predictions.csv,,,
pooled,os_3yr,ALL,0,4,autogluon,1053,263,329,success,0.4060962200164795,validation split balanced accuracy,7.6102478540015,0.16502009800024098,0.6261398176291794,0.6347323600973236,0.6045016077170418,0.6861313868613139,0.5833333333333334,0.6711526763990268,0.5631619864944426,0.6258650111195848,0.21899993758038291,/opt/tabr1_results/pooled/os_3yr/ALL/repeat_00_fold_04/autogluon/test_predictions.csv,,,
pooled,os_3yr,ALL,1,0,tabpfn_v2,1052,264,329,failed,,,,,,,,,,,,,,,RuntimeError,"Running on CPU with more than 1000 samples is not allowed by default due to slow performance.
To override this behavior, set the environment variable TABPFN_ALLOW_CPU_LARGE_DATASET=1 or set ignore_pretraining_limits=True.
Alternatively, consider using a GPU or the tabpfn-client API: https://github.com/PriorLabs/tabpfn-client",/opt/tabr1_results/pooled/os_3yr/ALL/repeat_01_fold_00/tabpfn_v2/traceback.txt
pooled,os_3yr,ALL,1,0,tabpfn_v2_5,1052,264,329,failed,,,,,,,,,,,,,,,RuntimeError,"Running on CPU with more than 1000 samples is not allowed by default due to slow performance.
To override this behavior, set the environment variable TABPFN_ALLOW_CPU_LARGE_DATASET=1 or set ignore_pretraining_limits=True.
Alternatively, consider using a GPU or the tabpfn-client API: https://github.com/PriorLabs/tabpfn-client",/opt/tabr1_results/pooled/os_3yr/ALL/repeat_01_fold_00/tabpfn_v2_5/traceback.txt
pooled,os_3yr,ALL,1,0,tabpfn_v2_6,1052,264,329,failed,,,,,,,,,,,,,,,RuntimeError,"Running on CPU with more than 1000 samples is not allowed by default due to slow performance.
To override this behavior, set the environment variable TABPFN_ALLOW_CPU_LARGE_DATASET=1 or set ignore_pretraining_limits=True.
Alternatively, consider using a GPU or the tabpfn-client API: https://github.com/PriorLabs/tabpfn-client",/opt/tabr1_results/pooled/os_3yr/ALL/repeat_01_fold_00/tabpfn_v2_6/traceback.txt
pooled,os_3yr,ALL,1,0,tabpfn_v3,1052,264,329,success,0.4614897668361664,validation split balanced accuracy,0.4947461049996491,22.912626286000886,0.662613981762918,0.6745435016111707,0.6384364820846905,0.7368421052631579,0.6122448979591837,0.7063641245972072,0.5841194205213895,0.6071171594341221,0.2087481448745821,/opt/tabr1_results/pooled/os_3yr/ALL/repeat_01_fold_00/tabpfn_v3/test_predictions.csv,,,
pooled,os_3yr,ALL,1,0,tabfm_default,1052,264,329,success,0.49565982818603516,validation split balanced accuracy,0.01799810800002888,15.863206426000033,0.6747720364741642,0.6714554242749732,0.6192170818505338,0.6541353383458647,0.6887755102040817,0.7260242442841799,0.6168256647524603,0.602415862606636,0.2054537977216567,/opt/tabr1_results/pooled/os_3yr/ALL/repeat_01_fold_00/tabfm_default/test_predictions.csv,,,
pooled,os_3yr,ALL,1,0,autogluon,1052,264,329,success,0.3272774815559387,validation split balanced accuracy,8.91118004800046,0.007293959999515209,0.60790273556231,0.6237916219119226,0.5930599369085173,0.706766917293233,0.5408163265306123,0.6826185361362589,0.5615923553529918,0.6822786938810653,0.23256962406133858,/opt/tabr1_results/pooled/os_3yr/ALL/repeat_01_fold_00/autogluon/test_predictions.csv,,,
pooled,os_3yr,ALL,1,1,tabpfn_v2,1053,263,329,failed,,,,,,,,,,,,,,,RuntimeError,"Running on CPU with more than 1000 samples is not allowed by default due to slow performance.
To override this behavior, set the environment variable TABPFN_ALLOW_CPU_LARGE_DATASET=1 or set ignore_pretraining_limits=True.
Alternatively, consider using a GPU or the tabpfn-client API: https://github.com/PriorLabs/tabpfn-client",/opt/tabr1_results/pooled/os_3yr/ALL/repeat_01_fold_01/tabpfn_v2/traceback.txt
pooled,os_3yr,ALL,1,1,tabpfn_v2_5,1053,263,329,failed,,,,,,,,,,,,,,,RuntimeError,"Running on CPU with more than 1000 samples is not allowed by default due to slow performance.
To override this behavior, set the environment variable TABPFN_ALLOW_CPU_LARGE_DATASET=1 or set ignore_pretraining_limits=True.
Alternatively, consider using a GPU or the tabpfn-client API: https://github.com/PriorLabs/tabpfn-client",/opt/tabr1_results/pooled/os_3yr/ALL/repeat_01_fold_01/tabpfn_v2_5/traceback.txt
pooled,os_3yr,ALL,1,1,tabpfn_v2_6,1053,263,329,failed,,,,,,,,,,,,,,,RuntimeError,"Running on CPU with more than 1000 samples is not allowed by default due to slow performance.
To override this behavior, set the environment variable TABPFN_ALLOW_CPU_LARGE_DATASET=1 or set ignore_pretraining_limits=True.
Alternatively, consider using a GPU or the tabpfn-client API: https://github.com/PriorLabs/tabpfn-client",/opt/tabr1_results/pooled/os_3yr/ALL/repeat_01_fold_01/tabpfn_v2_6/traceback.txt
pooled,os_3yr,ALL,1,1,tabpfn_v3,1053,263,329,success,0.5004070997238159,validation split balanced accuracy,0.4935325769984047,22.471631734000766,0.6474164133738601,0.6538783907345321,0.618421052631579,0.6911764705882353,0.616580310880829,0.7234646449253276,0.6526240439814814,0.5739902315701675,0.19676014303602116,/opt/tabr1_results/pooled/os_3yr/ALL/repeat_01_fold_01/tabpfn_v3/test_predictions.csv,,,
pooled,os_3yr,ALL,1,1,tabfm_default,1053,263,329,success,0.4739818871021271,validation split balanced accuracy,0.01795834399854357,15.59847806000107,0.668693009118541,0.6828710758914964,0.6561514195583596,0.7647058823529411,0.6010362694300518,0.7440566900335265,0.6686191755572255,0.5706496097744037,0.194996539569248,/opt/tabr1_results/pooled/os_3yr/ALL/repeat_01_fold_01/tabfm_default/test_predictions.csv,,,
pooled,os_3yr,ALL,1,1,autogluon,1053,263,329,success,0.19338755309581757,validation split balanced accuracy,8.321050253000067,0.0198556120012654,0.6291793313069909,0.6709082596769278,0.6702702702702703,0.9117647058823529,0.43005181347150256,0.7044536726607741,0.5849221707923692,0.652532193023087,0.2255228383914163,/opt/tabr1_results/pooled/os_3yr/ALL/repeat_01_fold_01/autogluon/test_predictions.csv,,,
pooled,os_3yr,ALL,1,2,tabpfn_v2,1053,263,329,failed,,,,,,,,,,,,,,,RuntimeError,"Running on CPU with more than 1000 samples is not allowed by default due to slow performance.
To override this behavior, set the environment variable TABPFN_ALLOW_CPU_LARGE_DATASET=1 or set ignore_pretraining_limits=True.
Alternatively, consider using a GPU or the tabpfn-client API: https://github.com/PriorLabs/tabpfn-client",/opt/tabr1_results/pooled/os_3yr/ALL/repeat_01_fold_02/tabpfn_v2/traceback.txt
pooled,os_3yr,ALL,1,2,tabpfn_v2_5,1053,263,329,failed,,,,,,,,,,,,,,,RuntimeError,"Running on CPU with more than 1000 samples is not allowed by default due to slow performance.
To override this behavior, set the environment variable TABPFN_ALLOW_CPU_LARGE_DATASET=1 or set ignore_pretraining_limits=True.
Alternatively, consider using a GPU or the tabpfn-client API: https://github.com/PriorLabs/tabpfn-client",/opt/tabr1_results/pooled/os_3yr/ALL/repeat_01_fold_02/tabpfn_v2_5/traceback.txt
pooled,os_3yr,ALL,1,2,tabpfn_v2_6,1053,263,329,failed,,,,,,,,,,,,,,,RuntimeError,"Running on CPU with more than 1000 samples is not allowed by default due to slow performance.
To override this behavior, set the environment variable TABPFN_ALLOW_CPU_LARGE_DATASET=1 or set ignore_pretraining_limits=True.
Alternatively, consider using a GPU or the tabpfn-client API: https://github.com/PriorLabs/tabpfn-client",/opt/tabr1_results/pooled/os_3yr/ALL/repeat_01_fold_02/tabpfn_v2_6/traceback.txt
pooled,os_3yr,ALL,1,2,tabpfn_v3,1053,263,329,success,0.41843509674072266,validation split balanced accuracy,0.4932095739986835,22.79346768100004,0.6291793313069909,0.6686712485681557,0.6629834254143646,0.8888888888888888,0.4484536082474227,0.7319396716303932,0.6492970473598922,0.5925464304090512,0.20369795980399857,/opt/tabr1_results/pooled/os_3yr/ALL/repeat_01_fold_02/tabpfn_v3/test_predictions.csv,,,
pooled,os_3yr,ALL,1,2,tabfm_default,1053,263,329,success,0.3890306055545807,validation split balanced accuracy,0.01817856900015613,15.302338052999403,0.6170212765957447,0.6561092019854906,0.6519337016574586,0.8740740740740741,0.4381443298969072,0.728885070637648,0.6394379672159367,0.5899057035523833,0.20326356800543183,/opt/tabr1_results/pooled/os_3yr/ALL/repeat_01_fold_02/tabfm_default/test_predictions.csv,,,
pooled,os_3yr,ALL,1,2,autogluon,1053,263,329,success,0.31182780861854553,validation split balanced accuracy,7.642122047998782,0.15921699000136869,0.6109422492401215,0.6532073310423826,0.6521739130434783,0.8888888888888888,0.4175257731958763,0.7145666284841542,0.5782233212747532,0.6070318375436864,0.2098064848113838,/opt/tabr1_results/pooled/os_3yr/ALL/repeat_01_fold_02/autogluon/test_predictions.csv,,,
pooled,os_3yr,ALL,1,3,tabpfn_v2,1053,263,329,failed,,,,,,,,,,,,,,,RuntimeError,"Running on CPU with more than 1000 samples is not allowed by default due to slow performance.
To override this behavior, set the environment variable TABPFN_ALLOW_CPU_LARGE_DATASET=1 or set ignore_pretraining_limits=True.
Alternatively, consider using a GPU or the tabpfn-client API: https://github.com/PriorLabs/tabpfn-client",/opt/tabr1_results/pooled/os_3yr/ALL/repeat_01_fold_03/tabpfn_v2/traceback.txt
pooled,os_3yr,ALL,1,3,tabpfn_v2_5,1053,263,329,failed,,,,,,,,,,,,,,,RuntimeError,"Running on CPU with more than 1000 samples is not allowed by default due to slow performance.
To override this behavior, set the environment variable TABPFN_ALLOW_CPU_LARGE_DATASET=1 or set ignore_pretraining_limits=True.
Alternatively, consider using a GPU or the tabpfn-client API: https://github.com/PriorLabs/tabpfn-client",/opt/tabr1_results/pooled/os_3yr/ALL/repeat_01_fold_03/tabpfn_v2_5/traceback.txt
pooled,os_3yr,ALL,1,3,tabpfn_v2_6,1053,263,329,failed,,,,,,,,,,,,,,,RuntimeError,"Running on CPU with more than 1000 samples is not allowed by default due to slow performance.
To override this behavior, set the environment variable TABPFN_ALLOW_CPU_LARGE_DATASET=1 or set ignore_pretraining_limits=True.
Alternatively, consider using a GPU or the tabpfn-client API: https://github.com/PriorLabs/tabpfn-client",/opt/tabr1_results/pooled/os_3yr/ALL/repeat_01_fold_03/tabpfn_v2_6/traceback.txt
pooled,os_3yr,ALL,1,3,tabpfn_v3,1053,263,329,success,0.37318068742752075,validation split balanced accuracy,0.47540368999943894,22.690801144000943,0.6170212765957447,0.6671124031007752,0.6480446927374302,0.8992248062015504,0.435,0.7083527131782945,0.6087886463935384,0.5871543221130746,0.20278375286797962,/opt/tabr1_results/pooled/os_3yr/ALL/repeat_01_fold_03/tabpfn_v3/test_predictions.csv,,,
pooled,os_3yr,ALL,1,3,tabfm_default,1053,263,329,success,0.36860769987106323,validation split balanced accuracy,0.018169286000556895,14.85863947299913,0.6352583586626139,0.6642248062015503,0.6319018404907976,0.7984496124031008,0.53,0.7199031007751938,0.6168582952516268,0.5860751626052756,0.2023703439341424,/opt/tabr1_results/pooled/os_3yr/ALL/repeat_01_fold_03/tabfm_default/test_predictions.csv,,,
pooled,os_3yr,ALL,1,3,autogluon,1053,263,329,success,0.41566136479377747,validation split balanced accuracy,7.478513037000084,0.061718598000879865,0.6170212765957447,0.6079457364341085,0.5367647058823529,0.5658914728682171,0.65,0.6202906976744186,0.5536318645136444,0.6466661652475045,0.22678356340942274,/opt/tabr1_results/pooled/os_3yr/ALL/repeat_01_fold_03/autogluon/test_predictions.csv,,,
pooled,os_3yr,ALL,1,4,tabpfn_v2,1052,264,329,failed,,,,,,,,,,,,,,,RuntimeError,"Running on CPU with more than 1000 samples is not allowed by default due to slow performance.
To override this behavior, set the environment variable TABPFN_ALLOW_CPU_LARGE_DATASET=1 or set ignore_pretraining_limits=True.
Alternatively, consider using a GPU or the tabpfn-client API: https://github.com/PriorLabs/tabpfn-client",/opt/tabr1_results/pooled/os_3yr/ALL/repeat_01_fold_04/tabpfn_v2/traceback.txt
pooled,os_3yr,ALL,1,4,tabpfn_v2_5,1052,264,329,failed,,,,,,,,,,,,,,,RuntimeError,"Running on CPU with more than 1000 samples is not allowed by default due to slow performance.
To override this behavior, set the environment variable TABPFN_ALLOW_CPU_LARGE_DATASET=1 or set ignore_pretraining_limits=True.
Alternatively, consider using a GPU or the tabpfn-client API: https://github.com/PriorLabs/tabpfn-client",/opt/tabr1_results/pooled/os_3yr/ALL/repeat_01_fold_04/tabpfn_v2_5/traceback.txt
pooled,os_3yr,ALL,1,4,tabpfn_v2_6,1052,264,329,failed,,,,,,,,,,,,,,,RuntimeError,"Running on CPU with more than 1000 samples is not allowed by default due to slow performance.
To override this behavior, set the environment variable TABPFN_ALLOW_CPU_LARGE_DATASET=1 or set ignore_pretraining_limits=True.
Alternatively, consider using a GPU or the tabpfn-client API: https://github.com/PriorLabs/tabpfn-client",/opt/tabr1_results/pooled/os_3yr/ALL/repeat_01_fold_04/tabpfn_v2_6/traceback.txt
pooled,os_3yr,ALL,1,4,tabpfn_v3,1052,264,329,success,0.41293948888778687,validation split balanced accuracy,0.4564596310010529,22.380091810000522,0.6443768996960486,0.6588089330024813,0.6528189910979229,0.7692307692307693,0.5483870967741935,0.6976464395819234,0.5799399684836819,0.6254515827432438,0.2182174174948084,/opt/tabr1_results/pooled/os_3yr/ALL/repeat_01_fold_04/tabpfn_v3/test_predictions.csv,,,
pooled,os_3yr,ALL,1,4,tabfm_default,1052,264,329,success,0.3849121630191803,validation split balanced accuracy,0.01790587899995444,16.765000422999947,0.6595744680851063,0.6706331303105497,0.6585365853658537,0.7552447552447552,0.5860215053763441,0.6976840363937138,0.5869072320262609,0.6248634109841661,0.21779517172948207,/opt/tabr1_results/pooled/os_3yr/ALL/repeat_01_fold_04/tabfm_default/test_predictions.csv,,,
pooled,os_3yr,ALL,1,4,autogluon,1052,264,329,success,0.48205235600471497,validation split balanced accuracy,8.448022151998885,0.010720979000325315,0.6261398176291794,0.6370215805699677,0.6261398176291794,0.7202797202797203,0.553763440860215,0.6584705616963682,0.5419187184435597,0.6795173775743422,0.24319861257016612,/opt/tabr1_results/pooled/os_3yr/ALL/repeat_01_fold_04/autogluon/test_predictions.csv,,,
pooled,os_3yr,ALL,2,0,tabpfn_v2,1053,263,329,failed,,,,,,,,,,,,,,,RuntimeError,"Running on CPU with more than 1000 samples is not allowed by default due to slow performance.
To override this behavior, set the environment variable TABPFN_ALLOW_CPU_LARGE_DATASET=1 or set ignore_pretraining_limits=True.
Alternatively, consider using a GPU or the tabpfn-client API: https://github.com/PriorLabs/tabpfn-client",/opt/tabr1_results/pooled/os_3yr/ALL/repeat_02_fold_00/tabpfn_v2/traceback.txt
pooled,os_3yr,ALL,2,0,tabpfn_v2_5,1053,263,329,failed,,,,,,,,,,,,,,,RuntimeError,"Running on CPU with more than 1000 samples is not allowed by default due to slow performance.
To override this behavior, set the environment variable TABPFN_ALLOW_CPU_LARGE_DATASET=1 or set ignore_pretraining_limits=True.
Alternatively, consider using a GPU or the tabpfn-client API: https://github.com/PriorLabs/tabpfn-client",/opt/tabr1_results/pooled/os_3yr/ALL/repeat_02_fold_00/tabpfn_v2_5/traceback.txt
pooled,os_3yr,ALL,2,0,tabpfn_v2_6,1053,263,329,failed,,,,,,,,,,,,,,,RuntimeError,"Running on CPU with more than 1000 samples is not allowed by default due to slow performance.
To override this behavior, set the environment variable TABPFN_ALLOW_CPU_LARGE_DATASET=1 or set ignore_pretraining_limits=True.
Alternatively, consider using a GPU or the tabpfn-client API: https://github.com/PriorLabs/tabpfn-client",/opt/tabr1_results/pooled/os_3yr/ALL/repeat_02_fold_00/tabpfn_v2_6/traceback.txt
pooled,os_3yr,ALL,2,0,tabpfn_v3,1053,263,329,success,0.40021148324012756,validation split balanced accuracy,0.47014501500052575,22.486833662998833,0.5927051671732523,0.6476789929189615,0.6171428571428571,0.8709677419354839,0.424390243902439,0.7161093627065303,0.6033734060357663,0.5961514294966404,0.20451454326859317,/opt/tabr1_results/pooled/os_3yr/ALL/repeat_02_fold_00/tabpfn_v3/test_predictions.csv,,,
pooled,os_3yr,ALL,2,0,tabfm_default,1053,263,329,success,0.3890306055545807,validation split balanced accuracy,0.018075756001053378,14.987551824999173,0.5987841945288754,0.6557435090479937,0.625,0.8870967741935484,0.424390243902439,0.701317859952793,0.5672055282942247,0.6041595603578858,0.20830751329643887,/opt/tabr1_results/pooled/os_3yr/ALL/repeat_02_fold_00/tabfm_default/test_predictions.csv,,,
pooled,os_3yr,ALL,2,0,autogluon,1053,263,329,success,0.40459567308425903,validation split balanced accuracy,7.741680290000659,0.2292890120006632,0.5896656534954408,0.6452399685287176,0.6153846153846154,0.8709677419354839,0.4195121951219512,0.7342053501180174,0.636942933555378,0.6273393562764614,0.21777630218888247,/opt/tabr1_results/pooled/os_3yr/ALL/repeat_02_fold_00/autogluon/test_predictions.csv,,,
pooled,os_3yr,ALL,2,1,tabpfn_v2,1052,264,329,failed,,,,,,,,,,,,,,,RuntimeError,"Running on CPU with more than 1000 samples is not allowed by default due to slow performance.
To override this behavior, set the environment variable TABPFN_ALLOW_CPU_LARGE_DATASET=1 or set ignore_pretraining_limits=True.
Alternatively, consider using a GPU or the tabpfn-client API: https://github.com/PriorLabs/tabpfn-client",/opt/tabr1_results/pooled/os_3yr/ALL/repeat_02_fold_01/tabpfn_v2/traceback.txt
pooled,os_3yr,ALL,2,1,tabpfn_v2_5,1052,264,329,failed,,,,,,,,,,,,,,,RuntimeError,"Running on CPU with more than 1000 samples is not allowed by default due to slow performance.
To override this behavior, set the environment variable TABPFN_ALLOW_CPU_LARGE_DATASET=1 or set ignore_pretraining_limits=True.
Alternatively, consider using a GPU or the tabpfn-client API: https://github.com/PriorLabs/tabpfn-client",/opt/tabr1_results/pooled/os_3yr/ALL/repeat_02_fold_01/tabpfn_v2_5/traceback.txt
pooled,os_3yr,ALL,2,1,tabpfn_v2_6,1052,264,329,failed,,,,,,,,,,,,,,,RuntimeError,"Running on CPU with more than 1000 samples is not allowed by default due to slow performance.
To override this behavior, set the environment variable TABPFN_ALLOW_CPU_LARGE_DATASET=1 or set ignore_pretraining_limits=True.
Alternatively, consider using a GPU or the tabpfn-client API: https://github.com/PriorLabs/tabpfn-client",/opt/tabr1_results/pooled/os_3yr/ALL/repeat_02_fold_01/tabpfn_v2_6/traceback.txt
pooled,os_3yr,ALL,2,1,tabpfn_v3,1052,264,329,success,0.45621800422668457,validation split balanced accuracy,0.4944179300000542,22.729892661998747,0.6534954407294833,0.6668734491315137,0.6586826347305389,0.7692307692307693,0.5645161290322581,0.7017632904729678,0.5925004620826819,0.5961803313734527,0.2072600131242595,/opt/tabr1_results/pooled/os_3yr/ALL/repeat_02_fold_01/tabpfn_v3/test_predictions.csv,,,
pooled,os_3yr,ALL,2,1,tabfm_default,1052,264,329,success,0.35657113790512085,validation split balanced accuracy,0.017942004000360612,15.624360853000326,0.662613981762918,0.6911045943304008,0.7008086253369272,0.9090909090909091,0.4731182795698925,0.7117640424092038,0.6012118608959854,0.5949501495735158,0.2067868077944735,/opt/tabr1_results/pooled/os_3yr/ALL/repeat_02_fold_01/tabfm_default/test_predictions.csv,,,
pooled,os_3yr,ALL,2,1,autogluon,1052,264,329,success,0.31309252977371216,validation split balanced accuracy,8.15275327100062,0.34598066600119637,0.662613981762918,0.6894879314234152,0.6975476839237057,0.8951048951048951,0.4838709677419355,0.7099969922550567,0.6011578928351097,0.6172607472458277,0.21190300969591322,/opt/tabr1_results/pooled/os_3yr/ALL/repeat_02_fold_01/autogluon/test_predictions.csv,,,
pooled,os_3yr,ALL,2,2,tabpfn_v2,1053,263,329,failed,,,,,,,,,,,,,,,RuntimeError,"Running on CPU with more than 1000 samples is not allowed by default due to slow performance.
To override this behavior, set the environment variable TABPFN_ALLOW_CPU_LARGE_DATASET=1 or set ignore_pretraining_limits=True.
Alternatively, consider using a GPU or the tabpfn-client API: https://github.com/PriorLabs/tabpfn-client",/opt/tabr1_results/pooled/os_3yr/ALL/repeat_02_fold_02/tabpfn_v2/traceback.txt
pooled,os_3yr,ALL,2,2,tabpfn_v2_5,1053,263,329,failed,,,,,,,,,,,,,,,RuntimeError,"Running on CPU with more than 1000 samples is not allowed by default due to slow performance.
To override this behavior, set the environment variable TABPFN_ALLOW_CPU_LARGE_DATASET=1 or set ignore_pretraining_limits=True.
Alternatively, consider using a GPU or the tabpfn-client API: https://github.com/PriorLabs/tabpfn-client",/opt/tabr1_results/pooled/os_3yr/ALL/repeat_02_fold_02/tabpfn_v2_5/traceback.txt
pooled,os_3yr,ALL,2,2,tabpfn_v2_6,1053,263,329,failed,,,,,,,,,,,,,,,RuntimeError,"Running on CPU with more than 1000 samples is not allowed by default due to slow performance.
To override this behavior, set the environment variable TABPFN_ALLOW_CPU_LARGE_DATASET=1 or set ignore_pretraining_limits=True.
Alternatively, consider using a GPU or the tabpfn-client API: https://github.com/PriorLabs/tabpfn-client",/opt/tabr1_results/pooled/os_3yr/ALL/repeat_02_fold_02/tabpfn_v2_6/traceback.txt
pooled,os_3yr,ALL,2,2,tabpfn_v3,1053,263,329,success,0.42367318272590637,validation split balanced accuracy,0.49477728200145066,22.95239400799983,0.6443768996960486,0.6654030783297775,0.6465256797583081,0.7867647058823529,0.5440414507772021,0.7256171898811338,0.6595815886361697,0.5801845469180585,0.1991747949171526,/opt/tabr1_results/pooled/os_3yr/ALL/repeat_02_fold_02/tabpfn_v3/test_predictions.csv,,,
pooled,os_3yr,ALL,2,2,tabfm_default,1053,263,329,success,0.3910958170890808,validation split balanced accuracy,0.017957215999558684,16.167555945999993,0.6595744680851063,0.6783564462054252,0.656441717791411,0.7867647058823529,0.5699481865284974,0.7424565681194758,0.6653132542849922,0.5764059347599909,0.19803597233286688,/opt/tabr1_results/pooled/os_3yr/ALL/repeat_02_fold_02/tabfm_default/test_predictions.csv,,,
pooled,os_3yr,ALL,2,2,autogluon,1053,263,329,success,0.32443517446517944,validation split balanced accuracy,8.584015980999538,0.008192208000764367,0.6474164133738601,0.6593073758000609,0.6305732484076433,0.7279411764705882,0.5906735751295337,0.737656202377324,0.6785065734611018,0.600116786910516,0.2045530364116332,/opt/tabr1_results/pooled/os_3yr/ALL/repeat_02_fold_02/autogluon/test_predictions.csv,,,
pooled,os_3yr,ALL,2,3,tabpfn_v2,1052,264,329,failed,,,,,,,,,,,,,,,RuntimeError,"Running on CPU with more than 1000 samples is not allowed by default due to slow performance.
To override this behavior, set the environment variable TABPFN_ALLOW_CPU_LARGE_DATASET=1 or set ignore_pretraining_limits=True.
Alternatively, consider using a GPU or the tabpfn-client API: https://github.com/PriorLabs/tabpfn-client",/opt/tabr1_results/pooled/os_3yr/ALL/repeat_02_fold_03/tabpfn_v2/traceback.txt
pooled,os_3yr,ALL,2,3,tabpfn_v2_5,1052,264,329,failed,,,,,,,,,,,,,,,RuntimeError,"Running on CPU with more than 1000 samples is not allowed by default due to slow performance.
To override this behavior, set the environment variable TABPFN_ALLOW_CPU_LARGE_DATASET=1 or set ignore_pretraining_limits=True.
Alternatively, consider using a GPU or the tabpfn-client API: https://github.com/PriorLabs/tabpfn-client",/opt/tabr1_results/pooled/os_3yr/ALL/repeat_02_fold_03/tabpfn_v2_5/traceback.txt
pooled,os_3yr,ALL,2,3,tabpfn_v2_6,1052,264,329,failed,,,,,,,,,,,,,,,RuntimeError,"Running on CPU with more than 1000 samples is not allowed by default due to slow performance.
To override this behavior, set the environment variable TABPFN_ALLOW_CPU_LARGE_DATASET=1 or set ignore_pretraining_limits=True.
Alternatively, consider using a GPU or the tabpfn-client API: https://github.com/PriorLabs/tabpfn-client",/opt/tabr1_results/pooled/os_3yr/ALL/repeat_02_fold_03/tabpfn_v2_6/traceback.txt
pooled,os_3yr,ALL,2,3,tabpfn_v3,1052,264,329,success,0.4667282998561859,validation split balanced accuracy,0.49430521199974464,23.046890916999473,0.6534954407294833,0.6694162436548223,0.6346153846153846,0.75,0.5888324873096447,0.7046992770343024,0.5874452621952294,0.5978116246543189,0.206202467719399,/opt/tabr1_results/pooled/os_3yr/ALL/repeat_02_fold_03/tabpfn_v3/test_predictions.csv,,,
pooled,os_3yr,ALL,2,3,tabfm_default,1052,264,329,success,0.43099862337112427,validation split balanced accuracy,0.01800673099933192,15.135144195999601,0.6200607902735562,0.6652438086448238,0.6537396121883656,0.8939393939393939,0.4365482233502538,0.719370096908168,0.5969320196767318,0.591759490815005,0.20367793658621586,/opt/tabr1_results/pooled/os_3yr/ALL/repeat_02_fold_03/tabfm_default/test_predictions.csv,,,
pooled,os_3yr,ALL,2,3,autogluon,1052,264,329,success,0.3895918130874634,validation split balanced accuracy,9.474413031999575,0.030382160000954173,0.6170212765957447,0.662705737578834,0.6519337016574586,0.8939393939393939,0.43147208121827413,0.7002384248577141,0.5634061877990442,0.6325744007474887,0.22057339350842567,/opt/tabr1_results/pooled/os_3yr/ALL/repeat_02_fold_03/autogluon/test_predictions.csv,,,
pooled,os_3yr,ALL,2,4,tabpfn_v2,1052,264,329,failed,,,,,,,,,,,,,,,RuntimeError,"Running on CPU with more than 1000 samples is not allowed by default due to slow performance.
To override this behavior, set the environment variable TABPFN_ALLOW_CPU_LARGE_DATASET=1 or set ignore_pretraining_limits=True.
Alternatively, consider using a GPU or the tabpfn-client API: https://github.com/PriorLabs/tabpfn-client",/opt/tabr1_results/pooled/os_3yr/ALL/repeat_02_fold_04/tabpfn_v2/traceback.txt
pooled,os_3yr,ALL,2,4,tabpfn_v2_5,1052,264,329,failed,,,,,,,,,,,,,,,RuntimeError,"Running on CPU with more than 1000 samples is not allowed by default due to slow performance.
To override this behavior, set the environment variable TABPFN_ALLOW_CPU_LARGE_DATASET=1 or set ignore_pretraining_limits=True.
Alternatively, consider using a GPU or the tabpfn-client API: https://github.com/PriorLabs/tabpfn-client",/opt/tabr1_results/pooled/os_3yr/ALL/repeat_02_fold_04/tabpfn_v2_5/traceback.txt
pooled,os_3yr,ALL,2,4,tabpfn_v2_6,1052,264,329,failed,,,,,,,,,,,,,,,RuntimeError,"Running on CPU with more than 1000 samples is not allowed by default due to slow performance.
To override this behavior, set the environment variable TABPFN_ALLOW_CPU_LARGE_DATASET=1 or set ignore_pretraining_limits=True.
Alternatively, consider using a GPU or the tabpfn-client API: https://github.com/PriorLabs/tabpfn-client",/opt/tabr1_results/pooled/os_3yr/ALL/repeat_02_fold_04/tabpfn_v2_6/traceback.txt
pooled,os_3yr,ALL,2,4,tabpfn_v3,1052,264,329,success,0.4276933968067169,validation split balanced accuracy,0.4925322810013313,22.905468830000245,0.6291793313069909,0.6604609929078015,0.6702702702702703,0.8794326241134752,0.44148936170212766,0.7085785423268447,0.616103469022769,0.6154841578042074,0.21175975507123534,/opt/tabr1_results/pooled/os_3yr/ALL/repeat_02_fold_04/tabpfn_v3/test_predictions.csv,,,
pooled,os_3yr,ALL,2,4,tabfm_default,1052,264,329,success,0.11419278383255005,validation split balanced accuracy,0.017969250000533066,15.60749261700039,0.60790273556231,0.6418439716312057,0.6578249336870027,0.8794326241134752,0.40425531914893614,0.7048060962728235,0.6103561668109135,0.6157455210518988,0.21229100551641233,/opt/tabr1_results/pooled/os_3yr/ALL/repeat_02_fold_04/tabfm_default/test_predictions.csv,,,
pooled,os_3yr,ALL,2,4,autogluon,1052,264,329,success,0.3545379042625427,validation split balanced accuracy,8.948294275998705,0.16150234899942006,0.6109422492401215,0.6436170212765957,0.6577540106951871,0.8723404255319149,0.4148936170212766,0.7122378149992455,0.627264954754465,0.6108302672199453,0.2117008145107517,/opt/tabr1_results/pooled/os_3yr/ALL/repeat_02_fold_04/autogluon/test_predictions.csv,,,
pooled,os_3yr,ALL,3,0,tabpfn_v2,1053,263,329,failed,,,,,,,,,,,,,,,RuntimeError,"Running on CPU with more than 1000 samples is not allowed by default due to slow performance.
To override this behavior, set the environment variable TABPFN_ALLOW_CPU_LARGE_DATASET=1 or set ignore_pretraining_limits=True.
Alternatively, consider using a GPU or the tabpfn-client API: https://github.com/PriorLabs/tabpfn-client",/opt/tabr1_results/pooled/os_3yr/ALL/repeat_03_fold_00/tabpfn_v2/traceback.txt
pooled,os_3yr,ALL,3,0,tabpfn_v2_5,1053,263,329,failed,,,,,,,,,,,,,,,RuntimeError,"Running on CPU with more than 1000 samples is not allowed by default due to slow performance.
To override this behavior, set the environment variable TABPFN_ALLOW_CPU_LARGE_DATASET=1 or set ignore_pretraining_limits=True.
Alternatively, consider using a GPU or the tabpfn-client API: https://github.com/PriorLabs/tabpfn-client",/opt/tabr1_results/pooled/os_3yr/ALL/repeat_03_fold_00/tabpfn_v2_5/traceback.txt
pooled,os_3yr,ALL,3,0,tabpfn_v2_6,1053,263,329,failed,,,,,,,,,,,,,,,RuntimeError,"Running on CPU with more than 1000 samples is not allowed by default due to slow performance.
To override this behavior, set the environment variable TABPFN_ALLOW_CPU_LARGE_DATASET=1 or set ignore_pretraining_limits=True.
Alternatively, consider using a GPU or the tabpfn-client API: https://github.com/PriorLabs/tabpfn-client",/opt/tabr1_results/pooled/os_3yr/ALL/repeat_03_fold_00/tabpfn_v2_6/traceback.txt
pooled,os_3yr,ALL,3,0,tabpfn_v3,1053,263,329,success,0.38262036442756653,validation split balanced accuracy,0.4935462329995062,23.018442487998982,0.6200607902735562,0.6496761316562476,0.6630727762803235,0.8661971830985915,0.43315508021390375,0.6964675755065152,0.6326088774726195,0.6255017563560271,0.21692240343396701,/opt/tabr1_results/pooled/os_3yr/ALL/repeat_03_fold_00/tabpfn_v3/test_predictions.csv,,,
pooled,os_3yr,ALL,3,0,tabfm_default,1053,263,329,success,0.36457645893096924,validation split balanced accuracy,0.01809948900154268,14.98555903399938,0.6200607902735562,0.6496761316562476,0.6630727762803235,0.8661971830985915,0.43315508021390375,0.6971454394818106,0.6393366376397773,0.6268414717885771,0.21692203827829387,/opt/tabr1_results/pooled/os_3yr/ALL/repeat_03_fold_00/tabfm_default/test_predictions.csv,,,
pooled,os_3yr,ALL,3,0,autogluon,1053,263,329,success,0.36616986989974976,validation split balanced accuracy,8.186684926000453,0.35279179999997723,0.6261398176291794,0.6533290653008963,0.663013698630137,0.852112676056338,0.45454545454545453,0.6796339534533403,0.574786419370005,0.6326017884009492,0.22114422221154098,/opt/tabr1_results/pooled/os_3yr/ALL/repeat_03_fold_00/autogluon/test_predictions.csv,,,
pooled,os_3yr,ALL,3,1,tabpfn_v2,1053,263,329,failed,,,,,,,,,,,,,,,RuntimeError,"Running on CPU with more than 1000 samples is not allowed by default due to slow performance.
To override this behavior, set the environment variable TABPFN_ALLOW_CPU_LARGE_DATASET=1 or set ignore_pretraining_limits=True.
Alternatively, consider using a GPU or the tabpfn-client API: https://github.com/PriorLabs/tabpfn-client",/opt/tabr1_results/pooled/os_3yr/ALL/repeat_03_fold_01/tabpfn_v2/traceback.txt
pooled,os_3yr,ALL,3,1,tabpfn_v2_5,1053,263,329,failed,,,,,,,,,,,,,,,RuntimeError,"Running on CPU with more than 1000 samples is not allowed by default due to slow performance.
To override this behavior, set the environment variable TABPFN_ALLOW_CPU_LARGE_DATASET=1 or set ignore_pretraining_limits=True.
Alternatively, consider using a GPU or the tabpfn-client API: https://github.com/PriorLabs/tabpfn-client",/opt/tabr1_results/pooled/os_3yr/ALL/repeat_03_fold_01/tabpfn_v2_5/traceback.txt
pooled,os_3yr,ALL,3,1,tabpfn_v2_6,1053,263,329,failed,,,,,,,,,,,,,,,RuntimeError,"Running on CPU with more than 1000 samples is not allowed by default due to slow performance.
To override this behavior, set the environment variable TABPFN_ALLOW_CPU_LARGE_DATASET=1 or set ignore_pretraining_limits=True.
Alternatively, consider using a GPU or the tabpfn-client API: https://github.com/PriorLabs/tabpfn-client",/opt/tabr1_results/pooled/os_3yr/ALL/repeat_03_fold_01/tabpfn_v2_6/traceback.txt
pooled,os_3yr,ALL,3,1,tabpfn_v3,1053,263,329,success,0.46228504180908203,validation split balanced accuracy,0.4632178230003774,23.121909520999907,0.6899696048632219,0.6984635083226632,0.6792452830188679,0.7605633802816901,0.6363636363636364,0.7471755667696015,0.6397695849258545,0.5707094648914842,0.19564231961173323,/opt/tabr1_results/pooled/os_3yr/ALL/repeat_03_fold_01/tabpfn_v3/test_predictions.csv,,,
pooled,os_3yr,ALL,3,1,tabfm_default,1053,263,329,success,0.4739818871021271,validation split balanced accuracy,0.01785154400022293,15.087288814000203,0.6899696048632219,0.6967688483844242,0.6751592356687898,0.7464788732394366,0.6470588235294118,0.7473450327634256,0.6518086279985561,0.5710783653232284,0.19559756575428466,/opt/tabr1_results/pooled/os_3yr/ALL/repeat_03_fold_01/tabfm_default/test_predictions.csv,,,
pooled,os_3yr,ALL,3,1,autogluon,1053,263,329,success,0.4620673358440399,validation split balanced accuracy,7.671235306999733,0.16534759599926474,0.6960486322188449,0.7029637719364314,0.6815286624203821,0.7535211267605634,0.6524064171122995,0.7708631467952097,0.6972760742319053,0.6256712743713205,0.21709551715536643,/opt/tabr1_results/pooled/os_3yr/ALL/repeat_03_fold_01/autogluon/test_predictions.csv,,,
pooled,os_3yr,ALL,3,2,tabpfn_v2,1052,264,329,failed,,,,,,,,,,,,,,,RuntimeError,"Running on CPU with more than 1000 samples is not allowed by default due to slow performance.
To override this behavior, set the environment variable TABPFN_ALLOW_CPU_LARGE_DATASET=1 or set ignore_pretraining_limits=True.
Alternatively, consider using a GPU or the tabpfn-client API: https://github.com/PriorLabs/tabpfn-client",/opt/tabr1_results/pooled/os_3yr/ALL/repeat_03_fold_02/tabpfn_v2/traceback.txt
pooled,os_3yr,ALL,3,2,tabpfn_v2_5,1052,264,329,failed,,,,,,,,,,,,,,,RuntimeError,"Running on CPU with more than 1000 samples is not allowed by default due to slow performance.
To override this behavior, set the environment variable TABPFN_ALLOW_CPU_LARGE_DATASET=1 or set ignore_pretraining_limits=True.
Alternatively, consider using a GPU or the tabpfn-client API: https://github.com/PriorLabs/tabpfn-client",/opt/tabr1_results/pooled/os_3yr/ALL/repeat_03_fold_02/tabpfn_v2_5/traceback.txt
pooled,os_3yr,ALL,3,2,tabpfn_v2_6,1052,264,329,failed,,,,,,,,,,,,,,,RuntimeError,"Running on CPU with more than 1000 samples is not allowed by default due to slow performance.
To override this behavior, set the environment variable TABPFN_ALLOW_CPU_LARGE_DATASET=1 or set ignore_pretraining_limits=True.
Alternatively, consider using a GPU or the tabpfn-client API: https://github.com/PriorLabs/tabpfn-client",/opt/tabr1_results/pooled/os_3yr/ALL/repeat_03_fold_02/tabpfn_v2_6/traceback.txt
pooled,os_3yr,ALL,3,2,tabpfn_v3,1052,264,329,success,0.43195024132728577,validation split balanced accuracy,0.49388581800121756,23.095121940001263,0.6413373860182371,0.6951181592039801,0.6703910614525139,0.9375,0.4527363184079602,0.7390974813432837,0.6236291700470872,0.5542301351076292,0.1891395434541887,/opt/tabr1_results/pooled/os_3yr/ALL/repeat_03_fold_02/tabpfn_v3/test_predictions.csv,,,
pooled,os_3yr,ALL,3,2,tabfm_default,1052,264,329,success,0.40565797686576843,validation split balanced accuracy,0.017983849000302143,15.287102368998603,0.6443768996960486,0.6976057213930349,0.6722689075630253,0.9375,0.4577114427860697,0.7401080534825871,0.6142778708910945,0.5507669542617731,0.18743866959983,/opt/tabr1_results/pooled/os_3yr/ALL/repeat_03_fold_02/tabfm_default/test_predictions.csv,,,
pooled,os_3yr,ALL,3,2,autogluon,1052,264,329,success,0.3520503640174866,validation split balanced accuracy,9.14648501299962,0.03068834300029266,0.60790273556231,0.6322877798507462,0.5956112852664577,0.7421875,0.5223880597014925,0.7232781405472637,0.6087709025766848,0.5892569806115708,0.20613311033324577,/opt/tabr1_results/pooled/os_3yr/ALL/repeat_03_fold_02/autogluon/test_predictions.csv,,,
pooled,os_3yr,ALL,3,3,tabpfn_v2,1052,264,329,failed,,,,,,,,,,,,,,,RuntimeError,"Running on CPU with more than 1000 samples is not allowed by default due to slow performance.
To override this behavior, set the environment variable TABPFN_ALLOW_CPU_LARGE_DATASET=1 or set ignore_pretraining_limits=True.
Alternatively, consider using a GPU or the tabpfn-client API: https://github.com/PriorLabs/tabpfn-client",/opt/tabr1_results/pooled/os_3yr/ALL/repeat_03_fold_03/tabpfn_v2/traceback.txt
pooled,os_3yr,ALL,3,3,tabpfn_v2_5,1052,264,329,failed,,,,,,,,,,,,,,,RuntimeError,"Running on CPU with more than 1000 samples is not allowed by default due to slow performance.
To override this behavior, set the environment variable TABPFN_ALLOW_CPU_LARGE_DATASET=1 or set ignore_pretraining_limits=True.
Alternatively, consider using a GPU or the tabpfn-client API: https://github.com/PriorLabs/tabpfn-client",/opt/tabr1_results/pooled/os_3yr/ALL/repeat_03_fold_03/tabpfn_v2_5/traceback.txt
pooled,os_3yr,ALL,3,3,tabpfn_v2_6,1052,264,329,failed,,,,,,,,,,,,,,,RuntimeError,"Running on CPU with more than 1000 samples is not allowed by default due to slow performance.
To override this behavior, set the environment variable TABPFN_ALLOW_CPU_LARGE_DATASET=1 or set ignore_pretraining_limits=True.
Alternatively, consider using a GPU or the tabpfn-client API: https://github.com/PriorLabs/tabpfn-client",/opt/tabr1_results/pooled/os_3yr/ALL/repeat_03_fold_03/tabpfn_v2_6/traceback.txt
pooled,os_3yr,ALL,3,3,tabpfn_v3,1052,264,329,success,0.4740665853023529,validation split balanced accuracy,0.4942782750003971,22.924782301999585,0.5896656534954408,0.6088372093023255,0.5714285714285714,0.6976744186046512,0.52,0.6818217054263566,0.5967791417079431,0.6286989407283644,0.21795552061639797,/opt/tabr1_results/pooled/os_3yr/ALL/repeat_03_fold_03/tabpfn_v3/test_predictions.csv,,,
pooled,os_3yr,ALL,3,3,tabfm_default,1052,264,329,success,0.5,validation split balanced accuracy,0.017970110000533168,15.547523384999295,0.5957446808510638,0.6055813953488373,0.5581395348837209,0.6511627906976745,0.56,0.6864922480620154,0.6070773032363554,0.6265685646368132,0.21731516666119657,/opt/tabr1_results/pooled/os_3yr/ALL/repeat_03_fold_03/tabfm_default/test_predictions.csv,,,
pooled,os_3yr,ALL,3,3,autogluon,1052,264,329,success,0.40535610914230347,validation split balanced accuracy,8.012890183999843,0.2144769480000832,0.5927051671732523,0.6017054263565892,0.5533333333333333,0.6434108527131783,0.56,0.6563178294573644,0.558961507756641,0.6729924496189547,0.23568318903693777,/opt/tabr1_results/pooled/os_3yr/ALL/repeat_03_fold_03/autogluon/test_predictions.csv,,,
pooled,os_3yr,ALL,3,4,tabpfn_v2,1053,263,329,failed,,,,,,,,,,,,,,,RuntimeError,"Running on CPU with more than 1000 samples is not allowed by default due to slow performance.
To override this behavior, set the environment variable TABPFN_ALLOW_CPU_LARGE_DATASET=1 or set ignore_pretraining_limits=True.
Alternatively, consider using a GPU or the tabpfn-client API: https://github.com/PriorLabs/tabpfn-client",/opt/tabr1_results/pooled/os_3yr/ALL/repeat_03_fold_04/tabpfn_v2/traceback.txt
pooled,os_3yr,ALL,3,4,tabpfn_v2_5,1053,263,329,failed,,,,,,,,,,,,,,,RuntimeError,"Running on CPU with more than 1000 samples is not allowed by default due to slow performance.
To override this behavior, set the environment variable TABPFN_ALLOW_CPU_LARGE_DATASET=1 or set ignore_pretraining_limits=True.
Alternatively, consider using a GPU or the tabpfn-client API: https://github.com/PriorLabs/tabpfn-client",/opt/tabr1_results/pooled/os_3yr/ALL/repeat_03_fold_04/tabpfn_v2_5/traceback.txt
pooled,os_3yr,ALL,3,4,tabpfn_v2_6,1053,263,329,failed,,,,,,,,,,,,,,,RuntimeError,"Running on CPU with more than 1000 samples is not allowed by default due to slow performance.
To override this behavior, set the environment variable TABPFN_ALLOW_CPU_LARGE_DATASET=1 or set ignore_pretraining_limits=True.
Alternatively, consider using a GPU or the tabpfn-client API: https://github.com/PriorLabs/tabpfn-client",/opt/tabr1_results/pooled/os_3yr/ALL/repeat_03_fold_04/tabpfn_v2_6/traceback.txt
pooled,os_3yr,ALL,3,4,tabpfn_v3,1053,263,329,success,0.477507084608078,validation split balanced accuracy,0.4950917969999864,23.19571941200047,0.6382978723404256,0.6572546773577701,0.6338461538461538,0.762962962962963,0.5515463917525774,0.717373043146239,0.5889252940948155,0.6098563541090567,0.2108831298458159,/opt/tabr1_results/pooled/os_3yr/ALL/repeat_03_fold_04/tabpfn_v3/test_predictions.csv,,,
pooled,os_3yr,ALL,3,4,tabfm_default,1053,263,329,success,0.4438146650791168,validation split balanced accuracy,0.01821374800056219,15.457441194999774,0.6413373860182371,0.6609583810614739,0.6380368098159509,0.7703703703703704,0.5515463917525774,0.7096029018709431,0.5931599083607223,0.6075997981034164,0.2105306500670009,/opt/tabr1_results/pooled/os_3yr/ALL/repeat_03_fold_04/tabfm_default/test_predictions.csv,,,
pooled,os_3yr,ALL,3,4,autogluon,1053,263,329,success,0.42312633991241455,validation split balanced accuracy,7.9684423899998365,0.15491492700130038,0.6474164133738601,0.6447117220313097,0.5944055944055944,0.6296296296296297,0.6597938144329897,0.6942726231386025,0.5517489324209535,0.6157172324913287,0.2154786904155846,/opt/tabr1_results/pooled/os_3yr/ALL/repeat_03_fold_04/autogluon/test_predictions.csv,,,
pooled,os_3yr,ALL,4,0,tabpfn_v2,1053,263,329,failed,,,,,,,,,,,,,,,RuntimeError,"Running on CPU with more than 1000 samples is not allowed by default due to slow performance.
To override this behavior, set the environment variable TABPFN_ALLOW_CPU_LARGE_DATASET=1 or set ignore_pretraining_limits=True.
Alternatively, consider using a GPU or the tabpfn-client API: https://github.com/PriorLabs/tabpfn-client",/opt/tabr1_results/pooled/os_3yr/ALL/repeat_04_fold_00/tabpfn_v2/traceback.txt
pooled,os_3yr,ALL,4,0,tabpfn_v2_5,1053,263,329,failed,,,,,,,,,,,,,,,RuntimeError,"Running on CPU with more than 1000 samples is not allowed by default due to slow performance.
To override this behavior, set the environment variable TABPFN_ALLOW_CPU_LARGE_DATASET=1 or set ignore_pretraining_limits=True.
Alternatively, consider using a GPU or the tabpfn-client API: https://github.com/PriorLabs/tabpfn-client",/opt/tabr1_results/pooled/os_3yr/ALL/repeat_04_fold_00/tabpfn_v2_5/traceback.txt
pooled,os_3yr,ALL,4,0,tabpfn_v2_6,1053,263,329,failed,,,,,,,,,,,,,,,RuntimeError,"Running on CPU with more than 1000 samples is not allowed by default due to slow performance.
To override this behavior, set the environment variable TABPFN_ALLOW_CPU_LARGE_DATASET=1 or set ignore_pretraining_limits=True.
Alternatively, consider using a GPU or the tabpfn-client API: https://github.com/PriorLabs/tabpfn-client",/opt/tabr1_results/pooled/os_3yr/ALL/repeat_04_fold_00/tabpfn_v2_6/traceback.txt
pooled,os_3yr,ALL,4,0,tabpfn_v3,1053,263,329,success,0.4669494032859802,validation split balanced accuracy,0.47440276100132905,22.826837902999614,0.6261398176291794,0.6484309223115193,0.6261398176291794,0.7686567164179104,0.5282051282051282,0.7153654802908535,0.6656164431936412,0.6197893152118582,0.21254891514643393,/opt/tabr1_results/pooled/os_3yr/ALL/repeat_04_fold_00/tabpfn_v3/test_predictions.csv,,,
pooled,os_3yr,ALL,4,0,tabfm_default,1053,263,329,success,0.4739818274974823,validation split balanced accuracy,0.01809139299984963,16.706398508000348,0.6322188449848024,0.6477229238423268,0.6182965299684543,0.7313432835820896,0.5641025641025641,0.7134137007271336,0.6612821329282357,0.6160654566698415,0.2101314532278653,/opt/tabr1_results/pooled/os_3yr/ALL/repeat_04_fold_00/tabfm_default/test_predictions.csv,,,
pooled,os_3yr,ALL,4,0,autogluon,1053,263,329,success,0.3393476903438568,validation split balanced accuracy,8.328462918001605,0.013384875999690848,0.5987841945288754,0.6253539992345962,0.6094674556213018,0.7686567164179104,0.48205128205128206,0.6691733639494833,0.5693044357463826,0.6495956437604743,0.22390719605565498,/opt/tabr1_results/pooled/os_3yr/ALL/repeat_04_fold_00/autogluon/test_predictions.csv,,,
pooled,os_3yr,ALL,4,1,tabpfn_v2,1053,263,329,failed,,,,,,,,,,,,,,,RuntimeError,"Running on CPU with more than 1000 samples is not allowed by default due to slow performance.
To override this behavior, set the environment variable TABPFN_ALLOW_CPU_LARGE_DATASET=1 or set ignore_pretraining_limits=True.
Alternatively, consider using a GPU or the tabpfn-client API: https://github.com/PriorLabs/tabpfn-client",/opt/tabr1_results/pooled/os_3yr/ALL/repeat_04_fold_01/tabpfn_v2/traceback.txt
pooled,os_3yr,ALL,4,1,tabpfn_v2_5,1053,263,329,failed,,,,,,,,,,,,,,,RuntimeError,"Running on CPU with more than 1000 samples is not allowed by default due to slow performance.
To override this behavior, set the environment variable TABPFN_ALLOW_CPU_LARGE_DATASET=1 or set ignore_pretraining_limits=True.
Alternatively, consider using a GPU or the tabpfn-client API: https://github.com/PriorLabs/tabpfn-client",/opt/tabr1_results/pooled/os_3yr/ALL/repeat_04_fold_01/tabpfn_v2_5/traceback.txt
pooled,os_3yr,ALL,4,1,tabpfn_v2_6,1053,263,329,failed,,,,,,,,,,,,,,,RuntimeError,"Running on CPU with more than 1000 samples is not allowed by default due to slow performance.
To override this behavior, set the environment variable TABPFN_ALLOW_CPU_LARGE_DATASET=1 or set ignore_pretraining_limits=True.
Alternatively, consider using a GPU or the tabpfn-client API: https://github.com/PriorLabs/tabpfn-client",/opt/tabr1_results/pooled/os_3yr/ALL/repeat_04_fold_01/tabpfn_v2_6/traceback.txt
pooled,os_3yr,ALL,4,1,tabpfn_v3,1053,263,329,success,0.44945278763771057,validation split balanced accuracy,0.4940979929997411,22.868583872999807,0.6443768996960486,0.6976057213930349,0.6722689075630253,0.9375,0.4577114427860697,0.7464435634328358,0.5937162688482451,0.5631917221178292,0.1932274148535018,/opt/tabr1_results/pooled/os_3yr/ALL/repeat_04_fold_01/tabpfn_v3/test_predictions.csv,,,
pooled,os_3yr,ALL,4,1,tabfm_default,1053,263,329,success,0.14012694358825684,validation split balanced accuracy,0.01793377200010582,15.10668398999951,0.6382978723404256,0.6954679726368159,0.6721763085399449,0.953125,0.43781094527363185,0.7458411069651741,0.6077893250375744,0.5674650724586052,0.19466329079043074,/opt/tabr1_results/pooled/os_3yr/ALL/repeat_04_fold_01/tabfm_default/test_predictions.csv,,,
pooled,os_3yr,ALL,4,1,autogluon,1053,263,329,success,0.280709445476532,validation split balanced accuracy,7.781134238999584,0.008226185000239639,0.6261398176291794,0.6585626554726368,0.6261398176291794,0.8046875,0.5124378109452736,0.7331117848258708,0.5931275720171245,0.6199009404840395,0.21058118518927993,/opt/tabr1_results/pooled/os_3yr/ALL/repeat_04_fold_01/autogluon/test_predictions.csv,,,
pooled,os_3yr,ALL,4,2,tabpfn_v2,1053,263,329,failed,,,,,,,,,,,,,,,RuntimeError,"Running on CPU with more than 1000 samples is not allowed by default due to slow performance.
To override this behavior, set the environment variable TABPFN_ALLOW_CPU_LARGE_DATASET=1 or set ignore_pretraining_limits=True.
Alternatively, consider using a GPU or the tabpfn-client API: https://github.com/PriorLabs/tabpfn-client",/opt/tabr1_results/pooled/os_3yr/ALL/repeat_04_fold_02/tabpfn_v2/traceback.txt
pooled,os_3yr,ALL,4,2,tabpfn_v2_5,1053,263,329,failed,,,,,,,,,,,,,,,RuntimeError,"Running on CPU with more than 1000 samples is not allowed by default due to slow performance.
To override this behavior, set the environment variable TABPFN_ALLOW_CPU_LARGE_DATASET=1 or set ignore_pretraining_limits=True.
Alternatively, consider using a GPU or the tabpfn-client API: https://github.com/PriorLabs/tabpfn-client",/opt/tabr1_results/pooled/os_3yr/ALL/repeat_04_fold_02/tabpfn_v2_5/traceback.txt
pooled,os_3yr,ALL,4,2,tabpfn_v2_6,1053,263,329,failed,,,,,,,,,,,,,,,RuntimeError,"Running on CPU with more than 1000 samples is not allowed by default due to slow performance.
To override this behavior, set the environment variable TABPFN_ALLOW_CPU_LARGE_DATASET=1 or set ignore_pretraining_limits=True.
Alternatively, consider using a GPU or the tabpfn-client API: https://github.com/PriorLabs/tabpfn-client",/opt/tabr1_results/pooled/os_3yr/ALL/repeat_04_fold_02/tabpfn_v2_6/traceback.txt
pooled,os_3yr,ALL,4,2,tabpfn_v3,1053,263,329,success,0.38892728090286255,validation split balanced accuracy,0.4954255610009568,22.98458490899975,0.6291793313069909,0.6474504894149784,0.6325301204819277,0.7608695652173914,0.5340314136125655,0.7253205857804083,0.638606739523505,0.5882687378452232,0.20349738868982936,/opt/tabr1_results/pooled/os_3yr/ALL/repeat_04_fold_02/tabpfn_v3/test_predictions.csv,,,
pooled,os_3yr,ALL,4,2,tabfm_default,1053,263,329,success,0.4739818274974823,validation split balanced accuracy,0.018015173000094364,15.316834518000178,0.6382978723404256,0.6573146672736929,0.6426426426426426,0.7753623188405797,0.5392670157068062,0.7407238788982472,0.664446850422777,0.5845665204430363,0.2017965937360606,/opt/tabr1_results/pooled/os_3yr/ALL/repeat_04_fold_02/tabfm_default/test_predictions.csv,,,
pooled,os_3yr,ALL,4,2,autogluon,1053,263,329,success,0.4369470477104187,validation split balanced accuracy,8.06759906499974,0.1849268400001165,0.6443768996960486,0.6464640716291069,0.6086956521739131,0.6594202898550725,0.6335078534031413,0.7083997268381517,0.6146443761184279,0.6089206336815242,0.21117827958761767,/opt/tabr1_results/pooled/os_3yr/ALL/repeat_04_fold_02/autogluon/test_predictions.csv,,,
pooled,os_3yr,ALL,4,3,tabpfn_v2,1052,264,329,failed,,,,,,,,,,,,,,,RuntimeError,"Running on CPU with more than 1000 samples is not allowed by default due to slow performance.
To override this behavior, set the environment variable TABPFN_ALLOW_CPU_LARGE_DATASET=1 or set ignore_pretraining_limits=True.
Alternatively, consider using a GPU or the tabpfn-client API: https://github.com/PriorLabs/tabpfn-client",/opt/tabr1_results/pooled/os_3yr/ALL/repeat_04_fold_03/tabpfn_v2/traceback.txt
pooled,os_3yr,ALL,4,3,tabpfn_v2_5,1052,264,329,failed,,,,,,,,,,,,,,,RuntimeError,"Running on CPU with more than 1000 samples is not allowed by default due to slow performance.
To override this behavior, set the environment variable TABPFN_ALLOW_CPU_LARGE_DATASET=1 or set ignore_pretraining_limits=True.
Alternatively, consider using a GPU or the tabpfn-client API: https://github.com/PriorLabs/tabpfn-client",/opt/tabr1_results/pooled/os_3yr/ALL/repeat_04_fold_03/tabpfn_v2_5/traceback.txt
pooled,os_3yr,ALL,4,3,tabpfn_v2_6,1052,264,329,failed,,,,,,,,,,,,,,,RuntimeError,"Running on CPU with more than 1000 samples is not allowed by default due to slow performance.
To override this behavior, set the environment variable TABPFN_ALLOW_CPU_LARGE_DATASET=1 or set ignore_pretraining_limits=True.
Alternatively, consider using a GPU or the tabpfn-client API: https://github.com/PriorLabs/tabpfn-client",/opt/tabr1_results/pooled/os_3yr/ALL/repeat_04_fold_03/tabpfn_v2_6/traceback.txt
pooled,os_3yr,ALL,4,3,tabpfn_v3,1052,264,329,success,0.3965815603733063,validation split balanced accuracy,0.4954573620016163,23.039768690001438,0.6048632218844985,0.6510525098311358,0.6388888888888888,0.8778625954198473,0.42424242424242425,0.6774616392937002,0.551182994632107,0.6198939122035706,0.21646080369088155,/opt/tabr1_results/pooled/os_3yr/ALL/repeat_04_fold_03/tabpfn_v3/test_predictions.csv,,,
pooled,os_3yr,ALL,4,3,tabfm_default,1052,264,329,success,0.3931649327278137,validation split balanced accuracy,0.017994727999393945,14.996965497000929,0.6048632218844985,0.6510525098311358,0.6388888888888888,0.8778625954198473,0.42424242424242425,0.6802760428714627,0.5654779333109561,0.6127578744603541,0.21296532380656855,/opt/tabr1_results/pooled/os_3yr/ALL/repeat_04_fold_03/tabfm_default/test_predictions.csv,,,
pooled,os_3yr,ALL,4,3,autogluon,1052,264,329,success,0.32261037826538086,validation split balanced accuracy,8.315891135000129,0.013484999999491265,0.5927051671732523,0.637076875626494,0.6256983240223464,0.8549618320610687,0.41919191919191917,0.6883722723417379,0.5470505765718743,0.6219735773500034,0.216840917613888,/opt/tabr1_results/pooled/os_3yr/ALL/repeat_04_fold_03/autogluon/test_predictions.csv,,,
pooled,os_3yr,ALL,4,4,tabpfn_v2,1052,264,329,failed,,,,,,,,,,,,,,,RuntimeError,"Running on CPU with more than 1000 samples is not allowed by default due to slow performance.
To override this behavior, set the environment variable TABPFN_ALLOW_CPU_LARGE_DATASET=1 or set ignore_pretraining_limits=True.
Alternatively, consider using a GPU or the tabpfn-client API: https://github.com/PriorLabs/tabpfn-client",/opt/tabr1_results/pooled/os_3yr/ALL/repeat_04_fold_04/tabpfn_v2/traceback.txt
pooled,os_3yr,ALL,4,4,tabpfn_v2_5,1052,264,329,failed,,,,,,,,,,,,,,,RuntimeError,"Running on CPU with more than 1000 samples is not allowed by default due to slow performance.
To override this behavior, set the environment variable TABPFN_ALLOW_CPU_LARGE_DATASET=1 or set ignore_pretraining_limits=True.
Alternatively, consider using a GPU or the tabpfn-client API: https://github.com/PriorLabs/tabpfn-client",/opt/tabr1_results/pooled/os_3yr/ALL/repeat_04_fold_04/tabpfn_v2_5/traceback.txt
pooled,os_3yr,ALL,4,4,tabpfn_v2_6,1052,264,329,failed,,,,,,,,,,,,,,,RuntimeError,"Running on CPU with more than 1000 samples is not allowed by default due to slow performance.
To override this behavior, set the environment variable TABPFN_ALLOW_CPU_LARGE_DATASET=1 or set ignore_pretraining_limits=True.
Alternatively, consider using a GPU or the tabpfn-client API: https://github.com/PriorLabs/tabpfn-client",/opt/tabr1_results/pooled/os_3yr/ALL/repeat_04_fold_04/tabpfn_v2_6/traceback.txt
pooled,os_3yr,ALL,4,4,tabpfn_v3,1052,264,329,success,0.45536932349205017,validation split balanced accuracy,0.49428303300010157,23.14274871500129,0.662613981762918,0.6713268365817091,0.6605504587155964,0.7448275862068966,0.5978260869565217,0.7055659670164919,0.6142188488334839,0.6122769212028609,0.21240349967654626,/opt/tabr1_results/pooled/os_3yr/ALL/repeat_04_fold_04/tabpfn_v3/test_predictions.csv,,,
pooled,os_3yr,ALL,4,4,tabfm_default,1052,264,329,success,0.4140562117099762,validation split balanced accuracy,0.017895961000249372,15.55225141200026,0.6869300911854104,0.694527736131934,0.6811145510835913,0.7586206896551724,0.6304347826086957,0.7364880059970014,0.6441702951108225,0.6063834885143594,0.20855545046177845,/opt/tabr1_results/pooled/os_3yr/ALL/repeat_04_fold_04/tabfm_default/test_predictions.csv,,,
pooled,os_3yr,ALL,4,4,autogluon,1052,264,329,success,0.3019794225692749,validation split balanced accuracy,7.764008616000865,0.015664847000152804,0.6443768996960486,0.6674475262368815,0.6811989100817438,0.8620689655172413,0.47282608695652173,0.7210832083958021,0.6241031700870491,0.612905265570695,0.21254094287102857,/opt/tabr1_results/pooled/os_3yr/ALL/repeat_04_fold_04/autogluon/test_predictions.csv,,,
per_cancer,os_5yr,BRCA,0,0,tabpfn_v2,224,56,70,success,0.29128298163414,validation split balanced accuracy,0.21448564999991504,4.966975538000042,0.6857142857142857,0.5615530303030303,0.3125,0.22727272727272727,0.8958333333333334,0.5132575757575758,0.36735889668470323,0.6337934442893912,0.21965807623756328,/opt/tabr1_results/per_cancer/os_5yr/BRCA/repeat_00_fold_00/tabpfn_v2/test_predictions.csv,,,
per_cancer,os_5yr,BRCA,0,0,tabpfn_v2_5,224,56,70,success,0.31340062618255615,validation split balanced accuracy,0.22745307399964076,5.079676920000566,0.6571428571428571,0.5284090909090909,0.25,0.18181818181818182,0.875,0.4952651515151515,0.34808796100501765,0.6436984967571184,0.22313280941134647,/opt/tabr1_results/per_cancer/os_5yr/BRCA/repeat_00_fold_00/tabpfn_v2_5/test_predictions.csv,,,
per_cancer,os_5yr,BRCA,0,0,tabpfn_v2_6,224,56,70,success,0.27663251757621765,validation split balanced accuracy,0.30546522099939466,5.675496043999374,0.6285714285714286,0.5691287878787878,0.4090909090909091,0.4090909090909091,0.7291666666666666,0.5151515151515151,0.3525072373606871,0.6554638550396845,0.22634640332654354,/opt/tabr1_results/per_cancer/os_5yr/BRCA/repeat_00_fold_00/tabpfn_v2_6/test_predictions.csv,,,
per_cancer,os_5yr,BRCA,0,0,tabpfn_v3,224,56,70,success,0.30615612864494324,validation split balanced accuracy,0.5341184950011666,4.9554394419992605,0.6428571428571429,0.5179924242424242,0.24242424242424243,0.18181818181818182,0.8541666666666666,0.4649621212121212,0.32543341865360076,0.649996154598442,0.22525083337719137,/opt/tabr1_results/per_cancer/os_5yr/BRCA/repeat_00_fold_00/tabpfn_v3/test_predictions.csv,,,
per_cancer,os_5yr,BRCA,0,0,tabfm_default,224,56,70,success,0.18607859313488007,validation split balanced accuracy,0.01262190799934615,2.988292771000488,0.42857142857142855,0.521780303030303,0.4594594594594595,0.7727272727272727,0.2708333333333333,0.515625,0.3613871133320682,0.6613653927924193,0.22752609385550907,/opt/tabr1_results/per_cancer/os_5yr/BRCA/repeat_00_fold_00/tabfm_default/test_predictions.csv,,,
per_cancer,os_5yr,BRCA,0,0,autogluon,224,56,70,success,0.47444024682044983,validation split balanced accuracy,3.958727244000329,0.013211072000558488,0.45714285714285713,0.5549242424242424,0.4864864864864865,0.8181818181818182,0.2916666666666667,0.48248106060606055,0.31767632436591986,0.6802452107499414,0.24355699125579236,/opt/tabr1_results/per_cancer/os_5yr/BRCA/repeat_00_fold_00/autogluon/test_predictions.csv,,,
per_cancer,os_5yr,BRCA,0,1,tabpfn_v2,224,56,70,success,0.09510676562786102,validation split balanced accuracy,0.21143294600005902,4.758587206999437,0.3,0.5196078431372549,0.4367816091954023,1.0,0.0392156862745098,0.5211558307533539,0.32829995553849334,0.5974345338317372,0.20142960013824282,/opt/tabr1_results/per_cancer/os_5yr/BRCA/repeat_00_fold_01/tabpfn_v2/test_predictions.csv,,,
per_cancer,os_5yr,BRCA,0,1,tabpfn_v2_5,224,56,70,success,0.29792091250419617,validation split balanced accuracy,0.21664718400097627,5.302841009000986,0.5714285714285714,0.5242518059855521,0.34782608695652173,0.42105263157894735,0.6274509803921569,0.5665634674922599,0.35618574533079084,0.6112689507731354,0.20411543917382222,/opt/tabr1_results/per_cancer/os_5yr/BRCA/repeat_00_fold_01/tabpfn_v2_5/test_predictions.csv,,,
per_cancer,os_5yr,BRCA,0,1,tabpfn_v2_6,224,56,70,success,0.1815636157989502,validation split balanced accuracy,0.2990393050004059,6.028208353000082,0.4142857142857143,0.49896800825593396,0.3880597014925373,0.6842105263157895,0.3137254901960784,0.5252837977296182,0.32512299408561063,0.6217510960795104,0.2104784746955558,/opt/tabr1_results/per_cancer/os_5yr/BRCA/repeat_00_fold_01/tabpfn_v2_6/test_predictions.csv,,,
per_cancer,os_5yr,BRCA,0,1,tabpfn_v3,224,56,70,success,0.13599829375743866,validation split balanced accuracy,0.5261318289994961,4.708313752000322,0.2857142857142857,0.4437564499484004,0.375,0.7894736842105263,0.09803921568627451,0.5242518059855521,0.3547837474464479,0.6164324231186106,0.20505888693402946,/opt/tabr1_results/per_cancer/os_5yr/BRCA/repeat_00_fold_01/tabpfn_v3/test_predictions.csv,,,
per_cancer,os_5yr,BRCA,0,1,tabfm_default,224,56,70,success,0.34080207347869873,validation split balanced accuracy,0.013043143000686541,2.780297444998723,0.6714285714285714,0.5598555211558307,0.34285714285714286,0.3157894736842105,0.803921568627451,0.5830753353973168,0.3824256838017931,0.5801580434605729,0.19566913825420015,/opt/tabr1_results/per_cancer/os_5yr/BRCA/repeat_00_fold_01/tabfm_default/test_predictions.csv,,,
per_cancer,os_5yr,BRCA,0,1,autogluon,224,56,70,success,0.43150344491004944,validation split balanced accuracy,4.129658326000936,0.010545801998887327,0.6428571428571429,0.5237358101135191,0.2857142857142857,0.2631578947368421,0.7843137254901961,0.4551083591331269,0.33207308192757173,0.7550676530260263,0.2366234900162588,/opt/tabr1_results/per_cancer/os_5yr/BRCA/repeat_00_fold_01/autogluon/test_predictions.csv,,,
per_cancer,os_5yr,BRCA,0,2,tabpfn_v2,224,56,70,success,0.31732505559921265,validation split balanced accuracy,0.21450844799983315,5.149799050999718,0.7142857142857143,0.5727554179566563,0.3333333333333333,0.2631578947368421,0.8823529411764706,0.5386996904024768,0.3848270175697916,0.5838361605114363,0.19732405929869457,/opt/tabr1_results/per_cancer/os_5yr/BRCA/repeat_00_fold_02/tabpfn_v2/test_predictions.csv,,,
per_cancer,os_5yr,BRCA,0,2,tabpfn_v2_5,224,56,70,success,0.26960551738739014,validation split balanced accuracy,0.2104822300007072,5.3956407610003225,0.35714285714285715,0.45975232198142413,0.36619718309859156,0.6842105263157895,0.23529411764705882,0.49948400412796695,0.34955935489215456,0.5866593594952972,0.19836179637799697,/opt/tabr1_results/per_cancer/os_5yr/BRCA/repeat_00_fold_02/tabpfn_v2_5/test_predictions.csv,,,
per_cancer,os_5yr,BRCA,0,2,tabpfn_v2_6,224,56,70,success,0.305976539850235,validation split balanced accuracy,0.2961872799987759,5.844853180999053,0.6142857142857143,0.5701754385964912,0.4,0.47368421052631576,0.6666666666666666,0.5397316821465428,0.30733951675641974,0.5910822812798154,0.20035262079107186,/opt/tabr1_results/per_cancer/os_5yr/BRCA/repeat_00_fold_02/tabpfn_v2_6/test_predictions.csv,,,
per_cancer,os_5yr,BRCA,0,2,tabpfn_v3,224,56,70,success,0.35442063212394714,validation split balanced accuracy,0.5182205839992093,4.714356087000851,0.6428571428571429,0.4907120743034056,0.1935483870967742,0.15789473684210525,0.8235294117647058,0.52218782249742,0.29733352477517805,0.6423694720009278,0.21370668122190933,/opt/tabr1_results/per_cancer/os_5yr/BRCA/repeat_00_fold_02/tabpfn_v3/test_predictions.csv,,,
per_cancer,os_5yr,BRCA,0,2,tabfm_default,224,56,70,success,0.23339557647705078,validation split balanced accuracy,0.0131394559994078,2.802270418000262,0.37142857142857144,0.4860681114551083,0.3888888888888889,0.7368421052631579,0.23529411764705882,0.4654282765737874,0.2610555545664685,0.6153370106846534,0.21114764601162028,/opt/tabr1_results/per_cancer/os_5yr/BRCA/repeat_00_fold_02/tabfm_default/test_predictions.csv,,,
per_cancer,os_5yr,BRCA,0,2,autogluon,224,56,70,success,0.2707887291908264,validation split balanced accuracy,4.361440560000119,0.005284002998450887,0.35714285714285715,0.42672858617131065,0.3283582089552239,0.5789473684210527,0.27450980392156865,0.46852425180598556,0.35997090182045643,0.6136439338308427,0.20885152929910106,/opt/tabr1_results/per_cancer/os_5yr/BRCA/repeat_00_fold_02/autogluon/test_predictions.csv,,,
per_cancer,os_5yr,BRCA,0,3,tabpfn_v2,224,56,70,success,0.26781129837036133,validation split balanced accuracy,0.21030473700011498,4.8061510200004705,0.4857142857142857,0.5205327413984462,0.35714285714285715,0.5882352941176471,0.4528301886792453,0.6193118756936737,0.3451644913575888,0.5553160669766859,0.184934652937526,/opt/tabr1_results/per_cancer/os_5yr/BRCA/repeat_00_fold_03/tabpfn_v2/test_predictions.csv,,,
per_cancer,os_5yr,BRCA,0,3,tabpfn_v2_5,224,56,70,success,0.2590937614440918,validation split balanced accuracy,0.21319307100020524,5.521867458000997,0.5285714285714286,0.6287458379578246,0.45901639344262296,0.8235294117647058,0.4339622641509434,0.6692563817980022,0.3652861698266941,0.5429538982493781,0.1799544535458428,/opt/tabr1_results/per_cancer/os_5yr/BRCA/repeat_00_fold_03/tabpfn_v2_5/test_predictions.csv,,,
per_cancer,os_5yr,BRCA,0,3,tabpfn_v2_6,224,56,70,success,0.32247331738471985,validation split balanced accuracy,0.29581642099947203,5.935194756000783,0.6857142857142857,0.5527192008879024,0.3125,0.29411764705882354,0.8113207547169812,0.6359600443951166,0.3452990975846779,0.5542855300222195,0.1854881770277891,/opt/tabr1_results/per_cancer/os_5yr/BRCA/repeat_00_fold_03/tabpfn_v2_6/test_predictions.csv,,,
per_cancer,os_5yr,BRCA,0,3,tabpfn_v3,224,56,70,success,0.25563350319862366,validation split balanced accuracy,0.5209256299986009,4.644200590000764,0.4857142857142857,0.6403995560488346,0.47058823529411764,0.9411764705882353,0.33962264150943394,0.6936736958934517,0.3969110062711493,0.5457295104999065,0.18085008878573444,/opt/tabr1_results/per_cancer/os_5yr/BRCA/repeat_00_fold_03/tabpfn_v3/test_predictions.csv,,,
per_cancer,os_5yr,BRCA,0,3,tabfm_default,224,56,70,success,0.2744377553462982,validation split balanced accuracy,0.0129633090000425,2.7599439320001693,0.7,0.6820199778024417,0.5116279069767442,0.6470588235294118,0.7169811320754716,0.5982241953385128,0.348907810809165,0.6155459513386924,0.20242885697433186,/opt/tabr1_results/per_cancer/os_5yr/BRCA/repeat_00_fold_03/tabfm_default/test_predictions.csv,,,
per_cancer,os_5yr,BRCA,0,3,autogluon,224,56,70,success,0.4839073717594147,validation split balanced accuracy,4.051266529999339,0.010993382000378915,0.3142857142857143,0.5072142064372919,0.38461538461538464,0.8823529411764706,0.1320754716981132,0.5577136514983352,0.28334895450834324,0.6814083514743943,0.24413250077601154,/opt/tabr1_results/per_cancer/os_5yr/BRCA/repeat_00_fold_03/autogluon/test_predictions.csv,,,
per_cancer,os_5yr,BRCA,0,4,tabpfn_v2,224,56,70,success,0.29928046464920044,validation split balanced accuracy,0.20739136200063513,4.460424528000658,0.6142857142857143,0.47735507246376807,0.06896551724137931,0.041666666666666664,0.9130434782608695,0.5307971014492754,0.3586195181082472,0.6688427899355603,0.23614269822371098,/opt/tabr1_results/per_cancer/os_5yr/BRCA/repeat_00_fold_04/tabpfn_v2/test_predictions.csv,,,
per_cancer,os_5yr,BRCA,0,4,tabpfn_v2_5,224,56,70,success,0.29193881154060364,validation split balanced accuracy,0.21340663299997686,5.318605624001066,0.6571428571428571,0.5398550724637681,0.25,0.16666666666666666,0.9130434782608695,0.588768115942029,0.40832294961886373,0.6627487046561163,0.23359696301893595,/opt/tabr1_results/per_cancer/os_5yr/BRCA/repeat_00_fold_04/tabpfn_v2_5/test_predictions.csv,,,
per_cancer,os_5yr,BRCA,0,4,tabpfn_v2_6,224,56,70,success,0.34930482506752014,validation split balanced accuracy,0.27236187900052755,5.97705895999934,0.6285714285714286,0.5181159420289855,0.23529411764705882,0.16666666666666666,0.8695652173913043,0.5280797101449275,0.37560665078455274,0.6892334410981993,0.24294561538680867,/opt/tabr1_results/per_cancer/os_5yr/BRCA/repeat_00_fold_04/tabpfn_v2_6/test_predictions.csv,,,
per_cancer,os_5yr,BRCA,0,4,tabpfn_v3,224,56,70,success,0.28520166873931885,validation split balanced accuracy,0.5218759420004062,4.694254780000847,0.6428571428571429,0.5289855072463768,0.24242424242424243,0.16666666666666666,0.8913043478260869,0.5208333333333333,0.3606963736235676,0.6675384844358211,0.2349549659936109,/opt/tabr1_results/per_cancer/os_5yr/BRCA/repeat_00_fold_04/tabpfn_v3/test_predictions.csv,,,
per_cancer,os_5yr,BRCA,0,4,tabfm_default,224,56,70,success,0.29565906524658203,validation split balanced accuracy,0.012903990000268095,3.1129687869997724,0.6,0.47644927536231885,0.125,0.08333333333333333,0.8695652173913043,0.4877717391304348,0.3495561742260363,0.7152966839571075,0.24624821140169795,/opt/tabr1_results/per_cancer/os_5yr/BRCA/repeat_00_fold_04/tabfm_default/test_predictions.csv,,,
per_cancer,os_5yr,BRCA,0,4,autogluon,224,56,70,success,0.21555554866790771,validation split balanced accuracy,4.0332194509992405,0.1050702779994026,0.4714285714285714,0.5380434782608696,0.4931506849315068,0.75,0.32608695652173914,0.5892210144927537,0.4428076221866764,0.6541356931882986,0.22888488597477682,/opt/tabr1_results/per_cancer/os_5yr/BRCA/repeat_00_fold_04/autogluon/test_predictions.csv,,,
per_cancer,os_5yr,BRCA,1,0,tabpfn_v2,224,56,70,success,0.3174763023853302,validation split balanced accuracy,0.21765589299866406,4.132359792998614,0.6142857142857143,0.5018501387604071,0.22857142857142856,0.17391304347826086,0.8297872340425532,0.5855689176688251,0.43189536057452754,0.6333104589431886,0.22043420353247725,/opt/tabr1_results/per_cancer/os_5yr/BRCA/repeat_01_fold_00/tabpfn_v2/test_predictions.csv,,,
per_cancer,os_5yr,BRCA,1,0,tabpfn_v2_5,224,56,70,success,0.33016425371170044,validation split balanced accuracy,0.255885020000278,5.342777664000096,0.6428571428571429,0.5564292321924145,0.358974358974359,0.30434782608695654,0.8085106382978723,0.5892691951896393,0.48478516433671925,0.6293992165636023,0.2183575208769835,/opt/tabr1_results/per_cancer/os_5yr/BRCA/repeat_01_fold_00/tabpfn_v2_5/test_predictions.csv,,,
per_cancer,os_5yr,BRCA,1,0,tabpfn_v2_6,224,56,70,success,0.3210371732711792,validation split balanced accuracy,0.3123233189999155,5.919476739001766,0.6571428571428571,0.6003700277520814,0.45454545454545453,0.43478260869565216,0.7659574468085106,0.6225716928769658,0.4996754582923395,0.6208107274405728,0.2134600898756458,/opt/tabr1_results/per_cancer/os_5yr/BRCA/repeat_01_fold_00/tabpfn_v2_6/test_predictions.csv,,,
per_cancer,os_5yr,BRCA,1,0,tabpfn_v3,224,56,70,success,0.3370116055011749,validation split balanced accuracy,0.5369526989998121,4.67162313299923,0.6,0.513413506012951,0.3,0.2608695652173913,0.7659574468085106,0.5661424606845513,0.41250383241714395,0.6402733983735075,0.2228309702309356,/opt/tabr1_results/per_cancer/os_5yr/BRCA/repeat_01_fold_00/tabpfn_v3/test_predictions.csv,,,
per_cancer,os_5yr,BRCA,1,0,tabfm_default,224,56,70,success,0.2709943354129791,validation split balanced accuracy,0.01280884299922036,3.064964338000209,0.5285714285714286,0.5379278445883441,0.4406779661016949,0.5652173913043478,0.5106382978723404,0.5670675300647549,0.48217460241239435,0.6267197146302411,0.21549374506625915,/opt/tabr1_results/per_cancer/os_5yr/BRCA/repeat_01_fold_00/tabfm_default/test_predictions.csv,,,
per_cancer,os_5yr,BRCA,1,0,autogluon,224,56,70,success,0.24989844858646393,validation split balanced accuracy,3.971760966000147,0.008598463000453194,0.45714285714285713,0.4958371877890842,0.42424242424242425,0.6086956521739131,0.3829787234042553,0.5624421831637373,0.4123848771226375,0.6378963828472576,0.2223069298531027,/opt/tabr1_results/per_cancer/os_5yr/BRCA/repeat_01_fold_00/autogluon/test_predictions.csv,,,
per_cancer,os_5yr,BRCA,1,1,tabpfn_v2,224,56,70,success,0.3101770877838135,validation split balanced accuracy,0.21228626599986455,4.414461165999455,0.7,0.5621531631520533,0.3225806451612903,0.29411764705882354,0.8301886792452831,0.4772475027746948,0.3190856666055557,0.5603922125827616,0.18623334054418436,/opt/tabr1_results/per_cancer/os_5yr/BRCA/repeat_01_fold_01/tabpfn_v2/test_predictions.csv,,,
per_cancer,os_5yr,BRCA,1,1,tabpfn_v2_5,224,56,70,success,0.32186946272850037,validation split balanced accuracy,0.22153565200096637,5.406780285000423,0.6285714285714286,0.5149833518312985,0.2777777777777778,0.29411764705882354,0.7358490566037735,0.5471698113207547,0.29084218861275013,0.5602299907353211,0.18639838008173823,/opt/tabr1_results/per_cancer/os_5yr/BRCA/repeat_01_fold_01/tabpfn_v2_5/test_predictions.csv,,,
per_cancer,os_5yr,BRCA,1,1,tabpfn_v2_6,224,56,70,success,0.3699420392513275,validation split balanced accuracy,0.30338855300033174,5.971419089999472,0.7,0.5621531631520533,0.3225806451612903,0.29411764705882354,0.8301886792452831,0.516093229744728,0.2756828399903269,0.5629327116527034,0.18770412108947612,/opt/tabr1_results/per_cancer/os_5yr/BRCA/repeat_01_fold_01/tabpfn_v2_6/test_predictions.csv,,,
per_cancer,os_5yr,BRCA,1,1,tabpfn_v3,224,56,70,success,0.2952825129032135,validation split balanced accuracy,0.5300303949989029,4.673531075999563,0.6142857142857143,0.5055493895671476,0.2702702702702703,0.29411764705882354,0.7169811320754716,0.5438401775804662,0.34994582077131536,0.5515025489938221,0.1826114661220442,/opt/tabr1_results/per_cancer/os_5yr/BRCA/repeat_01_fold_01/tabpfn_v3/test_predictions.csv,,,
per_cancer,os_5yr,BRCA,1,1,tabfm_default,224,56,70,success,0.32157832384109497,validation split balanced accuracy,0.013028968998696655,3.0269550470002287,0.6428571428571429,0.5643729189789123,0.358974358974359,0.4117647058823529,0.7169811320754716,0.5782463928967814,0.3389804091505156,0.5561640439422693,0.18530963001469525,/opt/tabr1_results/per_cancer/os_5yr/BRCA/repeat_01_fold_01/tabfm_default/test_predictions.csv,,,
per_cancer,os_5yr,BRCA,1,1,autogluon,224,56,70,success,0.3214649260044098,validation split balanced accuracy,4.0952867079995485,0.014937259998987429,0.5142857142857142,0.5993340732519423,0.43333333333333335,0.7647058823529411,0.4339622641509434,0.5765815760266371,0.3403254671786384,0.5698438697506775,0.1910555913668673,/opt/tabr1_results/per_cancer/os_5yr/BRCA/repeat_01_fold_01/autogluon/test_predictions.csv,,,
per_cancer,os_5yr,BRCA,1,2,tabpfn_v2,224,56,70,success,0.2912536561489105,validation split balanced accuracy,0.18721482999899308,5.05973353599984,0.6714285714285714,0.4833518312985572,0.14814814814814814,0.11764705882352941,0.8490566037735849,0.590455049944506,0.3648033997393981,0.5520713932398049,0.182932440576981,/opt/tabr1_results/per_cancer/os_5yr/BRCA/repeat_01_fold_02/tabpfn_v2/test_predictions.csv,,,
per_cancer,os_5yr,BRCA,1,2,tabpfn_v2_5,224,56,70,success,0.31433409452438354,validation split balanced accuracy,0.23855627599914442,5.1982592009990185,0.7285714285714285,0.5011098779134295,0.09523809523809523,0.058823529411764705,0.9433962264150944,0.5671476137624861,0.32238671223072196,0.5519403751356419,0.18287097645888725,/opt/tabr1_results/per_cancer/os_5yr/BRCA/repeat_01_fold_02/tabpfn_v2_5/test_predictions.csv,,,
per_cancer,os_5yr,BRCA,1,2,tabpfn_v2_6,224,56,70,success,0.2868070900440216,validation split balanced accuracy,0.2914546699994389,5.944098887001019,0.7142857142857143,0.5715871254162043,0.3333333333333333,0.29411764705882354,0.8490566037735849,0.5482796892341842,0.30797369082104215,0.5766279845899566,0.18829941467069738,/opt/tabr1_results/per_cancer/os_5yr/BRCA/repeat_01_fold_02/tabpfn_v2_6/test_predictions.csv,,,
per_cancer,os_5yr,BRCA,1,2,tabpfn_v3,224,56,70,success,0.2757231593132019,validation split balanced accuracy,0.515732666999611,4.720520992001184,0.5714285714285714,0.49722530521642616,0.2857142857142857,0.35294117647058826,0.6415094339622641,0.5238623751387348,0.27117293088425043,0.6004169360627655,0.19059398602768818,/opt/tabr1_results/per_cancer/os_5yr/BRCA/repeat_01_fold_02/tabpfn_v3/test_predictions.csv,,,
per_cancer,os_5yr,BRCA,1,2,tabfm_default,224,56,70,success,0.2212011218070984,validation split balanced accuracy,0.013025918999119313,2.780605428999479,0.34285714285714286,0.5061043285238623,0.3783783783783784,0.8235294117647058,0.18867924528301888,0.504439511653718,0.2828783445987216,0.5601002724736933,0.18607078492302348,/opt/tabr1_results/per_cancer/os_5yr/BRCA/repeat_01_fold_02/tabfm_default/test_predictions.csv,,,
per_cancer,os_5yr,BRCA,1,2,autogluon,224,56,70,success,0.23950080573558807,validation split balanced accuracy,4.174149435999425,0.005101310000100057,0.6142857142857143,0.6054384017758047,0.425531914893617,0.5882352941176471,0.6226415094339622,0.5749167591564928,0.29752887052764665,0.5830004169883083,0.19307620150678764,/opt/tabr1_results/per_cancer/os_5yr/BRCA/repeat_01_fold_02/autogluon/test_predictions.csv,,,
per_cancer,os_5yr,BRCA,1,3,tabpfn_v2,224,56,70,success,0.22775320708751678,validation split balanced accuracy,0.2066966170004889,5.12219936099973,0.5,0.5499537465309898,0.47761194029850745,0.6956521739130435,0.40425531914893614,0.5800185013876041,0.4219303904916707,0.6437763636082068,0.2247245124686066,/opt/tabr1_results/per_cancer/os_5yr/BRCA/repeat_01_fold_03/tabpfn_v2/test_predictions.csv,,,
per_cancer,os_5yr,BRCA,1,3,tabpfn_v2_5,224,56,70,success,0.2070978730916977,validation split balanced accuracy,0.24209451299975626,5.2462169930004166,0.45714285714285713,0.5291396854764108,0.4722222222222222,0.7391304347826086,0.3191489361702128,0.5652173913043479,0.39282349403102834,0.6496815060912393,0.22707221945506081,/opt/tabr1_results/per_cancer/os_5yr/BRCA/repeat_01_fold_03/tabpfn_v2_5/test_predictions.csv,,,
per_cancer,os_5yr,BRCA,1,3,tabpfn_v2_6,224,56,70,success,0.41090309619903564,validation split balanced accuracy,0.29526061800061143,5.850507784000001,0.6428571428571429,0.4898242368177613,0.07407407407407407,0.043478260869565216,0.9361702127659575,0.5818686401480111,0.36475488634945646,0.6560832874663969,0.23006798847078466,/opt/tabr1_results/per_cancer/os_5yr/BRCA/repeat_01_fold_03/tabpfn_v2_6/test_predictions.csv,,,
per_cancer,os_5yr,BRCA,1,3,tabpfn_v3,224,56,70,success,0.20959502458572388,validation split balanced accuracy,0.5196116529987194,4.704149372000757,0.5428571428571428,0.6040703052728955,0.5294117647058824,0.782608695652174,0.425531914893617,0.5735430157261794,0.4284796526385428,0.6454759033910404,0.2250618484932809,/opt/tabr1_results/per_cancer/os_5yr/BRCA/repeat_01_fold_03/tabpfn_v3/test_predictions.csv,,,
per_cancer,os_5yr,BRCA,1,3,tabfm_default,224,56,70,success,0.1913948655128479,validation split balanced accuracy,0.013046677000602358,2.96651291300077,0.5714285714285714,0.5920444033302498,0.5,0.6521739130434783,0.5319148936170213,0.6683626271970398,0.5052179815368367,0.6447133601991456,0.22397781817571227,/opt/tabr1_results/per_cancer/os_5yr/BRCA/repeat_01_fold_03/tabfm_default/test_predictions.csv,,,
per_cancer,os_5yr,BRCA,1,3,autogluon,224,56,70,success,0.48140600323677063,validation split balanced accuracy,4.0446296259997325,0.011016827000275953,0.5857142857142857,0.5582793709528215,0.43137254901960786,0.4782608695652174,0.6382978723404256,0.5962072155411654,0.3842636208819365,0.6751058666185085,0.24099393208207343,/opt/tabr1_results/per_cancer/os_5yr/BRCA/repeat_01_fold_03/autogluon/test_predictions.csv,,,
per_cancer,os_5yr,BRCA,1,4,tabpfn_v2,224,56,70,success,0.2656969726085663,validation split balanced accuracy,0.21893649699995876,4.980166768000345,0.5571428571428572,0.5340136054421769,0.39215686274509803,0.47619047619047616,0.5918367346938775,0.5587949465500486,0.3617363775981639,0.6078603177119727,0.20883733272055105,/opt/tabr1_results/per_cancer/os_5yr/BRCA/repeat_01_fold_04/tabpfn_v2/test_predictions.csv,,,
per_cancer,os_5yr,BRCA,1,4,tabpfn_v2_5,224,56,70,success,0.2949226498603821,validation split balanced accuracy,0.2384658330011007,5.368498906998866,0.6857142857142857,0.5986394557823129,0.42105263157894735,0.38095238095238093,0.8163265306122449,0.5918367346938775,0.38785816530510225,0.6029537546410321,0.20680714723668042,/opt/tabr1_results/per_cancer/os_5yr/BRCA/repeat_01_fold_04/tabpfn_v2_5/test_predictions.csv,,,
per_cancer,os_5yr,BRCA,1,4,tabpfn_v2_6,224,56,70,success,0.3350379467010498,validation split balanced accuracy,0.2958312780010601,5.793869274999452,0.6857142857142857,0.5442176870748299,0.26666666666666666,0.19047619047619047,0.8979591836734694,0.5743440233236151,0.3591275504297969,0.6088160902709202,0.20935900322878512,/opt/tabr1_results/per_cancer/os_5yr/BRCA/repeat_01_fold_04/tabpfn_v2_6/test_predictions.csv,,,
per_cancer,os_5yr,BRCA,1,4,tabpfn_v3,224,56,70,success,0.28663262724876404,validation split balanced accuracy,0.5158011790008459,4.657018615000197,0.6714285714285714,0.5884353741496599,0.41025641025641024,0.38095238095238093,0.7959183673469388,0.640427599611273,0.4591150797657969,0.6015664331750689,0.20632012606420008,/opt/tabr1_results/per_cancer/os_5yr/BRCA/repeat_01_fold_04/tabpfn_v3/test_predictions.csv,,,
per_cancer,os_5yr,BRCA,1,4,tabfm_default,224,56,70,success,0.26082852482795715,validation split balanced accuracy,0.012847407000663225,2.8469961149985465,0.5285714285714286,0.5408163265306123,0.42105263157894735,0.5714285714285714,0.5102040816326531,0.5456754130223518,0.3830532998560693,0.6122903142686322,0.209729873369764,/opt/tabr1_results/per_cancer/os_5yr/BRCA/repeat_01_fold_04/tabfm_default/test_predictions.csv,,,
per_cancer,os_5yr,BRCA,1,4,autogluon,224,56,70,success,0.3470948338508606,validation split balanced accuracy,4.0772683859995595,0.005642649999572313,0.5857142857142857,0.5136054421768708,0.32558139534883723,0.3333333333333333,0.6938775510204082,0.6137026239067056,0.3960336070038923,0.5933735021713363,0.204808165362544,/opt/tabr1_results/per_cancer/os_5yr/BRCA/repeat_01_fold_04/autogluon/test_predictions.csv,,,
per_cancer,os_5yr,BRCA,2,0,tabpfn_v2,224,56,70,success,0.2989603281021118,validation split balanced accuracy,0.2170973860011145,4.810874307999256,0.5857142857142857,0.5408163265306122,0.3829787234042553,0.42857142857142855,0.6530612244897959,0.4946550048590865,0.31103517287686216,0.6457194394165249,0.22271540921831603,/opt/tabr1_results/per_cancer/os_5yr/BRCA/repeat_02_fold_00/tabpfn_v2/test_predictions.csv,,,
per_cancer,os_5yr,BRCA,2,0,tabpfn_v2_5,224,56,70,success,0.2922310531139374,validation split balanced accuracy,0.23167373400065117,5.265917491000437,0.6,0.5510204081632653,0.391304347826087,0.42857142857142855,0.673469387755102,0.5364431486880467,0.3348908273851335,0.6221734451728876,0.21443214595110024,/opt/tabr1_results/per_cancer/os_5yr/BRCA/repeat_02_fold_00/tabpfn_v2_5/test_predictions.csv,,,
per_cancer,os_5yr,BRCA,2,0,tabpfn_v2_6,224,56,70,success,0.2968609035015106,validation split balanced accuracy,0.3118285399996239,5.953251087999888,0.5857142857142857,0.554421768707483,0.40816326530612246,0.47619047619047616,0.6326530612244898,0.5587949465500486,0.3668251479578887,0.6249913382466973,0.21363381226312775,/opt/tabr1_results/per_cancer/os_5yr/BRCA/repeat_02_fold_00/tabpfn_v2_6/test_predictions.csv,,,
per_cancer,os_5yr,BRCA,2,0,tabpfn_v3,224,56,70,success,0.28923487663269043,validation split balanced accuracy,0.5155780730001425,4.705347963001259,0.6571428571428571,0.6190476190476191,0.4782608695652174,0.5238095238095238,0.7142857142857143,0.5558794946550047,0.40275807117702617,0.6111472771087345,0.2090262214525269,/opt/tabr1_results/per_cancer/os_5yr/BRCA/repeat_02_fold_00/tabpfn_v3/test_predictions.csv,,,
per_cancer,os_5yr,BRCA,2,0,tabfm_default,224,56,70,success,0.4696553647518158,validation split balanced accuracy,0.013034337000135565,3.1581926099988777,0.6571428571428571,0.5102040816326531,0.2,0.14285714285714285,0.8775510204081632,0.5451895043731778,0.38440150862021844,0.6336429778987691,0.21684828483557525,/opt/tabr1_results/per_cancer/os_5yr/BRCA/repeat_02_fold_00/tabfm_default/test_predictions.csv,,,
per_cancer,os_5yr,BRCA,2,0,autogluon,224,56,70,success,0.6024033427238464,validation split balanced accuracy,4.10706862600091,0.022287186999164987,0.6714285714285714,0.4931972789115646,0.08,0.047619047619047616,0.9387755102040817,0.5772594752186588,0.38532822691991564,0.7874589937182458,0.25060696239142555,/opt/tabr1_results/per_cancer/os_5yr/BRCA/repeat_02_fold_00/autogluon/test_predictions.csv,,,
per_cancer,os_5yr,BRCA,2,1,tabpfn_v2,224,56,70,success,0.2581411302089691,validation split balanced accuracy,0.21604893800031277,4.153763111999069,0.5714285714285714,0.5143385753931544,0.34782608695652173,0.34782608695652173,0.6808510638297872,0.46901017576318227,0.3075739643851438,0.6518260225748612,0.2279797574294249,/opt/tabr1_results/per_cancer/os_5yr/BRCA/repeat_02_fold_01/tabpfn_v2/test_predictions.csv,,,
per_cancer,os_5yr,BRCA,2,1,tabpfn_v2_5,224,56,70,success,0.25668877363204956,validation split balanced accuracy,0.25750573899858864,5.175519078999059,0.5857142857142857,0.5360777058279371,0.3829787234042553,0.391304347826087,0.6808510638297872,0.5291396854764108,0.3787708171709844,0.6511487494243642,0.22736246700445148,/opt/tabr1_results/per_cancer/os_5yr/BRCA/repeat_02_fold_01/tabpfn_v2_5/test_predictions.csv,,,
per_cancer,os_5yr,BRCA,2,1,tabpfn_v2_6,224,56,70,success,0.3098112940788269,validation split balanced accuracy,0.3066425690012693,5.939659134000976,0.6142857142857143,0.5129509713228492,0.2702702702702703,0.21739130434782608,0.8085106382978723,0.49028677150786315,0.3407829853340393,0.8324956323567976,0.24094437249082198,/opt/tabr1_results/per_cancer/os_5yr/BRCA/repeat_02_fold_01/tabpfn_v2_6/test_predictions.csv,,,
per_cancer,os_5yr,BRCA,2,1,tabpfn_v3,224,56,70,success,0.2492910623550415,validation split balanced accuracy,0.5395987209994928,4.763186742999096,0.5714285714285714,0.5143385753931544,0.34782608695652173,0.34782608695652173,0.6808510638297872,0.4736355226641998,0.4334125116614088,0.786201392678705,0.23138658825486585,/opt/tabr1_results/per_cancer/os_5yr/BRCA/repeat_02_fold_01/tabpfn_v3/test_predictions.csv,,,
per_cancer,os_5yr,BRCA,2,1,tabfm_default,224,56,70,success,0.3029407560825348,validation split balanced accuracy,0.01329667000027257,2.8056228349996672,0.6,0.4912118408880666,0.2222222222222222,0.17391304347826086,0.8085106382978723,0.4648473635522664,0.36147565421623035,0.6915691566335642,0.2362123783380874,/opt/tabr1_results/per_cancer/os_5yr/BRCA/repeat_02_fold_01/tabfm_default/test_predictions.csv,,,
per_cancer,os_5yr,BRCA,2,1,autogluon,224,56,70,success,0.29780083894729614,validation split balanced accuracy,3.9149575409992394,0.019915425998988212,0.6571428571428571,0.6114708603145236,0.4782608695652174,0.4782608695652174,0.7446808510638298,0.6137835337650324,0.4520075831649393,0.629057172235605,0.21893408454815488,/opt/tabr1_results/per_cancer/os_5yr/BRCA/repeat_02_fold_01/autogluon/test_predictions.csv,,,
per_cancer,os_5yr,BRCA,2,2,tabpfn_v2,224,56,70,success,0.31428515911102295,validation split balanced accuracy,0.20280406400161155,5.061751322999044,0.6285714285714286,0.49742002063983487,0.23529411764705882,0.21052631578947367,0.7843137254901961,0.457172342621259,0.26694064548144236,0.6074952996281252,0.20618579639977527,/opt/tabr1_results/per_cancer/os_5yr/BRCA/repeat_02_fold_02/tabpfn_v2/test_predictions.csv,,,
per_cancer,os_5yr,BRCA,2,2,tabpfn_v2_5,224,56,70,success,0.2735557556152344,validation split balanced accuracy,0.21599844900083554,5.24124927199955,0.6142857142857143,0.5701754385964912,0.4,0.47368421052631576,0.6666666666666666,0.5015479876160991,0.29791056891206164,0.6012720476858727,0.20396275088703264,/opt/tabr1_results/per_cancer/os_5yr/BRCA/repeat_02_fold_02/tabpfn_v2_5/test_predictions.csv,,,
per_cancer,os_5yr,BRCA,2,2,tabpfn_v2_6,224,56,70,success,0.270876944065094,validation split balanced accuracy,0.29110454600049707,5.891128851000758,0.6142857142857143,0.6031991744066048,0.4489795918367347,0.5789473684210527,0.6274509803921569,0.5438596491228069,0.34738449008039035,0.5939766851291702,0.19905707345951495,/opt/tabr1_results/per_cancer/os_5yr/BRCA/repeat_02_fold_02/tabpfn_v2_6/test_predictions.csv,,,
per_cancer,os_5yr,BRCA,2,2,tabpfn_v3,224,56,70,success,0.2935880124568939,validation split balanced accuracy,0.5156720860013593,4.6972238260004815,0.6571428571428571,0.56656346749226,0.3684210526315789,0.3684210526315789,0.7647058823529411,0.4860681114551083,0.3071446845961885,0.5938085632053344,0.2006327044200108,/opt/tabr1_results/per_cancer/os_5yr/BRCA/repeat_02_fold_02/tabpfn_v3/test_predictions.csv,,,
per_cancer,os_5yr,BRCA,2,2,tabfm_default,224,56,70,success,0.486982136964798,validation split balanced accuracy,0.012891721000414691,2.7753459430005023,0.7428571428571429,0.5263157894736842,0.1,0.05263157894736842,1.0,0.4669762641898864,0.35666647459293727,0.6214972302129503,0.2089005939405769,/opt/tabr1_results/per_cancer/os_5yr/BRCA/repeat_02_fold_02/tabfm_default/test_predictions.csv,,,
per_cancer,os_5yr,BRCA,2,2,autogluon,224,56,70,success,0.299369215965271,validation split balanced accuracy,4.124350729000071,0.05591159499999776,0.2714285714285714,0.3018575851393189,0.2153846153846154,0.3684210526315789,0.23529411764705882,0.3034055727554179,0.24767812612495127,0.6081170822913546,0.20756792100554375,/opt/tabr1_results/per_cancer/os_5yr/BRCA/repeat_02_fold_02/autogluon/test_predictions.csv,,,
per_cancer,os_5yr,BRCA,2,3,tabpfn_v2,224,56,70,success,0.3064977824687958,validation split balanced accuracy,0.202302237999902,4.985943896999743,0.6142857142857143,0.5850202429149798,0.34146341463414637,0.5384615384615384,0.631578947368421,0.5452091767881242,0.2675263695133566,0.5192652188432326,0.16693053372294087,/opt/tabr1_results/per_cancer/os_5yr/BRCA/repeat_02_fold_03/tabpfn_v2/test_predictions.csv,,,
per_cancer,os_5yr,BRCA,2,3,tabpfn_v2_5,224,56,70,success,0.3371863067150116,validation split balanced accuracy,0.21065216699935263,5.34590242700142,0.6428571428571429,0.5134952766531714,0.24242424242424243,0.3076923076923077,0.7192982456140351,0.524966261808367,0.22543967778712273,0.5308096539738972,0.17172208912673734,/opt/tabr1_results/per_cancer/os_5yr/BRCA/repeat_02_fold_03/tabpfn_v2_5/test_predictions.csv,,,
per_cancer,os_5yr,BRCA,2,3,tabpfn_v2_6,224,56,70,success,0.3833138644695282,validation split balanced accuracy,0.29399100600130623,5.825634019000063,0.7142857142857143,0.6167341430499325,0.375,0.46153846153846156,0.7719298245614035,0.5654520917678812,0.31899492722663136,0.5529859295406033,0.17769964090965296,/opt/tabr1_results/per_cancer/os_5yr/BRCA/repeat_02_fold_03/tabpfn_v2_6/test_predictions.csv,,,
per_cancer,os_5yr,BRCA,2,3,tabpfn_v3,224,56,70,success,0.30068477988243103,validation split balanced accuracy,0.49952023699916026,4.757483718998628,0.44285714285714284,0.45006747638326583,0.23529411764705882,0.46153846153846156,0.43859649122807015,0.4790823211875844,0.20965447366196882,0.532923246943041,0.17189612576592755,/opt/tabr1_results/per_cancer/os_5yr/BRCA/repeat_02_fold_03/tabpfn_v3/test_predictions.csv,,,
per_cancer,os_5yr,BRCA,2,3,tabfm_default,224,56,70,success,0.36056408286094666,validation split balanced accuracy,0.013059323000561562,2.830331228000432,0.7,0.6079622132253711,0.36363636363636365,0.46153846153846156,0.7543859649122807,0.5661268556005398,0.2425552558112647,0.5482363412517731,0.18098573801854576,/opt/tabr1_results/per_cancer/os_5yr/BRCA/repeat_02_fold_03/tabfm_default/test_predictions.csv,,,
per_cancer,os_5yr,BRCA,2,3,autogluon,224,56,70,success,0.3728671371936798,validation split balanced accuracy,4.057845047000228,0.005301197999870055,0.6428571428571429,0.4838056680161943,0.1935483870967742,0.23076923076923078,0.7368421052631579,0.4574898785425101,0.2531280782164431,0.5580525387512894,0.18175562383296567,/opt/tabr1_results/per_cancer/os_5yr/BRCA/repeat_02_fold_03/autogluon/test_predictions.csv,,,
per_cancer,os_5yr,BRCA,2,4,tabpfn_v2,224,56,70,success,0.24530214071273804,validation split balanced accuracy,0.19906982099928427,5.1992826530004095,0.5714285714285714,0.5866666666666667,0.5161290322580645,0.64,0.5333333333333333,0.6346666666666667,0.5537677209375005,0.6752433260325517,0.2391078660646908,/opt/tabr1_results/per_cancer/os_5yr/BRCA/repeat_02_fold_04/tabpfn_v2/test_predictions.csv,,,
per_cancer,os_5yr,BRCA,2,4,tabpfn_v2_5,224,56,70,success,0.2202150970697403,validation split balanced accuracy,0.20504994700058887,5.369763745000455,0.5,0.5577777777777778,0.5205479452054794,0.76,0.35555555555555557,0.5857777777777777,0.42255765308988236,0.6801282335531056,0.24068730595795804,/opt/tabr1_results/per_cancer/os_5yr/BRCA/repeat_02_fold_04/tabpfn_v2_5/test_predictions.csv,,,
per_cancer,os_5yr,BRCA,2,4,tabpfn_v2_6,224,56,70,success,0.9100981950759888,validation split balanced accuracy,0.2865377559992339,5.852632400001312,0.6428571428571429,0.5,0.0,0.0,1.0,0.5786666666666668,0.4006545558170589,0.6980423665584817,0.24740277164743069,/opt/tabr1_results/per_cancer/os_5yr/BRCA/repeat_02_fold_04/tabpfn_v2_6/test_predictions.csv,,,
per_cancer,os_5yr,BRCA,2,4,tabpfn_v3,224,56,70,success,0.2381756454706192,validation split balanced accuracy,0.4849201409997477,4.6420202539993625,0.5285714285714286,0.5622222222222222,0.5074626865671642,0.68,0.4444444444444444,0.5973333333333334,0.4335291926714123,0.6806562038143996,0.24125162157115007,/opt/tabr1_results/per_cancer/os_5yr/BRCA/repeat_02_fold_04/tabpfn_v3/test_predictions.csv,,,
per_cancer,os_5yr,BRCA,2,4,tabfm_default,224,56,70,success,0.25091278553009033,validation split balanced accuracy,0.013241439999546856,2.799029280000468,0.6857142857142857,0.6133333333333333,0.45,0.36,0.8666666666666667,0.6017777777777777,0.4782093067468321,0.6789557755921448,0.24021371945198533,/opt/tabr1_results/per_cancer/os_5yr/BRCA/repeat_02_fold_04/tabfm_default/test_predictions.csv,,,
per_cancer,os_5yr,BRCA,2,4,autogluon,224,56,70,success,0.29288268089294434,validation split balanced accuracy,4.16154763600025,0.00575338100134104,0.7142857142857143,0.68,0.5833333333333334,0.56,0.8,0.664888888888889,0.4886539821809037,0.6476095514678528,0.22548000428014783,/opt/tabr1_results/per_cancer/os_5yr/BRCA/repeat_02_fold_04/autogluon/test_predictions.csv,,,
per_cancer,os_5yr,BRCA,3,0,tabpfn_v2,224,56,70,success,0.26984548568725586,validation split balanced accuracy,0.19809911599986663,4.3749794399991515,0.5142857142857142,0.51,0.37037037037037035,0.5,0.52,0.461,0.2874623220325152,0.6105408462798121,0.20870075993719808,/opt/tabr1_results/per_cancer/os_5yr/BRCA/repeat_03_fold_00/tabpfn_v2/test_predictions.csv,,,
per_cancer,os_5yr,BRCA,3,0,tabpfn_v2_5,224,56,70,success,0.30141204595565796,validation split balanced accuracy,0.2539257210009964,5.193262990000221,0.6571428571428571,0.5800000000000001,0.4,0.4,0.76,0.5670000000000001,0.3988750522881212,0.5931031516719099,0.2014957788235899,/opt/tabr1_results/per_cancer/os_5yr/BRCA/repeat_03_fold_00/tabpfn_v2_5/test_predictions.csv,,,
per_cancer,os_5yr,BRCA,3,0,tabpfn_v2_6,224,56,70,success,0.30967578291893005,validation split balanced accuracy,0.3066008830010105,6.01998768500016,0.6,0.5700000000000001,0.4166666666666667,0.5,0.64,0.526,0.38134150885788637,0.6147721934997198,0.2080309110494743,/opt/tabr1_results/per_cancer/os_5yr/BRCA/repeat_03_fold_00/tabpfn_v2_6/test_predictions.csv,,,
per_cancer,os_5yr,BRCA,3,0,tabpfn_v3,224,56,70,success,0.2520291209220886,validation split balanced accuracy,0.533777127000576,4.662392145999547,0.4714285714285714,0.54,0.4307692307692308,0.7,0.38,0.5539999999999999,0.4071693902787706,0.6000713862411762,0.20324287427765328,/opt/tabr1_results/per_cancer/os_5yr/BRCA/repeat_03_fold_00/tabpfn_v3/test_predictions.csv,,,
per_cancer,os_5yr,BRCA,3,0,tabfm_default,224,56,70,success,0.274437814950943,validation split balanced accuracy,0.012922388999868417,2.9545055760008836,0.6,0.6,0.46153846153846156,0.6,0.6,0.579,0.40645154679266,0.5931435290146942,0.20055662159212875,/opt/tabr1_results/per_cancer/os_5yr/BRCA/repeat_03_fold_00/tabfm_default/test_predictions.csv,,,
per_cancer,os_5yr,BRCA,3,0,autogluon,224,56,70,success,0.46546411514282227,validation split balanced accuracy,3.981992012999399,0.013422466001429711,0.2857142857142857,0.5,0.4444444444444444,1.0,0.0,0.43599999999999994,0.27192953377523255,0.6842886082009628,0.24557461483643764,/opt/tabr1_results/per_cancer/os_5yr/BRCA/repeat_03_fold_00/autogluon/test_predictions.csv,,,
per_cancer,os_5yr,BRCA,3,1,tabpfn_v2,224,56,70,success,0.3208494484424591,validation split balanced accuracy,0.21569748499859998,4.315626546000203,0.6714285714285714,0.5484848484848485,0.30303030303030304,0.3333333333333333,0.7636363636363637,0.6351515151515152,0.3231724581587707,0.5219104244528662,0.16942456328520364,/opt/tabr1_results/per_cancer/os_5yr/BRCA/repeat_03_fold_01/tabpfn_v2/test_predictions.csv,,,
per_cancer,os_5yr,BRCA,3,1,tabpfn_v2_5,224,56,70,success,0.41368046402931213,validation split balanced accuracy,0.2256485009984317,5.207559996999407,0.7571428571428571,0.5303030303030303,0.19047619047619047,0.13333333333333333,0.9272727272727272,0.6606060606060606,0.31503324799784277,0.5102806053912843,0.1657643128843235,/opt/tabr1_results/per_cancer/os_5yr/BRCA/repeat_03_fold_01/tabpfn_v2_5/test_predictions.csv,,,
per_cancer,os_5yr,BRCA,3,1,tabpfn_v2_6,224,56,70,success,0.28101691603660583,validation split balanced accuracy,0.283420859999751,6.073101661000692,0.6571428571428571,0.6121212121212121,0.4,0.5333333333333333,0.6909090909090909,0.6363636363636364,0.31739858642082147,0.5142592446912257,0.1683253887365057,/opt/tabr1_results/per_cancer/os_5yr/BRCA/repeat_03_fold_01/tabpfn_v2_6/test_predictions.csv,,,
per_cancer,os_5yr,BRCA,3,1,tabpfn_v3,224,56,70,success,0.3963581323623657,validation split balanced accuracy,0.5357407249994139,4.633705338999789,0.7571428571428571,0.5060606060606061,0.10526315789473684,0.06666666666666667,0.9454545454545454,0.606060606060606,0.2834638940004098,0.521438396344984,0.16995739417718367,/opt/tabr1_results/per_cancer/os_5yr/BRCA/repeat_03_fold_01/tabpfn_v3/test_predictions.csv,,,
per_cancer,os_5yr,BRCA,3,1,tabfm_default,224,56,70,success,0.40147918462753296,validation split balanced accuracy,0.013042401000348036,2.6927439249993768,0.7285714285714285,0.5363636363636364,0.24,0.2,0.8727272727272727,0.62,0.28494784708841847,0.5271238127191149,0.17381595980180792,/opt/tabr1_results/per_cancer/os_5yr/BRCA/repeat_03_fold_01/tabfm_default/test_predictions.csv,,,
per_cancer,os_5yr,BRCA,3,1,autogluon,224,56,70,success,0.3996228277683258,validation split balanced accuracy,4.07268321400079,0.014421201000004658,0.5285714285714286,0.4575757575757575,0.23255813953488372,0.3333333333333333,0.5818181818181818,0.5066666666666667,0.2933897377475008,0.5936164365301168,0.20132318612029182,/opt/tabr1_results/per_cancer/os_5yr/BRCA/repeat_03_fold_01/autogluon/test_predictions.csv,,,
per_cancer,os_5yr,BRCA,3,2,tabpfn_v2,224,56,70,success,0.26405322551727295,validation split balanced accuracy,0.2007313560006878,4.612554425000781,0.6428571428571429,0.5675300647548567,0.3902439024390244,0.34782608695652173,0.7872340425531915,0.6086956521739131,0.44537916087661195,0.6364847167447554,0.2219135093740244,/opt/tabr1_results/per_cancer/os_5yr/BRCA/repeat_03_fold_02/tabpfn_v2/test_predictions.csv,,,
per_cancer,os_5yr,BRCA,3,2,tabpfn_v2_5,224,56,70,success,0.2075815051794052,validation split balanced accuracy,0.21016641900132527,5.358025953000833,0.5285714285714286,0.6045328399629972,0.5352112676056338,0.8260869565217391,0.3829787234042553,0.6133209990749305,0.45972612064746393,0.6387176408929839,0.2223717076524526,/opt/tabr1_results/per_cancer/os_5yr/BRCA/repeat_03_fold_02/tabpfn_v2_5/test_predictions.csv,,,
per_cancer,os_5yr,BRCA,3,2,tabpfn_v2_6,224,56,70,success,0.2156457006931305,validation split balanced accuracy,0.2937551020004321,5.980087177000314,0.5714285714285714,0.5920444033302498,0.5,0.6521739130434783,0.5319148936170213,0.629972247918594,0.4826422834604196,0.6293320878976643,0.21751974894082093,/opt/tabr1_results/per_cancer/os_5yr/BRCA/repeat_03_fold_02/tabpfn_v2_6/test_predictions.csv,,,
per_cancer,os_5yr,BRCA,3,2,tabpfn_v3,224,56,70,success,0.23648159205913544,validation split balanced accuracy,0.5145205549997627,4.694234095000866,0.5428571428571428,0.515263644773358,0.38461538461538464,0.43478260869565216,0.5957446808510638,0.5846438482886216,0.48880805679838557,0.6384119446500086,0.22189756775114072,/opt/tabr1_results/per_cancer/os_5yr/BRCA/repeat_03_fold_02/tabpfn_v3/test_predictions.csv,,,
per_cancer,os_5yr,BRCA,3,2,tabfm_default,224,56,70,success,0.16837021708488464,validation split balanced accuracy,0.013063408001471544,2.9079335980004544,0.38571428571428573,0.48704902867715083,0.45569620253164556,0.782608695652174,0.19148936170212766,0.6285846438482886,0.5255790571584826,0.6328373020530007,0.2184915823261729,/opt/tabr1_results/per_cancer/os_5yr/BRCA/repeat_03_fold_02/tabfm_default/test_predictions.csv,,,
per_cancer,os_5yr,BRCA,3,2,autogluon,224,56,70,success,0.3521102964878082,validation split balanced accuracy,4.120832040000096,0.0055596740003238665,0.7,0.5656799259944496,0.27586206896551724,0.17391304347826086,0.9574468085106383,0.5383903792784459,0.41879368378156384,0.6665960106776398,0.22963717176672063,/opt/tabr1_results/per_cancer/os_5yr/BRCA/repeat_03_fold_02/autogluon/test_predictions.csv,,,
per_cancer,os_5yr,BRCA,3,3,tabpfn_v2,224,56,70,success,0.2939397096633911,validation split balanced accuracy,0.2203667880003195,4.932592378001573,0.6,0.4744318181818182,0.17647058823529413,0.13636363636363635,0.8125,0.4640151515151515,0.3010195163750797,0.6436998590644184,0.2237484253256514,/opt/tabr1_results/per_cancer/os_5yr/BRCA/repeat_03_fold_03/tabpfn_v2/test_predictions.csv,,,
per_cancer,os_5yr,BRCA,3,3,tabpfn_v2_5,224,56,70,success,0.2669769525527954,validation split balanced accuracy,0.20689431899882038,5.351347028999953,0.5,0.42613636363636365,0.2222222222222222,0.22727272727272727,0.625,0.4564393939393939,0.2954614127070689,0.6636731961745219,0.23095585546776184,/opt/tabr1_results/per_cancer/os_5yr/BRCA/repeat_03_fold_03/tabpfn_v2_5/test_predictions.csv,,,
per_cancer,os_5yr,BRCA,3,3,tabpfn_v2_6,224,56,70,success,0.20993362367153168,validation split balanced accuracy,0.266209377999985,5.800828919998821,0.5857142857142857,0.6117424242424242,0.5084745762711864,0.6818181818181818,0.5416666666666666,0.5397727272727273,0.33008339389122854,0.6596353176065038,0.23075779212679254,/opt/tabr1_results/per_cancer/os_5yr/BRCA/repeat_03_fold_03/tabpfn_v2_6/test_predictions.csv,,,
per_cancer,os_5yr,BRCA,3,3,tabpfn_v3,224,56,70,success,0.27856141328811646,validation split balanced accuracy,0.5148569670000143,4.632499305000238,0.6714285714285714,0.5634469696969697,0.34285714285714286,0.2727272727272727,0.8541666666666666,0.45265151515151514,0.315850122958443,0.654179262405891,0.22751011153037304,/opt/tabr1_results/per_cancer/os_5yr/BRCA/repeat_03_fold_03/tabpfn_v3/test_predictions.csv,,,
per_cancer,os_5yr,BRCA,3,3,tabfm_default,224,56,70,success,0.32537758350372314,validation split balanced accuracy,0.013179616998968413,2.739667134999763,0.6142857142857143,0.49715909090909094,0.22857142857142856,0.18181818181818182,0.8125,0.5364583333333334,0.326690443293585,0.6832412423889663,0.23727575315886915,/opt/tabr1_results/per_cancer/os_5yr/BRCA/repeat_03_fold_03/tabfm_default/test_predictions.csv,,,
per_cancer,os_5yr,BRCA,3,3,autogluon,224,56,70,success,0.6807882785797119,validation split balanced accuracy,4.196081117999711,0.02003181600048265,0.6142857142857143,0.4479166666666667,0.0,0.0,0.8958333333333334,0.40340909090909094,0.27011176582619667,1.1278981886386312,0.32849632245805,/opt/tabr1_results/per_cancer/os_5yr/BRCA/repeat_03_fold_03/autogluon/test_predictions.csv,,,
per_cancer,os_5yr,BRCA,3,4,tabpfn_v2,224,56,70,success,0.2751259207725525,validation split balanced accuracy,0.2210450150014367,4.718913684999279,0.6571428571428571,0.4965986394557823,0.14285714285714285,0.09523809523809523,0.8979591836734694,0.5063168124392614,0.3503735760270152,0.6154099269697827,0.21159028765053925,/opt/tabr1_results/per_cancer/os_5yr/BRCA/repeat_03_fold_04/tabpfn_v2/test_predictions.csv,,,
per_cancer,os_5yr,BRCA,3,4,tabpfn_v2_5,224,56,70,success,0.2789159119129181,validation split balanced accuracy,0.212494069000968,5.27796070399927,0.6,0.4693877551020408,0.17647058823529413,0.14285714285714285,0.7959183673469388,0.5189504373177842,0.3584535347879988,0.6149440928220192,0.21136145786177463,/opt/tabr1_results/per_cancer/os_5yr/BRCA/repeat_03_fold_04/tabpfn_v2_5/test_predictions.csv,,,
per_cancer,os_5yr,BRCA,3,4,tabpfn_v2_6,224,56,70,success,0.2871653735637665,validation split balanced accuracy,0.298289107000528,5.8471771990007255,0.6571428571428571,0.5374149659863946,0.29411764705882354,0.23809523809523808,0.8367346938775511,0.43537414965986393,0.28293508170414805,0.6578130160269166,0.22906471581845247,/opt/tabr1_results/per_cancer/os_5yr/BRCA/repeat_03_fold_04/tabpfn_v2_6/test_predictions.csv,,,
per_cancer,os_5yr,BRCA,3,4,tabpfn_v3,224,56,70,success,0.2475312352180481,validation split balanced accuracy,0.5199436689999857,4.627911342000516,0.42857142857142855,0.5102040816326531,0.42857142857142855,0.7142857142857143,0.30612244897959184,0.46938775510204084,0.289174361862538,0.6552357384082321,0.2271533544448926,/opt/tabr1_results/per_cancer/os_5yr/BRCA/repeat_03_fold_04/tabpfn_v3/test_predictions.csv,,,
per_cancer,os_5yr,BRCA,3,4,tabfm_default,224,56,70,success,0.29928717017173767,validation split balanced accuracy,0.012930830000186688,2.788243248998697,0.5285714285714286,0.5,0.35294117647058826,0.42857142857142855,0.5714285714285714,0.47424684159378033,0.2947860220954778,0.6995183523819016,0.24112744072736209,/opt/tabr1_results/per_cancer/os_5yr/BRCA/repeat_03_fold_04/tabfm_default/test_predictions.csv,,,
per_cancer,os_5yr,BRCA,3,4,autogluon,224,56,70,success,0.30546483397483826,validation split balanced accuracy,4.018600675999551,0.016907483999602846,0.5857142857142857,0.4591836734693877,0.17142857142857143,0.14285714285714285,0.7755102040816326,0.4494655004859086,0.2903537252221463,0.6174997595414404,0.21268804800752658,/opt/tabr1_results/per_cancer/os_5yr/BRCA/repeat_03_fold_04/autogluon/test_predictions.csv,,,
per_cancer,os_5yr,BRCA,4,0,tabpfn_v2,224,56,70,success,0.23379656672477722,validation split balanced accuracy,0.21594428899879858,4.320628271001624,0.44285714285714284,0.4387755102040816,0.3157894736842105,0.42857142857142855,0.4489795918367347,0.3663751214771623,0.2562105821311712,0.6678155796100665,0.23075535040878883,/opt/tabr1_results/per_cancer/os_5yr/BRCA/repeat_04_fold_00/tabpfn_v2/test_predictions.csv,,,
per_cancer,os_5yr,BRCA,4,0,tabpfn_v2_5,224,56,70,success,0.21712985634803772,validation split balanced accuracy,0.22607974899983674,5.2095069179995335,0.44285714285714284,0.45238095238095233,0.3389830508474576,0.47619047619047616,0.42857142857142855,0.3848396501457726,0.2671266653349944,0.679887017665468,0.23523472774225682,/opt/tabr1_results/per_cancer/os_5yr/BRCA/repeat_04_fold_00/tabpfn_v2_5/test_predictions.csv,,,
per_cancer,os_5yr,BRCA,4,0,tabpfn_v2_6,224,56,70,success,0.21610353887081146,validation split balanced accuracy,0.3087241150005866,5.800327725999523,0.4142857142857143,0.41836734693877553,0.3050847457627119,0.42857142857142855,0.40816326530612246,0.4334305150631681,0.3141762949017043,0.6873374578641742,0.23326125303496084,/opt/tabr1_results/per_cancer/os_5yr/BRCA/repeat_04_fold_00/tabpfn_v2_6/test_predictions.csv,,,
per_cancer,os_5yr,BRCA,4,0,tabpfn_v3,224,56,70,success,0.22160625457763672,validation split balanced accuracy,0.48357052499886777,4.735142761999668,0.42857142857142855,0.4557823129251701,0.3548387096774194,0.5238095238095238,0.3877551020408163,0.391642371234208,0.29789232195878185,0.6760363293388468,0.2327930365311327,/opt/tabr1_results/per_cancer/os_5yr/BRCA/repeat_04_fold_00/tabpfn_v3/test_predictions.csv,,,
per_cancer,os_5yr,BRCA,4,0,tabfm_default,224,56,70,success,0.1612028330564499,validation split balanced accuracy,0.012955954000062775,2.723196626000572,0.35714285714285715,0.48639455782312924,0.43037974683544306,0.8095238095238095,0.16326530612244897,0.4757045675413023,0.31265187428808966,0.6688838781027501,0.22980267718680492,/opt/tabr1_results/per_cancer/os_5yr/BRCA/repeat_04_fold_00/tabfm_default/test_predictions.csv,,,
per_cancer,os_5yr,BRCA,4,0,autogluon,224,56,70,success,0.26336365938186646,validation split balanced accuracy,4.062867086000551,0.008774494001045241,0.5,0.4659863945578231,0.3137254901960784,0.38095238095238093,0.5510204081632653,0.5374149659863945,0.3573626626884087,0.6545214061203161,0.2263974937158398,/opt/tabr1_results/per_cancer/os_5yr/BRCA/repeat_04_fold_00/autogluon/test_predictions.csv,,,
per_cancer,os_5yr,BRCA,4,1,tabpfn_v2,224,56,70,success,0.26245033740997314,validation split balanced accuracy,0.2147804680007539,4.154098908000378,0.5857142857142857,0.5804810360777057,0.4727272727272727,0.5652173913043478,0.5957446808510638,0.5957446808510638,0.42788889226490057,0.6384264562914612,0.2227976175809504,/opt/tabr1_results/per_cancer/os_5yr/BRCA/repeat_04_fold_01/tabpfn_v2/test_predictions.csv,,,
per_cancer,os_5yr,BRCA,4,1,tabpfn_v2_5,224,56,70,success,0.23775191605091095,validation split balanced accuracy,0.2540281359997607,5.361000121998586,0.4714285714285714,0.5508788159111934,0.4931506849315068,0.782608695652174,0.3191489361702128,0.5911193339500462,0.46385340623537885,0.6327449970101742,0.22037916410025962,/opt/tabr1_results/per_cancer/os_5yr/BRCA/repeat_04_fold_01/tabpfn_v2_5/test_predictions.csv,,,
per_cancer,os_5yr,BRCA,4,1,tabpfn_v2_6,224,56,70,success,0.28847187757492065,validation split balanced accuracy,0.3079770189997362,5.920031665998977,0.6,0.513413506012951,0.3,0.2608695652173913,0.7659574468085106,0.5467160037002775,0.4293311219565218,0.63671513523359,0.2216518911868532,/opt/tabr1_results/per_cancer/os_5yr/BRCA/repeat_04_fold_01/tabpfn_v2_6/test_predictions.csv,,,
per_cancer,os_5yr,BRCA,4,1,tabpfn_v3,224,56,70,success,0.29962971806526184,validation split balanced accuracy,0.5353890000005777,4.6792237750014465,0.6571428571428571,0.5337650323774283,0.25,0.17391304347826086,0.8936170212765957,0.6086956521739131,0.4529600304052195,0.6317584038184954,0.2200678619648972,/opt/tabr1_results/per_cancer/os_5yr/BRCA/repeat_04_fold_01/tabpfn_v3/test_predictions.csv,,,
per_cancer,os_5yr,BRCA,4,1,tabfm_default,224,56,70,success,0.26418954133987427,validation split balanced accuracy,0.012943263000124716,2.7672129560014582,0.5714285714285714,0.5587419056429233,0.4444444444444444,0.5217391304347826,0.5957446808510638,0.5753931544865865,0.4662732350911507,0.6343858729678787,0.2201427825068093,/opt/tabr1_results/per_cancer/os_5yr/BRCA/repeat_04_fold_01/tabfm_default/test_predictions.csv,,,
per_cancer,os_5yr,BRCA,4,1,autogluon,224,56,70,success,0.5,validation split balanced accuracy,3.9429721220003557,0.013470817999404971,0.6142857142857143,0.47964847363552265,0.12903225806451613,0.08695652173913043,0.8723404255319149,0.4653098982423681,0.3066810241412127,0.6861730508480935,0.2465158056562354,/opt/tabr1_results/per_cancer/os_5yr/BRCA/repeat_04_fold_01/autogluon/test_predictions.csv,,,
per_cancer,os_5yr,BRCA,4,2,tabpfn_v2,224,56,70,success,0.34818530082702637,validation split balanced accuracy,0.20067410000046948,4.689607238999088,0.7428571428571429,0.5105438401775805,0.1,0.058823529411764705,0.9622641509433962,0.7136514983351832,0.39220353706512456,0.5558485739874196,0.18459094039711707,/opt/tabr1_results/per_cancer/os_5yr/BRCA/repeat_04_fold_02/tabpfn_v2/test_predictions.csv,,,
per_cancer,os_5yr,BRCA,4,2,tabpfn_v2_5,224,56,70,success,0.42398974299430847,validation split balanced accuracy,0.23380223200001637,5.345362469000975,0.7285714285714285,0.4811320754716981,0.0,0.0,0.9622641509433962,0.6947835738068812,0.3838835055553322,0.5486375073282453,0.18189743265763428,/opt/tabr1_results/per_cancer/os_5yr/BRCA/repeat_04_fold_02/tabpfn_v2_5/test_predictions.csv,,,
per_cancer,os_5yr,BRCA,4,2,tabpfn_v2_6,224,56,70,success,0.21707502007484436,validation split balanced accuracy,0.29088285800025915,5.969382070999927,0.2714285714285714,0.45893451720310763,0.35443037974683544,0.8235294117647058,0.09433962264150944,0.5527192008879024,0.34346957173784476,0.5680687812486019,0.18940623294652884,/opt/tabr1_results/per_cancer/os_5yr/BRCA/repeat_04_fold_02/tabpfn_v2_6/test_predictions.csv,,,
per_cancer,os_5yr,BRCA,4,2,tabpfn_v3,224,56,70,success,0.4518398344516754,validation split balanced accuracy,0.5121596449989738,4.788258827999016,0.7285714285714285,0.4811320754716981,0.0,0.0,0.9622641509433962,0.5504994450610432,0.3078656202592762,0.5628841346747457,0.1879701675010135,/opt/tabr1_results/per_cancer/os_5yr/BRCA/repeat_04_fold_02/tabpfn_v3/test_predictions.csv,,,
per_cancer,os_5yr,BRCA,4,2,tabfm_default,224,56,70,success,0.42674627900123596,validation split balanced accuracy,0.013128152000717819,2.7496908139983134,0.7,0.5022197558268591,0.16,0.11764705882352941,0.8867924528301887,0.6381798002219756,0.3364396865813113,0.5479736813891846,0.1829546561124829,/opt/tabr1_results/per_cancer/os_5yr/BRCA/repeat_04_fold_02/tabfm_default/test_predictions.csv,,,
per_cancer,os_5yr,BRCA,4,2,autogluon,224,56,70,success,0.22837191820144653,validation split balanced accuracy,4.03555537200009,0.00517962300000363,0.37142857142857144,0.5049944506104328,0.37142857142857144,0.7647058823529411,0.24528301886792453,0.5338512763596004,0.3673579678500635,0.5684187507692808,0.18921032671781712,/opt/tabr1_results/per_cancer/os_5yr/BRCA/repeat_04_fold_02/autogluon/test_predictions.csv,,,
per_cancer,os_5yr,BRCA,4,3,tabpfn_v2,224,56,70,success,0.29761430621147156,validation split balanced accuracy,0.21772701000008965,4.635530679999647,0.6428571428571429,0.4411764705882353,0.0,0.0,0.8823529411764706,0.4974200206398348,0.262196559916719,0.5935568202636927,0.2019636857036004,/opt/tabr1_results/per_cancer/os_5yr/BRCA/repeat_04_fold_03/tabpfn_v2/test_predictions.csv,,,
per_cancer,os_5yr,BRCA,4,3,tabpfn_v2_5,224,56,70,success,0.3218243718147278,validation split balanced accuracy,0.2078357270002016,5.182589494001149,0.6714285714285714,0.477296181630547,0.08,0.05263157894736842,0.9019607843137255,0.5242518059855521,0.3042958257853889,0.5930750511692028,0.2018676382631386,/opt/tabr1_results/per_cancer/os_5yr/BRCA/repeat_04_fold_03/tabpfn_v2_5/test_predictions.csv,,,
per_cancer,os_5yr,BRCA,4,3,tabpfn_v2_6,224,56,70,success,0.4740017056465149,validation split balanced accuracy,0.28793301199948473,5.875685357001203,0.6714285714285714,0.46078431372549017,0.0,0.0,0.9215686274509803,0.6160990712074303,0.3461601243955109,0.5840089250042695,0.20064436993158274,/opt/tabr1_results/per_cancer/os_5yr/BRCA/repeat_04_fold_03/tabpfn_v2_6/test_predictions.csv,,,
per_cancer,os_5yr,BRCA,4,3,tabpfn_v3,224,56,70,success,0.3829476535320282,validation split balanced accuracy,0.5106824369995593,4.6492872620001435,0.6714285714285714,0.46078431372549017,0.0,0.0,0.9215686274509803,0.5510835913312693,0.29977235448889206,0.6133651239632725,0.21003944777839834,/opt/tabr1_results/per_cancer/os_5yr/BRCA/repeat_04_fold_03/tabpfn_v3/test_predictions.csv,,,
per_cancer,os_5yr,BRCA,4,3,tabfm_default,224,56,70,success,0.2849296033382416,validation split balanced accuracy,0.012936451001223759,2.747828359999403,0.6571428571428571,0.6160990712074303,0.45454545454545453,0.5263157894736842,0.7058823529411765,0.6068111455108359,0.3487487655079688,0.5923034797381102,0.20270267671757047,/opt/tabr1_results/per_cancer/os_5yr/BRCA/repeat_04_fold_03/tabfm_default/test_predictions.csv,,,
per_cancer,os_5yr,BRCA,4,3,autogluon,224,56,70,success,0.2504238188266754,validation split balanced accuracy,4.2395351649993245,0.005180979000215302,0.37142857142857144,0.5025799793601651,0.40540540540540543,0.7894736842105263,0.21568627450980393,0.4881320949432405,0.26912056201377066,0.6087629642926534,0.20852140151288318,/opt/tabr1_results/per_cancer/os_5yr/BRCA/repeat_04_fold_03/autogluon/test_predictions.csv,,,
per_cancer,os_5yr,BRCA,4,4,tabpfn_v2,224,56,70,success,0.30610278248786926,validation split balanced accuracy,0.22432389700043132,4.703595281998787,0.7,0.608843537414966,0.43243243243243246,0.38095238095238093,0.8367346938775511,0.5913508260447036,0.49704512111228205,0.6008978929849799,0.20515856081215972,/opt/tabr1_results/per_cancer/os_5yr/BRCA/repeat_04_fold_04/tabpfn_v2/test_predictions.csv,,,
per_cancer,os_5yr,BRCA,4,4,tabpfn_v2_5,224,56,70,success,0.48141777515411377,validation split balanced accuracy,0.24028661800002737,5.352059434999319,0.7142857142857143,0.5238095238095238,0.09090909090909091,0.047619047619047616,1.0,0.564139941690962,0.47076057446029884,0.5994312793183346,0.2030912584213076,/opt/tabr1_results/per_cancer/os_5yr/BRCA/repeat_04_fold_04/tabpfn_v2_5/test_predictions.csv,,,
per_cancer,os_5yr,BRCA,4,4,tabpfn_v2_6,224,56,70,success,0.16301506757736206,validation split balanced accuracy,0.29658942999958526,5.976000095000927,0.35714285714285715,0.48639455782312924,0.43037974683544306,0.8095238095238095,0.16326530612244897,0.6243926141885325,0.5086195995202734,0.5926209941636941,0.1994548287967102,/opt/tabr1_results/per_cancer/os_5yr/BRCA/repeat_04_fold_04/tabpfn_v2_6/test_predictions.csv,,,
per_cancer,os_5yr,BRCA,4,4,tabpfn_v3,224,56,70,success,0.9881781935691833,validation split balanced accuracy,0.5186998469998798,4.68237434600087,0.7,0.5,0.0,0.0,1.0,0.5573372206025268,0.4583719368716987,0.6039098925935613,0.20584252541132594,/opt/tabr1_results/per_cancer/os_5yr/BRCA/repeat_04_fold_04/tabpfn_v3/test_predictions.csv,,,
per_cancer,os_5yr,BRCA,4,4,tabfm_default,224,56,70,success,0.314050555229187,validation split balanced accuracy,0.013375706999795511,2.774904158000936,0.6571428571428571,0.5782312925170068,0.4,0.38095238095238093,0.7755102040816326,0.511175898931001,0.43340851313665724,0.686564110034896,0.2230727379531135,/opt/tabr1_results/per_cancer/os_5yr/BRCA/repeat_04_fold_04/tabfm_default/test_predictions.csv,,,
per_cancer,os_5yr,BRCA,4,4,autogluon,224,56,70,success,0.5699999928474426,validation split balanced accuracy,4.016653089000101,0.10273203100041428,0.7,0.5,0.0,0.0,1.0,0.533041788143829,0.41144406575544334,0.6260578460873188,0.21337158787363109,/opt/tabr1_results/per_cancer/os_5yr/BRCA/repeat_04_fold_04/autogluon/test_predictions.csv,,,
per_cancer,os_5yr,HNSCC,0,0,tabpfn_v2,182,46,58,success,0.8569263219833374,validation split balanced accuracy,0.1989745020000555,3.893823295000402,0.39655172413793105,0.5232108317214701,0.46153846153846156,0.3191489361702128,0.7272727272727273,0.5822050290135397,0.865345539018816,0.5099616614421788,0.16260174716801587,/opt/tabr1_results/per_cancer/os_5yr/HNSCC/repeat_00_fold_00/tabpfn_v2/test_predictions.csv,,,
per_cancer,os_5yr,HNSCC,0,0,tabpfn_v2_5,182,46,58,success,0.8080080151557922,validation split balanced accuracy,0.23420024199913314,4.696373722001226,0.6551724137931034,0.5087040618955512,0.7777777777777778,0.7446808510638298,0.2727272727272727,0.5783365570599613,0.8694506280301991,0.49559145215780503,0.1596067727454846,/opt/tabr1_results/per_cancer/os_5yr/HNSCC/repeat_00_fold_00/tabpfn_v2_5/test_predictions.csv,,,
per_cancer,os_5yr,HNSCC,0,0,tabpfn_v2_6,182,46,58,success,0.8800610303878784,validation split balanced accuracy,0.29091267799958587,5.285900827999285,0.3793103448275862,0.5822050290135397,0.4,0.2553191489361702,0.9090909090909091,0.6063829787234043,0.8822625514436518,0.4871520867592491,0.15961962202371133,/opt/tabr1_results/per_cancer/os_5yr/HNSCC/repeat_00_fold_00/tabpfn_v2_6/test_predictions.csv,,,
per_cancer,os_5yr,HNSCC,0,0,tabpfn_v3,182,46,58,success,0.8300002813339233,validation split balanced accuracy,0.5180027140013408,4.330665681000028,0.6206896551724138,0.5570599613152805,0.7380952380952381,0.6595744680851063,0.45454545454545453,0.5589941972920696,0.857793271035302,0.4883131876247044,0.15842686610353768,/opt/tabr1_results/per_cancer/os_5yr/HNSCC/repeat_00_fold_00/tabpfn_v3/test_predictions.csv,,,
per_cancer,os_5yr,HNSCC,0,0,tabfm_default,182,46,58,success,0.8112776875495911,validation split balanced accuracy,0.012746464999509044,2.7193475469994155,0.7241379310344828,0.586073500967118,0.8260869565217391,0.8085106382978723,0.36363636363636365,0.6025145067698259,0.8684181816595842,0.49547465582118255,0.15739809105164565,/opt/tabr1_results/per_cancer/os_5yr/HNSCC/repeat_00_fold_00/tabfm_default/test_predictions.csv,,,
per_cancer,os_5yr,HNSCC,0,0,autogluon,182,46,58,success,0.972185492515564,validation split balanced accuracy,4.163861015000293,0.011831247998998151,0.3620689655172414,0.6063829787234043,0.3508771929824561,0.2127659574468085,1.0,0.6634429400386846,0.9102679988152356,0.5052679319478096,0.15750066221070377,/opt/tabr1_results/per_cancer/os_5yr/HNSCC/repeat_00_fold_00/autogluon/test_predictions.csv,,,
per_cancer,os_5yr,HNSCC,0,1,tabpfn_v2,183,46,57,success,0.9904829263687134,validation split balanced accuracy,0.19462473500061606,4.472884611999689,0.3157894736842105,0.5760869565217391,0.2641509433962264,0.15217391304347827,1.0,0.6106719367588933,0.88203345780749,0.4746179043183034,0.15348296082645985,/opt/tabr1_results/per_cancer/os_5yr/HNSCC/repeat_00_fold_01/tabpfn_v2/test_predictions.csv,,,
per_cancer,os_5yr,HNSCC,0,1,tabpfn_v2_5,183,46,57,success,0.937938928604126,validation split balanced accuracy,0.22921094999946945,4.781612790999134,0.3157894736842105,0.5760869565217391,0.2641509433962264,0.15217391304347827,1.0,0.5988142292490118,0.8824669668579816,0.483572475226047,0.15549396455497885,/opt/tabr1_results/per_cancer/os_5yr/HNSCC/repeat_00_fold_01/tabpfn_v2_5/test_predictions.csv,,,
per_cancer,os_5yr,HNSCC,0,1,tabpfn_v2_6,183,46,57,success,0.9106671810150146,validation split balanced accuracy,0.28781283300122595,5.015145423998547,0.3157894736842105,0.5760869565217391,0.2641509433962264,0.15217391304347827,1.0,0.6324110671936758,0.8953307339723026,0.4700234807920432,0.15296225792540577,/opt/tabr1_results/per_cancer/os_5yr/HNSCC/repeat_00_fold_01/tabpfn_v2_6/test_predictions.csv,,,
per_cancer,os_5yr,HNSCC,0,1,tabpfn_v3,183,46,57,success,0.9999614357948303,validation split balanced accuracy,0.5140611000006174,4.400642120001066,0.3157894736842105,0.5760869565217391,0.2641509433962264,0.15217391304347827,1.0,0.5830039525691699,0.8795021670608454,0.4709113789826322,0.1532458395813833,/opt/tabr1_results/per_cancer/os_5yr/HNSCC/repeat_00_fold_01/tabpfn_v3/test_predictions.csv,,,
per_cancer,os_5yr,HNSCC,0,1,tabfm_default,183,46,57,success,0.9241418242454529,validation split balanced accuracy,0.012786047000190592,2.83070617300109,0.3157894736842105,0.5760869565217391,0.2641509433962264,0.15217391304347827,1.0,0.6007905138339921,0.8766872579619912,0.4677966086548129,0.1506369925168937,/opt/tabr1_results/per_cancer/os_5yr/HNSCC/repeat_00_fold_01/tabfm_default/test_predictions.csv,,,
per_cancer,os_5yr,HNSCC,0,1,autogluon,183,46,57,success,0.5152000188827515,validation split balanced accuracy,3.9083379019994027,0.010569534999376629,0.6666666666666666,0.516798418972332,0.7865168539325843,0.7608695652173914,0.2727272727272727,0.48320158102766797,0.79534354353068,0.6757005619753296,0.2412806005823678,/opt/tabr1_results/per_cancer/os_5yr/HNSCC/repeat_00_fold_01/autogluon/test_predictions.csv,,,
per_cancer,os_5yr,HNSCC,0,2,tabpfn_v2,183,46,57,success,0.7519931793212891,validation split balanced accuracy,0.1845450089986116,4.155311870999867,0.7719298245614035,0.5014285714285714,0.8686868686868687,0.86,0.14285714285714285,0.46285714285714286,0.8920801923175546,0.38021042110767816,0.11395706303815495,/opt/tabr1_results/per_cancer/os_5yr/HNSCC/repeat_00_fold_02/tabpfn_v2/test_predictions.csv,,,
per_cancer,os_5yr,HNSCC,0,2,tabpfn_v2_5,183,46,57,success,0.7578406929969788,validation split balanced accuracy,0.23710667800150986,4.819754775999172,0.631578947368421,0.36,0.7741935483870968,0.72,0.0,0.39714285714285713,0.8748109215289114,0.38536461281133616,0.11523307737343595,/opt/tabr1_results/per_cancer/os_5yr/HNSCC/repeat_00_fold_02/tabpfn_v2_5/test_predictions.csv,,,
per_cancer,os_5yr,HNSCC,0,2,tabpfn_v2_6,183,46,57,success,0.7447622418403625,validation split balanced accuracy,0.26226343199959956,5.029766876001304,0.7543859649122807,0.6142857142857143,0.851063829787234,0.8,0.42857142857142855,0.5114285714285715,0.8996692135858961,0.38362325683854215,0.1150867889357754,/opt/tabr1_results/per_cancer/os_5yr/HNSCC/repeat_00_fold_02/tabpfn_v2_6/test_predictions.csv,,,
per_cancer,os_5yr,HNSCC,0,2,tabpfn_v3,183,46,57,success,0.756080687046051,validation split balanced accuracy,0.5190206919996854,4.345321042999785,0.7017543859649122,0.4614285714285714,0.8210526315789474,0.78,0.14285714285714285,0.5342857142857143,0.9095418485031719,0.38185360489201925,0.1146646980029682,/opt/tabr1_results/per_cancer/os_5yr/HNSCC/repeat_00_fold_02/tabpfn_v3/test_predictions.csv,,,
per_cancer,os_5yr,HNSCC,0,2,tabfm_default,183,46,57,success,0.7555568218231201,validation split balanced accuracy,0.012923491000037757,2.653670866000539,0.6140350877192983,0.4114285714285715,0.7555555555555555,0.68,0.14285714285714285,0.48142857142857143,0.8924096650015888,0.39414252743412925,0.11892221796161943,/opt/tabr1_results/per_cancer/os_5yr/HNSCC/repeat_00_fold_02/tabfm_default/test_predictions.csv,,,
per_cancer,os_5yr,HNSCC,0,2,autogluon,183,46,57,success,0.8011347055435181,validation split balanced accuracy,3.987878837999233,0.005502158999661333,0.49122807017543857,0.4642857142857143,0.6329113924050633,0.5,0.42857142857142855,0.5,0.9006405404191141,0.42274565935730113,0.13108234886794504,/opt/tabr1_results/per_cancer/os_5yr/HNSCC/repeat_00_fold_02/autogluon/test_predictions.csv,,,
per_cancer,os_5yr,HNSCC,0,3,tabpfn_v2,183,46,57,success,0.8835644721984863,validation split balanced accuracy,0.17258749099892157,4.427320132001114,0.38596491228070173,0.6111111111111112,0.36363636363636365,0.2222222222222222,1.0,0.5592592592592593,0.8672032825028574,0.5002997043729159,0.1642409322465594,/opt/tabr1_results/per_cancer/os_5yr/HNSCC/repeat_00_fold_03/tabpfn_v2/test_predictions.csv,,,
per_cancer,os_5yr,HNSCC,0,3,tabpfn_v2_5,183,46,57,success,0.9005822539329529,validation split balanced accuracy,0.1965393860009499,4.739945311999691,0.42105263157894735,0.6333333333333333,0.42105263157894735,0.26666666666666666,1.0,0.5796296296296296,0.8693449624900518,0.50049987217289,0.1633592533132124,/opt/tabr1_results/per_cancer/os_5yr/HNSCC/repeat_00_fold_03/tabpfn_v2_5/test_predictions.csv,,,
per_cancer,os_5yr,HNSCC,0,3,tabpfn_v2_6,183,46,57,success,0.8606187105178833,validation split balanced accuracy,0.2797297049983172,4.823336851000931,0.40350877192982454,0.46944444444444444,0.48484848484848486,0.35555555555555557,0.5833333333333334,0.538888888888889,0.852028254065763,0.5187263460948683,0.1685535017820286,/opt/tabr1_results/per_cancer/os_5yr/HNSCC/repeat_00_fold_03/tabpfn_v2_6/test_predictions.csv,,,
per_cancer,os_5yr,HNSCC,0,3,tabpfn_v3,183,46,57,success,0.877309262752533,validation split balanced accuracy,0.5057684379989951,4.325576200000796,0.3684210526315789,0.6,0.3333333333333333,0.2,1.0,0.6018518518518519,0.8745235363945206,0.4887403612878174,0.1611399037074917,/opt/tabr1_results/per_cancer/os_5yr/HNSCC/repeat_00_fold_03/tabpfn_v3/test_predictions.csv,,,
per_cancer,os_5yr,HNSCC,0,3,tabfm_default,183,46,57,success,0.9983226656913757,validation split balanced accuracy,0.012808041001335368,2.723299921999569,0.21052631578947367,0.5,0.0,0.0,1.0,0.5925925925925927,0.8694660417915235,0.5009668357126298,0.16529551424957345,/opt/tabr1_results/per_cancer/os_5yr/HNSCC/repeat_00_fold_03/tabfm_default/test_predictions.csv,,,
per_cancer,os_5yr,HNSCC,0,3,autogluon,183,46,57,success,0.8114849328994751,validation split balanced accuracy,3.813154735998978,0.01621960800002853,0.5789473684210527,0.36666666666666664,0.7333333333333333,0.7333333333333333,0.0,0.46574074074074073,0.7973325594062528,0.5263837614705698,0.16997118899683814,/opt/tabr1_results/per_cancer/os_5yr/HNSCC/repeat_00_fold_03/autogluon/test_predictions.csv,,,
per_cancer,os_5yr,HNSCC,0,4,tabpfn_v2,183,46,57,success,0.8574303388595581,validation split balanced accuracy,0.19756014899940055,4.10745983599918,0.40350877192982454,0.5052447552447552,0.45161290322580644,0.3181818181818182,0.6923076923076923,0.5611888111888111,0.826468935422229,0.5345553211251312,0.17570981278024483,/opt/tabr1_results/per_cancer/os_5yr/HNSCC/repeat_00_fold_04/tabpfn_v2/test_predictions.csv,,,
per_cancer,os_5yr,HNSCC,0,4,tabpfn_v2_5,183,46,57,success,0.8348276615142822,validation split balanced accuracy,0.2085068720007257,4.748133985000095,0.543859649122807,0.5148601398601399,0.6578947368421053,0.5681818181818182,0.46153846153846156,0.520979020979021,0.821318906755378,0.5421442704510585,0.1777432962106529,/opt/tabr1_results/per_cancer/os_5yr/HNSCC/repeat_00_fold_04/tabpfn_v2_5/test_predictions.csv,,,
per_cancer,os_5yr,HNSCC,0,4,tabpfn_v2_6,183,46,57,success,0.8780128955841064,validation split balanced accuracy,0.29028419000133,4.990768387000571,0.38596491228070173,0.6022727272727273,0.33962264150943394,0.20454545454545456,1.0,0.513986013986014,0.8133748607116259,0.5356809929070558,0.17745557585456595,/opt/tabr1_results/per_cancer/os_5yr/HNSCC/repeat_00_fold_04/tabpfn_v2_6/test_predictions.csv,,,
per_cancer,os_5yr,HNSCC,0,4,tabpfn_v3,183,46,57,success,0.8463608622550964,validation split balanced accuracy,0.5145507230008661,4.287247561998811,0.47368421052631576,0.5777972027972028,0.53125,0.38636363636363635,0.7692307692307693,0.6171328671328671,0.8591481034133333,0.5175911090550325,0.17273678286227112,/opt/tabr1_results/per_cancer/os_5yr/HNSCC/repeat_00_fold_04/tabpfn_v3/test_predictions.csv,,,
per_cancer,os_5yr,HNSCC,0,4,tabfm_default,183,46,57,success,0.8670358061790466,validation split balanced accuracy,0.0126905720007926,2.706657565999194,0.5789473684210527,0.5917832167832169,0.6756756756756757,0.5681818181818182,0.6153846153846154,0.6520979020979021,0.8798589822639068,0.5114275207359581,0.16763856644063774,/opt/tabr1_results/per_cancer/os_5yr/HNSCC/repeat_00_fold_04/tabfm_default/test_predictions.csv,,,
per_cancer,os_5yr,HNSCC,0,4,autogluon,183,46,57,success,0.8194830417633057,validation split balanced accuracy,3.88629390099959,0.016056487998866942,0.7192982456140351,0.6284965034965035,0.813953488372093,0.7954545454545454,0.46153846153846156,0.625,0.8234821165084323,0.535521631978839,0.17574254715711907,/opt/tabr1_results/per_cancer/os_5yr/HNSCC/repeat_00_fold_04/autogluon/test_predictions.csv,,,
per_cancer,os_5yr,HNSCC,1,0,tabpfn_v2,183,46,57,success,0.8664816617965698,validation split balanced accuracy,0.18989234600121563,4.369604223000351,0.43859649122807015,0.5830039525691699,0.5,0.34782608695652173,0.8181818181818182,0.6126482213438735,0.866971823510562,0.4656854799585026,0.14849132094558676,/opt/tabr1_results/per_cancer/os_5yr/HNSCC/repeat_01_fold_00/tabpfn_v2/test_predictions.csv,,,
per_cancer,os_5yr,HNSCC,1,0,tabpfn_v2_5,183,46,57,success,0.873775064945221,validation split balanced accuracy,0.1955916930000967,4.683810667000216,0.3333333333333333,0.5177865612648221,0.3448275862068966,0.21739130434782608,0.8181818181818182,0.6225296442687747,0.8728269214792652,0.47872399012524275,0.1518475240008704,/opt/tabr1_results/per_cancer/os_5yr/HNSCC/repeat_01_fold_00/tabpfn_v2_5/test_predictions.csv,,,
per_cancer,os_5yr,HNSCC,1,0,tabpfn_v2_6,183,46,57,success,0.8571180105209351,validation split balanced accuracy,0.2838693220001005,4.806744262999928,0.3333333333333333,0.5177865612648221,0.3448275862068966,0.21739130434782608,0.8181818181818182,0.5810276679841897,0.8589959032175264,0.4654138657187283,0.15045096228039748,/opt/tabr1_results/per_cancer/os_5yr/HNSCC/repeat_01_fold_00/tabpfn_v2_6/test_predictions.csv,,,
per_cancer,os_5yr,HNSCC,1,0,tabpfn_v3,183,46,57,success,0.8491165637969971,validation split balanced accuracy,0.5066177749995404,4.347261700999297,0.3508771929824561,0.4940711462450593,0.39344262295081966,0.2608695652173913,0.7272727272727273,0.658102766798419,0.8743994914557196,0.45524112433219943,0.14782838622730055,/opt/tabr1_results/per_cancer/os_5yr/HNSCC/repeat_01_fold_00/tabpfn_v3/test_predictions.csv,,,
per_cancer,os_5yr,HNSCC,1,0,tabfm_default,183,46,57,success,0.8767282962799072,validation split balanced accuracy,0.01280607599983341,2.7668372840016673,0.42105263157894735,0.5721343873517787,0.47619047619047616,0.32608695652173914,0.8181818181818182,0.6531620553359684,0.8823383718016189,0.458523206963476,0.14697227588065767,/opt/tabr1_results/per_cancer/os_5yr/HNSCC/repeat_01_fold_00/tabfm_default/test_predictions.csv,,,
per_cancer,os_5yr,HNSCC,1,0,autogluon,183,46,57,success,0.6282660961151123,validation split balanced accuracy,3.8581799189996673,0.010240091000014218,0.3157894736842105,0.5760869565217391,0.2641509433962264,0.15217391304347827,1.0,0.6007905138339921,0.8930419514554276,0.6016379508435405,0.2048790883686793,/opt/tabr1_results/per_cancer/os_5yr/HNSCC/repeat_01_fold_00/autogluon/test_predictions.csv,,,
per_cancer,os_5yr,HNSCC,1,1,tabpfn_v2,183,46,57,success,0.8703510761260986,validation split balanced accuracy,0.19644568000148865,4.557536391999747,0.2982456140350877,0.574468085106383,0.25925925925925924,0.14893617021276595,1.0,0.4510638297872341,0.8603886883949041,0.4735587999217625,0.1510450595329239,/opt/tabr1_results/per_cancer/os_5yr/HNSCC/repeat_01_fold_01/tabpfn_v2/test_predictions.csv,,,
per_cancer,os_5yr,HNSCC,1,1,tabpfn_v2_5,183,46,57,success,0.9255924820899963,validation split balanced accuracy,0.2010260989991366,4.614565953999772,0.2982456140350877,0.574468085106383,0.25925925925925924,0.14893617021276595,1.0,0.49148936170212765,0.8607378988539851,0.48450336350776224,0.15233174877529795,/opt/tabr1_results/per_cancer/os_5yr/HNSCC/repeat_01_fold_01/tabpfn_v2_5/test_predictions.csv,,,
per_cancer,os_5yr,HNSCC,1,1,tabpfn_v2_6,183,46,57,success,0.768212080001831,validation split balanced accuracy,0.28597558200090134,4.94643093799823,0.6491228070175439,0.39361702127659576,0.7872340425531915,0.7872340425531915,0.0,0.44893617021276594,0.8485695504873764,0.4715551383403802,0.15277834061065382,/opt/tabr1_results/per_cancer/os_5yr/HNSCC/repeat_01_fold_01/tabpfn_v2_6/test_predictions.csv,,,
per_cancer,os_5yr,HNSCC,1,1,tabpfn_v3,183,46,57,success,0.7985634207725525,validation split balanced accuracy,0.5139276859990787,4.2884687450005,0.631578947368421,0.4617021276595745,0.7640449438202247,0.723404255319149,0.2,0.5468085106382979,0.8886105411245401,0.4436135854327386,0.14192416765102478,/opt/tabr1_results/per_cancer/os_5yr/HNSCC/repeat_01_fold_01/tabpfn_v3/test_predictions.csv,,,
per_cancer,os_5yr,HNSCC,1,1,tabfm_default,183,46,57,success,0.8112776875495911,validation split balanced accuracy,0.012815688998671249,2.682959108000432,0.543859649122807,0.4478723404255319,0.6829268292682927,0.5957446808510638,0.3,0.4914893617021277,0.8515319192756405,0.47287813520674044,0.15101123942179653,/opt/tabr1_results/per_cancer/os_5yr/HNSCC/repeat_01_fold_01/tabfm_default/test_predictions.csv,,,
per_cancer,os_5yr,HNSCC,1,1,autogluon,183,46,57,success,0.8683078289031982,validation split balanced accuracy,3.9347595479994197,0.016449857999759843,0.47368421052631576,0.48404255319148937,0.5945945945945946,0.46808510638297873,0.5,0.5446808510638298,0.880707925881192,0.48949413060763375,0.15486610301592693,/opt/tabr1_results/per_cancer/os_5yr/HNSCC/repeat_01_fold_01/autogluon/test_predictions.csv,,,
per_cancer,os_5yr,HNSCC,1,2,tabpfn_v2,182,46,58,success,0.853577196598053,validation split balanced accuracy,0.19262257000082172,4.236334126000656,0.3793103448275862,0.4666666666666667,0.47058823529411764,0.3333333333333333,0.6,0.44791666666666663,0.846325335235921,0.4825677492693993,0.1531892517328807,/opt/tabr1_results/per_cancer/os_5yr/HNSCC/repeat_01_fold_02/tabpfn_v2/test_predictions.csv,,,
per_cancer,os_5yr,HNSCC,1,2,tabpfn_v2_5,182,46,58,success,0.8431099057197571,validation split balanced accuracy,0.19886517100167111,4.690192478999961,0.39655172413793105,0.4375,0.5070422535211268,0.375,0.5,0.4104166666666667,0.8309867941493084,0.49344191473985577,0.15532830689099336,/opt/tabr1_results/per_cancer/os_5yr/HNSCC/repeat_01_fold_02/tabpfn_v2_5/test_predictions.csv,,,
per_cancer,os_5yr,HNSCC,1,2,tabpfn_v2_6,182,46,58,success,0.8251732587814331,validation split balanced accuracy,0.28601725999942573,4.981014838000192,0.4827586206896552,0.56875,0.5833333333333334,0.4375,0.7,0.4791666666666667,0.8443109425201414,0.4627009980186584,0.1467472280341892,/opt/tabr1_results/per_cancer/os_5yr/HNSCC/repeat_01_fold_02/tabpfn_v2_6/test_predictions.csv,,,
per_cancer,os_5yr,HNSCC,1,2,tabpfn_v3,182,46,58,success,0.8231182098388672,validation split balanced accuracy,0.5107912160001433,4.219659260999833,0.41379310344827586,0.5666666666666667,0.48484848484848486,0.3333333333333333,0.8,0.45208333333333334,0.8624638215054677,0.45019376520210913,0.14309126462018246,/opt/tabr1_results/per_cancer/os_5yr/HNSCC/repeat_01_fold_02/tabpfn_v3/test_predictions.csv,,,
per_cancer,os_5yr,HNSCC,1,2,tabfm_default,182,46,58,success,0.8216809034347534,validation split balanced accuracy,0.013152204999641981,2.57235637300073,0.5689655172413793,0.58125,0.6835443037974683,0.5625,0.6,0.525,0.8699017986370317,0.4571612934127338,0.14545814302570304,/opt/tabr1_results/per_cancer/os_5yr/HNSCC/repeat_01_fold_02/tabfm_default/test_predictions.csv,,,
per_cancer,os_5yr,HNSCC,1,2,autogluon,182,46,58,success,0.8030018210411072,validation split balanced accuracy,3.90897224299988,0.015705837999121286,0.7241379310344828,0.55625,0.8297872340425532,0.8125,0.3,0.6989583333333335,0.9110155809474407,0.4562358129307301,0.14165722151731797,/opt/tabr1_results/per_cancer/os_5yr/HNSCC/repeat_01_fold_02/autogluon/test_predictions.csv,,,
per_cancer,os_5yr,HNSCC,1,3,tabpfn_v2,183,46,57,success,0.8196213245391846,validation split balanced accuracy,0.19464787499964586,4.616742464000708,0.5263157894736842,0.43723404255319154,0.6666666666666666,0.574468085106383,0.3,0.47234042553191485,0.8524028419064745,0.4577545965715001,0.14435019071070238,/opt/tabr1_results/per_cancer/os_5yr/HNSCC/repeat_01_fold_03/tabpfn_v2/test_predictions.csv,,,
per_cancer,os_5yr,HNSCC,1,3,tabpfn_v2_5,183,46,57,success,0.8753665685653687,validation split balanced accuracy,0.23128962400005548,4.7561414369993145,0.2982456140350877,0.574468085106383,0.25925925925925924,0.14893617021276595,1.0,0.4829787234042553,0.8563726672864137,0.46180007134789547,0.14519010072645694,/opt/tabr1_results/per_cancer/os_5yr/HNSCC/repeat_01_fold_03/tabpfn_v2_5/test_predictions.csv,,,
per_cancer,os_5yr,HNSCC,1,3,tabpfn_v2_6,183,46,57,success,0.791412353515625,validation split balanced accuracy,0.2853507820000232,4.864432759999545,0.6491228070175439,0.4723404255319149,0.7777777777777778,0.7446808510638298,0.2,0.5787234042553192,0.8892230465171655,0.4469586803235085,0.1425048059366322,/opt/tabr1_results/per_cancer/os_5yr/HNSCC/repeat_01_fold_03/tabpfn_v2_6/test_predictions.csv,,,
per_cancer,os_5yr,HNSCC,1,3,tabpfn_v3,183,46,57,success,0.8318113088607788,validation split balanced accuracy,0.5162562509995041,4.381025395001416,0.40350877192982454,0.44148936170212766,0.5142857142857142,0.3829787234042553,0.5,0.4382978723404255,0.850620949976734,0.4502880167380943,0.14305130543014916,/opt/tabr1_results/per_cancer/os_5yr/HNSCC/repeat_01_fold_03/tabpfn_v3/test_predictions.csv,,,
per_cancer,os_5yr,HNSCC,1,3,tabfm_default,183,46,57,success,0.8523901700973511,validation split balanced accuracy,0.012742068000079598,2.5724641569995583,0.43859649122807015,0.5414893617021277,0.5294117647058824,0.3829787234042553,0.7,0.6436170212765958,0.898384208645324,0.4330225630827459,0.13754495115293053,/opt/tabr1_results/per_cancer/os_5yr/HNSCC/repeat_01_fold_03/tabfm_default/test_predictions.csv,,,
per_cancer,os_5yr,HNSCC,1,3,autogluon,183,46,57,success,0.7746939659118652,validation split balanced accuracy,3.9150906939994456,0.050126310999985435,0.6491228070175439,0.4329787234042553,0.782608695652174,0.7659574468085106,0.1,0.4574468085106383,0.8557337269526731,0.4722530890171696,0.14990437897983766,/opt/tabr1_results/per_cancer/os_5yr/HNSCC/repeat_01_fold_03/autogluon/test_predictions.csv,,,
per_cancer,os_5yr,HNSCC,1,4,tabpfn_v2,183,46,57,success,0.8107964992523193,validation split balanced accuracy,0.17978723099986382,4.178250372000548,0.45614035087719296,0.34965034965034963,0.6075949367088608,0.5454545454545454,0.15384615384615385,0.38811188811188807,0.7753375670923748,0.5902986021427058,0.1903058660626985,/opt/tabr1_results/per_cancer/os_5yr/HNSCC/repeat_01_fold_04/tabpfn_v2/test_predictions.csv,,,
per_cancer,os_5yr,HNSCC,1,4,tabpfn_v2_5,183,46,57,success,0.7979837656021118,validation split balanced accuracy,0.2044514720000734,4.567960280999614,0.543859649122807,0.3793706293706294,0.6976744186046512,0.6818181818181818,0.07692307692307693,0.40734265734265734,0.7798931918212268,0.5668332496278564,0.1865942679476389,/opt/tabr1_results/per_cancer/os_5yr/HNSCC/repeat_01_fold_04/tabpfn_v2_5/test_predictions.csv,,,
per_cancer,os_5yr,HNSCC,1,4,tabpfn_v2_6,183,46,57,success,0.8027430176734924,validation split balanced accuracy,0.28861586399943917,4.888744161000432,0.45614035087719296,0.3225524475524476,0.6172839506172839,0.5681818181818182,0.07692307692307693,0.3881118881118881,0.7781824388471218,0.5741549989621318,0.18987923170433613,/opt/tabr1_results/per_cancer/os_5yr/HNSCC/repeat_01_fold_04/tabpfn_v2_6/test_predictions.csv,,,
per_cancer,os_5yr,HNSCC,1,4,tabpfn_v3,183,46,57,success,0.8099845051765442,validation split balanced accuracy,0.4752076519998809,4.414012659999571,0.543859649122807,0.40646853146853146,0.6904761904761905,0.6590909090909091,0.15384615384615385,0.42832167832167833,0.7908965499908356,0.5439121003477969,0.18077194509312072,/opt/tabr1_results/per_cancer/os_5yr/HNSCC/repeat_01_fold_04/tabpfn_v3/test_predictions.csv,,,
per_cancer,os_5yr,HNSCC,1,4,tabfm_default,183,46,57,success,0.8729262351989746,validation split balanced accuracy,0.012855058999775792,2.749391031999039,0.3684210526315789,0.4825174825174825,0.4,0.2727272727272727,0.6923076923076923,0.4248251748251748,0.7892698441911187,0.6073056288256753,0.1930650856481473,/opt/tabr1_results/per_cancer/os_5yr/HNSCC/repeat_01_fold_04/tabfm_default/test_predictions.csv,,,
per_cancer,os_5yr,HNSCC,1,4,autogluon,183,46,57,success,0.8326390981674194,validation split balanced accuracy,3.9106540030006727,0.01608542500071053,0.6842105263157895,0.5515734265734266,0.7954545454545454,0.7954545454545454,0.3076923076923077,0.6022727272727273,0.8116929846094398,0.53876566727892,0.17653725580525803,/opt/tabr1_results/per_cancer/os_5yr/HNSCC/repeat_01_fold_04/autogluon/test_predictions.csv,,,
per_cancer,os_5yr,HNSCC,2,0,tabpfn_v2,182,46,58,success,0.8086671829223633,validation split balanced accuracy,0.19433467599992582,4.40509043900056,0.6896551724137931,0.5264957264957265,0.8043478260869565,0.8222222222222222,0.23076923076923078,0.6991452991452991,0.9126552986758315,0.520804728860387,0.17302899025086826,/opt/tabr1_results/per_cancer/os_5yr/HNSCC/repeat_02_fold_00/tabpfn_v2/test_predictions.csv,,,
per_cancer,os_5yr,HNSCC,2,0,tabpfn_v2_5,182,46,58,success,0.8853158354759216,validation split balanced accuracy,0.23282071100038593,4.670031359999484,0.5,0.6777777777777778,0.5245901639344263,0.35555555555555557,1.0,0.6205128205128204,0.882728313808481,0.5373557166793251,0.1775383626252204,/opt/tabr1_results/per_cancer/os_5yr/HNSCC/repeat_02_fold_00/tabpfn_v2_5/test_predictions.csv,,,
per_cancer,os_5yr,HNSCC,2,0,tabpfn_v2_6,182,46,58,success,0.8169635534286499,validation split balanced accuracy,0.2886186659998202,4.775542418999976,0.5862068965517241,0.5145299145299146,0.7073170731707317,0.6444444444444445,0.38461538461538464,0.6529914529914529,0.8945403554196353,0.5150167335631466,0.17278534324643674,/opt/tabr1_results/per_cancer/os_5yr/HNSCC/repeat_02_fold_00/tabpfn_v2_6/test_predictions.csv,,,
per_cancer,os_5yr,HNSCC,2,0,tabpfn_v3,182,46,58,success,0.8336704969406128,validation split balanced accuracy,0.5136377190010535,4.227187250000497,0.5689655172413793,0.5307692307692308,0.6835443037974683,0.6,0.46153846153846156,0.6598290598290598,0.9016828326620806,0.5153181781521153,0.17230842096506563,/opt/tabr1_results/per_cancer/os_5yr/HNSCC/repeat_02_fold_00/tabpfn_v3/test_predictions.csv,,,
per_cancer,os_5yr,HNSCC,2,0,tabfm_default,182,46,58,success,0.8670358061790466,validation split balanced accuracy,0.012958623001395608,2.5923920269997325,0.5862068965517241,0.6512820512820513,0.6666666666666666,0.5333333333333333,0.7692307692307693,0.7444444444444445,0.9170157357909643,0.49838777703753173,0.16652298790188022,/opt/tabr1_results/per_cancer/os_5yr/HNSCC/repeat_02_fold_00/tabfm_default/test_predictions.csv,,,
per_cancer,os_5yr,HNSCC,2,0,autogluon,182,46,58,success,0.8407467007637024,validation split balanced accuracy,3.9173138980004296,0.016380269000364933,0.5,0.5957264957264957,0.5671641791044776,0.4222222222222222,0.7692307692307693,0.5427350427350428,0.8024735624191848,0.5400674189863954,0.17634406578337186,/opt/tabr1_results/per_cancer/os_5yr/HNSCC/repeat_02_fold_00/autogluon/test_predictions.csv,,,
per_cancer,os_5yr,HNSCC,2,1,tabpfn_v2,183,46,57,success,0.8555428385734558,validation split balanced accuracy,0.19739151800058607,4.151524134998908,0.3333333333333333,0.5563829787234043,0.3448275862068966,0.2127659574468085,0.9,0.5872340425531916,0.8824147801560599,0.4496771027814205,0.14250162143814718,/opt/tabr1_results/per_cancer/os_5yr/HNSCC/repeat_02_fold_01/tabpfn_v2/test_predictions.csv,,,
per_cancer,os_5yr,HNSCC,2,1,tabpfn_v2_5,183,46,57,success,0.867182731628418,validation split balanced accuracy,0.23637261600015336,4.718419535000066,0.3333333333333333,0.5957446808510638,0.32142857142857145,0.19148936170212766,1.0,0.6340425531914895,0.8962216887510109,0.4414798259527118,0.14011021804356497,/opt/tabr1_results/per_cancer/os_5yr/HNSCC/repeat_02_fold_01/tabpfn_v2_5/test_predictions.csv,,,
per_cancer,os_5yr,HNSCC,2,1,tabpfn_v2_6,183,46,57,success,0.782520055770874,validation split balanced accuracy,0.2915975559990329,5.0114167320007255,0.5614035087719298,0.4585106382978723,0.6987951807228916,0.6170212765957447,0.3,0.5063829787234042,0.859334320867505,0.4578346464202795,0.14611182947264423,/opt/tabr1_results/per_cancer/os_5yr/HNSCC/repeat_02_fold_01/tabpfn_v2_6/test_predictions.csv,,,
per_cancer,os_5yr,HNSCC,2,1,tabpfn_v3,183,46,57,success,0.8482972383499146,validation split balanced accuracy,0.518169761999161,4.346764610001628,0.3684210526315789,0.5776595744680851,0.4,0.2553191489361702,0.9,0.6702127659574468,0.9082742028320275,0.4322289170295785,0.13810970481762988,/opt/tabr1_results/per_cancer/os_5yr/HNSCC/repeat_02_fold_01/tabpfn_v3/test_predictions.csv,,,
per_cancer,os_5yr,HNSCC,2,1,tabfm_default,183,46,57,success,0.824210524559021,validation split balanced accuracy,0.012732496001262916,2.765770859999975,0.5087719298245614,0.623404255319149,0.6,0.44680851063829785,0.8,0.6585106382978723,0.8951992711530884,0.43719378633015904,0.1395220573627764,/opt/tabr1_results/per_cancer/os_5yr/HNSCC/repeat_02_fold_01/tabfm_default/test_predictions.csv,,,
per_cancer,os_5yr,HNSCC,2,1,autogluon,183,46,57,success,0.8180851340293884,validation split balanced accuracy,3.8744336780000594,0.016165758001079666,0.40350877192982454,0.5202127659574468,0.48484848484848486,0.3404255319148936,0.7,0.4521276595744681,0.8167077029568919,0.47456686437251927,0.1481112210287232,/opt/tabr1_results/per_cancer/os_5yr/HNSCC/repeat_02_fold_01/autogluon/test_predictions.csv,,,
per_cancer,os_5yr,HNSCC,2,2,tabpfn_v2,183,46,57,success,0.8429218530654907,validation split balanced accuracy,0.19272947699937504,4.650070884999877,0.38596491228070173,0.5805555555555555,0.38596491228070173,0.24444444444444444,0.9166666666666666,0.5722222222222222,0.8539904150881176,0.5225163995145898,0.1656836281230331,/opt/tabr1_results/per_cancer/os_5yr/HNSCC/repeat_02_fold_02/tabpfn_v2/test_predictions.csv,,,
per_cancer,os_5yr,HNSCC,2,2,tabpfn_v2_5,183,46,57,success,0.851781964302063,validation split balanced accuracy,0.20056351300081587,4.633762718000071,0.3508771929824561,0.5583333333333333,0.32727272727272727,0.2,0.9166666666666666,0.55,0.8485372673137664,0.5079202071988418,0.1652263152447812,/opt/tabr1_results/per_cancer/os_5yr/HNSCC/repeat_02_fold_02/tabpfn_v2_5/test_predictions.csv,,,
per_cancer,os_5yr,HNSCC,2,2,tabpfn_v2_6,183,46,57,success,0.7926179766654968,validation split balanced accuracy,0.25560336299895425,4.94223392800086,0.5614035087719298,0.5694444444444444,0.6666666666666666,0.5555555555555556,0.5833333333333334,0.5685185185185184,0.8578518307415958,0.4958788339802961,0.16340402783756158,/opt/tabr1_results/per_cancer/os_5yr/HNSCC/repeat_02_fold_02/tabpfn_v2_6/test_predictions.csv,,,
per_cancer,os_5yr,HNSCC,2,2,tabpfn_v3,183,46,57,success,0.8558803200721741,validation split balanced accuracy,0.5113050599993585,4.327247897999769,0.3684210526315789,0.5694444444444444,0.35714285714285715,0.2222222222222222,0.9166666666666666,0.5888888888888888,0.8584726024112147,0.49663234823130675,0.16333954911208418,/opt/tabr1_results/per_cancer/os_5yr/HNSCC/repeat_02_fold_02/tabpfn_v3/test_predictions.csv,,,
per_cancer,os_5yr,HNSCC,2,2,tabfm_default,183,46,57,success,0.8411309123039246,validation split balanced accuracy,0.01277736200063373,2.6353658659991197,0.49122807017543857,0.5861111111111111,0.5671641791044776,0.4222222222222222,0.75,0.6611111111111111,0.8793885359212779,0.4912596312231853,0.15984475806027887,/opt/tabr1_results/per_cancer/os_5yr/HNSCC/repeat_02_fold_02/tabfm_default/test_predictions.csv,,,
per_cancer,os_5yr,HNSCC,2,2,autogluon,183,46,57,success,0.5248280763626099,validation split balanced accuracy,3.7755299720010953,0.010316754000086803,0.6666666666666666,0.6055555555555556,0.7710843373493976,0.7111111111111111,0.5,0.6805555555555556,0.9055123786515648,0.6400616487402849,0.22363350037015697,/opt/tabr1_results/per_cancer/os_5yr/HNSCC/repeat_02_fold_02/autogluon/test_predictions.csv,,,
per_cancer,os_5yr,HNSCC,2,3,tabpfn_v2,183,46,57,success,0.7678374648094177,validation split balanced accuracy,0.19343460299933213,4.602913603999696,0.7894736842105263,0.5968085106382979,0.875,0.8936170212765957,0.3,0.5553191489361702,0.8614062999679657,0.4521452665018351,0.14291190099942852,/opt/tabr1_results/per_cancer/os_5yr/HNSCC/repeat_02_fold_03/tabpfn_v2/test_predictions.csv,,,
per_cancer,os_5yr,HNSCC,2,3,tabpfn_v2_5,183,46,57,success,0.8770831227302551,validation split balanced accuracy,0.22971446200062928,4.890237638999679,0.2807017543859649,0.524468085106383,0.2545454545454545,0.14893617021276595,0.9,0.5574468085106383,0.8655138999743162,0.457736200793869,0.1446722237769951,/opt/tabr1_results/per_cancer/os_5yr/HNSCC/repeat_02_fold_03/tabpfn_v2_5/test_predictions.csv,,,
per_cancer,os_5yr,HNSCC,2,3,tabpfn_v2_6,183,46,57,success,0.9084630012512207,validation split balanced accuracy,0.28338435200021195,4.81164028800049,0.2982456140350877,0.574468085106383,0.25925925925925924,0.14893617021276595,1.0,0.5510638297872341,0.8818610873447691,0.44898774467569,0.14332136789106298,/opt/tabr1_results/per_cancer/os_5yr/HNSCC/repeat_02_fold_03/tabpfn_v2_6/test_predictions.csv,,,
per_cancer,os_5yr,HNSCC,2,3,tabpfn_v3,183,46,57,success,0.8348625302314758,validation split balanced accuracy,0.49444561900054396,4.467152064000402,0.3333333333333333,0.5563829787234043,0.3448275862068966,0.2127659574468085,0.9,0.5042553191489363,0.8514960018711338,0.4475785692873891,0.1425280945118343,/opt/tabr1_results/per_cancer/os_5yr/HNSCC/repeat_02_fold_03/tabpfn_v3/test_predictions.csv,,,
per_cancer,os_5yr,HNSCC,2,3,tabfm_default,183,46,57,success,0.8918110132217407,validation split balanced accuracy,0.012729042000501067,2.7998521300014545,0.3333333333333333,0.5170212765957447,0.36666666666666664,0.23404255319148937,0.8,0.5010638297872341,0.8550032998438325,0.48104746426963546,0.1540600643231748,/opt/tabr1_results/per_cancer/os_5yr/HNSCC/repeat_02_fold_03/tabfm_default/test_predictions.csv,,,
per_cancer,os_5yr,HNSCC,2,3,autogluon,183,46,57,success,0.9426338076591492,validation split balanced accuracy,4.065550438999708,0.006131856000138214,0.3333333333333333,0.47765957446808505,0.3870967741935484,0.2553191489361702,0.7,0.474468085106383,0.8457422726815519,0.5615847770162963,0.16737756365800074,/opt/tabr1_results/per_cancer/os_5yr/HNSCC/repeat_02_fold_03/autogluon/test_predictions.csv,,,
per_cancer,os_5yr,HNSCC,2,4,tabpfn_v2,183,46,57,success,0.6841602325439453,validation split balanced accuracy,0.19757993599887413,4.330065272000866,0.8421052631578947,0.5,0.9142857142857143,1.0,0.0,0.6018518518518519,0.9037282034868065,0.42086811285685993,0.13130448819558668,/opt/tabr1_results/per_cancer/os_5yr/HNSCC/repeat_02_fold_04/tabpfn_v2/test_predictions.csv,,,
per_cancer,os_5yr,HNSCC,2,4,tabpfn_v2_5,183,46,57,success,0.8373622894287109,validation split balanced accuracy,0.23390214200117043,4.79868172499846,0.43859649122807015,0.5763888888888888,0.5294117647058824,0.375,0.7777777777777778,0.6041666666666666,0.9078766893150151,0.4203958404962325,0.13098375465696632,/opt/tabr1_results/per_cancer/os_5yr/HNSCC/repeat_02_fold_04/tabpfn_v2_5/test_predictions.csv,,,
per_cancer,os_5yr,HNSCC,2,4,tabpfn_v2_6,183,46,57,success,0.8347846865653992,validation split balanced accuracy,0.2880105589993036,4.839199471000029,0.38596491228070173,0.5902777777777778,0.4444444444444444,0.2916666666666667,0.8888888888888888,0.625,0.9091718145589301,0.4133009070243796,0.1291366957494664,/opt/tabr1_results/per_cancer/os_5yr/HNSCC/repeat_02_fold_04/tabpfn_v2_6/test_predictions.csv,,,
per_cancer,os_5yr,HNSCC,2,4,tabpfn_v3,183,46,57,success,0.9994271397590637,validation split balanced accuracy,0.5137225569997099,4.373866194999209,0.2631578947368421,0.5625,0.2222222222222222,0.125,1.0,0.6851851851851852,0.9277802113363295,0.40940235770881966,0.1277268944027303,/opt/tabr1_results/per_cancer/os_5yr/HNSCC/repeat_02_fold_04/tabpfn_v3/test_predictions.csv,,,
per_cancer,os_5yr,HNSCC,2,4,tabfm_default,183,46,57,success,0.8629815578460693,validation split balanced accuracy,0.01284656000098039,2.6496980779993464,0.45614035087719296,0.6770833333333334,0.5230769230769231,0.3541666666666667,1.0,0.6759259259259259,0.9312901427895062,0.41021637901776625,0.12935127347278086,/opt/tabr1_results/per_cancer/os_5yr/HNSCC/repeat_02_fold_04/tabfm_default/test_predictions.csv,,,
per_cancer,os_5yr,HNSCC,2,4,autogluon,183,46,57,success,0.5931259989738464,validation split balanced accuracy,3.92796044699935,0.010413870000775205,0.2631578947368421,0.5625,0.2222222222222222,0.125,1.0,0.6898148148148149,0.9097834196686385,0.640160929231671,0.22363164303371375,/opt/tabr1_results/per_cancer/os_5yr/HNSCC/repeat_02_fold_04/autogluon/test_predictions.csv,,,
per_cancer,os_5yr,HNSCC,3,0,tabpfn_v2,182,46,58,success,0.8139240145683289,validation split balanced accuracy,0.1775169360007567,4.4124654899987945,0.6551724137931034,0.6589147286821706,0.7368421052631579,0.6511627906976745,0.6666666666666666,0.7410852713178294,0.9080965726663894,0.5498677444462956,0.1872085112193511,/opt/tabr1_results/per_cancer/os_5yr/HNSCC/repeat_03_fold_00/tabpfn_v2/test_predictions.csv,,,
per_cancer,os_5yr,HNSCC,3,0,tabpfn_v2_5,182,46,58,success,0.8174182772636414,validation split balanced accuracy,0.228677377999702,4.660745503999351,0.5172413793103449,0.5875968992248062,0.5757575757575758,0.4418604651162791,0.7333333333333333,0.6449612403100775,0.8625869026140542,0.5650242774672285,0.19119860416919238,/opt/tabr1_results/per_cancer/os_5yr/HNSCC/repeat_03_fold_00/tabpfn_v2_5/test_predictions.csv,,,
per_cancer,os_5yr,HNSCC,3,0,tabpfn_v2_6,182,46,58,success,0.8325783014297485,validation split balanced accuracy,0.28551819599852024,4.980210745001386,0.46551724137931033,0.596124031007752,0.4745762711864407,0.32558139534883723,0.8666666666666667,0.6465116279069768,0.8491701678587158,0.5517694856625852,0.1890733622324884,/opt/tabr1_results/per_cancer/os_5yr/HNSCC/repeat_03_fold_00/tabpfn_v2_6/test_predictions.csv,,,
per_cancer,os_5yr,HNSCC,3,0,tabpfn_v3,182,46,58,success,0.8238086700439453,validation split balanced accuracy,0.5120096070004365,4.357949850998921,0.5172413793103449,0.6744186046511628,0.5172413793103449,0.3488372093023256,1.0,0.7116279069767442,0.8967849901032778,0.5541271445062826,0.1900480112609784,/opt/tabr1_results/per_cancer/os_5yr/HNSCC/repeat_03_fold_00/tabpfn_v3/test_predictions.csv,,,
per_cancer,os_5yr,HNSCC,3,0,tabfm_default,182,46,58,success,0.8629815578460693,validation split balanced accuracy,0.012802981998902396,2.5626123229994846,0.46551724137931033,0.617829457364341,0.45614035087719296,0.3023255813953488,0.9333333333333333,0.7279069767441861,0.8883770717606638,0.5312762257183883,0.18075056099002004,/opt/tabr1_results/per_cancer/os_5yr/HNSCC/repeat_03_fold_00/tabfm_default/test_predictions.csv,,,
per_cancer,os_5yr,HNSCC,3,0,autogluon,182,46,58,success,0.7744473814964294,validation split balanced accuracy,3.9162982880006894,0.016160616998604382,0.7241379310344828,0.5317829457364341,0.8333333333333334,0.9302325581395349,0.13333333333333333,0.607751937984496,0.8146612828414571,0.5890583357754389,0.1973496555612152,/opt/tabr1_results/per_cancer/os_5yr/HNSCC/repeat_03_fold_00/autogluon/test_predictions.csv,,,
per_cancer,os_5yr,HNSCC,3,1,tabpfn_v2,183,46,57,success,0.809853732585907,validation split balanced accuracy,0.19658181200065883,4.115708609999274,0.49122807017543857,0.49489795918367346,0.6233766233766234,0.4897959183673469,0.5,0.4387755102040816,0.8670842821306914,0.42891698928805355,0.12823046339158004,/opt/tabr1_results/per_cancer/os_5yr/HNSCC/repeat_03_fold_01/tabpfn_v2/test_predictions.csv,,,
per_cancer,os_5yr,HNSCC,3,1,tabpfn_v2_5,183,46,57,success,0.7970293760299683,validation split balanced accuracy,0.23174358799951733,4.69404818700059,0.5614035087719298,0.48341836734693877,0.6987951807228916,0.5918367346938775,0.375,0.5204081632653061,0.8860030610535645,0.4064374185930135,0.12308033095245065,/opt/tabr1_results/per_cancer/os_5yr/HNSCC/repeat_03_fold_01/tabpfn_v2_5/test_predictions.csv,,,
per_cancer,os_5yr,HNSCC,3,1,tabpfn_v2_6,183,46,57,success,0.7434471845626831,validation split balanced accuracy,0.2872418690003542,4.874791394000567,0.7368421052631579,0.48086734693877553,0.845360824742268,0.8367346938775511,0.125,0.5790816326530612,0.9146988006926557,0.4090140675287955,0.12819940342510402,/opt/tabr1_results/per_cancer/os_5yr/HNSCC/repeat_03_fold_01/tabpfn_v2_6/test_predictions.csv,,,
per_cancer,os_5yr,HNSCC,3,1,tabpfn_v3,183,46,57,success,0.800096869468689,validation split balanced accuracy,0.4538726749997295,4.345454841999526,0.5789473684210527,0.49362244897959184,0.7142857142857143,0.6122448979591837,0.375,0.4336734693877551,0.865661491310072,0.4065644451843106,0.12396501494744883,/opt/tabr1_results/per_cancer/os_5yr/HNSCC/repeat_03_fold_01/tabpfn_v3/test_predictions.csv,,,
per_cancer,os_5yr,HNSCC,3,1,tabfm_default,183,46,57,success,0.7890893220901489,validation split balanced accuracy,0.012715173999822582,2.682438664000074,0.6666666666666666,0.44005102040816324,0.7956989247311828,0.7551020408163265,0.125,0.40816326530612246,0.8586368328027905,0.4611284031991967,0.13737033997898332,/opt/tabr1_results/per_cancer/os_5yr/HNSCC/repeat_03_fold_01/tabfm_default/test_predictions.csv,,,
per_cancer,os_5yr,HNSCC,3,1,autogluon,183,46,57,success,0.8182699084281921,validation split balanced accuracy,3.9296997860001284,0.015893295998466783,0.3684210526315789,0.5803571428571428,0.4375,0.2857142857142857,0.875,0.6377551020408163,0.9068910230231981,0.4133578101496808,0.12290041473279152,/opt/tabr1_results/per_cancer/os_5yr/HNSCC/repeat_03_fold_01/autogluon/test_predictions.csv,,,
per_cancer,os_5yr,HNSCC,3,2,tabpfn_v2,183,46,57,success,0.7929577231407166,validation split balanced accuracy,0.1805944260013348,4.625687817999278,0.5614035087719298,0.5765957446808511,0.6753246753246753,0.5531914893617021,0.6,0.6914893617021277,0.9195477194837124,0.43232659225059156,0.13726634415829414,/opt/tabr1_results/per_cancer/os_5yr/HNSCC/repeat_03_fold_02/tabpfn_v2/test_predictions.csv,,,
per_cancer,os_5yr,HNSCC,3,2,tabpfn_v2_5,183,46,57,success,0.817071259021759,validation split balanced accuracy,0.2329542509996827,4.7921155050007656,0.40350877192982454,0.598936170212766,0.45161290322580644,0.2978723404255319,0.9,0.5957446808510638,0.8902087283858349,0.44200578674091345,0.14009066779603369,/opt/tabr1_results/per_cancer/os_5yr/HNSCC/repeat_03_fold_02/tabpfn_v2_5/test_predictions.csv,,,
per_cancer,os_5yr,HNSCC,3,2,tabpfn_v2_6,183,46,57,success,0.8277207016944885,validation split balanced accuracy,0.2874012620013673,4.895176527999865,0.45614035087719296,0.6702127659574468,0.5079365079365079,0.3404255319148936,1.0,0.6595744680851063,0.9198581138697789,0.43256196090846394,0.13804894182415103,/opt/tabr1_results/per_cancer/os_5yr/HNSCC/repeat_03_fold_02/tabpfn_v2_6/test_predictions.csv,,,
per_cancer,os_5yr,HNSCC,3,2,tabpfn_v3,183,46,57,success,0.816084623336792,validation split balanced accuracy,0.47838737499841955,4.4007638080001925,0.49122807017543857,0.6914893617021276,0.5538461538461539,0.3829787234042553,1.0,0.7340425531914894,0.9385865912037824,0.4292822320786866,0.13688747726735553,/opt/tabr1_results/per_cancer/os_5yr/HNSCC/repeat_03_fold_02/tabpfn_v3/test_predictions.csv,,,
per_cancer,os_5yr,HNSCC,3,2,tabfm_default,183,46,57,success,0.858823835849762,validation split balanced accuracy,0.012894514999061357,2.4758183199992345,0.3508771929824561,0.6063829787234043,0.3508771929824561,0.2127659574468085,1.0,0.7127659574468086,0.9283925957017057,0.4244706338733187,0.13517353182840472,/opt/tabr1_results/per_cancer/os_5yr/HNSCC/repeat_03_fold_02/tabfm_default/test_predictions.csv,,,
per_cancer,os_5yr,HNSCC,3,2,autogluon,183,46,57,success,0.995579719543457,validation split balanced accuracy,3.929544258000533,0.00850432299921522,0.5263157894736842,0.6734042553191489,0.6086956521739131,0.44680851063829785,0.9,0.7297872340425532,0.9306777223437239,0.7001837025011408,0.18708909563903586,/opt/tabr1_results/per_cancer/os_5yr/HNSCC/repeat_03_fold_02/autogluon/test_predictions.csv,,,
per_cancer,os_5yr,HNSCC,3,3,tabpfn_v2,183,46,57,success,0.9911816120147705,validation split balanced accuracy,0.1931672909995541,4.37456853599906,0.24561403508771928,0.5612244897959183,0.21818181818181817,0.12244897959183673,1.0,0.5076530612244897,0.891660385190075,0.4049522114167853,0.12343054506423606,/opt/tabr1_results/per_cancer/os_5yr/HNSCC/repeat_03_fold_03/tabpfn_v2/test_predictions.csv,,,
per_cancer,os_5yr,HNSCC,3,3,tabpfn_v2_5,183,46,57,success,0.980111300945282,validation split balanced accuracy,0.19989426200118032,4.717940945000009,0.24561403508771928,0.5612244897959183,0.21818181818181817,0.12244897959183673,1.0,0.40306122448979587,0.8662103071989963,0.4231138800170605,0.12829349255185823,/opt/tabr1_results/per_cancer/os_5yr/HNSCC/repeat_03_fold_03/tabpfn_v2_5/test_predictions.csv,,,
per_cancer,os_5yr,HNSCC,3,3,tabpfn_v2_6,183,46,57,success,0.9999974370002747,validation split balanced accuracy,0.28766993099998217,4.825825239000551,0.24561403508771928,0.5612244897959183,0.21818181818181817,0.12244897959183673,1.0,0.31632653061224486,0.8352048506376031,0.4251115722446417,0.12927742530006245,/opt/tabr1_results/per_cancer/os_5yr/HNSCC/repeat_03_fold_03/tabpfn_v2_6/test_predictions.csv,,,
per_cancer,os_5yr,HNSCC,3,3,tabpfn_v3,183,46,57,success,0.9998605251312256,validation split balanced accuracy,0.5105701810007304,4.350998478999827,0.24561403508771928,0.5612244897959183,0.21818181818181817,0.12244897959183673,1.0,0.4413265306122449,0.8643404896792243,0.3972230417778802,0.12094847294076229,/opt/tabr1_results/per_cancer/os_5yr/HNSCC/repeat_03_fold_03/tabpfn_v3/test_predictions.csv,,,
per_cancer,os_5yr,HNSCC,3,3,tabfm_default,183,46,57,success,0.9998620748519897,validation split balanced accuracy,0.012813256998924771,2.55235096099932,0.24561403508771928,0.5612244897959183,0.21818181818181817,0.12244897959183673,1.0,0.5497448979591837,0.8958155878734003,0.40046767186395477,0.122172580339386,/opt/tabr1_results/per_cancer/os_5yr/HNSCC/repeat_03_fold_03/tabfm_default/test_predictions.csv,,,
per_cancer,os_5yr,HNSCC,3,3,autogluon,183,46,57,success,0.9980168342590332,validation split balanced accuracy,3.967277200999888,0.05311379200065858,0.24561403508771928,0.5612244897959183,0.21818181818181817,0.12244897959183673,1.0,0.5229591836734694,0.8851656830508575,0.4104837157915853,0.12544028635415777,/opt/tabr1_results/per_cancer/os_5yr/HNSCC/repeat_03_fold_03/autogluon/test_predictions.csv,,,
per_cancer,os_5yr,HNSCC,3,4,tabpfn_v2,183,46,57,success,0.8486886024475098,validation split balanced accuracy,0.1967972029997327,4.340000451000378,0.5614035087719298,0.6075174825174825,0.647887323943662,0.5227272727272727,0.6923076923076923,0.7080419580419579,0.8980091417737914,0.5186436470276617,0.17351944343660924,/opt/tabr1_results/per_cancer/os_5yr/HNSCC/repeat_03_fold_04/tabpfn_v2/test_predictions.csv,,,
per_cancer,os_5yr,HNSCC,3,4,tabpfn_v2_5,183,46,57,success,0.8460819125175476,validation split balanced accuracy,0.202531753000585,4.677606234999985,0.6140350877192983,0.6145104895104896,0.7105263157894737,0.6136363636363636,0.6153846153846154,0.7185314685314684,0.9022333414016558,0.5252553255941433,0.17513958893360082,/opt/tabr1_results/per_cancer/os_5yr/HNSCC/repeat_03_fold_04/tabpfn_v2_5/test_predictions.csv,,,
per_cancer,os_5yr,HNSCC,3,4,tabpfn_v2_6,183,46,57,success,0.8919012546539307,validation split balanced accuracy,0.28683250399990357,4.938443975999689,0.43859649122807015,0.6092657342657343,0.4482758620689655,0.29545454545454547,0.9230769230769231,0.631118881118881,0.8650933887292768,0.5320071014126316,0.17665347702216855,/opt/tabr1_results/per_cancer/os_5yr/HNSCC/repeat_03_fold_04/tabpfn_v2_6/test_predictions.csv,,,
per_cancer,os_5yr,HNSCC,3,4,tabpfn_v3,183,46,57,success,0.8387336730957031,validation split balanced accuracy,0.5152227300004597,4.334685285000887,0.6491228070175439,0.6372377622377623,0.7435897435897436,0.6590909090909091,0.6153846153846154,0.6958041958041958,0.8995098622307035,0.5237696301641614,0.17553628344661992,/opt/tabr1_results/per_cancer/os_5yr/HNSCC/repeat_03_fold_04/tabpfn_v3/test_predictions.csv,,,
per_cancer,os_5yr,HNSCC,3,4,tabfm_default,183,46,57,success,0.8340467810630798,validation split balanced accuracy,0.012908163998872624,2.5289887319995614,0.6491228070175439,0.6101398601398601,0.75,0.6818181818181818,0.5384615384615384,0.7185314685314685,0.9081804705819029,0.5054733797235719,0.16912473448403886,/opt/tabr1_results/per_cancer/os_5yr/HNSCC/repeat_03_fold_04/tabfm_default/test_predictions.csv,,,
per_cancer,os_5yr,HNSCC,3,4,autogluon,183,46,57,success,0.9127736687660217,validation split balanced accuracy,3.8755811789997097,0.005539558998862049,0.5789473684210527,0.6730769230769231,0.6470588235294118,0.5,0.8461538461538461,0.6765734265734266,0.8740690081094551,0.5393338555486198,0.174336446761579,/opt/tabr1_results/per_cancer/os_5yr/HNSCC/repeat_03_fold_04/autogluon/test_predictions.csv,,,
per_cancer,os_5yr,HNSCC,4,0,tabpfn_v2,182,46,58,success,0.8305803537368774,validation split balanced accuracy,0.19373479600108112,4.2272028629995475,0.7413793103448276,0.6834415584415584,0.8235294117647058,0.7954545454545454,0.5714285714285714,0.7435064935064934,0.9051034998647077,0.539007938628916,0.18164768443979876,/opt/tabr1_results/per_cancer/os_5yr/HNSCC/repeat_04_fold_00/tabpfn_v2/test_predictions.csv,,,
per_cancer,os_5yr,HNSCC,4,0,tabpfn_v2_5,182,46,58,success,0.9785068035125732,validation split balanced accuracy,0.20144498799891153,4.71846451500096,0.3620689655172414,0.5795454545454546,0.27450980392156865,0.1590909090909091,1.0,0.788961038961039,0.9205996979055941,0.5088119842160279,0.17180085492599778,/opt/tabr1_results/per_cancer/os_5yr/HNSCC/repeat_04_fold_00/tabpfn_v2_5/test_predictions.csv,,,
per_cancer,os_5yr,HNSCC,4,0,tabpfn_v2_6,182,46,58,success,0.999998152256012,validation split balanced accuracy,0.28495322200069495,4.885439456000313,0.3620689655172414,0.5795454545454546,0.27450980392156865,0.1590909090909091,1.0,0.8441558441558441,0.9389468744193645,0.49930402274571944,0.17034325766077285,/opt/tabr1_results/per_cancer/os_5yr/HNSCC/repeat_04_fold_00/tabpfn_v2_6/test_predictions.csv,,,
per_cancer,os_5yr,HNSCC,4,0,tabpfn_v3,182,46,58,success,0.999980628490448,validation split balanced accuracy,0.48464360300022236,4.243742602000566,0.3620689655172414,0.5795454545454546,0.27450980392156865,0.1590909090909091,1.0,0.7142857142857143,0.8912391828571893,0.5433190583400641,0.18375184140634956,/opt/tabr1_results/per_cancer/os_5yr/HNSCC/repeat_04_fold_00/tabpfn_v3/test_predictions.csv,,,
per_cancer,os_5yr,HNSCC,4,0,tabfm_default,182,46,58,success,0.9096219539642334,validation split balanced accuracy,0.012803345000065747,2.8099300869998842,0.5,0.5487012987012987,0.5797101449275363,0.45454545454545453,0.6428571428571429,0.6396103896103896,0.8690579482022468,0.5946640153202907,0.19397087855024658,/opt/tabr1_results/per_cancer/os_5yr/HNSCC/repeat_04_fold_00/tabfm_default/test_predictions.csv,,,
per_cancer,os_5yr,HNSCC,4,0,autogluon,182,46,58,success,0.8509020805358887,validation split balanced accuracy,4.0378989609998825,0.016604749000180163,0.6379310344827587,0.5665584415584416,0.7469879518072289,0.7045454545454546,0.42857142857142855,0.6233766233766234,0.818066145013185,0.5661294756952512,0.18711681740825367,/opt/tabr1_results/per_cancer/os_5yr/HNSCC/repeat_04_fold_00/autogluon/test_predictions.csv,,,
per_cancer,os_5yr,HNSCC,4,1,tabpfn_v2,183,46,57,success,0.9020481705665588,validation split balanced accuracy,0.1954023470007087,4.323175953999453,0.2807017543859649,0.5729166666666666,0.2545454545454545,0.14583333333333334,1.0,0.6180555555555556,0.9137582666158318,0.42347796737720544,0.13396468719626362,/opt/tabr1_results/per_cancer/os_5yr/HNSCC/repeat_04_fold_01/tabpfn_v2/test_predictions.csv,,,
per_cancer,os_5yr,HNSCC,4,1,tabpfn_v2_5,183,46,57,success,0.8942742347717285,validation split balanced accuracy,0.2016180689988687,4.596921815000314,0.3157894736842105,0.59375,0.3157894736842105,0.1875,1.0,0.47685185185185186,0.870038625261052,0.4454079532768692,0.13956180478771454,/opt/tabr1_results/per_cancer/os_5yr/HNSCC/repeat_04_fold_01/tabpfn_v2_5/test_predictions.csv,,,
per_cancer,os_5yr,HNSCC,4,1,tabpfn_v2_6,183,46,57,success,0.9089284539222717,validation split balanced accuracy,0.28552720500010764,4.863866477000556,0.2982456140350877,0.5833333333333334,0.2857142857142857,0.16666666666666666,1.0,0.48611111111111116,0.8654561885508328,0.4507525662584682,0.14028866590406877,/opt/tabr1_results/per_cancer/os_5yr/HNSCC/repeat_04_fold_01/tabpfn_v2_6/test_predictions.csv,,,
per_cancer,os_5yr,HNSCC,4,1,tabpfn_v3,183,46,57,success,0.8452587723731995,validation split balanced accuracy,0.5127626690009492,4.432890770998711,0.2982456140350877,0.5833333333333334,0.2857142857142857,0.16666666666666666,1.0,0.4375,0.8471290028019373,0.4253616992543137,0.13300637597694276,/opt/tabr1_results/per_cancer/os_5yr/HNSCC/repeat_04_fold_01/tabpfn_v3/test_predictions.csv,,,
per_cancer,os_5yr,HNSCC,4,1,tabfm_default,183,46,57,success,0.9995812773704529,validation split balanced accuracy,0.013002317999053048,2.586211990001175,0.15789473684210525,0.5,0.0,0.0,1.0,0.5902777777777777,0.9093336746073802,0.4152621979884954,0.1304972774946115,/opt/tabr1_results/per_cancer/os_5yr/HNSCC/repeat_04_fold_01/tabfm_default/test_predictions.csv,,,
per_cancer,os_5yr,HNSCC,4,1,autogluon,183,46,57,success,0.824888288974762,validation split balanced accuracy,3.9064504819998547,0.016891360999579774,0.43859649122807015,0.5763888888888888,0.5294117647058824,0.375,0.7777777777777778,0.5196759259259259,0.8637068937539409,0.4455540039478198,0.13603686126074396,/opt/tabr1_results/per_cancer/os_5yr/HNSCC/repeat_04_fold_01/autogluon/test_predictions.csv,,,
per_cancer,os_5yr,HNSCC,4,2,tabpfn_v2,183,46,57,success,0.7973735332489014,validation split balanced accuracy,0.19634838899946772,4.050206800999149,0.6842105263157895,0.40625,0.8125,0.8125,0.0,0.4629629629629629,0.8665504243292602,0.4323924700003814,0.13431167218809542,/opt/tabr1_results/per_cancer/os_5yr/HNSCC/repeat_04_fold_02/tabpfn_v2/test_predictions.csv,,,
per_cancer,os_5yr,HNSCC,4,2,tabpfn_v2_5,183,46,57,success,0.7788349986076355,validation split balanced accuracy,0.20440154999960214,4.526208068000415,0.6842105263157895,0.45138888888888884,0.8085106382978723,0.7916666666666666,0.1111111111111111,0.5231481481481481,0.8848976328795027,0.43597585087545404,0.13531395868988128,/opt/tabr1_results/per_cancer/os_5yr/HNSCC/repeat_04_fold_02/tabpfn_v2_5/test_predictions.csv,,,
per_cancer,os_5yr,HNSCC,4,2,tabpfn_v2_6,183,46,57,success,0.773627519607544,validation split balanced accuracy,0.28857948999939254,4.7617311289996,0.7192982456140351,0.4270833333333333,0.8367346938775511,0.8541666666666666,0.0,0.3842592592592593,0.8436453047854539,0.4448069232854763,0.13885520661943093,/opt/tabr1_results/per_cancer/os_5yr/HNSCC/repeat_04_fold_02/tabpfn_v2_6/test_predictions.csv,,,
per_cancer,os_5yr,HNSCC,4,2,tabpfn_v3,183,46,57,success,0.7847940325737,validation split balanced accuracy,0.513192861000789,4.43825846800064,0.7543859649122807,0.4479166666666667,0.86,0.8958333333333334,0.0,0.425925925925926,0.8556080980542798,0.4234179088909652,0.1326209127816909,/opt/tabr1_results/per_cancer/os_5yr/HNSCC/repeat_04_fold_02/tabpfn_v3/test_predictions.csv,,,
per_cancer,os_5yr,HNSCC,4,2,tabfm_default,183,46,57,success,0.7802907228469849,validation split balanced accuracy,0.013099402000079863,2.7763280520011904,0.6491228070175439,0.4756944444444444,0.7777777777777778,0.7291666666666666,0.2222222222222222,0.4560185185185185,0.8592020945022557,0.4520228608841762,0.14302817932330408,/opt/tabr1_results/per_cancer/os_5yr/HNSCC/repeat_04_fold_02/tabfm_default/test_predictions.csv,,,
per_cancer,os_5yr,HNSCC,4,2,autogluon,183,46,57,success,0.8111218810081482,validation split balanced accuracy,4.005363581998608,0.0056975330007844605,0.5964912280701754,0.4444444444444444,0.735632183908046,0.6666666666666666,0.2222222222222222,0.46990740740740744,0.8720953047698691,0.4881596487766028,0.14862244805326758,/opt/tabr1_results/per_cancer/os_5yr/HNSCC/repeat_04_fold_02/autogluon/test_predictions.csv,,,
per_cancer,os_5yr,HNSCC,4,3,tabpfn_v2,183,46,57,success,0.8497161865234375,validation split balanced accuracy,0.1940677450002113,4.34649275800075,0.3684210526315789,0.5776595744680851,0.4,0.2553191489361702,0.9,0.5276595744680851,0.8763054547995287,0.45381525635693715,0.143116438423913,/opt/tabr1_results/per_cancer/os_5yr/HNSCC/repeat_04_fold_03/tabpfn_v2/test_predictions.csv,,,
per_cancer,os_5yr,HNSCC,4,3,tabpfn_v2_5,183,46,57,success,0.8649649620056152,validation split balanced accuracy,0.23040860000037355,4.601104490999205,0.2982456140350877,0.574468085106383,0.25925925925925924,0.14893617021276595,1.0,0.5085106382978724,0.8697128680742797,0.45898805311794116,0.14502768404195956,/opt/tabr1_results/per_cancer/os_5yr/HNSCC/repeat_04_fold_03/tabpfn_v2_5/test_predictions.csv,,,
per_cancer,os_5yr,HNSCC,4,3,tabpfn_v2_6,183,46,57,success,0.8850632905960083,validation split balanced accuracy,0.2847465459999512,4.871971487000337,0.3333333333333333,0.5957446808510638,0.32142857142857145,0.19148936170212766,1.0,0.5946808510638297,0.9054352742557817,0.4420258726370804,0.14249791195828634,/opt/tabr1_results/per_cancer/os_5yr/HNSCC/repeat_04_fold_03/tabpfn_v2_6/test_predictions.csv,,,
per_cancer,os_5yr,HNSCC,4,3,tabpfn_v3,183,46,57,success,0.8340188264846802,validation split balanced accuracy,0.5144612549993326,4.360767043999658,0.45614035087719296,0.6308510638297873,0.5230769230769231,0.3617021276595745,0.9,0.6063829787234043,0.8986647138775843,0.4405678848397164,0.1404438421202641,/opt/tabr1_results/per_cancer/os_5yr/HNSCC/repeat_04_fold_03/tabpfn_v3/test_predictions.csv,,,
per_cancer,os_5yr,HNSCC,4,3,tabfm_default,183,46,57,success,0.8567057251930237,validation split balanced accuracy,0.012607095999555895,2.6021990650006046,0.43859649122807015,0.6202127659574468,0.5,0.3404255319148936,0.9,0.6180851063829789,0.8967634308393243,0.44133164189129714,0.14012626482858737,/opt/tabr1_results/per_cancer/os_5yr/HNSCC/repeat_04_fold_03/tabfm_default/test_predictions.csv,,,
per_cancer,os_5yr,HNSCC,4,3,autogluon,183,46,57,success,0.8370839357376099,validation split balanced accuracy,3.932296796998344,0.01583359600044787,0.3157894736842105,0.38829787234042556,0.4,0.2765957446808511,0.5,0.41702127659574467,0.7881629736715183,0.4688933457752212,0.14606802696647186,/opt/tabr1_results/per_cancer/os_5yr/HNSCC/repeat_04_fold_03/autogluon/test_predictions.csv,,,
per_cancer,os_5yr,HNSCC,4,4,tabpfn_v2,183,46,57,success,0.9249782562255859,validation split balanced accuracy,0.1945759119989816,4.369102312000905,0.2982456140350877,0.525,0.23076923076923078,0.13333333333333333,0.9166666666666666,0.47037037037037044,0.8102997375958754,0.5684509435656485,0.1768490863754597,/opt/tabr1_results/per_cancer/os_5yr/HNSCC/repeat_04_fold_04/tabpfn_v2/test_predictions.csv,,,
per_cancer,os_5yr,HNSCC,4,4,tabpfn_v2_5,183,46,57,success,0.7501140236854553,validation split balanced accuracy,0.20203983899955347,4.780658825000501,0.7543859649122807,0.5083333333333333,0.8571428571428571,0.9333333333333333,0.08333333333333333,0.4277777777777778,0.7934781252351595,0.5705202558268482,0.1803171341962497,/opt/tabr1_results/per_cancer/os_5yr/HNSCC/repeat_04_fold_04/tabpfn_v2_5/test_predictions.csv,,,
per_cancer,os_5yr,HNSCC,4,4,tabpfn_v2_6,183,46,57,success,0.7939215302467346,validation split balanced accuracy,0.2873170340008073,4.723261265000474,0.6140350877192983,0.44999999999999996,0.75,0.7333333333333333,0.16666666666666666,0.4555555555555556,0.8140839232838833,0.5867847048902443,0.18299003319977833,/opt/tabr1_results/per_cancer/os_5yr/HNSCC/repeat_04_fold_04/tabpfn_v2_6/test_predictions.csv,,,
per_cancer,os_5yr,HNSCC,4,4,tabpfn_v3,183,46,57,success,0.7941415905952454,validation split balanced accuracy,0.5127734510006121,4.388892518998546,0.7192982456140351,0.4861111111111111,0.8333333333333334,0.8888888888888888,0.08333333333333333,0.46111111111111114,0.8019141039257659,0.539522891235277,0.17279209060240625,/opt/tabr1_results/per_cancer/os_5yr/HNSCC/repeat_04_fold_04/tabpfn_v3/test_predictions.csv,,,
per_cancer,os_5yr,HNSCC,4,4,tabfm_default,183,46,57,success,0.768153965473175,validation split balanced accuracy,0.012897294000140391,2.575587286000882,0.7543859649122807,0.5083333333333333,0.8571428571428571,0.9333333333333333,0.08333333333333333,0.5240740740740741,0.8339492693493767,0.5579106765634884,0.1774430890740163,/opt/tabr1_results/per_cancer/os_5yr/HNSCC/repeat_04_fold_04/tabfm_default/test_predictions.csv,,,
per_cancer,os_5yr,HNSCC,4,4,autogluon,183,46,57,success,0.8323939442634583,validation split balanced accuracy,3.895345045000795,0.0169217380007467,0.7017543859649122,0.47500000000000003,0.8210526315789474,0.8666666666666667,0.08333333333333333,0.4722222222222222,0.7815014674289881,0.5276863533247746,0.1699168678225687,/opt/tabr1_results/per_cancer/os_5yr/HNSCC/repeat_04_fold_04/autogluon/test_predictions.csv,,,
per_cancer,os_5yr,LSCC,0,0,tabpfn_v2,180,45,56,success,0.6513406038284302,validation split balanced accuracy,0.22618409999995492,3.0983286819991918,0.6964285714285714,0.4967479674796748,0.8172043010752689,0.926829268292683,0.06666666666666667,0.5934959349593496,0.8271048894114165,0.5716107021489961,0.19313411291725377,/opt/tabr1_results/per_cancer/os_5yr/LSCC/repeat_00_fold_00/tabpfn_v2/test_predictions.csv,,,
per_cancer,os_5yr,LSCC,0,0,tabpfn_v2_5,180,45,56,success,0.7012377977371216,validation split balanced accuracy,0.24402121099956275,4.8478981429998385,0.39285714285714285,0.5853658536585366,0.2916666666666667,0.17073170731707318,1.0,0.6032520325203252,0.8326879244567454,0.56298438425255,0.1904658965931222,/opt/tabr1_results/per_cancer/os_5yr/LSCC/repeat_00_fold_00/tabpfn_v2_5/test_predictions.csv,,,
per_cancer,os_5yr,LSCC,0,0,tabpfn_v2_6,180,45,56,success,0.674397885799408,validation split balanced accuracy,0.31361184700108424,4.991387386999122,0.5535714285714286,0.4626016260162602,0.6835443037974683,0.6585365853658537,0.26666666666666666,0.5577235772357724,0.820252250380341,0.5604669513522799,0.18969995143575855,/opt/tabr1_results/per_cancer/os_5yr/LSCC/repeat_00_fold_00/tabpfn_v2_6/test_predictions.csv,,,
per_cancer,os_5yr,LSCC,0,0,tabpfn_v3,180,45,56,success,0.675836443901062,validation split balanced accuracy,0.5627137230003427,4.511677799999234,0.6607142857142857,0.6626016260162602,0.7397260273972602,0.6585365853658537,0.6666666666666666,0.697560975609756,0.8640724325368756,0.5601488264758311,0.18891861791386644,/opt/tabr1_results/per_cancer/os_5yr/LSCC/repeat_00_fold_00/tabpfn_v3/test_predictions.csv,,,
per_cancer,os_5yr,LSCC,0,0,tabfm_default,180,45,56,success,0.6803125143051147,validation split balanced accuracy,0.012930127000799985,2.7997149719994923,0.75,0.5967479674796748,0.8444444444444444,0.926829268292683,0.26666666666666666,0.6479674796747967,0.8392981689000215,0.556126698253083,0.18892982020567775,/opt/tabr1_results/per_cancer/os_5yr/LSCC/repeat_00_fold_00/tabfm_default/test_predictions.csv,,,
per_cancer,os_5yr,LSCC,0,0,autogluon,180,45,56,success,0.6098634004592896,validation split balanced accuracy,3.7159266140006366,0.016509515999132418,0.7142857142857143,0.551219512195122,0.8222222222222222,0.9024390243902439,0.2,0.6723577235772358,0.8497470489423892,0.5502185759138591,0.18330220307292497,/opt/tabr1_results/per_cancer/os_5yr/LSCC/repeat_00_fold_00/autogluon/test_predictions.csv,,,
per_cancer,os_5yr,LSCC,0,1,tabpfn_v2,179,45,57,success,0.7118805646896362,validation split balanced accuracy,0.22603942299974733,3.5325419929995405,0.5789473684210527,0.6285714285714286,0.6470588235294118,0.5238095238095238,0.7333333333333333,0.7253968253968255,0.884524101673597,0.537142389327015,0.1796272449524839,/opt/tabr1_results/per_cancer/os_5yr/LSCC/repeat_00_fold_01/tabpfn_v2/test_predictions.csv,,,
per_cancer,os_5yr,LSCC,0,1,tabpfn_v2_5,179,45,57,success,0.7127460241317749,validation split balanced accuracy,0.26745889099947817,4.826060892000896,0.631578947368421,0.6428571428571428,0.7123287671232876,0.6190476190476191,0.6666666666666666,0.707936507936508,0.8861602375922044,0.5381555966494842,0.18005871514556715,/opt/tabr1_results/per_cancer/os_5yr/LSCC/repeat_00_fold_01/tabpfn_v2_5/test_predictions.csv,,,
per_cancer,os_5yr,LSCC,0,1,tabpfn_v2_6,179,45,57,success,0.7531722784042358,validation split balanced accuracy,0.30983478499911143,4.939160029998675,0.47368421052631576,0.6428571428571428,0.4444444444444444,0.2857142857142857,1.0,0.6825396825396826,0.8901303997779851,0.5516707204159529,0.18553419553595332,/opt/tabr1_results/per_cancer/os_5yr/LSCC/repeat_00_fold_01/tabpfn_v2_6/test_predictions.csv,,,
per_cancer,os_5yr,LSCC,0,1,tabpfn_v3,179,45,57,success,0.7270682454109192,validation split balanced accuracy,0.5595876359984686,4.589027824000368,0.40350877192982454,0.5952380952380952,0.32,0.19047619047619047,1.0,0.7095238095238094,0.893038051090055,0.5472629085992421,0.18386029411161992,/opt/tabr1_results/per_cancer/os_5yr/LSCC/repeat_00_fold_01/tabpfn_v3/test_predictions.csv,,,
per_cancer,os_5yr,LSCC,0,1,tabfm_default,179,45,57,success,0.6669549345970154,validation split balanced accuracy,0.013000749999264372,2.56916086900128,0.6491228070175439,0.48333333333333334,0.7777777777777778,0.8333333333333334,0.13333333333333333,0.6007936507936508,0.833935712820384,0.5513123232468538,0.18688100181382575,/opt/tabr1_results/per_cancer/os_5yr/LSCC/repeat_00_fold_01/tabfm_default/test_predictions.csv,,,
per_cancer,os_5yr,LSCC,0,1,autogluon,179,45,57,success,0.7184835076332092,validation split balanced accuracy,3.7886366229995474,0.005618768000204,0.5263157894736842,0.55,0.6086956521739131,0.5,0.6,0.653968253968254,0.85737783594525,0.5570917155688837,0.18677233701322718,/opt/tabr1_results/per_cancer/os_5yr/LSCC/repeat_00_fold_01/autogluon/test_predictions.csv,,,
per_cancer,os_5yr,LSCC,0,2,tabpfn_v2,180,45,56,success,0.7326890826225281,validation split balanced accuracy,0.21804966299896478,3.4296724329997232,0.42857142857142855,0.5497076023391813,0.3333333333333333,0.21052631578947367,0.8888888888888888,0.6052631578947368,0.7678306058061282,0.6562253530843749,0.21651223459680974,/opt/tabr1_results/per_cancer/os_5yr/LSCC/repeat_00_fold_02/tabpfn_v2/test_predictions.csv,,,
per_cancer,os_5yr,LSCC,0,2,tabpfn_v2_5,180,45,56,success,0.75361567735672,validation split balanced accuracy,0.2676771460010059,4.891045664000558,0.4107142857142857,0.5219298245614035,0.32653061224489793,0.21052631578947367,0.8333333333333334,0.577485380116959,0.7420092658281889,0.6538273360975708,0.2180548597787831,/opt/tabr1_results/per_cancer/os_5yr/LSCC/repeat_00_fold_02/tabpfn_v2_5/test_predictions.csv,,,
per_cancer,os_5yr,LSCC,0,2,tabpfn_v2_6,180,45,56,success,0.7527797222137451,validation split balanced accuracy,0.2772018739997293,4.880008301999624,0.42857142857142855,0.5058479532163742,0.4074074074074074,0.2894736842105263,0.7222222222222222,0.510233918128655,0.6986949738107008,0.7665140792001769,0.23039955680887766,/opt/tabr1_results/per_cancer/os_5yr/LSCC/repeat_00_fold_02/tabpfn_v2_6/test_predictions.csv,,,
per_cancer,os_5yr,LSCC,0,2,tabpfn_v3,180,45,56,success,0.7224588990211487,validation split balanced accuracy,0.5560322200017254,4.495370203001585,0.5178571428571429,0.6008771929824561,0.509090909090909,0.3684210526315789,0.8333333333333334,0.5833333333333333,0.7543616844227501,0.6820601542316117,0.2190894801336334,/opt/tabr1_results/per_cancer/os_5yr/LSCC/repeat_00_fold_02/tabpfn_v3/test_predictions.csv,,,
per_cancer,os_5yr,LSCC,0,2,tabfm_default,180,45,56,success,0.7490872144699097,validation split balanced accuracy,0.01282351500049117,2.4664066120003554,0.48214285714285715,0.5599415204678363,0.4727272727272727,0.34210526315789475,0.7777777777777778,0.5789473684210527,0.7339500234140011,0.690587170035762,0.22259876275401488,/opt/tabr1_results/per_cancer/os_5yr/LSCC/repeat_00_fold_02/tabfm_default/test_predictions.csv,,,
per_cancer,os_5yr,LSCC,0,2,autogluon,180,45,56,success,0.7138868570327759,validation split balanced accuracy,3.6275200880008924,0.0052397079998627305,0.5714285714285714,0.4649122807017544,0.7073170731707317,0.7631578947368421,0.16666666666666666,0.46271929824561403,0.6625256322624744,0.6323287463939947,0.2199302743481842,/opt/tabr1_results/per_cancer/os_5yr/LSCC/repeat_00_fold_02/autogluon/test_predictions.csv,,,
per_cancer,os_5yr,LSCC,0,3,tabpfn_v2,180,45,56,success,0.7197034955024719,validation split balanced accuracy,0.1977241469994624,4.212938368998948,0.5535714285714286,0.554093567251462,0.6268656716417911,0.5526315789473685,0.5555555555555556,0.5555555555555555,0.7883647009201856,0.6135983227525248,0.2145686331612393,/opt/tabr1_results/per_cancer/os_5yr/LSCC/repeat_00_fold_03/tabpfn_v2/test_predictions.csv,,,
per_cancer,os_5yr,LSCC,0,3,tabpfn_v2_5,180,45,56,success,0.7999209761619568,validation split balanced accuracy,0.23464834699916537,4.68808548800007,0.5178571428571429,0.6154970760233918,0.49056603773584906,0.34210526315789475,0.8888888888888888,0.6038011695906432,0.8073586647516618,0.6143249229421465,0.21424302478453944,/opt/tabr1_results/per_cancer/os_5yr/LSCC/repeat_00_fold_03/tabpfn_v2_5/test_predictions.csv,,,
per_cancer,os_5yr,LSCC,0,3,tabpfn_v2_6,180,45,56,success,0.7678683996200562,validation split balanced accuracy,0.2908750440001313,4.856707702998392,0.44642857142857145,0.5190058479532164,0.43636363636363634,0.3157894736842105,0.7222222222222222,0.546783625730994,0.7704091664313696,0.6147694800583344,0.21738384508580985,/opt/tabr1_results/per_cancer/os_5yr/LSCC/repeat_00_fold_03/tabpfn_v2_6/test_predictions.csv,,,
per_cancer,os_5yr,LSCC,0,3,tabpfn_v3,180,45,56,success,0.77215975522995,validation split balanced accuracy,0.5181041899995762,4.51148445599938,0.44642857142857145,0.5482456140350878,0.39215686274509803,0.2631578947368421,0.8333333333333334,0.5979532163742691,0.7972592971510972,0.6073407240972043,0.2134941475658498,/opt/tabr1_results/per_cancer/os_5yr/LSCC/repeat_00_fold_03/tabpfn_v3/test_predictions.csv,,,
per_cancer,os_5yr,LSCC,0,3,tabfm_default,180,45,56,success,0.7861854434013367,validation split balanced accuracy,0.012683165001362795,2.4175559529994644,0.5357142857142857,0.6140350877192983,0.5357142857142857,0.39473684210526316,0.8333333333333334,0.5716374269005848,0.7956190725490332,0.6447937394270771,0.2300284497195913,/opt/tabr1_results/per_cancer/os_5yr/LSCC/repeat_00_fold_03/tabfm_default/test_predictions.csv,,,
per_cancer,os_5yr,LSCC,0,3,autogluon,180,45,56,success,0.9689993262290955,validation split balanced accuracy,4.017318981001154,0.017160825000246405,0.44642857142857145,0.5921052631578947,0.3111111111111111,0.18421052631578946,1.0,0.7222222222222223,0.8750846062778309,0.62557852962241,0.21725213363019888,/opt/tabr1_results/per_cancer/os_5yr/LSCC/repeat_00_fold_03/autogluon/test_predictions.csv,,,
per_cancer,os_5yr,LSCC,0,4,tabpfn_v2,180,45,56,success,0.6826380491256714,validation split balanced accuracy,0.2290734620000876,3.0733469059996423,0.6071428571428571,0.6125,0.6857142857142857,0.6,0.625,0.6390625000000001,0.8175741314511494,0.5747852379963082,0.1956772314482867,/opt/tabr1_results/per_cancer/os_5yr/LSCC/repeat_00_fold_04/tabpfn_v2/test_predictions.csv,,,
per_cancer,os_5yr,LSCC,0,4,tabpfn_v2_5,180,45,56,success,0.7120895385742188,validation split balanced accuracy,0.24346500499996182,4.593388093999238,0.48214285714285715,0.58125,0.49122807017543857,0.35,0.8125,0.684375,0.8510622058558996,0.5651605952702624,0.19187938234071314,/opt/tabr1_results/per_cancer/os_5yr/LSCC/repeat_00_fold_04/tabpfn_v2_5/test_predictions.csv,,,
per_cancer,os_5yr,LSCC,0,4,tabpfn_v2_6,180,45,56,success,0.7050104141235352,validation split balanced accuracy,0.3128179569994245,4.8213327409994235,0.48214285714285715,0.5625,0.5084745762711864,0.375,0.75,0.6515625,0.8290543834837393,0.5630007278026355,0.19297123767288976,/opt/tabr1_results/per_cancer/os_5yr/LSCC/repeat_00_fold_04/tabpfn_v2_6/test_predictions.csv,,,
per_cancer,os_5yr,LSCC,0,4,tabpfn_v3,180,45,56,success,0.7151126861572266,validation split balanced accuracy,0.5621928259988636,4.454308628000945,0.44642857142857145,0.59375,0.39215686274509803,0.25,0.9375,0.6749999999999999,0.8512461623822902,0.5707811512524545,0.19448273816141512,/opt/tabr1_results/per_cancer/os_5yr/LSCC/repeat_00_fold_04/tabpfn_v3/test_predictions.csv,,,
per_cancer,os_5yr,LSCC,0,4,tabfm_default,180,45,56,success,0.6933807134628296,validation split balanced accuracy,0.012951235999935307,2.3938892440000927,0.5,0.59375,0.5172413793103449,0.375,0.8125,0.6820312500000001,0.8439934359190054,0.561398859212251,0.19052620059611497,/opt/tabr1_results/per_cancer/os_5yr/LSCC/repeat_00_fold_04/tabfm_default/test_predictions.csv,,,
per_cancer,os_5yr,LSCC,0,4,autogluon,180,45,56,success,0.5635979771614075,validation split balanced accuracy,3.624573519999103,0.0056235629999719094,0.6964285714285714,0.50625,0.8172043010752689,0.95,0.0625,0.6218750000000001,0.8297587811886561,0.5836705734007933,0.19842313522655589,/opt/tabr1_results/per_cancer/os_5yr/LSCC/repeat_00_fold_04/autogluon/test_predictions.csv,,,
per_cancer,os_5yr,LSCC,1,0,tabpfn_v2,179,45,57,success,0.7057936191558838,validation split balanced accuracy,0.18045139800051402,4.521324403000108,0.47368421052631576,0.5769817073170732,0.4827586206896552,0.34146341463414637,0.8125,0.6204268292682926,0.8249400812007518,0.5766682987233651,0.19679310172739,/opt/tabr1_results/per_cancer/os_5yr/LSCC/repeat_01_fold_00/tabpfn_v2/test_predictions.csv,,,
per_cancer,os_5yr,LSCC,1,0,tabpfn_v2_5,179,45,57,success,0.7364462614059448,validation split balanced accuracy,0.232404492000569,4.925148452999565,0.543859649122807,0.6067073170731707,0.59375,0.4634146341463415,0.75,0.5701219512195123,0.8144669664110641,0.5887148280354082,0.20193697677847972,/opt/tabr1_results/per_cancer/os_5yr/LSCC/repeat_01_fold_00/tabpfn_v2_5/test_predictions.csv,,,
per_cancer,os_5yr,LSCC,1,0,tabpfn_v2_6,179,45,57,success,0.7622030973434448,validation split balanced accuracy,0.2886280229995464,4.736670604999745,0.42105263157894735,0.5594512195121951,0.37735849056603776,0.24390243902439024,0.875,0.676829268292683,0.8456201488736472,0.553563236700587,0.1902612079153358,/opt/tabr1_results/per_cancer/os_5yr/LSCC/repeat_01_fold_00/tabpfn_v2_6/test_predictions.csv,,,
per_cancer,os_5yr,LSCC,1,0,tabpfn_v3,179,45,57,success,0.6802688837051392,validation split balanced accuracy,0.4640200680005364,4.485525006999524,0.6140350877192983,0.5030487804878049,0.7380952380952381,0.7560975609756098,0.25,0.6158536585365855,0.8344360088395455,0.5656351526677712,0.19457212519665926,/opt/tabr1_results/per_cancer/os_5yr/LSCC/repeat_01_fold_00/tabpfn_v3/test_predictions.csv,,,
per_cancer,os_5yr,LSCC,1,0,tabfm_default,179,45,57,success,0.7255622148513794,validation split balanced accuracy,0.012913061000290327,2.5809972859988193,0.5263157894736842,0.5182926829268293,0.6197183098591549,0.5365853658536586,0.5,0.5487804878048781,0.7958156243438939,0.5931300252559528,0.2049645809748714,/opt/tabr1_results/per_cancer/os_5yr/LSCC/repeat_01_fold_00/tabfm_default/test_predictions.csv,,,
per_cancer,os_5yr,LSCC,1,0,autogluon,179,45,57,success,0.7749027013778687,validation split balanced accuracy,3.995273131000431,0.0057083600004261825,0.5087719298245614,0.5823170731707317,0.5483870967741935,0.4146341463414634,0.75,0.6478658536585367,0.8417823138501738,0.5556745035115197,0.18960754974316765,/opt/tabr1_results/per_cancer/os_5yr/LSCC/repeat_01_fold_00/autogluon/test_predictions.csv,,,
per_cancer,os_5yr,LSCC,1,1,tabpfn_v2,180,45,56,success,0.7532142996788025,validation split balanced accuracy,0.230117971999789,3.070073778999358,0.5,0.5912518853695324,0.5,0.358974358974359,0.8235294117647058,0.5641025641025641,0.7815409500885073,0.6036835250195602,0.21020535626316578,/opt/tabr1_results/per_cancer/os_5yr/LSCC/repeat_01_fold_01/tabpfn_v2/test_predictions.csv,,,
per_cancer,os_5yr,LSCC,1,1,tabpfn_v2_5,180,45,56,success,0.6159898638725281,validation split balanced accuracy,0.2446071979993576,4.705144124000071,0.6785714285714286,0.5037707390648567,0.8043478260869565,0.9487179487179487,0.058823529411764705,0.5369532428355958,0.770683927139418,0.6151758368284702,0.2135628254986817,/opt/tabr1_results/per_cancer/os_5yr/LSCC/repeat_01_fold_01/tabpfn_v2_5/test_predictions.csv,,,
per_cancer,os_5yr,LSCC,1,1,tabpfn_v2_6,180,45,56,success,0.7012538313865662,validation split balanced accuracy,0.31194729700109747,5.087630459000138,0.5178571428571429,0.471342383107089,0.6301369863013698,0.5897435897435898,0.35294117647058826,0.47058823529411764,0.6960374622617425,0.6358690378559206,0.22091403007024304,/opt/tabr1_results/per_cancer/os_5yr/LSCC/repeat_01_fold_01/tabpfn_v2_6/test_predictions.csv,,,
per_cancer,os_5yr,LSCC,1,1,tabpfn_v3,180,45,56,success,0.7482305765151978,validation split balanced accuracy,0.5633723189985176,4.488922067999738,0.5357142857142857,0.55052790346908,0.6060606060606061,0.5128205128205128,0.5882352941176471,0.5384615384615384,0.7632556898876588,0.6095073385617255,0.2118331856916807,/opt/tabr1_results/per_cancer/os_5yr/LSCC/repeat_01_fold_01/tabpfn_v3/test_predictions.csv,,,
per_cancer,os_5yr,LSCC,1,1,tabfm_default,180,45,56,success,0.7220917344093323,validation split balanced accuracy,0.013009026999498019,2.6265497080003115,0.5535714285714286,0.5135746606334841,0.6575342465753424,0.6153846153846154,0.4117647058823529,0.5279034690799397,0.7623971650601016,0.6050678435427734,0.2113929025747299,/opt/tabr1_results/per_cancer/os_5yr/LSCC/repeat_01_fold_01/tabfm_default/test_predictions.csv,,,
per_cancer,os_5yr,LSCC,1,1,autogluon,180,45,56,success,0.6784337162971497,validation split balanced accuracy,3.711932380001599,0.017527072999655502,0.5535714285714286,0.48039215686274506,0.6753246753246753,0.6666666666666666,0.29411764705882354,0.5331825037707391,0.7528183285752216,0.630532217234518,0.21692340038724053,/opt/tabr1_results/per_cancer/os_5yr/LSCC/repeat_01_fold_01/autogluon/test_predictions.csv,,,
per_cancer,os_5yr,LSCC,1,2,tabpfn_v2,180,45,56,success,0.6654716730117798,validation split balanced accuracy,0.1811278900004254,4.6277841060000355,0.6785714285714286,0.60625,0.775,0.775,0.4375,0.73125,0.8470175568360379,0.6082037718071798,0.1937806224156063,/opt/tabr1_results/per_cancer/os_5yr/LSCC/repeat_01_fold_02/tabpfn_v2/test_predictions.csv,,,
per_cancer,os_5yr,LSCC,1,2,tabpfn_v2_5,180,45,56,success,0.6876474022865295,validation split balanced accuracy,0.2318999299986899,4.811847121000028,0.7142857142857143,0.70625,0.7837837837837838,0.725,0.6875,0.7546875,0.8592668804942771,0.5994573370969533,0.1965213832884373,/opt/tabr1_results/per_cancer/os_5yr/LSCC/repeat_01_fold_02/tabpfn_v2_5/test_predictions.csv,,,
per_cancer,os_5yr,LSCC,1,2,tabpfn_v2_6,180,45,56,success,0.7668748497962952,validation split balanced accuracy,0.287684586000978,5.218637588999627,0.4642857142857143,0.60625,0.4230769230769231,0.275,0.9375,0.7078125,0.8252752327836621,0.751463210550229,0.190006096421159,/opt/tabr1_results/per_cancer/os_5yr/LSCC/repeat_01_fold_02/tabpfn_v2_6/test_predictions.csv,,,
per_cancer,os_5yr,LSCC,1,2,tabpfn_v3,180,45,56,success,0.7106589674949646,validation split balanced accuracy,0.5168995980002364,4.46217086300021,0.5535714285714286,0.65,0.576271186440678,0.425,0.875,0.6859375000000001,0.8296995831222542,0.7371069732647465,0.20070237707511993,/opt/tabr1_results/per_cancer/os_5yr/LSCC/repeat_01_fold_02/tabpfn_v3/test_predictions.csv,,,
per_cancer,os_5yr,LSCC,1,2,tabfm_default,180,45,56,success,0.715070366859436,validation split balanced accuracy,0.012958224999238155,2.432556465999369,0.5178571428571429,0.56875,0.5714285714285714,0.45,0.6875,0.6015625,0.7857079076974174,0.6532771754273241,0.20039287744707562,/opt/tabr1_results/per_cancer/os_5yr/LSCC/repeat_01_fold_02/tabfm_default/test_predictions.csv,,,
per_cancer,os_5yr,LSCC,1,2,autogluon,180,45,56,success,0.8757786154747009,validation split balanced accuracy,4.029359920001298,0.00592181199863262,0.39285714285714285,0.51875,0.34615384615384615,0.225,0.8125,0.5078125,0.7386666116941454,0.6706150936894222,0.23001474117540135,/opt/tabr1_results/per_cancer/os_5yr/LSCC/repeat_01_fold_02/autogluon/test_predictions.csv,,,
per_cancer,os_5yr,LSCC,1,3,tabpfn_v2,180,45,56,success,0.6988056898117065,validation split balanced accuracy,0.2258021870002267,3.4982197739991534,0.5178571428571429,0.45625,0.64,0.6,0.3125,0.546875,0.817346929239847,0.576863499101958,0.1977114929544545,/opt/tabr1_results/per_cancer/os_5yr/LSCC/repeat_01_fold_03/tabpfn_v2/test_predictions.csv,,,
per_cancer,os_5yr,LSCC,1,3,tabpfn_v2_5,180,45,56,success,0.7353951930999756,validation split balanced accuracy,0.2436459479995392,4.792686908998803,0.5892857142857143,0.61875,0.6567164179104478,0.55,0.6875,0.5875,0.8435839827888411,0.5778023375894927,0.19854538100650285,/opt/tabr1_results/per_cancer/os_5yr/LSCC/repeat_01_fold_03/tabpfn_v2_5/test_predictions.csv,,,
per_cancer,os_5yr,LSCC,1,3,tabpfn_v2_6,180,45,56,success,0.7058505415916443,validation split balanced accuracy,0.31495474700022896,5.100122165000357,0.48214285714285715,0.50625,0.5538461538461539,0.45,0.5625,0.47968750000000004,0.7590531869066778,0.5888792659747152,0.20495486367403684,/opt/tabr1_results/per_cancer/os_5yr/LSCC/repeat_01_fold_03/tabpfn_v2_6/test_predictions.csv,,,
per_cancer,os_5yr,LSCC,1,3,tabpfn_v3,180,45,56,success,0.7180640697479248,validation split balanced accuracy,0.5597818969999935,4.484993490999841,0.5535714285714286,0.51875,0.6575342465753424,0.6,0.4375,0.615625,0.8458158576232095,0.5727003787073056,0.19652006810010178,/opt/tabr1_results/per_cancer/os_5yr/LSCC/repeat_01_fold_03/tabpfn_v3/test_predictions.csv,,,
per_cancer,os_5yr,LSCC,1,3,tabfm_default,180,45,56,success,0.722091794013977,validation split balanced accuracy,0.012873671999841463,2.678320175000408,0.5178571428571429,0.4375,0.6493506493506493,0.625,0.25,0.6203125,0.8531953601197887,0.5678077540959101,0.19517596302587364,/opt/tabr1_results/per_cancer/os_5yr/LSCC/repeat_01_fold_03/tabfm_default/test_predictions.csv,,,
per_cancer,os_5yr,LSCC,1,3,autogluon,180,45,56,success,0.7015641331672668,validation split balanced accuracy,3.6838426730009814,0.0059519749993341975,0.5892857142857143,0.54375,0.6933333333333334,0.65,0.4375,0.6140625000000001,0.8014330882224981,0.5979326668507836,0.20595169649766287,/opt/tabr1_results/per_cancer/os_5yr/LSCC/repeat_01_fold_03/autogluon/test_predictions.csv,,,
per_cancer,os_5yr,LSCC,1,4,tabpfn_v2,180,45,56,success,0.6715428233146667,validation split balanced accuracy,0.2305498620007711,3.0519317849993968,0.625,0.5814479638009049,0.72,0.6923076923076923,0.47058823529411764,0.6003016591251886,0.7904979424553995,0.5890445279895721,0.20270100768246588,/opt/tabr1_results/per_cancer/os_5yr/LSCC/repeat_01_fold_04/tabpfn_v2/test_predictions.csv,,,
per_cancer,os_5yr,LSCC,1,4,tabpfn_v2_5,180,45,56,success,0.7339484095573425,validation split balanced accuracy,0.27048186299907684,4.945205560999966,0.5357142857142857,0.6003016591251885,0.5666666666666667,0.4358974358974359,0.7647058823529411,0.6214177978883861,0.8042154873916476,0.5865846687214249,0.20186549889075348,/opt/tabr1_results/per_cancer/os_5yr/LSCC/repeat_01_fold_04/tabpfn_v2_5/test_predictions.csv,,,
per_cancer,os_5yr,LSCC,1,4,tabpfn_v2_6,180,45,56,success,0.680520236492157,validation split balanced accuracy,0.316753320999851,4.860683855000389,0.6607142857142857,0.6236802413273002,0.7466666666666667,0.717948717948718,0.5294117647058824,0.6530920060331825,0.8330343742228515,0.573624244690328,0.19890231777727463,/opt/tabr1_results/per_cancer/os_5yr/LSCC/repeat_01_fold_04/tabpfn_v2_6/test_predictions.csv,,,
per_cancer,os_5yr,LSCC,1,4,tabpfn_v3,180,45,56,success,0.6891003847122192,validation split balanced accuracy,0.5656493130009039,4.528416204000678,0.6428571428571429,0.6108597285067874,0.7297297297297297,0.6923076923076923,0.5294117647058824,0.6063348416289592,0.7896103247437998,0.5873976252013026,0.20262700797243097,/opt/tabr1_results/per_cancer/os_5yr/LSCC/repeat_01_fold_04/tabpfn_v3/test_predictions.csv,,,
per_cancer,os_5yr,LSCC,1,4,tabfm_default,180,45,56,success,0.7007128000259399,validation split balanced accuracy,0.012909107999803382,2.8325600610005495,0.5535714285714286,0.5633484162895928,0.6268656716417911,0.5384615384615384,0.5882352941176471,0.6003016591251885,0.8011902930438581,0.5925217711473699,0.20579003119453335,/opt/tabr1_results/per_cancer/os_5yr/LSCC/repeat_01_fold_04/tabfm_default/test_predictions.csv,,,
per_cancer,os_5yr,LSCC,1,4,autogluon,180,45,56,success,0.7463822364807129,validation split balanced accuracy,3.674819286999991,0.005592487001194968,0.48214285714285715,0.528657616892911,0.5245901639344263,0.41025641025641024,0.6470588235294118,0.5580693815987934,0.7866946908762021,0.62404053141557,0.21655195653608272,/opt/tabr1_results/per_cancer/os_5yr/LSCC/repeat_01_fold_04/autogluon/test_predictions.csv,,,
per_cancer,os_5yr,LSCC,2,0,tabpfn_v2,180,45,56,success,0.7013669013977051,validation split balanced accuracy,0.22307124899998598,3.45390480199967,0.44642857142857145,0.4880952380952381,0.5230769230769231,0.40476190476190477,0.5714285714285714,0.5442176870748299,0.8160145055241698,0.5504120308942319,0.1844647164423559,/opt/tabr1_results/per_cancer/os_5yr/LSCC/repeat_02_fold_00/tabpfn_v2/test_predictions.csv,,,
per_cancer,os_5yr,LSCC,2,0,tabpfn_v2_5,180,45,56,success,0.6956393718719482,validation split balanced accuracy,0.2683844120001595,4.763416613001027,0.5,0.42857142857142855,0.631578947368421,0.5714285714285714,0.2857142857142857,0.5408163265306123,0.830321904449937,0.5479965823125067,0.18386129359695566,/opt/tabr1_results/per_cancer/os_5yr/LSCC/repeat_02_fold_00/tabpfn_v2_5/test_predictions.csv,,,
per_cancer,os_5yr,LSCC,2,0,tabpfn_v2_6,180,45,56,success,0.6867370009422302,validation split balanced accuracy,0.310708502000125,4.99202510899886,0.6428571428571429,0.5714285714285714,0.75,0.7142857142857143,0.42857142857142855,0.6071428571428572,0.8436272722698649,0.5456070586557126,0.1824813167822037,/opt/tabr1_results/per_cancer/os_5yr/LSCC/repeat_02_fold_00/tabpfn_v2_6/test_predictions.csv,,,
per_cancer,os_5yr,LSCC,2,0,tabpfn_v3,180,45,56,success,0.6919165253639221,validation split balanced accuracy,0.5599945630001457,4.45229238399952,0.5535714285714286,0.5119047619047619,0.6666666666666666,0.5952380952380952,0.42857142857142855,0.5935374149659864,0.8384271356824586,0.5530623599404161,0.18471791716597416,/opt/tabr1_results/per_cancer/os_5yr/LSCC/repeat_02_fold_00/tabpfn_v3/test_predictions.csv,,,
per_cancer,os_5yr,LSCC,2,0,tabfm_default,180,45,56,success,0.7115200757980347,validation split balanced accuracy,0.012890017998870462,2.6303465040000447,0.5178571428571429,0.5357142857142857,0.6086956521739131,0.5,0.5714285714285714,0.5433673469387755,0.8037103173542103,0.5520853243724588,0.18689509653492012,/opt/tabr1_results/per_cancer/os_5yr/LSCC/repeat_02_fold_00/tabfm_default/test_predictions.csv,,,
per_cancer,os_5yr,LSCC,2,0,autogluon,180,45,56,success,0.7091003060340881,validation split balanced accuracy,3.6182305889997224,0.005570614999669488,0.5892857142857143,0.4642857142857143,0.7228915662650602,0.7142857142857143,0.21428571428571427,0.4812925170068027,0.7458679531850264,0.5670197845424656,0.18938344578502944,/opt/tabr1_results/per_cancer/os_5yr/LSCC/repeat_02_fold_00/autogluon/test_predictions.csv,,,
per_cancer,os_5yr,LSCC,2,1,tabpfn_v2,179,45,57,success,0.685257077217102,validation split balanced accuracy,0.18034000199986622,4.472508206999919,0.6491228070175439,0.5526315789473684,0.7619047619047619,0.8421052631578947,0.2631578947368421,0.6301939058171746,0.7965490705809438,0.6266098257831744,0.21952847928241206,/opt/tabr1_results/per_cancer/os_5yr/LSCC/repeat_02_fold_01/tabpfn_v2/test_predictions.csv,,,
per_cancer,os_5yr,LSCC,2,1,tabpfn_v2_5,179,45,57,success,0.7041133046150208,validation split balanced accuracy,0.23271373600073275,4.762231481001436,0.5964912280701754,0.5263157894736842,0.7088607594936709,0.7368421052631579,0.3157894736842105,0.590027700831025,0.7573156338230189,0.6397457178387587,0.22342403874919214,/opt/tabr1_results/per_cancer/os_5yr/LSCC/repeat_02_fold_01/tabpfn_v2_5/test_predictions.csv,,,
per_cancer,os_5yr,LSCC,2,1,tabpfn_v2_6,179,45,57,success,0.7746562957763672,validation split balanced accuracy,0.2880135249997693,4.812561270000515,0.5263157894736842,0.5526315789473684,0.5714285714285714,0.47368421052631576,0.631578947368421,0.5983379501385042,0.7623451893376822,0.6344029716775238,0.22356876455863223,/opt/tabr1_results/per_cancer/os_5yr/LSCC/repeat_02_fold_01/tabpfn_v2_6/test_predictions.csv,,,
per_cancer,os_5yr,LSCC,2,1,tabpfn_v3,179,45,57,success,0.6725392937660217,validation split balanced accuracy,0.513485216000845,4.509263005000321,0.6491228070175439,0.5263157894736842,0.7727272727272727,0.8947368421052632,0.15789473684210525,0.6218836565096953,0.7916661616699758,0.6193133071098862,0.21903846396669235,/opt/tabr1_results/per_cancer/os_5yr/LSCC/repeat_02_fold_01/tabpfn_v3/test_predictions.csv,,,
per_cancer,os_5yr,LSCC,2,1,tabfm_default,179,45,57,success,0.6821974515914917,validation split balanced accuracy,0.012809972999093588,2.562859096000466,0.6666666666666666,0.5921052631578947,0.7654320987654321,0.8157894736842105,0.3684210526315789,0.6101108033240997,0.7817846244550539,0.6455514138488845,0.2241549272419189,/opt/tabr1_results/per_cancer/os_5yr/LSCC/repeat_02_fold_01/tabfm_default/test_predictions.csv,,,
per_cancer,os_5yr,LSCC,2,1,autogluon,179,45,57,success,0.6101475358009338,validation split balanced accuracy,4.041389252999579,0.005321509999703267,0.6666666666666666,0.5394736842105263,0.7865168539325843,0.9210526315789473,0.15789473684210525,0.5983379501385042,0.773898547381721,0.6378876980701277,0.22313219751787242,/opt/tabr1_results/per_cancer/os_5yr/LSCC/repeat_02_fold_01/autogluon/test_predictions.csv,,,
per_cancer,os_5yr,LSCC,2,2,tabpfn_v2,180,45,56,success,0.6929936408996582,validation split balanced accuracy,0.22592686099960702,3.442071602999931,0.4642857142857143,0.5495934959349593,0.5,0.36585365853658536,0.7333333333333333,0.5813008130081301,0.7743078258816956,0.6241476905225782,0.1998006244105712,/opt/tabr1_results/per_cancer/os_5yr/LSCC/repeat_02_fold_02/tabpfn_v2/test_predictions.csv,,,
per_cancer,os_5yr,LSCC,2,2,tabpfn_v2_5,180,45,56,success,0.7245723605155945,validation split balanced accuracy,0.2432585360002122,4.702906982000059,0.4107142857142857,0.5130081300813008,0.42105263157894735,0.2926829268292683,0.7333333333333333,0.6398373983739837,0.8051809030403345,0.6138621211450158,0.19534192166304828,/opt/tabr1_results/per_cancer/os_5yr/LSCC/repeat_02_fold_02/tabpfn_v2_5/test_predictions.csv,,,
per_cancer,os_5yr,LSCC,2,2,tabpfn_v2_6,180,45,56,success,0.7258403301239014,validation split balanced accuracy,0.3129625669989764,4.933519349999187,0.4642857142857143,0.5707317073170732,0.4827586206896552,0.34146341463414637,0.8,0.6528455284552845,0.8029093098998175,0.661375071419787,0.18958459906655967,/opt/tabr1_results/per_cancer/os_5yr/LSCC/repeat_02_fold_02/tabpfn_v2_6/test_predictions.csv,,,
per_cancer,os_5yr,LSCC,2,2,tabpfn_v3,180,45,56,success,0.6868172883987427,validation split balanced accuracy,0.5617730989997654,4.500161535001098,0.6428571428571429,0.6504065040650406,0.7222222222222222,0.6341463414634146,0.6666666666666666,0.634959349593496,0.7979606040917431,0.6557161220255876,0.19765526334440311,/opt/tabr1_results/per_cancer/os_5yr/LSCC/repeat_02_fold_02/tabpfn_v3/test_predictions.csv,,,
per_cancer,os_5yr,LSCC,2,2,tabfm_default,180,45,56,success,0.7115200161933899,validation split balanced accuracy,0.012806540999008575,2.414112401998864,0.4642857142857143,0.5073170731707317,0.53125,0.4146341463414634,0.6,0.5682926829268292,0.757053361253446,0.6617705241739179,0.2061045812803314,/opt/tabr1_results/per_cancer/os_5yr/LSCC/repeat_02_fold_02/tabfm_default/test_predictions.csv,,,
per_cancer,os_5yr,LSCC,2,2,autogluon,180,45,56,success,0.7388968467712402,validation split balanced accuracy,3.8107560249991366,0.006255624000914395,0.44642857142857145,0.516260162601626,0.4918032786885246,0.36585365853658536,0.6666666666666666,0.556910569105691,0.7699089122847989,0.6067738735972025,0.20666213912820325,/opt/tabr1_results/per_cancer/os_5yr/LSCC/repeat_02_fold_02/autogluon/test_predictions.csv,,,
per_cancer,os_5yr,LSCC,2,3,tabpfn_v2,180,45,56,success,0.7110076546669006,validation split balanced accuracy,0.21036571999866283,3.036325941000541,0.5,0.5877192982456141,0.48148148148148145,0.34210526315789475,0.8333333333333334,0.7236842105263158,0.8454264342355565,0.6046822747132151,0.21036859781817524,/opt/tabr1_results/per_cancer/os_5yr/LSCC/repeat_02_fold_03/tabpfn_v2/test_predictions.csv,,,
per_cancer,os_5yr,LSCC,2,3,tabpfn_v2_5,180,45,56,success,0.6695471405982971,validation split balanced accuracy,0.24273950400129252,4.5903599619996385,0.6607142857142857,0.5160818713450293,0.7865168539325843,0.9210526315789473,0.1111111111111111,0.6622807017543859,0.832946627736858,0.6002435502735816,0.20871594733042972,/opt/tabr1_results/per_cancer/os_5yr/LSCC/repeat_02_fold_03/tabpfn_v2_5/test_predictions.csv,,,
per_cancer,os_5yr,LSCC,2,3,tabpfn_v2_6,180,45,56,success,0.6727813482284546,validation split balanced accuracy,0.31733081800121,5.071317896999972,0.6964285714285714,0.5862573099415205,0.8,0.8947368421052632,0.2777777777777778,0.7558479532163743,0.8661418290660968,0.5771521328718017,0.20193177963166425,/opt/tabr1_results/per_cancer/os_5yr/LSCC/repeat_02_fold_03/tabpfn_v2_6/test_predictions.csv,,,
per_cancer,os_5yr,LSCC,2,3,tabpfn_v3,180,45,56,success,0.6657232046127319,validation split balanced accuracy,0.5656505269998888,4.5395756010002515,0.6607142857142857,0.4868421052631579,0.7956989247311828,0.9736842105263158,0.0,0.7119883040935673,0.8603214920610422,0.5957242069060704,0.20667471679641577,/opt/tabr1_results/per_cancer/os_5yr/LSCC/repeat_02_fold_03/tabpfn_v3/test_predictions.csv,,,
per_cancer,os_5yr,LSCC,2,3,tabfm_default,180,45,56,success,0.7772998809814453,validation split balanced accuracy,0.012788501999239088,2.445681961000446,0.4107142857142857,0.5657894736842105,0.23255813953488372,0.13157894736842105,1.0,0.6038011695906432,0.7740544570024488,0.6115428436411862,0.21387975765674025,/opt/tabr1_results/per_cancer/os_5yr/LSCC/repeat_02_fold_03/tabfm_default/test_predictions.csv,,,
per_cancer,os_5yr,LSCC,2,3,autogluon,180,45,56,success,0.7696351408958435,validation split balanced accuracy,3.7748332060000394,0.010829176999322954,0.4107142857142857,0.4780701754385965,0.4,0.2894736842105263,0.6666666666666666,0.4883040935672515,0.7189604437565115,0.6527457742008911,0.2298547152618659,/opt/tabr1_results/per_cancer/os_5yr/LSCC/repeat_02_fold_03/autogluon/test_predictions.csv,,,
per_cancer,os_5yr,LSCC,2,4,tabpfn_v2,180,45,56,success,0.6960750818252563,validation split balanced accuracy,0.221808352998778,3.4471994480009016,0.6964285714285714,0.5625,0.8045977011494253,0.875,0.25,0.5171875,0.7536551893736558,0.5796253049492642,0.19861501015142569,/opt/tabr1_results/per_cancer/os_5yr/LSCC/repeat_02_fold_04/tabpfn_v2/test_predictions.csv,,,
per_cancer,os_5yr,LSCC,2,4,tabpfn_v2_5,180,45,56,success,0.7097252607345581,validation split balanced accuracy,0.2674920839999686,4.697188823000033,0.5,0.48125,0.6,0.525,0.4375,0.453125,0.7526415073471332,0.5815367303705353,0.1994181445776004,/opt/tabr1_results/per_cancer/os_5yr/LSCC/repeat_02_fold_04/tabpfn_v2_5/test_predictions.csv,,,
per_cancer,os_5yr,LSCC,2,4,tabpfn_v2_6,180,45,56,success,0.709160566329956,validation split balanced accuracy,0.3091081689999555,5.076721625999198,0.5178571428571429,0.4,0.6666666666666666,0.675,0.125,0.459375,0.7469308557130878,0.5923084001190152,0.20610019527453613,/opt/tabr1_results/per_cancer/os_5yr/LSCC/repeat_02_fold_04/tabpfn_v2_6/test_predictions.csv,,,
per_cancer,os_5yr,LSCC,2,4,tabpfn_v3,180,45,56,success,0.7275804281234741,validation split balanced accuracy,0.558203564998621,4.391950060000454,0.35714285714285715,0.4,0.4,0.3,0.5,0.44062500000000004,0.7255662223843018,0.5850039234950081,0.20084492928726583,/opt/tabr1_results/per_cancer/os_5yr/LSCC/repeat_02_fold_04/tabpfn_v3/test_predictions.csv,,,
per_cancer,os_5yr,LSCC,2,4,tabfm_default,180,45,56,success,0.9349253177642822,validation split balanced accuracy,0.012682425998718827,2.822292978000405,0.375,0.5625,0.2222222222222222,0.125,1.0,0.43828124999999996,0.7383691961633138,0.6038183251088246,0.20960360599242842,/opt/tabr1_results/per_cancer/os_5yr/LSCC/repeat_02_fold_04/tabfm_default/test_predictions.csv,,,
per_cancer,os_5yr,LSCC,2,4,autogluon,180,45,56,success,0.6729618906974792,validation split balanced accuracy,3.6240877630007162,0.040474432998962584,0.5178571428571429,0.49375,0.6197183098591549,0.55,0.4375,0.5218750000000001,0.779713830246687,0.5690246737249572,0.19712580771415608,/opt/tabr1_results/per_cancer/os_5yr/LSCC/repeat_02_fold_04/autogluon/test_predictions.csv,,,
per_cancer,os_5yr,LSCC,3,0,tabpfn_v2,179,45,57,success,0.6976736187934875,validation split balanced accuracy,0.23018157499973313,3.2251837700005126,0.47368421052631576,0.46940559440559443,0.5833333333333334,0.4772727272727273,0.46153846153846156,0.4195804195804196,0.7850973259680792,0.5490582112159881,0.1835942744093475,/opt/tabr1_results/per_cancer/os_5yr/LSCC/repeat_03_fold_00/tabpfn_v2/test_predictions.csv,,,
per_cancer,os_5yr,LSCC,3,0,tabpfn_v2_5,179,45,57,success,0.6548744440078735,validation split balanced accuracy,0.27372961299988674,4.946528078999108,0.6140350877192983,0.4248251748251748,0.7555555555555555,0.7727272727272727,0.07692307692307693,0.42132867132867136,0.7810725473197507,0.558533682139754,0.18760798203191478,/opt/tabr1_results/per_cancer/os_5yr/LSCC/repeat_03_fold_00/tabpfn_v2_5/test_predictions.csv,,,
per_cancer,os_5yr,LSCC,3,0,tabpfn_v2_6,179,45,57,success,0.6849203109741211,validation split balanced accuracy,0.31858938099867373,5.050484765999499,0.5964912280701754,0.49475524475524474,0.7228915662650602,0.6818181818181818,0.3076923076923077,0.4807692307692307,0.8190395083395211,0.5453150633730152,0.18427489744349917,/opt/tabr1_results/per_cancer/os_5yr/LSCC/repeat_03_fold_00/tabpfn_v2_6/test_predictions.csv,,,
per_cancer,os_5yr,LSCC,3,0,tabpfn_v3,179,45,57,success,0.7037197351455688,validation split balanced accuracy,0.5416126119998808,4.5463928259996464,0.49122807017543857,0.45367132867132864,0.6133333333333333,0.5227272727272727,0.38461538461538464,0.4895104895104895,0.8135929395334404,0.557666839580119,0.18736632609184556,/opt/tabr1_results/per_cancer/os_5yr/LSCC/repeat_03_fold_00/tabpfn_v3/test_predictions.csv,,,
per_cancer,os_5yr,LSCC,3,0,tabfm_default,179,45,57,success,0.685949444770813,validation split balanced accuracy,0.012907238000479992,2.4321449590006523,0.5964912280701754,0.4676573426573427,0.7294117647058823,0.7045454545454546,0.23076923076923078,0.41346153846153844,0.782014959804684,0.5447543558655409,0.18287614198065777,/opt/tabr1_results/per_cancer/os_5yr/LSCC/repeat_03_fold_00/tabfm_default/test_predictions.csv,,,
per_cancer,os_5yr,LSCC,3,0,autogluon,179,45,57,success,0.7043084502220154,validation split balanced accuracy,3.641102067000247,0.005471754000609508,0.6140350877192983,0.5332167832167832,0.7317073170731707,0.6818181818181818,0.38461538461538464,0.590034965034965,0.8222260994830567,0.5464034402279021,0.1797685965653906,/opt/tabr1_results/per_cancer/os_5yr/LSCC/repeat_03_fold_00/autogluon/test_predictions.csv,,,
per_cancer,os_5yr,LSCC,3,1,tabpfn_v2,180,45,56,success,0.742822527885437,validation split balanced accuracy,0.200948038000206,4.126738322000165,0.5714285714285714,0.5988620199146515,0.6129032258064516,0.5135135135135135,0.6842105263157895,0.6073968705547654,0.7740571507574046,0.6162289591133261,0.21817136151782965,/opt/tabr1_results/per_cancer/os_5yr/LSCC/repeat_03_fold_01/tabpfn_v2/test_predictions.csv,,,
per_cancer,os_5yr,LSCC,3,1,tabpfn_v2_5,180,45,56,success,0.7569352984428406,validation split balanced accuracy,0.23816275500030315,4.62936368299961,0.5,0.5448079658605974,0.5172413793103449,0.40540540540540543,0.6842105263157895,0.5917496443812233,0.752357655973892,0.6348872058675374,0.22394396539151248,/opt/tabr1_results/per_cancer/os_5yr/LSCC/repeat_03_fold_01/tabpfn_v2_5/test_predictions.csv,,,
per_cancer,os_5yr,LSCC,3,1,tabpfn_v2_6,180,45,56,success,0.7597732543945312,validation split balanced accuracy,0.29320836500119185,4.876234634999491,0.5178571428571429,0.5583214793741109,0.5423728813559322,0.43243243243243246,0.6842105263157895,0.6130867709815078,0.750349738948864,0.6347673337095657,0.2202412761652388,/opt/tabr1_results/per_cancer/os_5yr/LSCC/repeat_03_fold_01/tabpfn_v2_6/test_predictions.csv,,,
per_cancer,os_5yr,LSCC,3,1,tabpfn_v3,180,45,56,success,0.7143628597259521,validation split balanced accuracy,0.5167539140002191,4.440029944000344,0.6071428571428571,0.6002844950213371,0.6764705882352942,0.6216216216216216,0.5789473684210527,0.6102418207681366,0.7585911822140605,0.6158417292688693,0.21835907851541128,/opt/tabr1_results/per_cancer/os_5yr/LSCC/repeat_03_fold_01/tabpfn_v3/test_predictions.csv,,,
per_cancer,os_5yr,LSCC,3,1,tabfm_default,180,45,56,success,0.7490872144699097,validation split balanced accuracy,0.012804750000213971,2.503054800999962,0.5178571428571429,0.5455192034139402,0.5573770491803278,0.4594594594594595,0.631578947368421,0.5803698435277382,0.74853657716508,0.6437216296036128,0.22655483938497215,/opt/tabr1_results/per_cancer/os_5yr/LSCC/repeat_03_fold_01/tabfm_default/test_predictions.csv,,,
per_cancer,os_5yr,LSCC,3,1,autogluon,180,45,56,success,0.8518521785736084,validation split balanced accuracy,4.0213450900009775,0.005862429999979213,0.5178571428571429,0.5199146514935988,0.5846153846153846,0.5135135135135135,0.5263157894736842,0.5561877667140825,0.7507751525554311,0.7537452087403341,0.25982659008641257,/opt/tabr1_results/per_cancer/os_5yr/LSCC/repeat_03_fold_01/autogluon/test_predictions.csv,,,
per_cancer,os_5yr,LSCC,3,2,tabpfn_v2,180,45,56,success,0.7110633254051208,validation split balanced accuracy,0.22269192000021576,3.4564857479999773,0.5,0.5832147937411095,0.46153846153846156,0.32432432432432434,0.8421052631578947,0.5960170697012803,0.7472903590860173,0.6717347622303238,0.22266366529572437,/opt/tabr1_results/per_cancer/os_5yr/LSCC/repeat_03_fold_02/tabpfn_v2/test_predictions.csv,,,
per_cancer,os_5yr,LSCC,3,2,tabpfn_v2_5,180,45,56,success,0.710165798664093,validation split balanced accuracy,0.2375710349988367,4.680065175998607,0.48214285714285715,0.5825035561877667,0.40816326530612246,0.2702702702702703,0.8947368421052632,0.6756756756756758,0.7799892043917578,0.6666726543630824,0.2221159020588211,/opt/tabr1_results/per_cancer/os_5yr/LSCC/repeat_03_fold_02/tabpfn_v2_5/test_predictions.csv,,,
per_cancer,os_5yr,LSCC,3,2,tabpfn_v2_6,180,45,56,success,0.713931143283844,validation split balanced accuracy,0.2816394310011674,4.825018509000074,0.48214285714285715,0.569701280227596,0.43137254901960786,0.2972972972972973,0.8421052631578947,0.6586059743954482,0.7633098746534206,0.7271111186686543,0.2216910870997268,/opt/tabr1_results/per_cancer/os_5yr/LSCC/repeat_03_fold_02/tabpfn_v2_6/test_predictions.csv,,,
per_cancer,os_5yr,LSCC,3,2,tabpfn_v3,180,45,56,success,0.6984837651252747,validation split balanced accuracy,0.5253502789983031,4.460553625000102,0.5714285714285714,0.5860597439544808,0.625,0.5405405405405406,0.631578947368421,0.6586059743954481,0.7784163931985653,0.6813561398488611,0.2245729441956484,/opt/tabr1_results/per_cancer/os_5yr/LSCC/repeat_03_fold_02/tabpfn_v3/test_predictions.csv,,,
per_cancer,os_5yr,LSCC,3,2,tabfm_default,180,45,56,success,0.7374944090843201,validation split balanced accuracy,0.012838545000704471,2.4962743320011214,0.4107142857142857,0.5284495021337127,0.26666666666666666,0.16216216216216217,0.8947368421052632,0.5931721194879089,0.7523329035989083,0.7198123908959378,0.23662647601465148,/opt/tabr1_results/per_cancer/os_5yr/LSCC/repeat_03_fold_02/tabfm_default/test_predictions.csv,,,
per_cancer,os_5yr,LSCC,3,2,autogluon,180,45,56,success,0.77163165807724,validation split balanced accuracy,3.6546897780008294,0.0061802399995940505,0.5,0.5064011379800853,0.5625,0.4864864864864865,0.5263157894736842,0.5405405405405406,0.6815688179445222,0.7445165147118215,0.24754684821734108,/opt/tabr1_results/per_cancer/os_5yr/LSCC/repeat_03_fold_02/autogluon/test_predictions.csv,,,
per_cancer,os_5yr,LSCC,3,3,tabpfn_v2,180,45,56,success,0.6542488932609558,validation split balanced accuracy,0.23297956599890313,3.38580452899987,0.7142857142857143,0.5724508050089445,0.8181818181818182,0.8372093023255814,0.3076923076923077,0.6762075134168157,0.8831104380163017,0.5241865610163325,0.1728650497370739,/opt/tabr1_results/per_cancer/os_5yr/LSCC/repeat_03_fold_03/tabpfn_v2/test_predictions.csv,,,
per_cancer,os_5yr,LSCC,3,3,tabpfn_v2_5,180,45,56,success,0.6780689358711243,validation split balanced accuracy,0.25404924000031315,4.748041312001078,0.7142857142857143,0.5724508050089445,0.8181818181818182,0.8372093023255814,0.3076923076923077,0.7352415026833631,0.905336631828485,0.5078492882599211,0.16599862877990532,/opt/tabr1_results/per_cancer/os_5yr/LSCC/repeat_03_fold_03/tabpfn_v2_5/test_predictions.csv,,,
per_cancer,os_5yr,LSCC,3,3,tabpfn_v2_6,180,45,56,success,0.7165819406509399,validation split balanced accuracy,0.3182949669990194,5.038848060999953,0.5892857142857143,0.6252236135957066,0.676056338028169,0.5581395348837209,0.6923076923076923,0.6672629695885509,0.8672896842873354,0.5081879349520123,0.16867337340885152,/opt/tabr1_results/per_cancer/os_5yr/LSCC/repeat_03_fold_03/tabpfn_v2_6/test_predictions.csv,,,
per_cancer,os_5yr,LSCC,3,3,tabpfn_v3,180,45,56,success,0.686273455619812,validation split balanced accuracy,0.5695170839990169,4.456270583999867,0.7321428571428571,0.6377459749552773,0.8235294117647058,0.813953488372093,0.46153846153846156,0.6958855098389982,0.8840255936267616,0.5188043831602079,0.17026582348533312,/opt/tabr1_results/per_cancer/os_5yr/LSCC/repeat_03_fold_03/tabpfn_v3/test_predictions.csv,,,
per_cancer,os_5yr,LSCC,3,3,tabfm_default,180,45,56,success,0.7150704264640808,validation split balanced accuracy,0.013072909001493827,2.4346631499993237,0.6964285714285714,0.614490161001789,0.7951807228915663,0.7674418604651163,0.46153846153846156,0.6261180679785332,0.8444676123786612,0.5200256810474826,0.17201714703464596,/opt/tabr1_results/per_cancer/os_5yr/LSCC/repeat_03_fold_03/tabfm_default/test_predictions.csv,,,
per_cancer,os_5yr,LSCC,3,3,autogluon,180,45,56,success,0.995628833770752,validation split balanced accuracy,3.740564452999024,0.023185238000223762,0.3392857142857143,0.5429338103756709,0.27450980392156865,0.16279069767441862,0.9230769230769231,0.5366726296958855,0.8219598717439609,0.7913907222014974,0.23381883783837035,/opt/tabr1_results/per_cancer/os_5yr/LSCC/repeat_03_fold_03/autogluon/test_predictions.csv,,,
per_cancer,os_5yr,LSCC,3,4,tabpfn_v2,180,45,56,success,0.7273638844490051,validation split balanced accuracy,0.20656501399935223,3.4014197630003764,0.48214285714285715,0.6038011695906432,0.40816326530612246,0.2631578947368421,0.9444444444444444,0.5891812865497076,0.7951473718489973,0.6106822629449447,0.21272156430542433,/opt/tabr1_results/per_cancer/os_5yr/LSCC/repeat_03_fold_04/tabpfn_v2/test_predictions.csv,,,
per_cancer,os_5yr,LSCC,3,4,tabpfn_v2_5,180,45,56,success,0.7046507596969604,validation split balanced accuracy,0.2397423490001529,4.743844135000472,0.5535714285714286,0.48099415204678364,0.6753246753246753,0.6842105263157895,0.2777777777777778,0.5116959064327486,0.7577434944476921,0.6212958802535635,0.21722499214822477,/opt/tabr1_results/per_cancer/os_5yr/LSCC/repeat_03_fold_04/tabpfn_v2_5/test_predictions.csv,,,
per_cancer,os_5yr,LSCC,3,4,tabpfn_v2_6,180,45,56,success,0.716948390007019,validation split balanced accuracy,0.3135309009994671,4.9051484299998265,0.48214285714285715,0.5599415204678363,0.4727272727272727,0.34210526315789475,0.7777777777777778,0.6154970760233918,0.7879653288353684,0.6009949644804126,0.21051308729835488,/opt/tabr1_results/per_cancer/os_5yr/LSCC/repeat_03_fold_04/tabpfn_v2_6/test_predictions.csv,,,
per_cancer,os_5yr,LSCC,3,4,tabpfn_v3,180,45,56,success,0.6891852021217346,validation split balanced accuracy,0.5555877589995362,4.366030294999291,0.5892857142857143,0.4634502923976608,0.7294117647058823,0.8157894736842105,0.1111111111111111,0.5073099415204678,0.7404892795831273,0.6228961874731053,0.2173647491374226,/opt/tabr1_results/per_cancer/os_5yr/LSCC/repeat_03_fold_04/tabpfn_v3/test_predictions.csv,,,
per_cancer,os_5yr,LSCC,3,4,tabfm_default,180,45,56,success,0.7290056347846985,validation split balanced accuracy,0.012826590000258875,2.4983205680000538,0.625,0.5482456140350878,0.7341772151898734,0.7631578947368421,0.3333333333333333,0.6198830409356725,0.7913117781664847,0.6149283664501256,0.21523268628081788,/opt/tabr1_results/per_cancer/os_5yr/LSCC/repeat_03_fold_04/tabfm_default/test_predictions.csv,,,
per_cancer,os_5yr,LSCC,3,4,autogluon,180,45,56,success,0.7275028824806213,validation split balanced accuracy,3.649857417000021,0.016832396999234334,0.5,0.5,0.5757575757575758,0.5,0.5,0.581140350877193,0.7612227476075355,0.6255977415295112,0.2171304786571112,/opt/tabr1_results/per_cancer/os_5yr/LSCC/repeat_03_fold_04/autogluon/test_predictions.csv,,,
per_cancer,os_5yr,LSCC,4,0,tabpfn_v2,180,45,56,success,0.6945487856864929,validation split balanced accuracy,0.19739773199944466,4.054850457998327,0.5357142857142857,0.5238095238095238,0.6388888888888888,0.5476190476190477,0.5,0.5612244897959183,0.8243472668298916,0.5518457572089313,0.18540112951091686,/opt/tabr1_results/per_cancer/os_5yr/LSCC/repeat_04_fold_00/tabpfn_v2/test_predictions.csv,,,
per_cancer,os_5yr,LSCC,4,0,tabpfn_v2_5,180,45,56,success,0.6944525241851807,validation split balanced accuracy,0.23579299300035927,4.839053038000202,0.5714285714285714,0.5476190476190477,0.6756756756756757,0.5952380952380952,0.5,0.5578231292517006,0.8196150693348602,0.554667774670938,0.18596567946462647,/opt/tabr1_results/per_cancer/os_5yr/LSCC/repeat_04_fold_00/tabpfn_v2_5/test_predictions.csv,,,
per_cancer,os_5yr,LSCC,4,0,tabpfn_v2_6,180,45,56,success,0.6773080229759216,validation split balanced accuracy,0.29050405899943144,4.82893608500126,0.5714285714285714,0.5238095238095238,0.6842105263157895,0.6190476190476191,0.42857142857142855,0.5340136054421769,0.7977411321998115,0.552160193027926,0.18872834000927569,/opt/tabr1_results/per_cancer/os_5yr/LSCC/repeat_04_fold_00/tabpfn_v2_6/test_predictions.csv,,,
per_cancer,os_5yr,LSCC,4,0,tabpfn_v3,180,45,56,success,0.706049382686615,validation split balanced accuracy,0.4967447480012197,4.469245880000017,0.48214285714285715,0.5833333333333333,0.5245901639344263,0.38095238095238093,0.7857142857142857,0.6190476190476191,0.8535518451068874,0.5375761951814729,0.1809618620687155,/opt/tabr1_results/per_cancer/os_5yr/LSCC/repeat_04_fold_00/tabpfn_v3/test_predictions.csv,,,
per_cancer,os_5yr,LSCC,4,0,tabfm_default,180,45,56,success,0.6784216165542603,validation split balanced accuracy,0.012693971000771853,2.53086415100006,0.5892857142857143,0.5833333333333333,0.684931506849315,0.5952380952380952,0.5714285714285714,0.6020408163265307,0.8365117946629649,0.5666020326173361,0.19355720157154724,/opt/tabr1_results/per_cancer/os_5yr/LSCC/repeat_04_fold_00/tabfm_default/test_predictions.csv,,,
per_cancer,os_5yr,LSCC,4,0,autogluon,180,45,56,success,0.6834681034088135,validation split balanced accuracy,4.00373466399833,0.004996535000827862,0.6964285714285714,0.5595238095238095,0.8045977011494253,0.8333333333333334,0.2857142857142857,0.6037414965986394,0.7992522974101921,0.5692479849517443,0.19031225051797687,/opt/tabr1_results/per_cancer/os_5yr/LSCC/repeat_04_fold_00/autogluon/test_predictions.csv,,,
per_cancer,os_5yr,LSCC,4,1,tabpfn_v2,180,45,56,success,0.6916852593421936,validation split balanced accuracy,0.22965715099962836,3.0455813560001843,0.5714285714285714,0.53125,0.6756756756756757,0.625,0.4375,0.5453125,0.754468962203632,0.6395713328433058,0.20651834236813782,/opt/tabr1_results/per_cancer/os_5yr/LSCC/repeat_04_fold_01/tabpfn_v2/test_predictions.csv,,,
per_cancer,os_5yr,LSCC,4,1,tabpfn_v2_5,180,45,56,success,0.6979137659072876,validation split balanced accuracy,0.27525205300116795,4.6861667150005815,0.625,0.625,0.704225352112676,0.625,0.625,0.5921875,0.7742004934851485,0.6327713837242015,0.20385120575552568,/opt/tabr1_results/per_cancer/os_5yr/LSCC/repeat_04_fold_01/tabpfn_v2_5/test_predictions.csv,,,
per_cancer,os_5yr,LSCC,4,1,tabpfn_v2_6,180,45,56,success,0.690505862236023,validation split balanced accuracy,0.3166377500001545,4.860122440999476,0.7142857142857143,0.65,0.8,0.8,0.5,0.6953125,0.8160951930348945,0.688774042873027,0.1996776097772092,/opt/tabr1_results/per_cancer/os_5yr/LSCC/repeat_04_fold_01/tabpfn_v2_6/test_predictions.csv,,,
per_cancer,os_5yr,LSCC,4,1,tabpfn_v3,180,45,56,success,0.6887688636779785,validation split balanced accuracy,0.56525412100018,4.4361610029991425,0.625,0.53125,0.7407407407407407,0.75,0.3125,0.559375,0.760561995522264,0.6550767957332347,0.20643412833453212,/opt/tabr1_results/per_cancer/os_5yr/LSCC/repeat_04_fold_01/tabpfn_v3/test_predictions.csv,,,
per_cancer,os_5yr,LSCC,4,1,tabfm_default,180,45,56,success,0.6933807134628296,validation split balanced accuracy,0.012739268999212072,2.4977805899998202,0.6428571428571429,0.6,0.7368421052631579,0.7,0.5,0.57421875,0.739315436451893,0.6521725291631897,0.2050671622562672,/opt/tabr1_results/per_cancer/os_5yr/LSCC/repeat_04_fold_01/tabfm_default/test_predictions.csv,,,
per_cancer,os_5yr,LSCC,4,1,autogluon,180,45,56,success,0.712895393371582,validation split balanced accuracy,3.614941141999225,0.005451691999041941,0.625,0.64375,0.6956521739130435,0.6,0.6875,0.59921875,0.7823826443438513,0.5966542443528055,0.20341651534662292,/opt/tabr1_results/per_cancer/os_5yr/LSCC/repeat_04_fold_01/autogluon/test_predictions.csv,,,
per_cancer,os_5yr,LSCC,4,2,tabpfn_v2,180,45,56,success,0.71762615442276,validation split balanced accuracy,0.22991043299953162,3.1312498549996235,0.5178571428571429,0.5211161387631975,0.5970149253731343,0.5128205128205128,0.5294117647058824,0.5429864253393665,0.755375286236932,0.599261240668436,0.20665668409788163,/opt/tabr1_results/per_cancer/os_5yr/LSCC/repeat_04_fold_02/tabpfn_v2/test_predictions.csv,,,
per_cancer,os_5yr,LSCC,4,2,tabpfn_v2_5,180,45,56,success,0.7372366189956665,validation split balanced accuracy,0.336660192000636,4.602767819000292,0.5357142857142857,0.6334841628959276,0.5357142857142857,0.38461538461538464,0.8823529411764706,0.6214177978883861,0.8165051857273622,0.5888892421820826,0.20266019349559913,/opt/tabr1_results/per_cancer/os_5yr/LSCC/repeat_04_fold_02/tabpfn_v2_5/test_predictions.csv,,,
per_cancer,os_5yr,LSCC,4,2,tabpfn_v2_6,180,45,56,success,0.7786898612976074,validation split balanced accuracy,0.31611131299905537,5.009790030000659,0.4107142857142857,0.5769230769230769,0.26666666666666666,0.15384615384615385,1.0,0.5701357466063348,0.789879336988389,0.5845201059817422,0.2036712411072465,/opt/tabr1_results/per_cancer/os_5yr/LSCC/repeat_04_fold_02/tabpfn_v2_6/test_predictions.csv,,,
per_cancer,os_5yr,LSCC,4,2,tabpfn_v3,180,45,56,success,0.7721872329711914,validation split balanced accuracy,0.56462192500112,4.49656844799938,0.375,0.5346907993966817,0.2222222222222222,0.1282051282051282,0.9411764705882353,0.5520361990950227,0.7577681614060967,0.5989858869436206,0.20663940941608544,/opt/tabr1_results/per_cancer/os_5yr/LSCC/repeat_04_fold_02/tabpfn_v3/test_predictions.csv,,,
per_cancer,os_5yr,LSCC,4,2,tabfm_default,180,45,56,success,0.8609157204627991,validation split balanced accuracy,0.01296183500016923,2.4600160800000594,0.30357142857142855,0.5,0.0,0.0,1.0,0.5324283559577677,0.7578676670249785,0.6087719187630091,0.2100104111487567,/opt/tabr1_results/per_cancer/os_5yr/LSCC/repeat_04_fold_02/tabfm_default/test_predictions.csv,,,
per_cancer,os_5yr,LSCC,4,2,autogluon,180,45,56,success,0.6927563548088074,validation split balanced accuracy,3.741368947999945,0.006298512000284973,0.5714285714285714,0.5595776772247361,0.6571428571428571,0.5897435897435898,0.5294117647058824,0.4947209653092007,0.7446740261658052,0.6328052666962879,0.21923795948651575,/opt/tabr1_results/per_cancer/os_5yr/LSCC/repeat_04_fold_02/autogluon/test_predictions.csv,,,
per_cancer,os_5yr,LSCC,4,3,tabpfn_v2,180,45,56,success,0.7226788401603699,validation split balanced accuracy,0.19596206799906213,4.628451537000728,0.44642857142857145,0.47514619883040937,0.4918032786885246,0.39473684210526316,0.5555555555555556,0.5467836257309941,0.7418495415381092,0.6250055568293588,0.21839030177166466,/opt/tabr1_results/per_cancer/os_5yr/LSCC/repeat_04_fold_03/tabpfn_v2/test_predictions.csv,,,
per_cancer,os_5yr,LSCC,4,3,tabpfn_v2_5,180,45,56,success,0.6289229989051819,validation split balanced accuracy,0.23337202800030354,4.6787492759995075,0.7142857142857143,0.5847953216374269,0.8181818181818182,0.9473684210526315,0.2222222222222222,0.5497076023391813,0.7426352472492077,0.6192151434340213,0.21525077859185096,/opt/tabr1_results/per_cancer/os_5yr/LSCC/repeat_04_fold_03/tabpfn_v2_5/test_predictions.csv,,,
per_cancer,os_5yr,LSCC,4,3,tabpfn_v2_6,180,45,56,success,0.7544866800308228,validation split balanced accuracy,0.28995444199972553,4.750966654999502,0.48214285714285715,0.5014619883040936,0.5396825396825397,0.4473684210526316,0.5555555555555556,0.5219298245614035,0.747812785078885,0.6452073761713726,0.2292167796211389,/opt/tabr1_results/per_cancer/os_5yr/LSCC/repeat_04_fold_03/tabpfn_v2_6/test_predictions.csv,,,
per_cancer,os_5yr,LSCC,4,3,tabpfn_v3,180,45,56,success,0.6592157483100891,validation split balanced accuracy,0.5125930159993004,4.533267255999817,0.625,0.48976608187134507,0.7586206896551724,0.868421052631579,0.1111111111111111,0.5014619883040936,0.7373051126819423,0.6078714144692056,0.21397670551905426,/opt/tabr1_results/per_cancer/os_5yr/LSCC/repeat_04_fold_03/tabpfn_v3/test_predictions.csv,,,
per_cancer,os_5yr,LSCC,4,3,tabfm_default,180,45,56,success,0.8445800542831421,validation split balanced accuracy,0.01316158500048914,2.6951434439997684,0.39285714285714285,0.5233918128654971,0.2608695652173913,0.15789473684210525,0.8888888888888888,0.5482456140350878,0.7490504498096525,0.6604356805425431,0.23381943408858977,/opt/tabr1_results/per_cancer/os_5yr/LSCC/repeat_04_fold_03/tabfm_default/test_predictions.csv,,,
per_cancer,os_5yr,LSCC,4,3,autogluon,180,45,56,success,0.7053665518760681,validation split balanced accuracy,4.029271196999616,0.005259216000922606,0.5178571428571429,0.513157894736842,0.5970149253731343,0.5263157894736842,0.5,0.5701754385964912,0.714395630637392,0.6268679740946556,0.21766005213933756,/opt/tabr1_results/per_cancer/os_5yr/LSCC/repeat_04_fold_03/autogluon/test_predictions.csv,,,
per_cancer,os_5yr,LSCC,4,4,tabpfn_v2,179,45,57,success,0.7671355605125427,validation split balanced accuracy,0.22438540500115778,3.237948807000066,0.40350877192982454,0.5580882352941177,0.2916666666666667,0.175,0.9411764705882353,0.5897058823529412,0.7948799690491816,0.5930617311210246,0.20449740641780623,/opt/tabr1_results/per_cancer/os_5yr/LSCC/repeat_04_fold_04/tabpfn_v2/test_predictions.csv,,,
per_cancer,os_5yr,LSCC,4,4,tabpfn_v2_5,179,45,57,success,0.7620826959609985,validation split balanced accuracy,0.2672494319995167,4.739879156000825,0.631578947368421,0.6360294117647058,0.704225352112676,0.625,0.6470588235294118,0.6397058823529412,0.8168762282075699,0.5888394065157729,0.20265088522658858,/opt/tabr1_results/per_cancer/os_5yr/LSCC/repeat_04_fold_04/tabpfn_v2_5/test_predictions.csv,,,
per_cancer,os_5yr,LSCC,4,4,tabpfn_v2_6,179,45,57,success,0.8079959154129028,validation split balanced accuracy,0.3138316450003913,5.094058189999487,0.40350877192982454,0.524264705882353,0.34615384615384615,0.225,0.8235294117647058,0.5838235294117646,0.7804884370517555,0.5948189689963529,0.2054682729022212,/opt/tabr1_results/per_cancer/os_5yr/LSCC/repeat_04_fold_04/tabpfn_v2_6/test_predictions.csv,,,
per_cancer,os_5yr,LSCC,4,4,tabpfn_v3,179,45,57,success,0.7630669474601746,validation split balanced accuracy,0.5558361120001791,4.555348825999317,0.5789473684210527,0.598529411764706,0.6470588235294118,0.55,0.6470588235294118,0.6308823529411764,0.8193451572427884,0.5937977279992037,0.20460753782898702,/opt/tabr1_results/per_cancer/os_5yr/LSCC/repeat_04_fold_04/tabpfn_v3/test_predictions.csv,,,
per_cancer,os_5yr,LSCC,4,4,tabfm_default,179,45,57,success,0.7890893220901489,validation split balanced accuracy,0.01287085100011609,2.4783716749989253,0.38596491228070173,0.5455882352941176,0.2553191489361702,0.15,0.9411764705882353,0.5786764705882352,0.783736113479086,0.6163285002441017,0.214891142377155,/opt/tabr1_results/per_cancer/os_5yr/LSCC/repeat_04_fold_04/tabfm_default/test_predictions.csv,,,
per_cancer,os_5yr,LSCC,4,4,autogluon,179,45,57,success,0.8100115656852722,validation split balanced accuracy,3.6401242489992,0.0060079850009060465,0.5263157894736842,0.5948529411764706,0.5573770491803278,0.425,0.7647058823529411,0.5617647058823529,0.7802191247144492,0.6247872920131531,0.21678934798490357,/opt/tabr1_results/per_cancer/os_5yr/LSCC/repeat_04_fold_04/autogluon/test_predictions.csv,,,
per_cancer,os_5yr,LUAD,0,0,tabpfn_v2,160,41,50,success,0.7865245342254639,validation split balanced accuracy,0.1844176790000347,3.2429956699998,0.48,0.39880952380952384,0.6176470588235294,0.5833333333333334,0.21428571428571427,0.41964285714285715,0.7126540213535932,0.6373989718250942,0.21630132471888502,/opt/tabr1_results/per_cancer/os_5yr/LUAD/repeat_00_fold_00/tabpfn_v2/test_predictions.csv,,,
per_cancer,os_5yr,LUAD,0,0,tabpfn_v2_5,160,41,50,success,0.7790676951408386,validation split balanced accuracy,0.21535249999942607,4.260337224999603,0.56,0.45436507936507936,0.6944444444444444,0.6944444444444444,0.21428571428571427,0.40575396825396826,0.6894346377338542,0.6638449551234256,0.2228383842965016,/opt/tabr1_results/per_cancer/os_5yr/LUAD/repeat_00_fold_00/tabpfn_v2_5/test_predictions.csv,,,
per_cancer,os_5yr,LUAD,0,0,tabpfn_v2_6,160,41,50,success,0.7495371103286743,validation split balanced accuracy,0.2890818380001292,4.4230446930014296,0.48,0.376984126984127,0.6285714285714286,0.6111111111111112,0.14285714285714285,0.38591269841269843,0.6945521863349198,0.7483707848729572,0.23104199600867267,/opt/tabr1_results/per_cancer/os_5yr/LUAD/repeat_00_fold_00/tabpfn_v2_6/test_predictions.csv,,,
per_cancer,os_5yr,LUAD,0,0,tabpfn_v3,160,41,50,success,0.7772592306137085,validation split balanced accuracy,0.5271434220012452,4.079153068998494,0.5,0.3908730158730158,0.647887323943662,0.6388888888888888,0.14285714285714285,0.36210317460317465,0.6859915041978288,0.659456955469603,0.22175453118701022,/opt/tabr1_results/per_cancer/os_5yr/LUAD/repeat_00_fold_00/tabpfn_v3/test_predictions.csv,,,
per_cancer,os_5yr,LUAD,0,0,tabfm_default,160,41,50,success,0.8112776875495911,validation split balanced accuracy,0.01280323700120789,2.557268954000392,0.6,0.46031746031746035,0.7368421052631579,0.7777777777777778,0.14285714285714285,0.4851190476190476,0.7306296539533701,0.6605175625539697,0.22546710878953719,/opt/tabr1_results/per_cancer/os_5yr/LUAD/repeat_00_fold_00/tabfm_default/test_predictions.csv,,,
per_cancer,os_5yr,LUAD,0,0,autogluon,160,41,50,success,0.5372549295425415,validation split balanced accuracy,3.7235327620001044,0.00585930799934431,0.74,0.5357142857142857,0.8470588235294118,1.0,0.07142857142857142,0.4801587301587301,0.7365047940064473,0.6863007389343875,0.230179694920324,/opt/tabr1_results/per_cancer/os_5yr/LUAD/repeat_00_fold_00/autogluon/test_predictions.csv,,,
per_cancer,os_5yr,LUAD,0,1,tabpfn_v2,160,40,51,success,0.7933948636054993,validation split balanced accuracy,0.19042149999950198,3.265768357001434,0.4117647058823529,0.5261363636363636,0.4642857142857143,0.325,0.7272727272727273,0.5,0.8143776168732542,0.5221190166564801,0.16943110725638416,/opt/tabr1_results/per_cancer/os_5yr/LUAD/repeat_00_fold_01/tabpfn_v2/test_predictions.csv,,,
per_cancer,os_5yr,LUAD,0,1,tabpfn_v2_5,160,40,51,success,0.7812531590461731,validation split balanced accuracy,0.22080020499925013,4.107527842999843,0.6862745098039216,0.47045454545454546,0.8095238095238095,0.85,0.09090909090909091,0.4704545454545455,0.7972656456264865,0.5270869760364387,0.17123998654354436,/opt/tabr1_results/per_cancer/os_5yr/LUAD/repeat_00_fold_01/tabpfn_v2_5/test_predictions.csv,,,
per_cancer,os_5yr,LUAD,0,1,tabpfn_v2_6,160,40,51,success,0.7714857459068298,validation split balanced accuracy,0.2939054220005346,4.125458075001006,0.6470588235294118,0.5113636363636364,0.7692307692307693,0.75,0.2727272727272727,0.42272727272727273,0.7535527749128192,0.533942379777827,0.17306167204046696,/opt/tabr1_results/per_cancer/os_5yr/LUAD/repeat_00_fold_01/tabpfn_v2_6/test_predictions.csv,,,
per_cancer,os_5yr,LUAD,0,1,tabpfn_v3,160,40,51,success,0.8225477337837219,validation split balanced accuracy,0.5382143420010834,4.0031495610001,0.27450980392156865,0.5045454545454545,0.17777777777777778,0.1,0.9090909090909091,0.47727272727272724,0.7780476478039662,0.5275631198748354,0.17119980816348754,/opt/tabr1_results/per_cancer/os_5yr/LUAD/repeat_00_fold_01/tabpfn_v3/test_predictions.csv,,,
per_cancer,os_5yr,LUAD,0,1,tabfm_default,160,40,51,success,0.845716118812561,validation split balanced accuracy,0.01292728100088425,2.542596371999025,0.37254901960784315,0.5340909090909092,0.38461538461538464,0.25,0.8181818181818182,0.5272727272727273,0.8242030435062938,0.5741025037021327,0.19122127213261578,/opt/tabr1_results/per_cancer/os_5yr/LUAD/repeat_00_fold_01/tabfm_default/test_predictions.csv,,,
per_cancer,os_5yr,LUAD,0,1,autogluon,160,40,51,success,0.6164910793304443,validation split balanced accuracy,3.8634102899995924,0.0063422690000152215,0.7647058823529411,0.5204545454545454,0.8636363636363636,0.95,0.09090909090909091,0.5068181818181818,0.8206368224103696,0.5363160867547424,0.1760114881911994,/opt/tabr1_results/per_cancer/os_5yr/LUAD/repeat_00_fold_01/autogluon/test_predictions.csv,,,
per_cancer,os_5yr,LUAD,0,2,tabpfn_v2,160,41,50,success,0.7896254658699036,validation split balanced accuracy,0.2134400260001712,3.4217977350017463,0.72,0.5594405594405594,0.825,0.8461538461538461,0.2727272727272727,0.5617715617715617,0.7921421666548771,0.5290378541294722,0.17237451522559127,/opt/tabr1_results/per_cancer/os_5yr/LUAD/repeat_00_fold_02/tabpfn_v2/test_predictions.csv,,,
per_cancer,os_5yr,LUAD,0,2,tabpfn_v2_5,160,41,50,success,0.7801436185836792,validation split balanced accuracy,0.2252174749992264,4.09369199700086,0.76,0.5850815850815851,0.8536585365853658,0.8974358974358975,0.2727272727272727,0.655011655011655,0.8710290872038935,0.5218593820597593,0.17045007270551493,/opt/tabr1_results/per_cancer/os_5yr/LUAD/repeat_00_fold_02/tabpfn_v2_5/test_predictions.csv,,,
per_cancer,os_5yr,LUAD,0,2,tabpfn_v2_6,160,41,50,success,0.8052899241447449,validation split balanced accuracy,0.296947586000897,4.197147753000536,0.54,0.5419580419580419,0.6461538461538462,0.5384615384615384,0.5454545454545454,0.5524475524475524,0.7963322277440458,0.5331984386766235,0.1732498095705511,/opt/tabr1_results/per_cancer/os_5yr/LUAD/repeat_00_fold_02/tabpfn_v2_6/test_predictions.csv,,,
per_cancer,os_5yr,LUAD,0,2,tabpfn_v3,160,41,50,success,0.7948766946792603,validation split balanced accuracy,0.5244972969994706,3.998613904999729,0.7,0.513986013986014,0.8148148148148148,0.8461538461538461,0.18181818181818182,0.6293706293706294,0.8798775314952438,0.5250076343832668,0.17130749177076815,/opt/tabr1_results/per_cancer/os_5yr/LUAD/repeat_00_fold_02/tabpfn_v3/test_predictions.csv,,,
per_cancer,os_5yr,LUAD,0,2,tabfm_default,160,41,50,success,0.843437135219574,validation split balanced accuracy,0.012895666999611421,2.3758513129996572,0.62,0.46270396270396275,0.7532467532467533,0.7435897435897436,0.18181818181818182,0.4883449883449883,0.7977777893029336,0.6001603289868717,0.19697049891721638,/opt/tabr1_results/per_cancer/os_5yr/LUAD/repeat_00_fold_02/tabfm_default/test_predictions.csv,,,
per_cancer,os_5yr,LUAD,0,2,autogluon,160,41,50,success,0.8784238696098328,validation split balanced accuracy,3.9132222419993923,0.0072153660003095865,0.44,0.47785547785547783,0.5333333333333333,0.41025641025641024,0.5454545454545454,0.5151515151515151,0.8202617633325366,0.6076627454865419,0.1997429961171153,/opt/tabr1_results/per_cancer/os_5yr/LUAD/repeat_00_fold_02/autogluon/test_predictions.csv,,,
per_cancer,os_5yr,LUAD,0,3,tabpfn_v2,161,40,50,success,0.7834751009941101,validation split balanced accuracy,0.21220103099949483,3.3459648829993967,0.72,0.4941724941724942,0.8333333333333334,0.8974358974358975,0.09090909090909091,0.5011655011655012,0.794325459020393,0.5296257072351734,0.17248623882999808,/opt/tabr1_results/per_cancer/os_5yr/LUAD/repeat_00_fold_03/tabpfn_v2/test_predictions.csv,,,
per_cancer,os_5yr,LUAD,0,3,tabpfn_v2_5,161,40,50,success,0.7665470838546753,validation split balanced accuracy,0.22554239700002654,4.6480804570001055,0.74,0.47435897435897434,0.8505747126436781,0.9487179487179487,0.0,0.45687645687645684,0.7872315103397405,0.53452322343971,0.1740896644378188,/opt/tabr1_results/per_cancer/os_5yr/LUAD/repeat_00_fold_03/tabpfn_v2_5/test_predictions.csv,,,
per_cancer,os_5yr,LUAD,0,3,tabpfn_v2_6,161,40,50,success,0.7604078054428101,validation split balanced accuracy,0.2974238110000442,4.89622412800054,0.64,0.41025641025641024,0.7804878048780488,0.8205128205128205,0.0,0.45454545454545453,0.7980207861996437,0.5430615342321061,0.1773536517616916,/opt/tabr1_results/per_cancer/os_5yr/LUAD/repeat_00_fold_03/tabpfn_v2_6/test_predictions.csv,,,
per_cancer,os_5yr,LUAD,0,3,tabpfn_v3,161,40,50,success,0.7920641303062439,validation split balanced accuracy,0.5362904260000505,4.022048705999623,0.68,0.5664335664335665,0.7894736842105263,0.7692307692307693,0.36363636363636365,0.5221445221445221,0.8169505428034802,0.52896579753212,0.1722949755585327,/opt/tabr1_results/per_cancer/os_5yr/LUAD/repeat_00_fold_03/tabpfn_v3/test_predictions.csv,,,
per_cancer,os_5yr,LUAD,0,3,tabfm_default,161,40,50,success,0.8831464648246765,validation split balanced accuracy,0.012687308999375091,2.4327334350000456,0.34,0.44638694638694637,0.37735849056603776,0.2564102564102564,0.6363636363636364,0.5559440559440559,0.8256869688124164,0.5413094570667006,0.17487922367135822,/opt/tabr1_results/per_cancer/os_5yr/LUAD/repeat_00_fold_03/tabfm_default/test_predictions.csv,,,
per_cancer,os_5yr,LUAD,0,3,autogluon,161,40,50,success,0.635941743850708,validation split balanced accuracy,3.731004589000804,0.00601238099989132,0.76,0.5198135198135198,0.8604651162790697,0.9487179487179487,0.09090909090909091,0.4219114219114219,0.7712815095739672,0.589584984465875,0.18942666602203367,/opt/tabr1_results/per_cancer/os_5yr/LUAD/repeat_00_fold_03/autogluon/test_predictions.csv,,,
per_cancer,os_5yr,LUAD,0,4,tabpfn_v2,160,41,50,success,0.8383164405822754,validation split balanced accuracy,0.19454451499950665,3.386964669000008,0.26,0.5375,0.13953488372093023,0.075,1.0,0.7074999999999999,0.8858552059508158,0.4798981030924488,0.1529122412459585,/opt/tabr1_results/per_cancer/os_5yr/LUAD/repeat_00_fold_04/tabpfn_v2/test_predictions.csv,,,
per_cancer,os_5yr,LUAD,0,4,tabpfn_v2_5,160,41,50,success,0.8438012003898621,validation split balanced accuracy,0.2523224990000017,4.3318722560015885,0.26,0.4625,0.2127659574468085,0.125,0.8,0.6775,0.861767883824762,0.47825108892332396,0.15231589949882426,/opt/tabr1_results/per_cancer/os_5yr/LUAD/repeat_00_fold_04/tabpfn_v2_5/test_predictions.csv,,,
per_cancer,os_5yr,LUAD,0,4,tabpfn_v2_6,160,41,50,success,0.8460472226142883,validation split balanced accuracy,0.297191326999382,4.35040238900001,0.38,0.6125,0.3673469387755102,0.225,1.0,0.585,0.8792855842061154,0.501324714106548,0.16250648661140496,/opt/tabr1_results/per_cancer/os_5yr/LUAD/repeat_00_fold_04/tabpfn_v2_6/test_predictions.csv,,,
per_cancer,os_5yr,LUAD,0,4,tabpfn_v3,160,41,50,success,0.825721263885498,validation split balanced accuracy,0.5403990409995458,4.045278948999112,0.24,0.525,0.09523809523809523,0.05,1.0,0.7424999999999999,0.9257565949635287,0.48798146332170655,0.15597644018083387,/opt/tabr1_results/per_cancer/os_5yr/LUAD/repeat_00_fold_04/tabpfn_v3/test_predictions.csv,,,
per_cancer,os_5yr,LUAD,0,4,tabfm_default,160,41,50,success,0.824210524559021,validation split balanced accuracy,0.012812606000807136,2.4731088270000328,0.56,0.6125,0.65625,0.525,0.7,0.63375,0.8637496948324116,0.5343331151181198,0.17598415623388816,/opt/tabr1_results/per_cancer/os_5yr/LUAD/repeat_00_fold_04/tabfm_default/test_predictions.csv,,,
per_cancer,os_5yr,LUAD,0,4,autogluon,160,41,50,success,0.8240500688552856,validation split balanced accuracy,3.714541774001191,0.052414399999179295,0.34,0.5875,0.2978723404255319,0.175,1.0,0.57,0.8748553018537852,0.49130979438083533,0.15793530544861178,/opt/tabr1_results/per_cancer/os_5yr/LUAD/repeat_00_fold_04/autogluon/test_predictions.csv,,,
per_cancer,os_5yr,LUAD,1,0,tabpfn_v2,160,40,51,success,0.8052396774291992,validation split balanced accuracy,0.20392321300096228,3.099414804000844,0.3137254901960784,0.38953488372093026,0.4067796610169492,0.27906976744186046,0.5,0.43459302325581395,0.8252468631260147,0.4545495175441969,0.13885996381106536,/opt/tabr1_results/per_cancer/os_5yr/LUAD/repeat_01_fold_00/tabpfn_v2/test_predictions.csv,,,
per_cancer,os_5yr,LUAD,1,0,tabpfn_v2_5,160,40,51,success,0.8031421899795532,validation split balanced accuracy,0.22043677500005288,4.128724092999619,0.49019607843137253,0.4433139534883721,0.6285714285714286,0.5116279069767442,0.375,0.4636627906976744,0.8075269128638055,0.44536203425123316,0.13517380452877345,/opt/tabr1_results/per_cancer/os_5yr/LUAD/repeat_01_fold_00/tabpfn_v2_5/test_predictions.csv,,,
per_cancer,os_5yr,LUAD,1,0,tabpfn_v2_6,160,40,51,success,0.6199089288711548,validation split balanced accuracy,0.2942890240010456,4.232775249000042,0.8627450980392157,0.5625,0.9247311827956989,1.0,0.125,0.5363372093023255,0.8454693371669864,0.4581639192495781,0.13876498707252052,/opt/tabr1_results/per_cancer/os_5yr/LUAD/repeat_01_fold_00/tabpfn_v2_6/test_predictions.csv,,,
per_cancer,os_5yr,LUAD,1,0,tabpfn_v3,160,40,51,success,0.7101821303367615,validation split balanced accuracy,0.532761563999884,3.8157685919995856,0.8431372549019608,0.5,0.9148936170212766,1.0,0.0,0.4752906976744186,0.8241547425726892,0.45416856022036073,0.13861216203399965,/opt/tabr1_results/per_cancer/os_5yr/LUAD/repeat_01_fold_00/tabpfn_v3/test_predictions.csv,,,
per_cancer,os_5yr,LUAD,1,0,tabfm_default,160,40,51,success,0.7555568814277649,validation split balanced accuracy,0.012729057998512872,2.4678397019997647,0.6666666666666666,0.44622093023255816,0.7951807228915663,0.7674418604651163,0.125,0.5130813953488371,0.8383718481094533,0.4829976324212019,0.14621482503741956,/opt/tabr1_results/per_cancer/os_5yr/LUAD/repeat_01_fold_00/tabfm_default/test_predictions.csv,,,
per_cancer,os_5yr,LUAD,1,0,autogluon,160,40,51,success,0.9066666960716248,validation split balanced accuracy,3.7431077040000673,0.1152846810000483,0.23529411764705882,0.4956395348837209,0.20408163265306123,0.11627906976744186,0.875,0.5116279069767441,0.856223063472128,0.4704907009524875,0.1472474052233984,/opt/tabr1_results/per_cancer/os_5yr/LUAD/repeat_01_fold_00/autogluon/test_predictions.csv,,,
per_cancer,os_5yr,LUAD,1,1,tabpfn_v2,160,41,50,success,0.8094016313552856,validation split balanced accuracy,0.20756332800010568,3.339626008000778,0.56,0.577962577962578,0.6451612903225806,0.5405405405405406,0.6153846153846154,0.5467775467775468,0.7677238851371952,0.5809330711830579,0.1949034836267264,/opt/tabr1_results/per_cancer/os_5yr/LUAD/repeat_01_fold_01/tabpfn_v2/test_predictions.csv,,,
per_cancer,os_5yr,LUAD,1,1,tabpfn_v2_5,160,41,50,success,0.8410350680351257,validation split balanced accuracy,0.2492612870009907,4.1031032009996125,0.38,0.4812889812889813,0.39215686274509803,0.2702702702702703,0.6923076923076923,0.5841995841995842,0.7945460845510384,0.5700249214556503,0.19067515165534593,/opt/tabr1_results/per_cancer/os_5yr/LUAD/repeat_01_fold_01/tabpfn_v2_5/test_predictions.csv,,,
per_cancer,os_5yr,LUAD,1,1,tabpfn_v2_6,160,41,50,success,0.9350386261940002,validation split balanced accuracy,0.29414729899872327,4.268094363000273,0.28,0.4636174636174636,0.14285714285714285,0.08108108108108109,0.8461538461538461,0.632016632016632,0.7765204043156331,0.5632248926945531,0.18090321953089109,/opt/tabr1_results/per_cancer/os_5yr/LUAD/repeat_01_fold_01/tabpfn_v2_6/test_predictions.csv,,,
per_cancer,os_5yr,LUAD,1,1,tabpfn_v3,160,41,50,success,0.9208871126174927,validation split balanced accuracy,0.5338074989995221,3.97478585799945,0.28,0.4636174636174636,0.14285714285714285,0.08108108108108109,0.8461538461538461,0.5634095634095634,0.757557647497733,0.5993297418289675,0.19803589552737008,/opt/tabr1_results/per_cancer/os_5yr/LUAD/repeat_01_fold_01/tabpfn_v3/test_predictions.csv,,,
per_cancer,os_5yr,LUAD,1,1,tabfm_default,160,41,50,success,0.8364357948303223,validation split balanced accuracy,0.012786544000846334,2.275139366000076,0.42,0.48336798336798337,0.4727272727272727,0.35135135135135137,0.6153846153846154,0.5405405405405406,0.7415250918119564,0.6145424651220422,0.20257875098112416,/opt/tabr1_results/per_cancer/os_5yr/LUAD/repeat_01_fold_01/tabfm_default/test_predictions.csv,,,
per_cancer,os_5yr,LUAD,1,1,autogluon,160,41,50,success,0.2849019169807434,validation split balanced accuracy,3.8226608200002374,0.009111090999795124,0.74,0.524948024948025,0.8470588235294118,0.972972972972973,0.07692307692307693,0.7359667359667359,0.8862729119558193,0.5769329450157279,0.18556238671078298,/opt/tabr1_results/per_cancer/os_5yr/LUAD/repeat_01_fold_01/autogluon/test_predictions.csv,,,
per_cancer,os_5yr,LUAD,1,2,tabpfn_v2,160,41,50,success,0.7749801278114319,validation split balanced accuracy,0.18795893700007582,3.186051624999891,0.7,0.5297619047619048,0.8148148148148148,0.9166666666666666,0.14285714285714285,0.572420634920635,0.7570747285955128,0.6042558140321211,0.2055397883289578,/opt/tabr1_results/per_cancer/os_5yr/LUAD/repeat_01_fold_02/tabpfn_v2/test_predictions.csv,,,
per_cancer,os_5yr,LUAD,1,2,tabpfn_v2_5,160,41,50,success,0.7962927222251892,validation split balanced accuracy,0.2450100799997017,4.1291105180007435,0.6,0.5912698412698413,0.6875,0.6111111111111112,0.5714285714285714,0.5565476190476191,0.7394817601924408,0.6069446194473928,0.20645348922677825,/opt/tabr1_results/per_cancer/os_5yr/LUAD/repeat_01_fold_02/tabpfn_v2_5/test_predictions.csv,,,
per_cancer,os_5yr,LUAD,1,2,tabpfn_v2_6,160,41,50,success,0.8265695571899414,validation split balanced accuracy,0.29394004800087714,4.250015281999367,0.4,0.5615079365079365,0.3181818181818182,0.19444444444444445,0.9285714285714286,0.5287698412698413,0.7681299147264744,0.6226816009272881,0.21432366377452794,/opt/tabr1_results/per_cancer/os_5yr/LUAD/repeat_01_fold_02/tabpfn_v2_6/test_predictions.csv,,,
per_cancer,os_5yr,LUAD,1,2,tabpfn_v3,160,41,50,success,0.7762161493301392,validation split balanced accuracy,0.5323723540004721,3.9968202669988386,0.7,0.5079365079365079,0.8192771084337349,0.9444444444444444,0.07142857142857142,0.5426587301587301,0.7398279453717589,0.6078574707849005,0.20678733842722188,/opt/tabr1_results/per_cancer/os_5yr/LUAD/repeat_01_fold_02/tabpfn_v3/test_predictions.csv,,,
per_cancer,os_5yr,LUAD,1,2,tabfm_default,160,41,50,success,0.8279518485069275,validation split balanced accuracy,0.01267303799977526,2.4014434769997024,0.38,0.5476190476190477,0.27906976744186046,0.16666666666666666,0.9285714285714286,0.6458333333333333,0.8160992041862822,0.6124841595307982,0.20837315188267447,/opt/tabr1_results/per_cancer/os_5yr/LUAD/repeat_01_fold_02/tabfm_default/test_predictions.csv,,,
per_cancer,os_5yr,LUAD,1,2,autogluon,160,41,50,success,0.651784360408783,validation split balanced accuracy,3.7568863520009472,0.00625960100114753,0.72,0.5218253968253969,0.8333333333333334,0.9722222222222222,0.07142857142857142,0.6458333333333334,0.8339400701334648,0.5770756166835366,0.19576840825216188,/opt/tabr1_results/per_cancer/os_5yr/LUAD/repeat_01_fold_02/autogluon/test_predictions.csv,,,
per_cancer,os_5yr,LUAD,1,3,tabpfn_v2,161,40,50,success,0.7694125175476074,validation split balanced accuracy,0.1980069220007863,3.4896760360006738,0.7,0.4375,0.8235294117647058,0.875,0.0,0.46,0.7761632670485266,0.5035839146788286,0.16107798800875459,/opt/tabr1_results/per_cancer/os_5yr/LUAD/repeat_01_fold_03/tabpfn_v2/test_predictions.csv,,,
per_cancer,os_5yr,LUAD,1,3,tabpfn_v2_5,161,40,50,success,0.7535551190376282,validation split balanced accuracy,0.2520818320008402,4.601116546999037,0.7,0.475,0.8192771084337349,0.85,0.1,0.44249999999999995,0.7598576129747121,0.5111819295582535,0.16345106640064835,/opt/tabr1_results/per_cancer/os_5yr/LUAD/repeat_01_fold_03/tabpfn_v2_5/test_predictions.csv,,,
per_cancer,os_5yr,LUAD,1,3,tabpfn_v2_6,161,40,50,success,0.8415016531944275,validation split balanced accuracy,0.2983458660000906,4.691165674999866,0.34,0.5875,0.2978723404255319,0.175,1.0,0.53,0.8534525665916601,0.5021102421550944,0.16086274701101538,/opt/tabr1_results/per_cancer/os_5yr/LUAD/repeat_01_fold_03/tabpfn_v2_6/test_predictions.csv,,,
per_cancer,os_5yr,LUAD,1,3,tabpfn_v3,161,40,50,success,0.7787076234817505,validation split balanced accuracy,0.5390308939986426,4.011104475999673,0.74,0.575,0.8395061728395061,0.85,0.3,0.52,0.7963921880857795,0.5046499216696391,0.1614488834428535,/opt/tabr1_results/per_cancer/os_5yr/LUAD/repeat_01_fold_03/tabpfn_v3/test_predictions.csv,,,
per_cancer,os_5yr,LUAD,1,3,tabfm_default,161,40,50,success,0.7115200757980347,validation split balanced accuracy,0.012733449999359436,2.3024149110005965,0.68,0.425,0.8095238095238095,0.85,0.0,0.42499999999999993,0.7932206205517223,0.5435560426083409,0.1763726963955179,/opt/tabr1_results/per_cancer/os_5yr/LUAD/repeat_01_fold_03/tabfm_default/test_predictions.csv,,,
per_cancer,os_5yr,LUAD,1,3,autogluon,161,40,50,success,0.7615212202072144,validation split balanced accuracy,3.7302730930005055,0.05105632500089996,0.54,0.5625,0.6461538461538462,0.525,0.6,0.495,0.8382288461837415,0.5036864544002089,0.16177228550727463,/opt/tabr1_results/per_cancer/os_5yr/LUAD/repeat_01_fold_03/autogluon/test_predictions.csv,,,
per_cancer,os_5yr,LUAD,1,4,tabpfn_v2,160,41,50,success,0.7864170670509338,validation split balanced accuracy,0.21141266000086034,3.460425215000214,0.36,0.3223684210526316,0.4838709677419355,0.39473684210526316,0.25,0.28728070175438597,0.6615211133015805,0.5682904392342025,0.18823378055523107,/opt/tabr1_results/per_cancer/os_5yr/LUAD/repeat_01_fold_04/tabpfn_v2/test_predictions.csv,,,
per_cancer,os_5yr,LUAD,1,4,tabpfn_v2_5,160,41,50,success,0.7852069139480591,validation split balanced accuracy,0.227195475001281,4.148546789998363,0.56,0.5109649122807017,0.6764705882352942,0.6052631578947368,0.4166666666666667,0.4122807017543859,0.7371495507117513,0.5661585733045522,0.18763296932540832,/opt/tabr1_results/per_cancer/os_5yr/LUAD/repeat_01_fold_04/tabpfn_v2_5/test_predictions.csv,,,
per_cancer,os_5yr,LUAD,1,4,tabpfn_v2_6,160,41,50,success,0.7700927257537842,validation split balanced accuracy,0.3014459739988524,4.288808420998976,0.52,0.3991228070175438,0.6666666666666666,0.631578947368421,0.16666666666666666,0.3092105263157895,0.6668871885320501,0.5958278806339916,0.19767495865869336,/opt/tabr1_results/per_cancer/os_5yr/LUAD/repeat_01_fold_04/tabpfn_v2_6/test_predictions.csv,,,
per_cancer,os_5yr,LUAD,1,4,tabpfn_v3,160,41,50,success,0.7770052552223206,validation split balanced accuracy,0.5401617459992849,3.9524791139992885,0.52,0.45614035087719296,0.6470588235294118,0.5789473684210527,0.3333333333333333,0.39473684210526316,0.6981466909172943,0.5581426085098449,0.18478795241171242,/opt/tabr1_results/per_cancer/os_5yr/LUAD/repeat_01_fold_04/tabpfn_v3/test_predictions.csv,,,
per_cancer,os_5yr,LUAD,1,4,tabfm_default,160,41,50,success,0.8017979264259338,validation split balanced accuracy,0.012568327998451423,2.3160946819989476,0.48,0.45833333333333337,0.59375,0.5,0.4166666666666667,0.3728070175438596,0.6882873910559127,0.584057335374165,0.1929298193881275,/opt/tabr1_results/per_cancer/os_5yr/LUAD/repeat_01_fold_04/tabfm_default/test_predictions.csv,,,
per_cancer,os_5yr,LUAD,1,4,autogluon,160,41,50,success,0.7109259963035583,validation split balanced accuracy,3.891214780000155,0.017895753000630066,0.6,0.48026315789473684,0.7297297297297297,0.7105263157894737,0.25,0.49780701754385964,0.8077916710578041,0.5786258291521434,0.19468181839496487,/opt/tabr1_results/per_cancer/os_5yr/LUAD/repeat_01_fold_04/autogluon/test_predictions.csv,,,
per_cancer,os_5yr,LUAD,2,0,tabpfn_v2,160,41,50,success,0.7237057089805603,validation split balanced accuracy,0.1915271469988511,3.3865933239994774,0.78,0.6056910569105691,0.8674698795180723,0.8780487804878049,0.3333333333333333,0.5325203252032521,0.8301600868243564,0.48097734803812264,0.15098947679339964,/opt/tabr1_results/per_cancer/os_5yr/LUAD/repeat_02_fold_00/tabpfn_v2/test_predictions.csv,,,
per_cancer,os_5yr,LUAD,2,0,tabpfn_v2_5,160,41,50,success,0.6880744099617004,validation split balanced accuracy,0.2506068750008126,4.1963066090011125,0.8,0.5745257452574526,0.8837209302325582,0.926829268292683,0.2222222222222222,0.5027100271002711,0.8177563697559167,0.48933261386987126,0.15403250073213762,/opt/tabr1_results/per_cancer/os_5yr/LUAD/repeat_02_fold_00/tabpfn_v2_5/test_predictions.csv,,,
per_cancer,os_5yr,LUAD,2,0,tabpfn_v2_6,160,41,50,success,0.7053305506706238,validation split balanced accuracy,0.2695181919989409,4.371487158998207,0.76,0.5934959349593496,0.8536585365853658,0.8536585365853658,0.3333333333333333,0.5460704607046071,0.8342147557313184,0.5437624652681743,0.15390014551450995,/opt/tabr1_results/per_cancer/os_5yr/LUAD/repeat_02_fold_00/tabpfn_v2_6/test_predictions.csv,,,
per_cancer,os_5yr,LUAD,2,0,tabpfn_v3,160,41,50,success,0.7406944036483765,validation split balanced accuracy,0.480642151000211,3.8945573319997493,0.74,0.5813008130081301,0.8395061728395061,0.8292682926829268,0.3333333333333333,0.49457994579945797,0.8181864764125792,0.4848468699831024,0.15179249434302114,/opt/tabr1_results/per_cancer/os_5yr/LUAD/repeat_02_fold_00/tabpfn_v3/test_predictions.csv,,,
per_cancer,os_5yr,LUAD,2,0,tabfm_default,160,41,50,success,0.768153965473175,validation split balanced accuracy,0.012740301999656367,2.3050631910009542,0.54,0.45934959349593496,0.676056338028169,0.5853658536585366,0.3333333333333333,0.49864498644986444,0.8267572947099455,0.5128493479293665,0.16508113876344546,/opt/tabr1_results/per_cancer/os_5yr/LUAD/repeat_02_fold_00/tabfm_default/test_predictions.csv,,,
per_cancer,os_5yr,LUAD,2,0,autogluon,160,41,50,success,0.6902628540992737,validation split balanced accuracy,3.9721302069992817,0.018734376000793418,0.7,0.6002710027100271,0.8051948051948052,0.7560975609756098,0.4444444444444444,0.6111111111111112,0.8665248620329569,0.5199799163104804,0.1696468551398589,/opt/tabr1_results/per_cancer/os_5yr/LUAD/repeat_02_fold_00/autogluon/test_predictions.csv,,,
per_cancer,os_5yr,LUAD,2,1,tabpfn_v2,161,40,50,success,0.816365122795105,validation split balanced accuracy,0.20914573799927894,3.477237547000186,0.56,0.47619047619047616,0.6857142857142857,0.6857142857142857,0.26666666666666666,0.5123809523809524,0.7014519309365421,0.6633671062603459,0.2265560451354596,/opt/tabr1_results/per_cancer/os_5yr/LUAD/repeat_02_fold_01/tabpfn_v2/test_predictions.csv,,,
per_cancer,os_5yr,LUAD,2,1,tabpfn_v2_5,161,40,50,success,0.8348000049591064,validation split balanced accuracy,0.22361558199918363,4.729944459999388,0.42,0.4523809523809524,0.4727272727272727,0.37142857142857144,0.5333333333333333,0.49333333333333335,0.6878032921323158,0.6613317008017023,0.22599569799455693,/opt/tabr1_results/per_cancer/os_5yr/LUAD/repeat_02_fold_01/tabpfn_v2_5/test_predictions.csv,,,
per_cancer,os_5yr,LUAD,2,1,tabpfn_v2_6,161,40,50,success,0.8307437896728516,validation split balanced accuracy,0.2698030129995459,5.114666252000461,0.36,0.4666666666666667,0.30434782608695654,0.2,0.7333333333333333,0.4666666666666667,0.6771862406344237,0.782668775358101,0.2342281850291316,/opt/tabr1_results/per_cancer/os_5yr/LUAD/repeat_02_fold_01/tabpfn_v2_6/test_predictions.csv,,,
per_cancer,os_5yr,LUAD,2,1,tabpfn_v3,161,40,50,success,0.8384724259376526,validation split balanced accuracy,0.5409026569996058,4.035115260001476,0.36,0.5047619047619047,0.23809523809523808,0.14285714285714285,0.8666666666666667,0.5485714285714285,0.7181063283945542,0.6740510354824163,0.22821895639935263,/opt/tabr1_results/per_cancer/os_5yr/LUAD/repeat_02_fold_01/tabpfn_v3/test_predictions.csv,,,
per_cancer,os_5yr,LUAD,2,1,tabfm_default,161,40,50,success,0.8364357948303223,validation split balanced accuracy,0.012652363999222871,2.3590624389998993,0.48,0.4380952380952381,0.59375,0.5428571428571428,0.3333333333333333,0.4438095238095238,0.6866681764783936,0.6772394661666116,0.23083622896705094,/opt/tabr1_results/per_cancer/os_5yr/LUAD/repeat_02_fold_01/tabfm_default/test_predictions.csv,,,
per_cancer,os_5yr,LUAD,2,1,autogluon,161,40,50,success,0.9037892818450928,validation split balanced accuracy,3.7676482440001564,0.01839072000075248,0.38,0.5190476190476191,0.27906976744186046,0.17142857142857143,0.8666666666666667,0.48095238095238096,0.7059274260634619,0.6728553692312089,0.22706800790577097,/opt/tabr1_results/per_cancer/os_5yr/LUAD/repeat_02_fold_01/autogluon/test_predictions.csv,,,
per_cancer,os_5yr,LUAD,2,2,tabpfn_v2,161,40,50,success,0.7844898700714111,validation split balanced accuracy,0.20792309299940825,3.3249755069991807,0.62,0.508130081300813,0.7466666666666667,0.6829268292682927,0.3333333333333333,0.5582655826558266,0.8797203218551792,0.4733318764733536,0.14841612568537577,/opt/tabr1_results/per_cancer/os_5yr/LUAD/repeat_02_fold_02/tabpfn_v2/test_predictions.csv,,,
per_cancer,os_5yr,LUAD,2,2,tabpfn_v2_5,161,40,50,success,0.8090546131134033,validation split balanced accuracy,0.21997377300067456,4.49967048399958,0.48,0.5962059620596206,0.5666666666666667,0.4146341463414634,0.7777777777777778,0.6178861788617885,0.8698479468860664,0.47417547440020674,0.1492827726373477,/opt/tabr1_results/per_cancer/os_5yr/LUAD/repeat_02_fold_02/tabpfn_v2_5/test_predictions.csv,,,
per_cancer,os_5yr,LUAD,2,2,tabpfn_v2_6,161,40,50,success,0.8103804588317871,validation split balanced accuracy,0.29451159599921084,4.738844446999792,0.52,0.5772357723577235,0.625,0.4878048780487805,0.6666666666666666,0.6314363143631436,0.8869937195339845,0.47500207108923476,0.15062066475169275,/opt/tabr1_results/per_cancer/os_5yr/LUAD/repeat_02_fold_02/tabpfn_v2_6/test_predictions.csv,,,
per_cancer,os_5yr,LUAD,2,2,tabpfn_v3,161,40,50,success,0.7868936061859131,validation split balanced accuracy,0.5366938639999717,4.03718494199893,0.56,0.6449864498644986,0.65625,0.5121951219512195,0.7777777777777778,0.6558265582655827,0.905754146543841,0.46597085047496706,0.14629164910884193,/opt/tabr1_results/per_cancer/os_5yr/LUAD/repeat_02_fold_02/tabpfn_v3/test_predictions.csv,,,
per_cancer,os_5yr,LUAD,2,2,tabfm_default,161,40,50,success,0.8017979264259338,validation split balanced accuracy,0.012690989000475383,2.3071977800009336,0.66,0.6192411924119241,0.7671232876712328,0.6829268292682927,0.5555555555555556,0.5609756097560976,0.8707007624146202,0.4712147976122254,0.14771661899985417,/opt/tabr1_results/per_cancer/os_5yr/LUAD/repeat_02_fold_02/tabfm_default/test_predictions.csv,,,
per_cancer,os_5yr,LUAD,2,2,autogluon,161,40,50,success,0.6384958624839783,validation split balanced accuracy,3.9384662880001997,0.005898442999750841,0.72,0.43902439024390244,0.8372093023255814,0.8780487804878049,0.0,0.4552845528455285,0.8127677507377645,0.5576108827559103,0.1769782483681345,/opt/tabr1_results/per_cancer/os_5yr/LUAD/repeat_02_fold_02/autogluon/test_predictions.csv,,,
per_cancer,os_5yr,LUAD,2,3,tabpfn_v2,160,40,51,success,0.7946854829788208,validation split balanced accuracy,0.19287533100032306,3.228515453,0.5490196078431373,0.45487804878048776,0.684931506849315,0.6097560975609756,0.3,0.40731707317073174,0.7502806283306371,0.5015334171479209,0.15979103466118422,/opt/tabr1_results/per_cancer/os_5yr/LUAD/repeat_02_fold_03/tabpfn_v2/test_predictions.csv,,,
per_cancer,os_5yr,LUAD,2,3,tabpfn_v2_5,160,40,51,success,0.8021655678749084,validation split balanced accuracy,0.25163040599909436,4.317657302999578,0.6274509803921569,0.5414634146341464,0.7466666666666667,0.6829268292682927,0.4,0.5829268292682926,0.8294734191154102,0.4923589127913617,0.15678511390221506,/opt/tabr1_results/per_cancer/os_5yr/LUAD/repeat_02_fold_03/tabpfn_v2_5/test_predictions.csv,,,
per_cancer,os_5yr,LUAD,2,3,tabpfn_v2_6,160,40,51,success,0.7838649749755859,validation split balanced accuracy,0.2982489469995926,4.3503381370010175,0.6274509803921569,0.46585365853658534,0.759493670886076,0.7317073170731707,0.2,0.5097560975609755,0.8138025590125469,0.5052253311187449,0.1608835652987142,/opt/tabr1_results/per_cancer/os_5yr/LUAD/repeat_02_fold_03/tabpfn_v2_6/test_predictions.csv,,,
per_cancer,os_5yr,LUAD,2,3,tabpfn_v3,160,40,51,success,0.808173418045044,validation split balanced accuracy,0.5362128030010354,3.9986838740005624,0.5686274509803921,0.5426829268292683,0.6857142857142857,0.5853658536585366,0.5,0.5878048780487805,0.8552248333497973,0.49223526190085176,0.15683621935535869,/opt/tabr1_results/per_cancer/os_5yr/LUAD/repeat_02_fold_03/tabpfn_v3/test_predictions.csv,,,
per_cancer,os_5yr,LUAD,2,3,tabfm_default,160,40,51,success,0.8191229701042175,validation split balanced accuracy,0.012642847999813966,2.312518705999537,0.7254901960784313,0.602439024390244,0.825,0.8048780487804879,0.4,0.6182926829268293,0.8700039319689492,0.4893570768647323,0.15628168518318983,/opt/tabr1_results/per_cancer/os_5yr/LUAD/repeat_02_fold_03/tabfm_default/test_predictions.csv,,,
per_cancer,os_5yr,LUAD,2,3,autogluon,160,40,51,success,0.849267840385437,validation split balanced accuracy,3.91566578200036,0.006112682000093628,0.39215686274509803,0.5463414634146342,0.43636363636363634,0.2926829268292683,0.8,0.7048780487804879,0.8811982195723529,0.468181587640517,0.1466392435849155,/opt/tabr1_results/per_cancer/os_5yr/LUAD/repeat_02_fold_03/autogluon/test_predictions.csv,,,
per_cancer,os_5yr,LUAD,2,4,tabpfn_v2,161,40,50,success,0.7523485422134399,validation split balanced accuracy,0.2059902040000452,3.31247774700023,0.58,0.46825396825396826,0.7123287671232876,0.7222222222222222,0.21428571428571427,0.39880952380952384,0.7122620235579172,0.6515993787794513,0.22033696935389835,/opt/tabr1_results/per_cancer/os_5yr/LUAD/repeat_02_fold_04/tabpfn_v2/test_predictions.csv,,,
per_cancer,os_5yr,LUAD,2,4,tabpfn_v2_5,161,40,50,success,0.8412642478942871,validation split balanced accuracy,0.24671028800003114,4.734773666999899,0.46,0.5376984126984127,0.49056603773584906,0.3611111111111111,0.7142857142857143,0.44246031746031744,0.7478739801593506,0.6521289115981783,0.2212842961812641,/opt/tabr1_results/per_cancer/os_5yr/LUAD/repeat_02_fold_04/tabpfn_v2_5/test_predictions.csv,,,
per_cancer,os_5yr,LUAD,2,4,tabpfn_v2_6,161,40,50,success,0.8235263824462891,validation split balanced accuracy,0.2969924210010504,4.945306278001226,0.52,0.5357142857142857,0.6,0.5,0.5714285714285714,0.5158730158730158,0.7433347355175693,0.6307722974530978,0.21317913836054964,/opt/tabr1_results/per_cancer/os_5yr/LUAD/repeat_02_fold_04/tabpfn_v2_6/test_predictions.csv,,,
per_cancer,os_5yr,LUAD,2,4,tabpfn_v3,161,40,50,success,0.8177786469459534,validation split balanced accuracy,0.5343535440006235,4.035331250001036,0.34,0.34523809523809523,0.42105263157894735,0.3333333333333333,0.35714285714285715,0.3412698412698413,0.6891992513593819,0.6399163350316066,0.21680422866722351,/opt/tabr1_results/per_cancer/os_5yr/LUAD/repeat_02_fold_04/tabpfn_v3/test_predictions.csv,,,
per_cancer,os_5yr,LUAD,2,4,tabfm_default,161,40,50,success,0.7458100318908691,validation split balanced accuracy,0.012583599000208778,2.622567295000408,0.66,0.4801587301587301,0.7901234567901234,0.8888888888888888,0.07142857142857142,0.5525793650793651,0.771624089685069,0.6378558182800819,0.21585897639054735,/opt/tabr1_results/per_cancer/os_5yr/LUAD/repeat_02_fold_04/tabfm_default/test_predictions.csv,,,
per_cancer,os_5yr,LUAD,2,4,autogluon,161,40,50,success,0.8521186709403992,validation split balanced accuracy,3.744428557998617,0.005578727999818511,0.46,0.45039682539682535,0.5573770491803278,0.4722222222222222,0.42857142857142855,0.45833333333333337,0.7001026138154258,0.7047499240876577,0.23236545206516523,/opt/tabr1_results/per_cancer/os_5yr/LUAD/repeat_02_fold_04/autogluon/test_predictions.csv,,,
per_cancer,os_5yr,LUAD,3,0,tabpfn_v2,160,40,51,success,0.7768094539642334,validation split balanced accuracy,0.19198975800100015,3.121336727999733,0.6470588235294118,0.5772727272727273,0.7567567567567568,0.7,0.45454545454545453,0.6204545454545455,0.8728676295044389,0.5269905340866713,0.17197491553035604,/opt/tabr1_results/per_cancer/os_5yr/LUAD/repeat_03_fold_00/tabpfn_v2/test_predictions.csv,,,
per_cancer,os_5yr,LUAD,3,0,tabpfn_v2_5,160,40,51,success,0.7804020047187805,validation split balanced accuracy,0.23576001299989002,4.280942211000365,0.6078431372549019,0.6840909090909091,0.6875,0.55,0.8181818181818182,0.6272727272727273,0.8937502959510684,0.5213759151949771,0.1701486413013764,/opt/tabr1_results/per_cancer/os_5yr/LUAD/repeat_03_fold_00/tabpfn_v2_5/test_predictions.csv,,,
per_cancer,os_5yr,LUAD,3,0,tabpfn_v2_6,160,40,51,success,0.850052535533905,validation split balanced accuracy,0.29543840999940585,4.159303129999898,0.23529411764705882,0.5125,0.04878048780487805,0.025,1.0,0.4659090909090909,0.8179387613196335,0.5474964102572565,0.18019487562424807,/opt/tabr1_results/per_cancer/os_5yr/LUAD/repeat_03_fold_00/tabpfn_v2_6/test_predictions.csv,,,
per_cancer,os_5yr,LUAD,3,0,tabpfn_v3,160,40,51,success,0.7743694186210632,validation split balanced accuracy,0.5326954249994742,3.851392479000424,0.6666666666666666,0.6227272727272727,0.7671232876712328,0.7,0.5454545454545454,0.7204545454545453,0.9242298341934061,0.5232495716116664,0.17134729465746434,/opt/tabr1_results/per_cancer/os_5yr/LUAD/repeat_03_fold_00/tabpfn_v3/test_predictions.csv,,,
per_cancer,os_5yr,LUAD,3,0,tabfm_default,160,40,51,success,0.822949230670929,validation split balanced accuracy,0.012750870000672876,2.427508864000629,0.5098039215686274,0.45681818181818185,0.6376811594202898,0.55,0.36363636363636365,0.4409090909090909,0.7871984127192937,0.5929534908480225,0.19745014274722236,/opt/tabr1_results/per_cancer/os_5yr/LUAD/repeat_03_fold_00/tabfm_default/test_predictions.csv,,,
per_cancer,os_5yr,LUAD,3,0,autogluon,160,40,51,success,0.8468838334083557,validation split balanced accuracy,3.902925304000746,0.011798781999459607,0.5490196078431373,0.5806818181818182,0.6461538461538462,0.525,0.6363636363636364,0.6613636363636364,0.8650168823457027,0.49309666377355676,0.15731586375658518,/opt/tabr1_results/per_cancer/os_5yr/LUAD/repeat_03_fold_00/autogluon/test_predictions.csv,,,
per_cancer,os_5yr,LUAD,3,1,tabpfn_v2,161,40,50,success,0.804602861404419,validation split balanced accuracy,0.19538771800034738,3.370418966998841,0.66,0.6052631578947368,0.7605633802816901,0.7105263157894737,0.5,0.5899122807017544,0.8307465859960272,0.5537354534571646,0.18333566442853738,/opt/tabr1_results/per_cancer/os_5yr/LUAD/repeat_03_fold_01/tabpfn_v2/test_predictions.csv,,,
per_cancer,os_5yr,LUAD,3,1,tabpfn_v2_5,161,40,50,success,0.8009470701217651,validation split balanced accuracy,0.25424873500014655,4.5687756660008745,0.62,0.5219298245614035,0.7397260273972602,0.7105263157894737,0.3333333333333333,0.5482456140350876,0.7871166093922346,0.5605219276785077,0.18528460575723885,/opt/tabr1_results/per_cancer/os_5yr/LUAD/repeat_03_fold_01/tabpfn_v2_5/test_predictions.csv,,,
per_cancer,os_5yr,LUAD,3,1,tabpfn_v2_6,161,40,50,success,0.9179080128669739,validation split balanced accuracy,0.30143585199948575,4.6993288779995055,0.28,0.4692982456140351,0.18181818181818182,0.10526315789473684,0.8333333333333334,0.3837719298245614,0.701536954945781,0.6119328375367306,0.19828221992342526,/opt/tabr1_results/per_cancer/os_5yr/LUAD/repeat_03_fold_01/tabpfn_v2_6/test_predictions.csv,,,
per_cancer,os_5yr,LUAD,3,1,tabpfn_v3,161,40,50,success,0.8225116729736328,validation split balanced accuracy,0.5415475219997461,3.987454431000515,0.46,0.41666666666666663,0.5846153846153846,0.5,0.3333333333333333,0.39254385964912275,0.714695500033897,0.6109557404687459,0.19882222221527784,/opt/tabr1_results/per_cancer/os_5yr/LUAD/repeat_03_fold_01/tabpfn_v3/test_predictions.csv,,,
per_cancer,os_5yr,LUAD,3,1,tabfm_default,161,40,50,success,0.8795151710510254,validation split balanced accuracy,0.012927939000292099,2.309580047000054,0.32,0.46710526315789475,0.2916666666666667,0.18421052631578946,0.75,0.3486842105263158,0.6949416810503913,0.6370578045486647,0.2090811188549074,/opt/tabr1_results/per_cancer/os_5yr/LUAD/repeat_03_fold_01/tabfm_default/test_predictions.csv,,,
per_cancer,os_5yr,LUAD,3,1,autogluon,161,40,50,success,0.5738605856895447,validation split balanced accuracy,3.8901556889995845,0.006172254999910365,0.72,0.5021929824561403,0.8333333333333334,0.9210526315789473,0.08333333333333333,0.3881578947368421,0.7406210440584508,0.6545105333004492,0.2173649651521396,/opt/tabr1_results/per_cancer/os_5yr/LUAD/repeat_03_fold_01/autogluon/test_predictions.csv,,,
per_cancer,os_5yr,LUAD,3,2,tabpfn_v2,160,41,50,success,0.8197858929634094,validation split balanced accuracy,0.1891774860014266,3.1830332040008216,0.22,0.39999999999999997,0.1702127659574468,0.1,0.7,0.485,0.7805206522137177,0.5064008359505302,0.16179232708631047,/opt/tabr1_results/per_cancer/os_5yr/LUAD/repeat_03_fold_02/tabpfn_v2/test_predictions.csv,,,
per_cancer,os_5yr,LUAD,3,2,tabpfn_v2_5,160,41,50,success,0.8212551474571228,validation split balanced accuracy,0.2472083049997309,4.178544223999779,0.32,0.46249999999999997,0.34615384615384615,0.225,0.7,0.4875,0.81754198974439,0.5095445365295127,0.16360833793570648,/opt/tabr1_results/per_cancer/os_5yr/LUAD/repeat_03_fold_02/tabpfn_v2_5/test_predictions.csv,,,
per_cancer,os_5yr,LUAD,3,2,tabpfn_v2_6,160,41,50,success,0.8342061638832092,validation split balanced accuracy,0.2959662949997437,4.364877557,0.32,0.5,0.32,0.2,0.8,0.47500000000000003,0.7708741633354329,0.5344649092268619,0.1686752543924947,/opt/tabr1_results/per_cancer/os_5yr/LUAD/repeat_03_fold_02/tabpfn_v2_6/test_predictions.csv,,,
per_cancer,os_5yr,LUAD,3,2,tabpfn_v3,160,41,50,success,0.8428771495819092,validation split balanced accuracy,0.5342644230004225,3.960060114000953,0.3,0.48750000000000004,0.2857142857142857,0.175,0.8,0.455,0.7800334341145935,0.5151372577771934,0.16557977313193775,/opt/tabr1_results/per_cancer/os_5yr/LUAD/repeat_03_fold_02/tabpfn_v3/test_predictions.csv,,,
per_cancer,os_5yr,LUAD,3,2,tabfm_default,160,41,50,success,0.843437135219574,validation split balanced accuracy,0.012815234000299824,2.2690974369998003,0.38,0.4625,0.45614035087719296,0.325,0.6,0.48374999999999996,0.7941123111347993,0.5381804294068957,0.17624951016571613,/opt/tabr1_results/per_cancer/os_5yr/LUAD/repeat_03_fold_02/tabfm_default/test_predictions.csv,,,
per_cancer,os_5yr,LUAD,3,2,autogluon,160,41,50,success,0.7922627925872803,validation split balanced accuracy,3.7322468880011,0.006094451000535628,0.42,0.4875,0.5084745762711864,0.375,0.6,0.495,0.7815077406721458,0.5340213905067553,0.17125220692267853,/opt/tabr1_results/per_cancer/os_5yr/LUAD/repeat_03_fold_02/autogluon/test_predictions.csv,,,
per_cancer,os_5yr,LUAD,3,3,tabpfn_v2,160,41,50,success,0.8583636283874512,validation split balanced accuracy,0.20460203099901264,3.166489332999845,0.3,0.527027027027027,0.10256410256410256,0.05405405405405406,1.0,0.6673596673596673,0.870012961930761,0.5742451932464494,0.19279074872189497,/opt/tabr1_results/per_cancer/os_5yr/LUAD/repeat_03_fold_03/tabpfn_v2/test_predictions.csv,,,
per_cancer,os_5yr,LUAD,3,3,tabpfn_v2_5,160,41,50,success,0.7852184176445007,validation split balanced accuracy,0.21732607599915355,4.0865077119997295,0.74,0.5997920997920998,0.8354430379746836,0.8918918918918919,0.3076923076923077,0.5987525987525988,0.8137256954783885,0.5727554892456732,0.19101333499859208,/opt/tabr1_results/per_cancer/os_5yr/LUAD/repeat_03_fold_03/tabpfn_v2_5/test_predictions.csv,,,
per_cancer,os_5yr,LUAD,3,3,tabpfn_v2_6,160,41,50,success,0.6688297986984253,validation split balanced accuracy,0.2943126450009004,4.261148895999213,0.74,0.524948024948025,0.8470588235294118,0.972972972972973,0.07692307692307693,0.5530145530145529,0.8173670864663274,0.5892848785921182,0.19741494780841265,/opt/tabr1_results/per_cancer/os_5yr/LUAD/repeat_03_fold_03/tabpfn_v2_6/test_predictions.csv,,,
per_cancer,os_5yr,LUAD,3,3,tabpfn_v3,160,41,50,success,0.8548920750617981,validation split balanced accuracy,0.5310844279993034,3.970312212999488,0.26,0.5,0.0,0.0,1.0,0.654885654885655,0.8725179707615434,0.5797195723565912,0.19459882118240615,/opt/tabr1_results/per_cancer/os_5yr/LUAD/repeat_03_fold_03/tabpfn_v3/test_predictions.csv,,,
per_cancer,os_5yr,LUAD,3,3,tabfm_default,160,41,50,success,0.8501924276351929,validation split balanced accuracy,0.01301887100089516,2.2916936080000596,0.52,0.6507276507276507,0.5384615384615384,0.3783783783783784,0.9230769230769231,0.6964656964656964,0.8463441949103272,0.5937593161137785,0.19892905932844712,/opt/tabr1_results/per_cancer/os_5yr/LUAD/repeat_03_fold_03/tabfm_default/test_predictions.csv,,,
per_cancer,os_5yr,LUAD,3,3,autogluon,160,41,50,success,0.5218102335929871,validation split balanced accuracy,4.1063379919996805,0.007796040999892284,0.8,0.6153846153846154,0.8809523809523809,1.0,0.23076923076923078,0.6507276507276507,0.8494363801342775,0.5548386313117688,0.1785922621140282,/opt/tabr1_results/per_cancer/os_5yr/LUAD/repeat_03_fold_03/autogluon/test_predictions.csv,,,
per_cancer,os_5yr,LUAD,3,4,tabpfn_v2,161,40,50,success,0.8268771767616272,validation split balanced accuracy,0.21249886599980528,3.4239474770001834,0.36,0.49184149184149184,0.38461538461538464,0.2564102564102564,0.7272727272727273,0.48251748251748255,0.7920248555882482,0.5342919974986939,0.17383146863003,/opt/tabr1_results/per_cancer/os_5yr/LUAD/repeat_03_fold_04/tabpfn_v2/test_predictions.csv,,,
per_cancer,os_5yr,LUAD,3,4,tabpfn_v2_5,161,40,50,success,0.8095381259918213,validation split balanced accuracy,0.22754368599998998,4.638547507000112,0.58,0.534965034965035,0.6956521739130435,0.6153846153846154,0.45454545454545453,0.4778554778554779,0.7964327844033416,0.5389118987745238,0.17523472344612423,/opt/tabr1_results/per_cancer/os_5yr/LUAD/repeat_03_fold_04/tabpfn_v2_5/test_predictions.csv,,,
per_cancer,os_5yr,LUAD,3,4,tabpfn_v2_6,161,40,50,success,0.7849194407463074,validation split balanced accuracy,0.2768173289987317,4.635381500000221,0.6,0.38461538461538464,0.75,0.7692307692307693,0.0,0.3986013986013986,0.7503215187183743,0.5553203295144324,0.17961228446026994,/opt/tabr1_results/per_cancer/os_5yr/LUAD/repeat_03_fold_04/tabpfn_v2_6/test_predictions.csv,,,
per_cancer,os_5yr,LUAD,3,4,tabpfn_v3,161,40,50,success,0.8622064590454102,validation split balanced accuracy,0.5407772630005638,4.059707096001148,0.22,0.5,0.0,0.0,1.0,0.43822843822843827,0.767225594344584,0.5372805067236253,0.17476964904275413,/opt/tabr1_results/per_cancer/os_5yr/LUAD/repeat_03_fold_04/tabpfn_v3/test_predictions.csv,,,
per_cancer,os_5yr,LUAD,3,4,tabfm_default,161,40,50,success,0.90068519115448,validation split balanced accuracy,0.012948086001415504,2.450161789000049,0.24,0.4475524475524476,0.13636363636363635,0.07692307692307693,0.8181818181818182,0.45687645687645684,0.7871296601680221,0.5644737214117235,0.18227328021799316,/opt/tabr1_results/per_cancer/os_5yr/LUAD/repeat_03_fold_04/tabfm_default/test_predictions.csv,,,
per_cancer,os_5yr,LUAD,3,4,autogluon,161,40,50,success,0.9797264337539673,validation split balanced accuracy,4.057063733000177,0.006515987999591744,0.34,0.5442890442890442,0.2978723404255319,0.1794871794871795,0.9090909090909091,0.5710955710955711,0.8329027246796491,0.6281828626383177,0.1925684808514425,/opt/tabr1_results/per_cancer/os_5yr/LUAD/repeat_03_fold_04/autogluon/test_predictions.csv,,,
per_cancer,os_5yr,LUAD,4,0,tabpfn_v2,160,40,51,success,0.7115660309791565,validation split balanced accuracy,0.20393088199853082,3.129846546000408,0.7254901960784313,0.44047619047619047,0.8409090909090909,0.8809523809523809,0.0,0.4920634920634921,0.8300160707348528,0.4787828063733418,0.14990839838679026,/opt/tabr1_results/per_cancer/os_5yr/LUAD/repeat_04_fold_00/tabpfn_v2/test_predictions.csv,,,
per_cancer,os_5yr,LUAD,4,0,tabpfn_v2_5,160,40,51,success,0.7794319987297058,validation split balanced accuracy,0.21501189500122564,4.118973906000974,0.6078431372549019,0.5873015873015873,0.7222222222222222,0.6190476190476191,0.5555555555555556,0.5740740740740741,0.8571631611381311,0.47194023155291487,0.14782204263470114,/opt/tabr1_results/per_cancer/os_5yr/LUAD/repeat_04_fold_00/tabpfn_v2_5/test_predictions.csv,,,
per_cancer,os_5yr,LUAD,4,0,tabpfn_v2_6,160,40,51,success,0.8948744535446167,validation split balanced accuracy,0.290389067000433,4.1250337319997925,0.27450980392156865,0.4722222222222222,0.27450980392156865,0.16666666666666666,0.7777777777777778,0.5238095238095237,0.8419470685279878,0.4880624368421961,0.15302122866405318,/opt/tabr1_results/per_cancer/os_5yr/LUAD/repeat_04_fold_00/tabpfn_v2_6/test_predictions.csv,,,
per_cancer,os_5yr,LUAD,4,0,tabpfn_v3,160,40,51,success,0.8389073610305786,validation split balanced accuracy,0.47068396199938434,3.839427319000606,0.2549019607843137,0.503968253968254,0.20833333333333334,0.11904761904761904,0.8888888888888888,0.5846560846560847,0.8775556327976323,0.46809586798621555,0.14663788481935178,/opt/tabr1_results/per_cancer/os_5yr/LUAD/repeat_04_fold_00/tabpfn_v3/test_predictions.csv,,,
per_cancer,os_5yr,LUAD,4,0,tabfm_default,160,40,51,success,0.8776633739471436,validation split balanced accuracy,0.012751689999277005,2.5481783949999226,0.17647058823529413,0.5,0.0,0.0,1.0,0.544973544973545,0.8637611861684515,0.4662441011861781,0.14574455894815447,/opt/tabr1_results/per_cancer/os_5yr/LUAD/repeat_04_fold_00/tabfm_default/test_predictions.csv,,,
per_cancer,os_5yr,LUAD,4,0,autogluon,160,40,51,success,0.9429910182952881,validation split balanced accuracy,3.763013009000133,0.006533034998938092,0.45098039215686275,0.4920634920634921,0.5625,0.42857142857142855,0.5555555555555556,0.4894179894179895,0.810322990796669,0.608768769149978,0.17602514680122408,/opt/tabr1_results/per_cancer/os_5yr/LUAD/repeat_04_fold_00/autogluon/test_predictions.csv,,,
per_cancer,os_5yr,LUAD,4,1,tabpfn_v2,161,40,50,success,0.7953886985778809,validation split balanced accuracy,0.19174506499985,3.39064770099867,0.34,0.45238095238095233,0.26666666666666666,0.17142857142857143,0.7333333333333333,0.41428571428571426,0.6493738324960003,0.6611998963106012,0.22547225763083034,/opt/tabr1_results/per_cancer/os_5yr/LUAD/repeat_04_fold_01/tabpfn_v2/test_predictions.csv,,,
per_cancer,os_5yr,LUAD,4,1,tabpfn_v2_5,161,40,50,success,0.8642652034759521,validation split balanced accuracy,0.24921015899963095,4.819882101000985,0.3,0.4428571428571429,0.14634146341463414,0.08571428571428572,0.8,0.4847619047619047,0.6749018160120548,0.6511047352725463,0.22296194976914777,/opt/tabr1_results/per_cancer/os_5yr/LUAD/repeat_04_fold_01/tabpfn_v2_5/test_predictions.csv,,,
per_cancer,os_5yr,LUAD,4,1,tabpfn_v2_6,161,40,50,success,0.8140795230865479,validation split balanced accuracy,0.29805029700037267,5.0208610629997565,0.3,0.4238095238095238,0.18604651162790697,0.11428571428571428,0.7333333333333333,0.5533333333333333,0.7044384741667787,0.8094781805200567,0.23369949125244077,/opt/tabr1_results/per_cancer/os_5yr/LUAD/repeat_04_fold_01/tabpfn_v2_6/test_predictions.csv,,,
per_cancer,os_5yr,LUAD,4,1,tabpfn_v3,161,40,50,success,0.8087081909179688,validation split balanced accuracy,0.46909644799961825,4.017610561000765,0.38,0.5,0.3111111111111111,0.2,0.8,0.5838095238095238,0.72687183524492,0.6585625484813241,0.22430778146303204,/opt/tabr1_results/per_cancer/os_5yr/LUAD/repeat_04_fold_01/tabpfn_v3/test_predictions.csv,,,
per_cancer,os_5yr,LUAD,4,1,tabfm_default,161,40,50,success,0.8822476267814636,validation split balanced accuracy,0.012942473998919013,2.4204039519991056,0.34,0.4714285714285714,0.23255813953488372,0.14285714285714285,0.8,0.5371428571428571,0.707377420142869,0.67506824827281,0.2243790345312287,/opt/tabr1_results/per_cancer/os_5yr/LUAD/repeat_04_fold_01/tabfm_default/test_predictions.csv,,,
per_cancer,os_5yr,LUAD,4,1,autogluon,161,40,50,success,0.9853954315185547,validation split balanced accuracy,3.8010114829994563,0.008224953000535606,0.46,0.5380952380952381,0.47058823529411764,0.34285714285714286,0.7333333333333333,0.49238095238095236,0.6854896260517388,1.0741662418405498,0.27221929436924136,/opt/tabr1_results/per_cancer/os_5yr/LUAD/repeat_04_fold_01/autogluon/test_predictions.csv,,,
per_cancer,os_5yr,LUAD,4,2,tabpfn_v2,160,41,50,success,0.794713020324707,validation split balanced accuracy,0.2117861400001857,3.342040402998464,0.66,0.6052631578947368,0.7605633802816901,0.7105263157894737,0.5,0.5328947368421053,0.8123556780278062,0.5548290390719742,0.18335999129359493,/opt/tabr1_results/per_cancer/os_5yr/LUAD/repeat_04_fold_02/tabpfn_v2/test_predictions.csv,,,
per_cancer,os_5yr,LUAD,4,2,tabpfn_v2_5,160,41,50,success,0.7841004133224487,validation split balanced accuracy,0.2540127090014721,4.23238483500063,0.66,0.49122807017543857,0.7848101265822784,0.8157894736842105,0.16666666666666666,0.5416666666666667,0.8275679789923768,0.560794733298378,0.18568324887230092,/opt/tabr1_results/per_cancer/os_5yr/LUAD/repeat_04_fold_02/tabpfn_v2_5/test_predictions.csv,,,
per_cancer,os_5yr,LUAD,4,2,tabpfn_v2_6,160,41,50,success,0.8265695571899414,validation split balanced accuracy,0.3017054760002793,4.4062309010005265,0.52,0.5701754385964912,0.6,0.47368421052631576,0.6666666666666666,0.49780701754385964,0.8073028757689792,0.5772910391706708,0.19144615652843847,/opt/tabr1_results/per_cancer/os_5yr/LUAD/repeat_04_fold_02/tabpfn_v2_6/test_predictions.csv,,,
per_cancer,os_5yr,LUAD,4,2,tabpfn_v3,160,41,50,success,0.8579757213592529,validation split balanced accuracy,0.5400742339988938,3.8609200209994015,0.4,0.5767543859649122,0.375,0.23684210526315788,0.9166666666666666,0.4758771929824561,0.7957017978161801,0.5659015879153781,0.18699555594112993,/opt/tabr1_results/per_cancer/os_5yr/LUAD/repeat_04_fold_02/tabpfn_v3/test_predictions.csv,,,
per_cancer,os_5yr,LUAD,4,2,tabfm_default,160,41,50,success,0.8364359140396118,validation split balanced accuracy,0.012966520998816122,2.5104671620010777,0.54,0.4692982456140351,0.6666666666666666,0.6052631578947368,0.3333333333333333,0.4978070175438597,0.7561848090849952,0.5821617858902097,0.18718367026612726,/opt/tabr1_results/per_cancer/os_5yr/LUAD/repeat_04_fold_02/tabfm_default/test_predictions.csv,,,
per_cancer,os_5yr,LUAD,4,2,autogluon,160,41,50,success,0.7637342214584351,validation split balanced accuracy,3.726537411999743,0.018000763999225455,0.76,0.5285087719298246,0.8604651162790697,0.9736842105263158,0.08333333333333333,0.5625,0.7666868484204603,0.5482741178746241,0.1813228910870834,/opt/tabr1_results/per_cancer/os_5yr/LUAD/repeat_04_fold_02/autogluon/test_predictions.csv,,,
per_cancer,os_5yr,LUAD,4,3,tabpfn_v2,160,41,50,success,0.8029588460922241,validation split balanced accuracy,0.20455019900146,3.1460768680008186,0.32,0.4850498338870432,0.39285714285714285,0.2558139534883721,0.7142857142857143,0.5647840531561462,0.8581230690016801,0.4299118095367341,0.1280331489173191,/opt/tabr1_results/per_cancer/os_5yr/LUAD/repeat_04_fold_03/tabpfn_v2/test_predictions.csv,,,
per_cancer,os_5yr,LUAD,4,3,tabpfn_v2_5,160,41,50,success,0.849470853805542,validation split balanced accuracy,0.21755247200053418,4.096334795000075,0.28,0.46179401993355484,0.3333333333333333,0.20930232558139536,0.7142857142857143,0.6046511627906976,0.882394496240242,0.4176380504633218,0.12389373915698307,/opt/tabr1_results/per_cancer/os_5yr/LUAD/repeat_04_fold_03/tabpfn_v2_5/test_predictions.csv,,,
per_cancer,os_5yr,LUAD,4,3,tabpfn_v2_6,160,41,50,success,0.7573965787887573,validation split balanced accuracy,0.2939272120001988,4.282715584999096,0.5,0.4700996677740864,0.6376811594202898,0.5116279069767442,0.42857142857142855,0.5282392026578073,0.8507118906990393,0.48969921602003724,0.13483182314584197,/opt/tabr1_results/per_cancer/os_5yr/LUAD/repeat_04_fold_03/tabpfn_v2_6/test_predictions.csv,,,
per_cancer,os_5yr,LUAD,4,3,tabpfn_v3,160,41,50,success,0.7683291435241699,validation split balanced accuracy,0.5320821570003318,3.924785821000114,0.68,0.574750830564784,0.7948717948717948,0.7209302325581395,0.42857142857142855,0.5614617940199336,0.8623024653863233,0.437199094864371,0.1296740901668349,/opt/tabr1_results/per_cancer/os_5yr/LUAD/repeat_04_fold_03/tabpfn_v3/test_predictions.csv,,,
per_cancer,os_5yr,LUAD,4,3,tabfm_default,160,41,50,success,0.7890893220901489,validation split balanced accuracy,0.012835735000408022,2.3120935579991055,0.64,0.49169435215946844,0.7692307692307693,0.6976744186046512,0.2857142857142857,0.4817275747508306,0.8519015295317712,0.46768377416467544,0.14401630660653442,/opt/tabr1_results/per_cancer/os_5yr/LUAD/repeat_04_fold_03/tabfm_default/test_predictions.csv,,,
per_cancer,os_5yr,LUAD,4,3,autogluon,160,41,50,success,0.8049368858337402,validation split balanced accuracy,3.7907442590003484,0.05040369700145675,0.32,0.4850498338870432,0.39285714285714285,0.2558139534883721,0.7142857142857143,0.5415282392026579,0.8651263676025638,0.5379031606519796,0.13430186645357764,/opt/tabr1_results/per_cancer/os_5yr/LUAD/repeat_04_fold_03/autogluon/test_predictions.csv,,,
per_cancer,os_5yr,LUAD,4,4,tabpfn_v2,161,40,50,success,0.8264646530151367,validation split balanced accuracy,0.21101277100024163,3.5099510609998106,0.62,0.4742063492063492,0.7532467532467533,0.8055555555555556,0.14285714285714285,0.4722222222222222,0.7104737795501497,0.641925139954052,0.21675403832027584,/opt/tabr1_results/per_cancer/os_5yr/LUAD/repeat_04_fold_04/tabpfn_v2/test_predictions.csv,,,
per_cancer,os_5yr,LUAD,4,4,tabpfn_v2_5,161,40,50,success,0.828911304473877,validation split balanced accuracy,0.22529728600056842,4.813045554999917,0.62,0.5396825396825397,0.7323943661971831,0.7222222222222222,0.35714285714285715,0.5357142857142857,0.753060354455133,0.6391119523022946,0.21589716440055567,/opt/tabr1_results/per_cancer/os_5yr/LUAD/repeat_04_fold_04/tabpfn_v2_5/test_predictions.csv,,,
per_cancer,os_5yr,LUAD,4,4,tabpfn_v2_6,161,40,50,success,0.799512505531311,validation split balanced accuracy,0.302642096999989,4.821813856000517,0.66,0.5456349206349207,0.7733333333333333,0.8055555555555556,0.2857142857142857,0.513888888888889,0.733059354645174,0.6354771991716182,0.2143061681910911,/opt/tabr1_results/per_cancer/os_5yr/LUAD/repeat_04_fold_04/tabpfn_v2_6/test_predictions.csv,,,
per_cancer,os_5yr,LUAD,4,4,tabpfn_v3,161,40,50,success,0.8247339129447937,validation split balanced accuracy,0.5407085089991597,4.053545298000245,0.68,0.5595238095238095,0.7894736842105263,0.8333333333333334,0.2857142857142857,0.5158730158730159,0.7523484040219557,0.634498247093913,0.21476533555829683,/opt/tabr1_results/per_cancer/os_5yr/LUAD/repeat_04_fold_04/tabpfn_v3/test_predictions.csv,,,
per_cancer,os_5yr,LUAD,4,4,tabfm_default,161,40,50,success,0.8598731160163879,validation split balanced accuracy,0.012875472000814625,2.4901039659998787,0.5,0.47817460317460314,0.6031746031746031,0.5277777777777778,0.42857142857142855,0.5456349206349206,0.7541200895530855,0.6606713074314091,0.22129091080134658,/opt/tabr1_results/per_cancer/os_5yr/LUAD/repeat_04_fold_04/tabfm_default/test_predictions.csv,,,
per_cancer,os_5yr,LUAD,4,4,autogluon,161,40,50,success,0.7965681552886963,validation split balanced accuracy,3.7435115890002635,0.01775903800080414,0.74,0.5793650793650793,0.8395061728395061,0.9444444444444444,0.21428571428571427,0.6884920634920635,0.8162321638250256,0.6102880436500606,0.20764168316095016,/opt/tabr1_results/per_cancer/os_5yr/LUAD/repeat_04_fold_04/autogluon/test_predictions.csv,,,
pooled,os_5yr,ALL,0,0,tabpfn_v2,747,187,234,success,0.5855485796928406,validation split balanced accuracy,1.1555567209998117,37.06305244400028,0.7521367521367521,0.7192862045298558,0.8104575163398693,0.8794326241134752,0.5591397849462365,0.7716007015938382,0.8325524513124474,0.5432532745531475,0.1816433708408917,/opt/tabr1_results/pooled/os_5yr/ALL/repeat_00_fold_00/tabpfn_v2/test_predictions.csv,,,
pooled,os_5yr,ALL,0,0,tabpfn_v2_5,747,187,234,success,0.6125800013542175,validation split balanced accuracy,0.25810871700014104,21.63666647900027,0.7521367521367521,0.7192862045298558,0.8104575163398693,0.8794326241134752,0.5591397849462365,0.7729733851902691,0.8321267624050225,0.5430565678185914,0.1810678593137618,/opt/tabr1_results/pooled/os_5yr/ALL/repeat_00_fold_00/tabpfn_v2_5/test_predictions.csv,,,
pooled,os_5yr,ALL,0,0,tabpfn_v2_6,747,187,234,success,0.7038521766662598,validation split balanced accuracy,0.40652737299933506,25.165745897000306,0.7521367521367521,0.730267673301304,0.8027210884353742,0.8368794326241135,0.6236559139784946,0.7600854114237778,0.814870024111655,0.5459804669706932,0.18253704070036916,/opt/tabr1_results/pooled/os_5yr/ALL/repeat_00_fold_00/tabpfn_v2_6/test_predictions.csv,,,
pooled,os_5yr,ALL,0,0,tabpfn_v3,747,187,234,success,0.704088568687439,validation split balanced accuracy,0.49483590199997707,16.464963921998788,0.7606837606837606,0.7300388927018989,0.8157894736842105,0.8794326241134752,0.5806451612903226,0.7783115991763899,0.8299525172554377,0.5443116359118052,0.18183650034900942,/opt/tabr1_results/pooled/os_5yr/ALL/repeat_00_fold_00/tabpfn_v3/test_predictions.csv,,,
pooled,os_5yr,ALL,0,0,tabfm_default,747,187,234,success,0.28140559792518616,validation split balanced accuracy,0.016795338999145315,12.4953431490012,0.7393162393162394,0.6994966826813086,0.805111821086262,0.8936170212765957,0.5053763440860215,0.7580645161290321,0.8151574257231174,0.5463382670406022,0.18267849523297572,/opt/tabr1_results/pooled/os_5yr/ALL/repeat_00_fold_00/tabfm_default/test_predictions.csv,,,
pooled,os_5yr,ALL,0,0,autogluon,747,187,234,success,0.5442416667938232,validation split balanced accuracy,6.304730088999349,0.012415257000611746,0.7393162393162394,0.7086479066575154,0.7986798679867987,0.8581560283687943,0.5591397849462365,0.76283077861664,0.8358195787200918,0.5996683592047224,0.20436370948919189,/opt/tabr1_results/pooled/os_5yr/ALL/repeat_00_fold_00/autogluon/test_predictions.csv,,,
pooled,os_5yr,ALL,0,1,tabpfn_v2,747,187,234,success,0.7033323049545288,validation split balanced accuracy,1.0403430579990527,37.49735868600146,0.7435897435897436,0.7182817182817183,0.7986577181208053,0.8321678321678322,0.6043956043956044,0.7466379774072083,0.8024961010811511,0.5546674479743486,0.18413122374874247,/opt/tabr1_results/pooled/os_5yr/ALL/repeat_00_fold_01/tabpfn_v2/test_predictions.csv,,,
pooled,os_5yr,ALL,0,1,tabpfn_v2_5,747,187,234,success,0.6485121250152588,validation split balanced accuracy,0.27148440000019036,19.73313987199981,0.7564102564102564,0.7227772227772228,0.8143322475570033,0.8741258741258742,0.5714285714285714,0.7534772919388305,0.8037224007571204,0.5524537793734299,0.18324521383427,/opt/tabr1_results/pooled/os_5yr/ALL/repeat_00_fold_01/tabpfn_v2_5/test_predictions.csv,,,
pooled,os_5yr,ALL,0,1,tabpfn_v2_6,747,187,234,success,0.6772518754005432,validation split balanced accuracy,0.36373031599941896,23.72609094499967,0.7521367521367521,0.7292707292707292,0.8040540540540541,0.8321678321678322,0.6263736263736264,0.7545915622838699,0.8163715371496798,0.5476683884067072,0.18261718547695197,/opt/tabr1_results/pooled/os_5yr/ALL/repeat_00_fold_01/tabpfn_v2_6/test_predictions.csv,,,
pooled,os_5yr,ALL,0,1,tabpfn_v3,747,187,234,success,0.692090630531311,validation split balanced accuracy,0.49318860700077494,17.32041393399959,0.7478632478632479,0.7157842157842158,0.8065573770491803,0.8601398601398601,0.5714285714285714,0.7441020517943595,0.802478316848982,0.5562170914330163,0.18439811014898835,/opt/tabr1_results/pooled/os_5yr/ALL/repeat_00_fold_01/tabpfn_v3/test_predictions.csv,,,
pooled,os_5yr,ALL,0,1,tabfm_default,747,187,234,success,0.678421676158905,validation split balanced accuracy,0.01683036199938215,11.370797090999986,0.7435897435897436,0.7122877122877123,0.8026315789473685,0.8531468531468531,0.5714285714285714,0.7381848920310459,0.7902980245531108,0.5586836263725626,0.18514300567076278,/opt/tabr1_results/pooled/os_5yr/ALL/repeat_00_fold_01/tabfm_default/test_predictions.csv,,,
pooled,os_5yr,ALL,0,1,autogluon,747,187,234,success,0.5163571238517761,validation split balanced accuracy,6.067514541000492,0.06432524699994246,0.7307692307692307,0.7137862137862138,0.7820069204152249,0.7902097902097902,0.6373626373626373,0.746407438715131,0.8084680516806679,0.6559679163715605,0.23146826937839807,/opt/tabr1_results/pooled/os_5yr/ALL/repeat_00_fold_01/autogluon/test_predictions.csv,,,
pooled,os_5yr,ALL,0,2,tabpfn_v2,748,187,233,success,0.5528102517127991,validation split balanced accuracy,0.9045780079995893,38.499695058000725,0.7381974248927039,0.7028420721146276,0.8013029315960912,0.8424657534246576,0.5632183908045977,0.7438592347661785,0.8175758386516917,0.560777691895474,0.18852641680812815,/opt/tabr1_results/pooled/os_5yr/ALL/repeat_00_fold_02/tabpfn_v2/test_predictions.csv,,,
pooled,os_5yr,ALL,0,2,tabpfn_v2_5,748,187,233,success,0.4918738305568695,validation split balanced accuracy,0.27706087899969134,21.445807332000186,0.7381974248927039,0.7005196032120926,0.8025889967637541,0.8493150684931506,0.5517241379310345,0.7419697685403873,0.8135404536447758,0.5598799210670372,0.1881303815822464,/opt/tabr1_results/pooled/os_5yr/ALL/repeat_00_fold_02/tabpfn_v2_5/test_predictions.csv,,,
pooled,os_5yr,ALL,0,2,tabpfn_v2_6,748,187,233,success,0.709659993648529,validation split balanced accuracy,0.39445556300051976,24.57212192299994,0.7081545064377682,0.6904818138875768,0.7655172413793103,0.7602739726027398,0.6206896551724138,0.7493308140450323,0.8084947625223569,0.5623759239115044,0.18906501274346477,/opt/tabr1_results/pooled/os_5yr/ALL/repeat_00_fold_02/tabpfn_v2_6/test_predictions.csv,,,
pooled,os_5yr,ALL,0,2,tabpfn_v3,748,187,233,success,0.6528487801551819,validation split balanced accuracy,0.49283659200045804,16.028736432001097,0.7381974248927039,0.7005196032120926,0.8025889967637541,0.8493150684931506,0.5517241379310345,0.7418910407809793,0.812367870726508,0.5644278624734287,0.19017871912885315,/opt/tabr1_results/pooled/os_5yr/ALL/repeat_00_fold_02/tabpfn_v3/test_predictions.csv,,,
pooled,os_5yr,ALL,0,2,tabfm_default,748,187,233,success,0.7043409943580627,validation split balanced accuracy,0.016277008000542992,12.016788820001238,0.6866952789699571,0.673358526216344,0.743859649122807,0.726027397260274,0.6206896551724138,0.7556290347976696,0.8147211020434071,0.5604710207278317,0.1888333941895335,/opt/tabr1_results/pooled/os_5yr/ALL/repeat_00_fold_02/tabfm_default/test_predictions.csv,,,
pooled,os_5yr,ALL,0,2,autogluon,748,187,233,success,0.6153059005737305,validation split balanced accuracy,6.32753153700105,0.012278133001018432,0.7339055793991416,0.7063848212879862,0.7933333333333333,0.815068493150685,0.5977011494252874,0.7518107384663831,0.8041165116822744,0.5602216247228365,0.18753675587176813,/opt/tabr1_results/pooled/os_5yr/ALL/repeat_00_fold_02/autogluon/test_predictions.csv,,,
pooled,os_5yr,ALL,0,3,tabpfn_v2,747,187,234,success,0.7249423265457153,validation split balanced accuracy,1.0691676090009423,38.21814749300029,0.6752136752136753,0.6838095238095239,0.7205882352941176,0.6533333333333333,0.7142857142857143,0.7348015873015873,0.8107252328422894,0.5571947000266766,0.18568682832682457,/opt/tabr1_results/pooled/os_5yr/ALL/repeat_00_fold_03/tabpfn_v2/test_predictions.csv,,,
pooled,os_5yr,ALL,0,3,tabpfn_v2_5,747,187,234,success,0.4924359917640686,validation split balanced accuracy,0.27732063199982804,20.155608589999247,0.7521367521367521,0.7097619047619048,0.8164556962025317,0.86,0.5595238095238095,0.7312301587301586,0.8076972606034497,0.561633647082637,0.18736028535293825,/opt/tabr1_results/pooled/os_5yr/ALL/repeat_00_fold_03/tabpfn_v2_5/test_predictions.csv,,,
pooled,os_5yr,ALL,0,3,tabpfn_v2_6,747,187,234,success,0.32447922229766846,validation split balanced accuracy,0.39184898500025156,25.908731870998963,0.7393162393162394,0.6866666666666666,0.8111455108359134,0.8733333333333333,0.5,0.7461507936507936,0.8179304880264143,0.5628259923023,0.18428230317545502,/opt/tabr1_results/pooled/os_5yr/ALL/repeat_00_fold_03/tabpfn_v2_6/test_predictions.csv,,,
pooled,os_5yr,ALL,0,3,tabpfn_v3,747,187,234,success,0.6857423186302185,validation split balanced accuracy,0.493083232000572,16.90609429199867,0.688034188034188,0.6676190476190476,0.752542372881356,0.74,0.5952380952380952,0.7375793650793652,0.8157225181747862,0.5530903580824432,0.18337379061988213,/opt/tabr1_results/pooled/os_5yr/ALL/repeat_00_fold_03/tabpfn_v3/test_predictions.csv,,,
pooled,os_5yr,ALL,0,3,tabfm_default,747,187,234,success,0.6669549345970154,validation split balanced accuracy,0.01674996600013401,11.197593503000462,0.7564102564102564,0.7157142857142857,0.819047619047619,0.86,0.5714285714285714,0.7209523809523809,0.7953454902146556,0.5521024737607447,0.18281623578458725,/opt/tabr1_results/pooled/os_5yr/ALL/repeat_00_fold_03/tabfm_default/test_predictions.csv,,,
pooled,os_5yr,ALL,0,3,autogluon,747,187,234,success,0.6251733303070068,validation split balanced accuracy,6.7834230289990955,0.006244493999474798,0.6709401709401709,0.6647619047619048,0.7279151943462897,0.6866666666666666,0.6428571428571429,0.7190079365079365,0.7938505870661867,0.626895027583204,0.20664202241687582,/opt/tabr1_results/pooled/os_5yr/ALL/repeat_00_fold_03/autogluon/test_predictions.csv,,,
pooled,os_5yr,ALL,0,4,tabpfn_v2,748,187,233,success,0.6705366969108582,validation split balanced accuracy,1.1006771230004233,38.43859494099888,0.7424892703862661,0.7155566052590143,0.8,0.821917808219178,0.6091954022988506,0.7316170681782397,0.8190347838807168,0.5620035683911199,0.18878946110809786,/opt/tabr1_results/pooled/os_5yr/ALL/repeat_00_fold_04/tabpfn_v2/test_predictions.csv,,,
pooled,os_5yr,ALL,0,4,tabpfn_v2_5,748,187,233,success,0.659684419631958,validation split balanced accuracy,0.27735126400148147,22.397692562000884,0.7467811158798283,0.7166587938907258,0.8052805280528053,0.8356164383561644,0.5977011494252874,0.7398047551566682,0.818456717082852,0.5588998019521116,0.18707409548704854,/opt/tabr1_results/pooled/os_5yr/ALL/repeat_00_fold_04/tabpfn_v2_5/test_predictions.csv,,,
pooled,os_5yr,ALL,0,4,tabpfn_v2_6,748,187,233,success,0.7097717523574829,validation split balanced accuracy,0.37790690600013477,25.853418290000263,0.7381974248927039,0.7190993544323728,0.7918088737201365,0.7945205479452054,0.6436781609195402,0.74031648559282,0.818679557775884,0.5530760826038732,0.18551967154178883,/opt/tabr1_results/pooled/os_5yr/ALL/repeat_00_fold_04/tabpfn_v2_6/test_predictions.csv,,,
pooled,os_5yr,ALL,0,4,tabpfn_v3,748,187,233,success,0.7236611843109131,validation split balanced accuracy,0.49387355799990473,16.943928623999454,0.7424892703862661,0.7225240119666194,0.7959183673469388,0.8013698630136986,0.6436781609195402,0.7834199338686819,0.8567064657162301,0.5439256998631333,0.1819498513076259,/opt/tabr1_results/pooled/os_5yr/ALL/repeat_00_fold_04/tabpfn_v3/test_predictions.csv,,,
pooled,os_5yr,ALL,0,4,tabfm_default,748,187,233,success,0.6988891363143921,validation split balanced accuracy,0.016894311000214657,11.40163702099926,0.7639484978540773,0.7326798929302472,0.819672131147541,0.8561643835616438,0.6091954022988506,0.7729885057471263,0.8489328858606525,0.5442812142411246,0.18209916202708903,/opt/tabr1_results/pooled/os_5yr/ALL/repeat_00_fold_04/tabfm_default/test_predictions.csv,,,
pooled,os_5yr,ALL,0,4,autogluon,748,187,233,success,0.7545663118362427,validation split balanced accuracy,7.736012205999941,0.06077638299939281,0.6738197424892703,0.6770193670288144,0.7185185185185186,0.6643835616438356,0.6896551724137931,0.7372067390962053,0.8164831803736654,0.5960490232294642,0.20003671017592187,/opt/tabr1_results/pooled/os_5yr/ALL/repeat_00_fold_04/autogluon/test_predictions.csv,,,
pooled,os_5yr,ALL,1,0,tabpfn_v2,747,187,234,success,0.6523543000221252,validation split balanced accuracy,1.0470233239993831,38.723579494999285,0.7777777777777778,0.7480647431386347,0.8300653594771242,0.8639455782312925,0.632183908045977,0.7908358745797169,0.8221594441057445,0.5218877897601453,0.16866735878518613,/opt/tabr1_results/pooled/os_5yr/ALL/repeat_01_fold_00/tabpfn_v2/test_predictions.csv,,,
pooled,os_5yr,ALL,1,0,tabpfn_v2_5,747,187,234,success,0.630460262298584,validation split balanced accuracy,0.25245820800046204,21.44753461900109,0.782051282051282,0.7491203377902885,0.8349514563106796,0.8775510204081632,0.6206896551724138,0.7854406130268199,0.8247159375419806,0.5230574007173401,0.16959553430940613,/opt/tabr1_results/pooled/os_5yr/ALL/repeat_01_fold_00/tabpfn_v2_5/test_predictions.csv,,,
pooled,os_5yr,ALL,1,0,tabpfn_v2_6,747,187,234,success,0.6955232620239258,validation split balanced accuracy,0.4159131449996494,26.210255265999876,0.7863247863247863,0.7548674642270701,0.8376623376623377,0.8775510204081632,0.632183908045977,0.7802017358667604,0.8257680138504718,0.5279394877456852,0.17065890474559625,/opt/tabr1_results/pooled/os_5yr/ALL/repeat_01_fold_00/tabpfn_v2_6/test_predictions.csv,,,
pooled,os_5yr,ALL,1,0,tabpfn_v3,747,187,234,success,0.7097288370132446,validation split balanced accuracy,0.4726096089998464,16.984013326999047,0.7777777777777778,0.7480647431386347,0.8300653594771242,0.8639455782312925,0.632183908045977,0.7769176636171711,0.8213019838031932,0.5273149035858017,0.17060802602548528,/opt/tabr1_results/pooled/os_5yr/ALL/repeat_01_fold_00/tabpfn_v3/test_predictions.csv,,,
pooled,os_5yr,ALL,1,0,tabfm_default,747,187,234,success,0.6933807134628296,validation split balanced accuracy,0.016827962001116248,11.909553940000478,0.7521367521367521,0.7323481116584565,0.8040540540540541,0.8095238095238095,0.6551724137931034,0.7794980060989912,0.8106141093842829,0.5277127941398914,0.1707639070736083,/opt/tabr1_results/pooled/os_5yr/ALL/repeat_01_fold_00/tabfm_default/test_predictions.csv,,,
pooled,os_5yr,ALL,1,0,autogluon,747,187,234,success,0.5027784109115601,validation split balanced accuracy,6.38291750999997,0.010999824000464287,0.7435897435897436,0.7114707952146375,0.803921568627451,0.8367346938775511,0.5862068965517241,0.7077957619829541,0.7605071953356267,0.6779040290934263,0.24238647377143482,/opt/tabr1_results/pooled/os_5yr/ALL/repeat_01_fold_00/autogluon/test_predictions.csv,,,
pooled,os_5yr,ALL,1,1,tabpfn_v2,747,187,234,success,0.5273020267486572,validation split balanced accuracy,1.132466793000276,36.61243320700123,0.7264957264957265,0.6983695652173914,0.7866666666666666,0.855072463768116,0.5416666666666666,0.724826388888889,0.7684449794568943,0.5957525569965437,0.2017909233207328,/opt/tabr1_results/pooled/os_5yr/ALL/repeat_01_fold_01/tabpfn_v2/test_predictions.csv,,,
pooled,os_5yr,ALL,1,1,tabpfn_v2_5,747,187,234,success,0.6522905826568604,validation split balanced accuracy,0.2709673389999807,21.54588881699965,0.7136752136752137,0.6906702898550725,0.7713310580204779,0.8188405797101449,0.5625,0.7208257850241546,0.7607836780853767,0.5968019791391355,0.20269186486722057,/opt/tabr1_results/pooled/os_5yr/ALL/repeat_01_fold_01/tabpfn_v2_5/test_predictions.csv,,,
pooled,os_5yr,ALL,1,1,tabpfn_v2_6,747,187,234,success,0.6835736036300659,validation split balanced accuracy,0.3584700189985597,25.74292908499956,0.7222222222222222,0.6963315217391304,0.7811447811447811,0.8405797101449275,0.5520833333333334,0.7147116545893719,0.7573182079698827,0.6023971712698344,0.20409626110948137,/opt/tabr1_results/pooled/os_5yr/ALL/repeat_01_fold_01/tabpfn_v2_6/test_predictions.csv,,,
pooled,os_5yr,ALL,1,1,tabpfn_v3,747,187,234,success,0.6516972184181213,validation split balanced accuracy,0.47961079199922096,17.072985761000382,0.717948717948718,0.6895380434782609,0.78,0.8478260869565217,0.53125,0.7146361714975845,0.7657601081969481,0.6029512037973753,0.20519332385798467,/opt/tabr1_results/pooled/os_5yr/ALL/repeat_01_fold_01/tabpfn_v3/test_predictions.csv,,,
pooled,os_5yr,ALL,1,1,tabfm_default,747,187,234,success,0.665023922920227,validation split balanced accuracy,0.016991644002700923,11.402150239002367,0.7094017094017094,0.6870471014492754,0.7671232876712328,0.8115942028985508,0.5625,0.7053517512077294,0.7485260270982632,0.6081902135050602,0.20711053456417103,/opt/tabr1_results/pooled/os_5yr/ALL/repeat_01_fold_01/tabfm_default/test_predictions.csv,,,
pooled,os_5yr,ALL,1,1,autogluon,747,187,234,success,0.5782985687255859,validation split balanced accuracy,6.3013735259992245,0.005733121000957908,0.7222222222222222,0.6947463768115942,0.782608695652174,0.8478260869565217,0.5416666666666666,0.7210899758454107,0.7700426899413427,0.6074000177463483,0.20902002178589288,/opt/tabr1_results/pooled/os_5yr/ALL/repeat_01_fold_01/autogluon/test_predictions.csv,,,
pooled,os_5yr,ALL,1,2,tabpfn_v2,748,187,233,success,0.31703782081604004,validation split balanced accuracy,1.0311050710006384,38.43473791100041,0.7124463519313304,0.668359313493938,0.7859424920127795,0.8424657534246576,0.4942528735632184,0.726106125019682,0.8107775358873517,0.5888437632284099,0.2014076453613433,/opt/tabr1_results/pooled/os_5yr/ALL/repeat_01_fold_02/tabpfn_v2/test_predictions.csv,,,
pooled,os_5yr,ALL,1,2,tabpfn_v2_5,748,187,233,success,0.28338271379470825,validation split balanced accuracy,0.22608654799842043,21.298206488998403,0.703862660944206,0.6568650606203748,0.780952380952381,0.8424657534246576,0.47126436781609193,0.7338214454416626,0.8217394510534025,0.5838724085506249,0.19923456020696492,/opt/tabr1_results/pooled/os_5yr/ALL/repeat_01_fold_02/tabpfn_v2_5/test_predictions.csv,,,
pooled,os_5yr,ALL,1,2,tabpfn_v2_6,748,187,233,success,0.2708505392074585,validation split balanced accuracy,0.3778644060002989,25.328626032998727,0.7167381974248928,0.6764289088332547,0.7870967741935484,0.8356164383561644,0.5172413793103449,0.7222484648086915,0.8112582600187502,0.5814316275076136,0.19956240777067552,/opt/tabr1_results/pooled/os_5yr/ALL/repeat_01_fold_02/tabpfn_v2_6/test_predictions.csv,,,
pooled,os_5yr,ALL,1,2,tabpfn_v3,748,187,233,success,0.2483222335577011,validation split balanced accuracy,0.49566460700225434,17.023230802999024,0.7081545064377682,0.6649346559596914,0.782051282051282,0.8356164383561644,0.4942528735632184,0.7429538655329869,0.836800889909031,0.5763500356848165,0.19747139307423262,/opt/tabr1_results/pooled/os_5yr/ALL/repeat_01_fold_02/tabpfn_v3/test_predictions.csv,,,
pooled,os_5yr,ALL,1,2,tabfm_default,748,187,233,success,0.23808732628822327,validation split balanced accuracy,0.016659617998811882,11.145412754998688,0.7124463519313304,0.6660368445914029,0.7873015873015873,0.8493150684931506,0.4827586206896552,0.7485435364509526,0.8318931805334254,0.5739251722386979,0.19661008881060932,/opt/tabr1_results/pooled/os_5yr/ALL/repeat_01_fold_02/tabfm_default/test_predictions.csv,,,
pooled,os_5yr,ALL,1,2,autogluon,748,187,233,success,0.3190270960330963,validation split balanced accuracy,6.199875942002109,0.05729790899931686,0.7081545064377682,0.6649346559596914,0.782051282051282,0.8356164383561644,0.4942528735632184,0.7310659738623838,0.8307293744062441,0.5753086433727232,0.19735813877904923,/opt/tabr1_results/pooled/os_5yr/ALL/repeat_01_fold_02/autogluon/test_predictions.csv,,,
pooled,os_5yr,ALL,1,3,tabpfn_v2,747,187,234,success,0.6506472229957581,validation split balanced accuracy,1.0820986149992677,38.20524320500044,0.7350427350427351,0.7187425197478656,0.7905405405405406,0.7748344370860927,0.6626506024096386,0.7449134285486316,0.8276561864651535,0.5522595824719524,0.18362993125592508,/opt/tabr1_results/pooled/os_5yr/ALL/repeat_01_fold_03/tabpfn_v2/test_predictions.csv,,,
pooled,os_5yr,ALL,1,3,tabpfn_v2_5,747,187,234,success,0.6615126729011536,validation split balanced accuracy,0.23121253999852343,21.117880969999533,0.7222222222222222,0.7033830686986355,0.7811447811447811,0.7682119205298014,0.6385542168674698,0.7473071092316284,0.836702862030176,0.5473971892831221,0.18248636659031614,/opt/tabr1_results/pooled/os_5yr/ALL/repeat_01_fold_03/tabpfn_v2_5/test_predictions.csv,,,
pooled,os_5yr,ALL,1,3,tabpfn_v2_6,747,187,234,success,0.6503673195838928,validation split balanced accuracy,0.388749205001659,25.696537996002007,0.7692307692307693,0.7316683954360488,0.8280254777070064,0.8609271523178808,0.6024096385542169,0.7562036224367669,0.844511440706645,0.5329939336869967,0.1772916271632862,/opt/tabr1_results/pooled/os_5yr/ALL/repeat_01_fold_03/tabpfn_v2_6/test_predictions.csv,,,
pooled,os_5yr,ALL,1,3,tabpfn_v3,747,187,234,success,0.25510066747665405,validation split balanced accuracy,0.4714437720031128,16.60790494899993,0.7350427350427351,0.675337110029522,0.8109756097560976,0.8807947019867549,0.46987951807228917,0.7640628740126068,0.8474707998247122,0.5326043934747027,0.17637042748905823,/opt/tabr1_results/pooled/os_5yr/ALL/repeat_01_fold_03/tabpfn_v3/test_predictions.csv,,,
pooled,os_5yr,ALL,1,3,tabfm_default,747,187,234,success,0.6533235907554626,validation split balanced accuracy,0.016636593001749134,11.842519223002455,0.7435897435897436,0.7145136838745711,0.803921568627451,0.8145695364238411,0.6144578313253012,0.733064709167797,0.8170888535051872,0.5349744855054974,0.1773437938254282,/opt/tabr1_results/pooled/os_5yr/ALL/repeat_01_fold_03/tabfm_default/test_predictions.csv,,,
pooled,os_5yr,ALL,1,3,autogluon,747,187,234,success,0.4630366265773773,validation split balanced accuracy,6.348152675000165,0.012215192000439856,0.7521367521367521,0.7075720098938801,0.8176100628930818,0.8609271523178808,0.5542168674698795,0.7583978297295141,0.8464429565733211,0.5497822314811337,0.1834527355322934,/opt/tabr1_results/pooled/os_5yr/ALL/repeat_01_fold_03/autogluon/test_predictions.csv,,,
pooled,os_5yr,ALL,1,4,tabpfn_v2,748,187,233,success,0.6647093296051025,validation split balanced accuracy,1.046355267000763,36.840748079997866,0.7424892703862661,0.7251482521847691,0.7931034482758621,0.7986111111111112,0.651685393258427,0.7761782147315855,0.8347505790202667,0.5386648166924465,0.17865371551436687,/opt/tabr1_results/pooled/os_5yr/ALL/repeat_01_fold_04/tabpfn_v2/test_predictions.csv,,,
pooled,os_5yr,ALL,1,4,tabpfn_v2_5,748,187,233,success,0.6456747651100159,validation split balanced accuracy,0.2881938190002984,20.579690368002048,0.7467811158798283,0.7221832084893882,0.8013468013468014,0.8263888888888888,0.6179775280898876,0.7780508739076155,0.8368897463754413,0.5351712669252461,0.17700696663750307,/opt/tabr1_results/pooled/os_5yr/ALL/repeat_01_fold_04/tabpfn_v2_5/test_predictions.csv,,,
pooled,os_5yr,ALL,1,4,tabpfn_v2_6,748,187,233,success,0.6475328207015991,validation split balanced accuracy,0.384110413997405,25.368904509999993,0.7682403433476395,0.7331070536828963,0.8246753246753247,0.8819444444444444,0.5842696629213483,0.7777387640449438,0.8181530438409713,0.5308384816390161,0.17450722731266016,/opt/tabr1_results/pooled/os_5yr/ALL/repeat_01_fold_04/tabpfn_v2_6/test_predictions.csv,,,
pooled,os_5yr,ALL,1,4,tabpfn_v3,748,187,233,success,0.6870155334472656,validation split balanced accuracy,0.49328004700146266,16.209782592999545,0.759656652360515,0.7283083645443196,0.8157894736842105,0.8611111111111112,0.5955056179775281,0.7772705992509364,0.8353910408275151,0.5293917054367724,0.17462222920587397,/opt/tabr1_results/pooled/os_5yr/ALL/repeat_01_fold_04/tabpfn_v3/test_predictions.csv,,,
pooled,os_5yr,ALL,1,4,tabfm_default,748,187,233,success,0.5817255973815918,validation split balanced accuracy,0.01685563099817955,11.396007031999034,0.7639484978540773,0.7296348314606742,0.8208469055374593,0.875,0.5842696629213483,0.7629525593008739,0.8236974206872121,0.5364476497922567,0.17762942900125314,/opt/tabr1_results/pooled/os_5yr/ALL/repeat_01_fold_04/tabfm_default/test_predictions.csv,,,
pooled,os_5yr,ALL,1,4,autogluon,748,187,233,success,0.5658454298973083,validation split balanced accuracy,6.1138432629995805,0.0061476560003939085,0.7253218884120172,0.7026763420724096,0.782312925170068,0.7986111111111112,0.6067415730337079,0.7505852059925093,0.8111434926267338,0.577168130067131,0.193695917030375,/opt/tabr1_results/pooled/os_5yr/ALL/repeat_01_fold_04/autogluon/test_predictions.csv,,,
pooled,os_5yr,ALL,2,0,tabpfn_v2,747,187,234,success,0.6103340983390808,validation split balanced accuracy,0.9501823389982746,38.46261640599914,0.7478632478632479,0.7222222222222222,0.802675585284281,0.8888888888888888,0.5555555555555556,0.7784885895997006,0.8030211577096219,0.5606618496480633,0.18637805383292913,/opt/tabr1_results/pooled/os_5yr/ALL/repeat_02_fold_00/tabpfn_v2/test_predictions.csv,,,
pooled,os_5yr,ALL,2,0,tabpfn_v2_5,747,187,234,success,0.6242119669914246,validation split balanced accuracy,0.277546559998882,21.611730340999202,0.7478632478632479,0.7222222222222222,0.802675585284281,0.8888888888888888,0.5555555555555556,0.7841750841750841,0.8118147863416547,0.5581647264099475,0.1857217206921799,/opt/tabr1_results/pooled/os_5yr/ALL/repeat_02_fold_00/tabpfn_v2_5/test_predictions.csv,,,
pooled,os_5yr,ALL,2,0,tabpfn_v2_6,747,187,234,success,0.41080179810523987,validation split balanced accuracy,0.3805316670004686,25.758462636997137,0.7478632478632479,0.7222222222222222,0.802675585284281,0.8888888888888888,0.5555555555555556,0.7701084923307147,0.796934426354719,0.5762604490700485,0.1897238728614187,/opt/tabr1_results/pooled/os_5yr/ALL/repeat_02_fold_00/tabpfn_v2_6/test_predictions.csv,,,
pooled,os_5yr,ALL,2,0,tabpfn_v3,747,187,234,success,0.712353527545929,validation split balanced accuracy,0.49605841300217435,16.95517342200037,0.7435897435897436,0.7225589225589226,0.7945205479452054,0.8592592592592593,0.5858585858585859,0.7571642349420127,0.7881170464506122,0.5683312548286876,0.18914004416441663,/opt/tabr1_results/pooled/os_5yr/ALL/repeat_02_fold_00/tabpfn_v3/test_predictions.csv,,,
pooled,os_5yr,ALL,2,0,tabfm_default,747,187,234,success,0.7255622148513794,validation split balanced accuracy,0.016857352999068098,11.62844927200058,0.7136752136752137,0.7114478114478116,0.7452471482889734,0.725925925925926,0.696969696969697,0.7736999625888515,0.7954773360047268,0.5660851815061897,0.1880470266809212,/opt/tabr1_results/pooled/os_5yr/ALL/repeat_02_fold_00/tabfm_default/test_predictions.csv,,,
pooled,os_5yr,ALL,2,0,autogluon,747,187,234,success,0.6566666960716248,validation split balanced accuracy,6.196753316999093,0.1219163390014728,0.7307692307692307,0.7154882154882154,0.7773851590106007,0.8148148148148148,0.6161616161616161,0.7772914328469883,0.8162644288025079,0.555425906713816,0.18666030610392823,/opt/tabr1_results/pooled/os_5yr/ALL/repeat_02_fold_00/autogluon/test_predictions.csv,,,
pooled,os_5yr,ALL,2,1,tabpfn_v2,747,187,234,success,0.6658362150192261,validation split balanced accuracy,1.056620737999765,38.49412393300008,0.7564102564102564,0.7202921437031189,0.8167202572347267,0.8523489932885906,0.5882352941176471,0.7417291748914331,0.8329455538269313,0.546495835412226,0.18259797496097235,/opt/tabr1_results/pooled/os_5yr/ALL/repeat_02_fold_01/tabpfn_v2/test_predictions.csv,,,
pooled,os_5yr,ALL,2,1,tabpfn_v2_5,747,187,234,success,0.7023337483406067,validation split balanced accuracy,0.27119865999702597,20.344474462002836,0.6623931623931624,0.6616265298065536,0.7148014440433214,0.6644295302013423,0.6588235294117647,0.745992893801816,0.827754231698694,0.5483683502064418,0.1832876135727062,/opt/tabr1_results/pooled/os_5yr/ALL/repeat_02_fold_01/tabpfn_v2_5/test_predictions.csv,,,
pooled,os_5yr,ALL,2,1,tabpfn_v2_6,747,187,234,success,0.6916674375534058,validation split balanced accuracy,0.361065179000434,25.686129468002036,0.7051282051282052,0.6926569285432294,0.7612456747404844,0.738255033557047,0.6470588235294118,0.7237268061587051,0.8083403106056214,0.5542055683334057,0.18530276156251407,/opt/tabr1_results/pooled/os_5yr/ALL/repeat_02_fold_01/tabpfn_v2_6/test_predictions.csv,,,
pooled,os_5yr,ALL,2,1,tabpfn_v3,747,187,234,success,0.6807631850242615,validation split balanced accuracy,0.49196300499897916,17.12032948399792,0.7478632478632479,0.7110540860639558,0.8102893890675241,0.8456375838926175,0.5764705882352941,0.7230161863403078,0.8176111554901571,0.5533971476222661,0.18535940803304543,/opt/tabr1_results/pooled/os_5yr/ALL/repeat_02_fold_01/tabpfn_v3/test_predictions.csv,,,
pooled,os_5yr,ALL,2,1,tabfm_default,747,187,234,success,0.6630874276161194,validation split balanced accuracy,0.016888684996956727,11.586862788997678,0.7564102564102564,0.7253454401894986,0.8143322475570033,0.8389261744966443,0.611764705882353,0.737741808132649,0.8177673763156365,0.5540170921945397,0.18591849757985976,/opt/tabr1_results/pooled/os_5yr/ALL/repeat_02_fold_01/tabfm_default/test_predictions.csv,,,
pooled,os_5yr,ALL,2,1,autogluon,747,187,234,success,0.64067143201828,validation split balanced accuracy,7.097517267997318,0.005388235000282293,0.7008547008547008,0.6968811685748124,0.75177304964539,0.7114093959731543,0.6823529411764706,0.7433478089222266,0.8190113152042117,0.5865017446520676,0.19882486564700436,/opt/tabr1_results/pooled/os_5yr/ALL/repeat_02_fold_01/autogluon/test_predictions.csv,,,
pooled,os_5yr,ALL,2,2,tabpfn_v2,747,187,234,success,0.5513235926628113,validation split balanced accuracy,1.0034131049978896,36.95478456899946,0.7307692307692307,0.6930952380952381,0.797427652733119,0.8266666666666667,0.5595238095238095,0.7336507936507938,0.8004890289677145,0.5732999930307408,0.19070557388151088,/opt/tabr1_results/pooled/os_5yr/ALL/repeat_02_fold_02/tabpfn_v2/test_predictions.csv,,,
pooled,os_5yr,ALL,2,2,tabpfn_v2_5,747,187,234,success,0.3043707013130188,validation split balanced accuracy,0.25780684699930134,20.87038856900108,0.7435897435897436,0.7004761904761905,0.810126582278481,0.8533333333333334,0.5476190476190477,0.7288095238095239,0.795578775116156,0.5753995968323955,0.1913810474772197,/opt/tabr1_results/pooled/os_5yr/ALL/repeat_02_fold_02/tabpfn_v2_5/test_predictions.csv,,,
pooled,os_5yr,ALL,2,2,tabpfn_v2_6,747,187,234,success,0.6725907921791077,validation split balanced accuracy,0.3702295650000451,25.469338647999393,0.717948717948718,0.690952380952381,0.7814569536423841,0.7866666666666666,0.5952380952380952,0.7325396825396826,0.803236972929601,0.5966207830504044,0.18948045524540738,/opt/tabr1_results/pooled/os_5yr/ALL/repeat_02_fold_02/tabpfn_v2_6/test_predictions.csv,,,
pooled,os_5yr,ALL,2,2,tabpfn_v3,747,187,234,success,0.2852153480052948,validation split balanced accuracy,0.4930697000017972,17.253324878001877,0.7435897435897436,0.7030952380952381,0.8089171974522293,0.8466666666666667,0.5595238095238095,0.741984126984127,0.8140956852055323,0.5656344672087693,0.18822729782060135,/opt/tabr1_results/pooled/os_5yr/ALL/repeat_02_fold_02/tabpfn_v3/test_predictions.csv,,,
pooled,os_5yr,ALL,2,2,tabfm_default,747,187,234,success,0.6493810415267944,validation split balanced accuracy,0.016712624998035608,11.239476913000544,0.7435897435897436,0.7057142857142857,0.8076923076923077,0.84,0.5714285714285714,0.7436904761904761,0.8107945558275643,0.5669286259739479,0.188428308294447,/opt/tabr1_results/pooled/os_5yr/ALL/repeat_02_fold_02/tabfm_default/test_predictions.csv,,,
pooled,os_5yr,ALL,2,2,autogluon,747,187,234,success,0.5089362859725952,validation split balanced accuracy,6.191398365001078,0.005461081000248669,0.7393162393162394,0.6945238095238095,0.807570977917981,0.8533333333333334,0.5357142857142857,0.7221428571428572,0.794985240834881,0.5793042529942156,0.19573784784114193,/opt/tabr1_results/pooled/os_5yr/ALL/repeat_02_fold_02/autogluon/test_predictions.csv,,,
pooled,os_5yr,ALL,2,3,tabpfn_v2,748,187,233,success,0.7068320512771606,validation split balanced accuracy,1.036822463000135,38.89235821499824,0.7510729613733905,0.7409856715477878,0.7972027972027972,0.7808219178082192,0.7011494252873564,0.800582585419619,0.8423746825130756,0.5142368392900547,0.16783604893755397,/opt/tabr1_results/pooled/os_5yr/ALL/repeat_02_fold_03/tabpfn_v2/test_predictions.csv,,,
pooled,os_5yr,ALL,2,3,tabpfn_v2_5,748,187,233,success,0.711824357509613,validation split balanced accuracy,0.2428020560000732,21.007966150998982,0.776824034334764,0.7685010234608722,0.8181818181818182,0.8013698630136986,0.735632183908046,0.8101873720673909,0.8521489281451409,0.5143775205313528,0.1676735654639448,/opt/tabr1_results/pooled/os_5yr/ALL/repeat_02_fold_03/tabpfn_v2_5/test_predictions.csv,,,
pooled,os_5yr,ALL,2,3,tabpfn_v2_6,748,187,233,success,0.7275071740150452,validation split balanced accuracy,0.3909601949999342,25.618045410999912,0.7896995708154506,0.7694851204534718,0.835016835016835,0.8493150684931506,0.6896551724137931,0.8183356951661155,0.8504541726302013,0.5132534940931799,0.16693121519187343,/opt/tabr1_results/pooled/os_5yr/ALL/repeat_02_fold_03/tabpfn_v2_6/test_predictions.csv,,,
pooled,os_5yr,ALL,2,3,tabpfn_v3,748,187,233,success,0.7212209701538086,validation split balanced accuracy,0.49478677899969625,16.703151150002668,0.7811158798283262,0.7533459297748386,0.8316831683168316,0.863013698630137,0.6436781609195402,0.8107384663832466,0.8534609972222043,0.5149386243197974,0.16742733078150718,/opt/tabr1_results/pooled/os_5yr/ALL/repeat_02_fold_03/tabpfn_v3/test_predictions.csv,,,
pooled,os_5yr,ALL,2,3,tabfm_default,748,187,233,success,0.7168357372283936,validation split balanced accuracy,0.01669866099837236,11.521086462998937,0.7725321888412017,0.7395292079987403,0.8273615635179153,0.8698630136986302,0.6091954022988506,0.8092426389544953,0.8488753503302134,0.5173741607637132,0.168105509013908,/opt/tabr1_results/pooled/os_5yr/ALL/repeat_02_fold_03/tabfm_default/test_predictions.csv,,,
pooled,os_5yr,ALL,2,3,autogluon,748,187,233,success,0.5572711825370789,validation split balanced accuracy,6.2992957940005,0.006923162000020966,0.7467811158798283,0.721303731695796,0.802675585284281,0.821917808219178,0.6206896551724138,0.7727916863486065,0.8235915155213309,0.5680077195556588,0.18234195070029985,/opt/tabr1_results/pooled/os_5yr/ALL/repeat_02_fold_03/autogluon/test_predictions.csv,,,
pooled,os_5yr,ALL,2,4,tabpfn_v2,748,187,233,success,0.3889450430870056,validation split balanced accuracy,0.9514505070001178,38.530506941002386,0.7167381974248928,0.6741064399307196,0.7884615384615384,0.8424657534246576,0.5057471264367817,0.7244528420721146,0.8127959575380943,0.5815354531534519,0.19776442116386272,/opt/tabr1_results/pooled/os_5yr/ALL/repeat_02_fold_04/tabpfn_v2/test_predictions.csv,,,
pooled,os_5yr,ALL,2,4,tabpfn_v2_5,748,187,233,success,0.45876431465148926,validation split balanced accuracy,0.22912163300134125,20.386569419002626,0.7253218884120172,0.6856006928042828,0.7935483870967742,0.8424657534246576,0.5287356321839081,0.7335065344040309,0.8192640356551034,0.5765788458429336,0.19629182514655868,/opt/tabr1_results/pooled/os_5yr/ALL/repeat_02_fold_04/tabpfn_v2_5/test_predictions.csv,,,
pooled,os_5yr,ALL,2,4,tabpfn_v2_6,748,187,233,success,0.6571187376976013,validation split balanced accuracy,0.3627813920029439,25.649258811001346,0.7124463519313304,0.675326720201543,0.7817589576547231,0.821917808219178,0.5287356321839081,0.7453944260746338,0.8281914480013115,0.5672265241642274,0.19371822965979554,/opt/tabr1_results/pooled/os_5yr/ALL/repeat_02_fold_04/tabpfn_v2_6/test_predictions.csv,,,
pooled,os_5yr,ALL,2,4,tabpfn_v3,748,187,233,success,0.26678091287612915,validation split balanced accuracy,0.4622657670006447,17.07341437099967,0.7081545064377682,0.6602897181546212,0.7848101265822784,0.8493150684931506,0.47126436781609193,0.7405133049913399,0.8289639695896828,0.570502563017863,0.19452408771645746,/opt/tabr1_results/pooled/os_5yr/ALL/repeat_02_fold_04/tabpfn_v3/test_predictions.csv,,,
pooled,os_5yr,ALL,2,4,tabfm_default,748,187,233,success,0.29928719997406006,validation split balanced accuracy,0.016674572001647903,11.467885426998691,0.721030042918455,0.6798535663675012,0.7909967845659164,0.8424657534246576,0.5172413793103449,0.7385451110061407,0.8198250079925377,0.5713142566084289,0.1948332239746173,/opt/tabr1_results/pooled/os_5yr/ALL/repeat_02_fold_04/tabfm_default/test_predictions.csv,,,
pooled,os_5yr,ALL,2,4,autogluon,748,187,233,success,0.3069848418235779,validation split balanced accuracy,7.163561238998227,0.058413902999745915,0.7081545064377682,0.6649346559596914,0.782051282051282,0.8356164383561644,0.4942528735632184,0.7158715162966461,0.7995143274312028,0.6569390712818995,0.22185800916005433,/opt/tabr1_results/pooled/os_5yr/ALL/repeat_02_fold_04/autogluon/test_predictions.csv,,,
pooled,os_5yr,ALL,3,0,tabpfn_v2,747,187,234,success,0.6995986104011536,validation split balanced accuracy,1.0167790790001163,38.162136660001124,0.7222222222222222,0.6984078383343539,0.7796610169491526,0.8098591549295775,0.5869565217391305,0.7480097979179424,0.793841465790496,0.5686960121807315,0.19081160192483373,/opt/tabr1_results/pooled/os_5yr/ALL/repeat_03_fold_00/tabpfn_v2/test_predictions.csv,,,
pooled,os_5yr,ALL,3,0,tabpfn_v2_5,747,187,234,success,0.31701868772506714,validation split balanced accuracy,0.22792046399990795,22.093433681002352,0.7435897435897436,0.7064451928965095,0.8064516129032258,0.8802816901408451,0.532608695652174,0.7413502755664422,0.788840558226281,0.5727267025513451,0.19274911165990338,/opt/tabr1_results/pooled/os_5yr/ALL/repeat_03_fold_00/tabpfn_v2_5/test_predictions.csv,,,
pooled,os_5yr,ALL,3,0,tabpfn_v2_6,747,187,234,success,0.3116775453090668,validation split balanced accuracy,0.36888368699874263,25.92879481500131,0.7307692307692307,0.6958818126148194,0.7947882736156352,0.8591549295774648,0.532608695652174,0.7348821187997551,0.7792559594234877,0.5810954994777847,0.19556696887014957,/opt/tabr1_results/pooled/os_5yr/ALL/repeat_03_fold_00/tabpfn_v2_6/test_predictions.csv,,,
pooled,os_5yr,ALL,3,0,tabpfn_v3,747,187,234,success,0.7096660733222961,validation split balanced accuracy,0.48010949099989375,17.2385025629992,0.7307692307692307,0.707363747703613,0.7864406779661017,0.8169014084507042,0.5978260869565217,0.7327770973668096,0.786789804213483,0.5828773809679589,0.19678710641610642,/opt/tabr1_results/pooled/os_5yr/ALL/repeat_03_fold_00/tabpfn_v3/test_predictions.csv,,,
pooled,os_5yr,ALL,3,0,tabfm_default,747,187,234,success,0.6915320158004761,validation split balanced accuracy,0.01674493300015456,12.234804548999819,0.7350427350427351,0.72236680955297,0.7816901408450704,0.7816901408450704,0.6630434782608695,0.742345376607471,0.7748080648648036,0.583877807897572,0.19685636942208812,/opt/tabr1_results/pooled/os_5yr/ALL/repeat_03_fold_00/tabfm_default/test_predictions.csv,,,
pooled,os_5yr,ALL,3,0,autogluon,747,187,234,success,0.5516226887702942,validation split balanced accuracy,6.250390765002521,0.14549032699869713,0.7435897435897436,0.7121861604409063,0.8026315789473685,0.8591549295774648,0.5652173913043478,0.7420391916717697,0.7981359048805282,0.5975201963496581,0.20356233830518736,/opt/tabr1_results/pooled/os_5yr/ALL/repeat_03_fold_00/autogluon/test_predictions.csv,,,
pooled,os_5yr,ALL,3,1,tabpfn_v2,747,187,234,success,0.6998204588890076,validation split balanced accuracy,1.1007924839977932,37.171044997001445,0.7521367521367521,0.7264437689969605,0.8053691275167785,0.8571428571428571,0.5957446808510638,0.7857142857142856,0.838692567454612,0.5484974513717157,0.18376622441510018,/opt/tabr1_results/pooled/os_5yr/ALL/repeat_03_fold_01/tabpfn_v2/test_predictions.csv,,,
pooled,os_5yr,ALL,3,1,tabpfn_v2_5,747,187,234,success,0.7265985608100891,validation split balanced accuracy,0.2711334090017772,20.0757308559987,0.7393162393162394,0.7349544072948329,0.7765567765567766,0.7571428571428571,0.7127659574468085,0.7867021276595744,0.8409324481660463,0.5487128729252246,0.18420911603900691,/opt/tabr1_results/pooled/os_5yr/ALL/repeat_03_fold_01/tabpfn_v2_5/test_predictions.csv,,,
pooled,os_5yr,ALL,3,1,tabpfn_v2_6,747,187,234,success,0.7185727953910828,validation split balanced accuracy,0.3888292330011609,26.00837594099721,0.7435897435897436,0.7262917933130699,0.7916666666666666,0.8142857142857143,0.6382978723404256,0.786018237082067,0.8389056741492315,0.547408917999881,0.18409278438534318,/opt/tabr1_results/pooled/os_5yr/ALL/repeat_03_fold_01/tabpfn_v2_6/test_predictions.csv,,,
pooled,os_5yr,ALL,3,1,tabpfn_v3,747,187,234,success,0.7361596822738647,validation split balanced accuracy,0.492489090996969,17.102986388999852,0.7564102564102564,0.7387537993920973,0.8027681660899654,0.8285714285714286,0.648936170212766,0.7793313069908815,0.8303872907924724,0.5546553677233108,0.1862758706055842,/opt/tabr1_results/pooled/os_5yr/ALL/repeat_03_fold_01/tabpfn_v3/test_predictions.csv,,,
pooled,os_5yr,ALL,3,1,tabfm_default,747,187,234,success,0.7203463912010193,validation split balanced accuracy,0.016776507000031415,11.688935793001292,0.7307692307692307,0.7208206686930092,0.7741935483870968,0.7714285714285715,0.6702127659574468,0.7704787234042553,0.8121257017286443,0.553937022203269,0.18588565148198674,/opt/tabr1_results/pooled/os_5yr/ALL/repeat_03_fold_01/tabfm_default/test_predictions.csv,,,
pooled,os_5yr,ALL,3,1,autogluon,747,187,234,success,0.6229051947593689,validation split balanced accuracy,6.088426974998583,0.012567494999530027,0.7350427350427351,0.7104103343465046,0.7905405405405406,0.8357142857142857,0.5851063829787234,0.7398176291793314,0.7929514523022466,0.5763892670215212,0.19297394147321706,/opt/tabr1_results/pooled/os_5yr/ALL/repeat_03_fold_01/autogluon/test_predictions.csv,,,
pooled,os_5yr,ALL,3,2,tabpfn_v2,747,187,234,success,0.6473788022994995,validation split balanced accuracy,0.9955959200015059,36.54972163500133,0.7521367521367521,0.7193517329910142,0.8129032258064516,0.8289473684210527,0.6097560975609756,0.7415757381258024,0.815743838604759,0.5406042961960716,0.17857467652946232,/opt/tabr1_results/pooled/os_5yr/ALL/repeat_03_fold_02/tabpfn_v2/test_predictions.csv,,,
pooled,os_5yr,ALL,3,2,tabpfn_v2_5,747,187,234,success,0.37235158681869507,validation split balanced accuracy,0.2784937030010042,20.49548274100016,0.7606837606837606,0.7175064184852374,0.8238993710691824,0.8618421052631579,0.573170731707317,0.756578947368421,0.8302562541343108,0.5340551121241202,0.17626014029949627,/opt/tabr1_results/pooled/os_5yr/ALL/repeat_03_fold_02/tabpfn_v2_5/test_predictions.csv,,,
pooled,os_5yr,ALL,3,2,tabpfn_v2_6,747,187,234,success,0.7230342626571655,validation split balanced accuracy,0.40739261099952273,26.250398920001317,0.7051282051282052,0.7112483953786906,0.7526881720430108,0.6907894736842105,0.7317073170731707,0.7729460847240052,0.8346737722718557,0.5288195123901641,0.1735826383872008,/opt/tabr1_results/pooled/os_5yr/ALL/repeat_03_fold_02/tabpfn_v2_6/test_predictions.csv,,,
pooled,os_5yr,ALL,3,2,tabpfn_v3,747,187,234,success,0.7340119481086731,validation split balanced accuracy,0.42284852000011597,17.349776035000104,0.7051282051282052,0.7056322207958922,0.7561837455830389,0.7039473684210527,0.7073170731707317,0.7747913992297818,0.8405762992512338,0.5265608025077233,0.17334424394081915,/opt/tabr1_results/pooled/os_5yr/ALL/repeat_03_fold_02/tabpfn_v3/test_predictions.csv,,,
pooled,os_5yr,ALL,3,2,tabfm_default,747,187,234,success,0.7025300860404968,validation split balanced accuracy,0.016694968999217963,11.665149536998797,0.7478632478632479,0.7216784338896021,0.8065573770491803,0.8092105263157895,0.6341463414634146,0.7674101412066753,0.8356090281791783,0.5248300523187054,0.1727792493757516,/opt/tabr1_results/pooled/os_5yr/ALL/repeat_03_fold_02/tabfm_default/test_predictions.csv,,,
pooled,os_5yr,ALL,3,2,autogluon,747,187,234,success,0.541887640953064,validation split balanced accuracy,6.3650960810009565,0.005592615998466499,0.7564102564102564,0.7226412066752246,0.8167202572347267,0.8355263157894737,0.6097560975609756,0.7753129011553272,0.8410941734104815,0.5376516527072543,0.17750378343204418,/opt/tabr1_results/pooled/os_5yr/ALL/repeat_03_fold_02/autogluon/test_predictions.csv,,,
pooled,os_5yr,ALL,3,3,tabpfn_v2,748,187,233,success,0.6290363669395447,validation split balanced accuracy,1.0828170759996283,38.823765058998106,0.7682403433476395,0.7338955823293173,0.8258064516129032,0.8533333333333334,0.6144578313253012,0.7498795180722891,0.833633427397467,0.5357954058224345,0.17705011727102624,/opt/tabr1_results/pooled/os_5yr/ALL/repeat_03_fold_03/tabpfn_v2/test_predictions.csv,,,
pooled,os_5yr,ALL,3,3,tabpfn_v2_5,748,187,233,success,0.5827452540397644,validation split balanced accuracy,0.25429726100264816,20.24027590699916,0.7682403433476395,0.7312048192771085,0.8269230769230769,0.86,0.6024096385542169,0.7506827309236948,0.8360750617508486,0.53673400833092,0.17763656351871132,/opt/tabr1_results/pooled/os_5yr/ALL/repeat_03_fold_03/tabpfn_v2_5/test_predictions.csv,,,
pooled,os_5yr,ALL,3,3,tabpfn_v2_6,748,187,233,success,0.6520430445671082,validation split balanced accuracy,0.3888197760024923,25.983247852000204,0.7510729613733905,0.720562248995984,0.8104575163398693,0.8266666666666667,0.6144578313253012,0.7678714859437751,0.8493196509539793,0.5292957000189493,0.17444327436830717,/opt/tabr1_results/pooled/os_5yr/ALL/repeat_03_fold_03/tabpfn_v2_6/test_predictions.csv,,,
pooled,os_5yr,ALL,3,3,tabpfn_v3,748,187,233,success,0.6667042374610901,validation split balanced accuracy,0.4456895999974222,16.89987431800182,0.7339055793991416,0.7072289156626506,0.7947019867549668,0.8,0.6144578313253012,0.7580722891566264,0.8443012911487209,0.5307092816321506,0.17499098421159245,/opt/tabr1_results/pooled/os_5yr/ALL/repeat_03_fold_03/tabpfn_v3/test_predictions.csv,,,
pooled,os_5yr,ALL,3,3,tabfm_default,748,187,233,success,0.6474019885063171,validation split balanced accuracy,0.016639689001749502,11.664679466997768,0.7725321888412017,0.7345381526104418,0.8306709265175719,0.8666666666666667,0.6024096385542169,0.7675100401606426,0.8457592831870192,0.5309301811143147,0.17506290593140442,/opt/tabr1_results/pooled/os_5yr/ALL/repeat_03_fold_03/tabfm_default/test_predictions.csv,,,
pooled,os_5yr,ALL,3,3,autogluon,748,187,233,success,0.37003767490386963,validation split balanced accuracy,6.857512276001216,0.06001184500200907,0.7553648068669528,0.7185140562248996,0.8167202572347267,0.8466666666666667,0.5903614457831325,0.7281124497991969,0.8082131442140119,0.5791686859472954,0.19220480207028318,/opt/tabr1_results/pooled/os_5yr/ALL/repeat_03_fold_03/autogluon/test_predictions.csv,,,
pooled,os_5yr,ALL,3,4,tabpfn_v2,748,187,233,success,0.6372480988502502,validation split balanced accuracy,1.0739393059993745,37.30826181299926,0.7081545064377682,0.6836016096579477,0.7687074829931972,0.795774647887324,0.5714285714285714,0.7854821235102926,0.8402880427973309,0.5553563608750569,0.18647959493404617,/opt/tabr1_results/pooled/os_5yr/ALL/repeat_03_fold_04/tabpfn_v2/test_predictions.csv,,,
pooled,os_5yr,ALL,3,4,tabpfn_v2_5,748,187,233,success,0.627916693687439,validation split balanced accuracy,0.27197066900043865,22.2528854259981,0.7167381974248928,0.6866971057111902,0.78,0.823943661971831,0.5494505494505495,0.7685342826187898,0.821928179609839,0.5587428655371359,0.18779133138943246,/opt/tabr1_results/pooled/os_5yr/ALL/repeat_03_fold_04/tabpfn_v2_5/test_predictions.csv,,,
pooled,os_5yr,ALL,3,4,tabpfn_v2_6,748,187,233,success,0.6529706120491028,validation split balanced accuracy,0.40269061499930103,25.940428260000772,0.7296137339055794,0.6952871072589382,0.7934426229508197,0.852112676056338,0.5384615384615384,0.7517799102306145,0.8088448603921892,0.5712481459068153,0.19070031784163452,/opt/tabr1_results/pooled/os_5yr/ALL/repeat_03_fold_04/tabpfn_v2_6/test_predictions.csv,,,
pooled,os_5yr,ALL,3,4,tabpfn_v3,748,187,233,success,0.6920226216316223,validation split balanced accuracy,0.47018613100226503,16.763343739999982,0.7253218884120172,0.6996594954341433,0.7837837837837838,0.8169014084507042,0.5824175824175825,0.7571583346231234,0.8163480063366255,0.5668867854257805,0.19096817306203537,/opt/tabr1_results/pooled/os_5yr/ALL/repeat_03_fold_04/tabpfn_v3/test_predictions.csv,,,
pooled,os_5yr,ALL,3,4,tabfm_default,748,187,233,success,0.6821974515914917,validation split balanced accuracy,0.016583823999098968,11.400970734001021,0.7339055793991416,0.6988082340195017,0.7973856209150327,0.8591549295774648,0.5384615384615384,0.7696177062374245,0.8288697375863419,0.5628145796793357,0.18961486170976344,/opt/tabr1_results/pooled/os_5yr/ALL/repeat_03_fold_04/tabfm_default/test_predictions.csv,,,
pooled,os_5yr,ALL,3,4,autogluon,748,187,233,success,0.7442477941513062,validation split balanced accuracy,6.396721475997765,0.019856741000694456,0.6952789699570815,0.698692152917505,0.7320754716981132,0.6830985915492958,0.7142857142857143,0.7478718464633958,0.8043674003785897,0.6451499742411427,0.20735002472002875,/opt/tabr1_results/pooled/os_5yr/ALL/repeat_03_fold_04/autogluon/test_predictions.csv,,,
pooled,os_5yr,ALL,4,0,tabpfn_v2,747,187,234,success,0.7062080502510071,validation split balanced accuracy,0.9820311220028088,36.83676799599925,0.717948717948718,0.7,0.7724137931034483,0.7777777777777778,0.6222222222222222,0.7238811728395061,0.7917754672192159,0.5627224022340971,0.18843797718187252,/opt/tabr1_results/pooled/os_5yr/ALL/repeat_04_fold_00/tabpfn_v2/test_predictions.csv,,,
pooled,os_5yr,ALL,4,0,tabpfn_v2_5,747,187,234,success,0.28914421796798706,validation split balanced accuracy,0.2495967600007134,20.41155108699968,0.7264957264957265,0.6777777777777778,0.8,0.8888888888888888,0.4666666666666667,0.7376157407407407,0.8014635856443033,0.5555104823767718,0.18603889031773196,/opt/tabr1_results/pooled/os_5yr/ALL/repeat_04_fold_00/tabpfn_v2_5/test_predictions.csv,,,
pooled,os_5yr,ALL,4,0,tabpfn_v2_6,747,187,234,success,0.2833537459373474,validation split balanced accuracy,0.38720194999768864,25.68760835699868,0.7307692307692307,0.6895833333333333,0.7987220447284346,0.8680555555555556,0.5111111111111111,0.7381172839506173,0.8007866810614318,0.5575245524644251,0.1867846309649271,/opt/tabr1_results/pooled/os_5yr/ALL/repeat_04_fold_00/tabpfn_v2_6/test_predictions.csv,,,
pooled,os_5yr,ALL,4,0,tabpfn_v3,747,187,234,success,0.7022591233253479,validation split balanced accuracy,0.4930597169986868,17.332739060002496,0.717948717948718,0.6958333333333333,0.7755102040816326,0.7916666666666666,0.6,0.746875,0.8074220474227074,0.5557230862834109,0.18607336501731558,/opt/tabr1_results/pooled/os_5yr/ALL/repeat_04_fold_00/tabpfn_v3/test_predictions.csv,,,
pooled,os_5yr,ALL,4,0,tabfm_default,747,187,234,success,0.26082852482795715,validation split balanced accuracy,0.016665952000039397,12.546638657000585,0.7435897435897436,0.70625,0.8064516129032258,0.8680555555555556,0.5444444444444444,0.7416666666666666,0.8060386752101629,0.5579888626161378,0.186740275669227,/opt/tabr1_results/pooled/os_5yr/ALL/repeat_04_fold_00/tabfm_default/test_predictions.csv,,,
pooled,os_5yr,ALL,4,0,autogluon,747,187,234,success,0.5119604468345642,validation split balanced accuracy,6.330023613998492,0.005494900997291552,0.7478632478632479,0.7118055555555556,0.8090614886731392,0.8680555555555556,0.5555555555555556,0.7559027777777778,0.8233363918214781,0.5658428011425383,0.19012887533654685,/opt/tabr1_results/pooled/os_5yr/ALL/repeat_04_fold_00/autogluon/test_predictions.csv,,,
pooled,os_5yr,ALL,4,1,tabpfn_v2,747,187,234,success,0.6203417778015137,validation split balanced accuracy,1.1179159030034498,38.73615616800089,0.7435897435897436,0.7175312381673609,0.7986577181208053,0.8561151079136691,0.5789473684210527,0.7238546005301022,0.780850109856877,0.5922437026194289,0.19968257859006622,/opt/tabr1_results/pooled/os_5yr/ALL/repeat_04_fold_01/tabpfn_v2/test_predictions.csv,,,
pooled,os_5yr,ALL,4,1,tabpfn_v2_5,747,187,234,success,0.6324670314788818,validation split balanced accuracy,0.2500100020006357,20.678925137002807,0.7222222222222222,0.6995456266565695,0.7781569965870307,0.8201438848920863,0.5789473684210527,0.712873911397198,0.7660823133501211,0.5973263686328324,0.20174662388774997,/opt/tabr1_results/pooled/os_5yr/ALL/repeat_04_fold_01/tabpfn_v2_5/test_predictions.csv,,,
pooled,os_5yr,ALL,4,1,tabpfn_v2_6,747,187,234,success,0.7192379236221313,validation split balanced accuracy,0.3855763340034173,26.28043440900001,0.6752136752136753,0.6666414237031428,0.7226277372262774,0.7122302158273381,0.6210526315789474,0.6967436577054146,0.7437951337801816,0.5936026248287549,0.20088253684477345,/opt/tabr1_results/pooled/os_5yr/ALL/repeat_04_fold_01/tabpfn_v2_6/test_predictions.csv,,,
pooled,os_5yr,ALL,4,1,tabpfn_v3,747,187,234,success,0.6794591546058655,validation split balanced accuracy,0.49330406800072524,17.327707478001685,0.7222222222222222,0.6928814842862552,0.7840531561461794,0.8489208633093526,0.5368421052631579,0.7033320711851572,0.7675910434186342,0.592695765074386,0.20023027351288794,/opt/tabr1_results/pooled/os_5yr/ALL/repeat_04_fold_01/tabpfn_v3/test_predictions.csv,,,
pooled,os_5yr,ALL,4,1,tabfm_default,747,187,234,success,0.6878164410591125,validation split balanced accuracy,0.016782193997642025,11.377447514998494,0.6837606837606838,0.6705035971223021,0.7357142857142858,0.7410071942446043,0.6,0.7112457402499054,0.7712117775009613,0.5931306293806833,0.20030401071452406,/opt/tabr1_results/pooled/os_5yr/ALL/repeat_04_fold_01/tabfm_default/test_predictions.csv,,,
pooled,os_5yr,ALL,4,1,autogluon,747,187,234,success,0.5544626712799072,validation split balanced accuracy,6.158377081999788,0.005948894999164622,0.7307692307692307,0.7017417644831503,0.7906976744186046,0.8561151079136691,0.5473684210526316,0.7186293070806513,0.772004783070265,0.6022137423629229,0.20260942514479316,/opt/tabr1_results/pooled/os_5yr/ALL/repeat_04_fold_01/autogluon/test_predictions.csv,,,
pooled,os_5yr,ALL,4,2,tabpfn_v2,748,187,233,success,0.6767800450325012,validation split balanced accuracy,1.1336854209985177,38.698221201000706,0.7467811158798283,0.7309535412605588,0.8013468013468014,0.7828947368421053,0.6790123456790124,0.7531270305393112,0.814767573808838,0.5273447975862108,0.172516318377918,/opt/tabr1_results/pooled/os_5yr/ALL/repeat_04_fold_02/tabpfn_v2/test_predictions.csv,,,
pooled,os_5yr,ALL,4,2,tabpfn_v2_5,748,187,233,success,0.6894840002059937,validation split balanced accuracy,0.2409208299977763,20.9960106489998,0.7510729613733905,0.7342430149447694,0.8053691275167785,0.7894736842105263,0.6790123456790124,0.7735948667966212,0.8310558503962598,0.5207826721206239,0.17050916199041802,/opt/tabr1_results/pooled/os_5yr/ALL/repeat_04_fold_02/tabpfn_v2_5/test_predictions.csv,,,
pooled,os_5yr,ALL,4,2,tabpfn_v2_6,748,187,233,success,0.6930390000343323,validation split balanced accuracy,0.38744776499879663,25.16714614600278,0.7725321888412017,0.742040285899935,0.8284789644012945,0.8421052631578947,0.6419753086419753,0.7739603638726447,0.8318611503033553,0.5235472149110141,0.17140323940838054,/opt/tabr1_results/pooled/os_5yr/ALL/repeat_04_fold_02/tabpfn_v2_6/test_predictions.csv,,,
pooled,os_5yr,ALL,4,2,tabpfn_v3,748,187,233,success,0.6998202800750732,validation split balanced accuracy,0.4942213319991424,16.870108309001807,0.7510729613733905,0.7255929174788824,0.8092105263157895,0.8092105263157895,0.6419753086419753,0.7722141000649773,0.834236714755602,0.5239439892835741,0.17195426334984412,/opt/tabr1_results/pooled/os_5yr/ALL/repeat_04_fold_02/tabpfn_v3/test_predictions.csv,,,
pooled,os_5yr,ALL,4,2,tabfm_default,748,187,233,success,0.6933807134628296,validation split balanced accuracy,0.01684713400027249,11.110862991998147,0.7553648068669528,0.720232293697206,0.8167202572347267,0.8355263157894737,0.6049382716049383,0.7798895386614685,0.8431173832150467,0.5193273182512798,0.17033528291323902,/opt/tabr1_results/pooled/os_5yr/ALL/repeat_04_fold_02/tabfm_default/test_predictions.csv,,,
pooled,os_5yr,ALL,4,2,autogluon,748,187,233,success,0.4842873513698578,validation split balanced accuracy,6.722304711998731,0.006321274999208981,0.7811158798283262,0.7370857699805068,0.8401253918495298,0.881578947368421,0.5925925925925926,0.7891894087069526,0.8486364352268478,0.507861939344622,0.16425569269105403,/opt/tabr1_results/pooled/os_5yr/ALL/repeat_04_fold_02/autogluon/test_predictions.csv,,,
pooled,os_5yr,ALL,4,3,tabpfn_v2,747,187,234,success,0.7329927086830139,validation split balanced accuracy,1.124814980001247,39.135218482999335,0.5982905982905983,0.623395378690629,0.6356589147286822,0.5394736842105263,0.7073170731707317,0.7177872272143774,0.806384547351287,0.5510803779766695,0.18338287186173216,/opt/tabr1_results/pooled/os_5yr/ALL/repeat_04_fold_03/tabpfn_v2/test_predictions.csv,,,
pooled,os_5yr,ALL,4,3,tabpfn_v2_5,747,187,234,success,0.6885300874710083,validation split balanced accuracy,0.29235734599933494,20.5043042699981,0.6709401709401709,0.6708921694480103,0.7259786476868327,0.6710526315789473,0.6707317073170732,0.7207557766367136,0.8073688114067462,0.551444275401719,0.18337947665066345,/opt/tabr1_results/pooled/os_5yr/ALL/repeat_04_fold_03/tabpfn_v2_5/test_predictions.csv,,,
pooled,os_5yr,ALL,4,3,tabpfn_v2_6,747,187,234,success,0.7086349129676819,validation split balanced accuracy,0.3827999160021136,25.810830608999822,0.6666666666666666,0.6732188703465982,0.717391304347826,0.6513157894736842,0.6951219512195121,0.7379252246469833,0.8136221995068276,0.5371146574842847,0.17797254971314944,/opt/tabr1_results/pooled/os_5yr/ALL/repeat_04_fold_03/tabpfn_v2_6/test_predictions.csv,,,
pooled,os_5yr,ALL,4,3,tabpfn_v3,747,187,234,success,0.6759718060493469,validation split balanced accuracy,0.4934375819975685,17.07643151799857,0.7521367521367521,0.7165436456996148,0.8141025641025641,0.8355263157894737,0.5975609756097561,0.7356787548138639,0.8205140877987713,0.5396927347931842,0.1786873051415516,/opt/tabr1_results/pooled/os_5yr/ALL/repeat_04_fold_03/tabpfn_v3/test_predictions.csv,,,
pooled,os_5yr,ALL,4,3,tabfm_default,747,187,234,success,0.685949444770813,validation split balanced accuracy,0.01674210299825063,11.171251257997938,0.7051282051282052,0.7028241335044929,0.7578947368421053,0.7105263157894737,0.6951219512195121,0.7391286906290114,0.8149926130161418,0.5380127277976984,0.1779906076684949,/opt/tabr1_results/pooled/os_5yr/ALL/repeat_04_fold_03/tabfm_default/test_predictions.csv,,,
pooled,os_5yr,ALL,4,3,autogluon,747,187,234,success,0.7156188488006592,validation split balanced accuracy,6.219375805998425,0.06344401100068353,0.6923076923076923,0.6789152759948652,0.7534246575342466,0.7236842105263158,0.6341463414634146,0.7205150834403081,0.7796257033597292,0.672850586727671,0.20615711207082593,/opt/tabr1_results/pooled/os_5yr/ALL/repeat_04_fold_03/autogluon/test_predictions.csv,,,
pooled,os_5yr,ALL,4,4,tabpfn_v2,748,187,233,success,0.641997754573822,validation split balanced accuracy,1.0516046859993367,38.76792451100118,0.7296137339055794,0.7045002296035512,0.7864406779661017,0.8345323741007195,0.574468085106383,0.764579825501301,0.8173170784544335,0.5626369229763404,0.18968779021464915,/opt/tabr1_results/pooled/os_5yr/ALL/repeat_04_fold_04/tabpfn_v2/test_predictions.csv,,,
pooled,os_5yr,ALL,4,4,tabpfn_v2_5,748,187,233,success,0.5833850502967834,validation split balanced accuracy,0.24853972799974144,20.49985969499903,0.7339055793991416,0.7080973519057094,0.7905405405405406,0.841726618705036,0.574468085106383,0.7689422929741313,0.8244142935964611,0.5611044510127035,0.18927588682154836,/opt/tabr1_results/pooled/os_5yr/ALL/repeat_04_fold_04/tabpfn_v2_5/test_predictions.csv,,,
pooled,os_5yr,ALL,4,4,tabpfn_v2_6,748,187,233,success,0.427842915058136,validation split balanced accuracy,0.3922059490032552,26.066215998998814,0.7339055793991416,0.7029312720036736,0.7947019867549668,0.8633093525179856,0.5425531914893617,0.7570794428287156,0.8089045092453122,0.5723300404293713,0.19232383531511252,/opt/tabr1_results/pooled/os_5yr/ALL/repeat_04_fold_04/tabpfn_v2_6/test_predictions.csv,,,
pooled,os_5yr,ALL,4,4,tabpfn_v3,748,187,233,success,0.6058993935585022,validation split balanced accuracy,0.49218432500128984,16.899651085997903,0.7253218884120172,0.699181080667381,0.7837837837837838,0.8345323741007195,0.5638297872340425,0.7625133935404868,0.814069819947942,0.5629182260835618,0.19003234934244279,/opt/tabr1_results/pooled/os_5yr/ALL/repeat_04_fold_04/tabpfn_v3/test_predictions.csv,,,
pooled,os_5yr,ALL,4,4,tabfm_default,748,187,233,success,0.7061454057693481,validation split balanced accuracy,0.016523046000656905,11.266533670997887,0.7253218884120172,0.7026251339354048,0.7808219178082192,0.8201438848920863,0.5851063829787234,0.7535971223021584,0.7943929733100545,0.5625512780130695,0.1898511081171762,/opt/tabr1_results/pooled/os_5yr/ALL/repeat_04_fold_04/tabfm_default/test_predictions.csv,,,
pooled,os_5yr,ALL,4,4,autogluon,748,187,233,success,0.518527090549469,validation split balanced accuracy,6.375104329003079,0.005599665000772802,0.7296137339055794,0.6958900964334915,0.7934426229508197,0.8705035971223022,0.5212765957446809,0.7605617633552731,0.7978846937845763,0.5905786552819986,0.20105491754020366,/opt/tabr1_results/pooled/os_5yr/ALL/repeat_04_fold_04/autogluon/test_predictions.csv,,,
per_cancer,extreme_os,BRCA,0,0,tabpfn_v2,171,43,54,success,0.19397205114364624,validation split balanced accuracy,0.21237203999771737,4.019513826999173,0.37037037037037035,0.5025641025641026,0.41379310344827586,0.8,0.20512820512820512,0.6341880341880342,0.45644048808171533,0.5795677267706454,0.19640730221979452,/opt/tabr1_results/per_cancer/extreme_os/BRCA/repeat_00_fold_00/tabpfn_v2/test_predictions.csv,,,
per_cancer,extreme_os,BRCA,0,0,tabpfn_v2_5,171,43,54,success,0.20226293802261353,validation split balanced accuracy,0.25256290700053796,5.050462854997022,0.5185185185185185,0.6051282051282052,0.48,0.8,0.41025641025641024,0.676923076923077,0.5895585579282592,0.5661224038490633,0.19050157381155172,/opt/tabr1_results/per_cancer/extreme_os/BRCA/repeat_00_fold_00/tabpfn_v2_5/test_predictions.csv,,,
per_cancer,extreme_os,BRCA,0,0,tabpfn_v2_6,171,43,54,success,0.1824609786272049,validation split balanced accuracy,0.3022015240021574,5.345314558999235,0.46296296296296297,0.6076923076923078,0.49122807017543857,0.9333333333333333,0.28205128205128205,0.7025641025641025,0.6071982737737246,0.5496633714508262,0.18427054063719162,/opt/tabr1_results/per_cancer/extreme_os/BRCA/repeat_00_fold_00/tabpfn_v2_6/test_predictions.csv,,,
per_cancer,extreme_os,BRCA,0,0,tabpfn_v3,171,43,54,success,0.3178321123123169,validation split balanced accuracy,0.5411402589998033,4.360877832001279,0.7037037037037037,0.5282051282051282,0.2,0.13333333333333333,0.9230769230769231,0.6222222222222222,0.4202107159865303,0.5794374430515302,0.19570378279319964,/opt/tabr1_results/per_cancer/extreme_os/BRCA/repeat_00_fold_00/tabpfn_v3/test_predictions.csv,,,
per_cancer,extreme_os,BRCA,0,0,tabfm_default,171,43,54,success,0.15203221142292023,validation split balanced accuracy,0.012911204001284204,2.7815097009988676,0.42592592592592593,0.5410256410256411,0.43636363636363634,0.8,0.28205128205128205,0.6085470085470086,0.40554461944984915,0.5932035882535739,0.1990332609339112,/opt/tabr1_results/per_cancer/extreme_os/BRCA/repeat_00_fold_00/tabfm_default/test_predictions.csv,,,
per_cancer,extreme_os,BRCA,0,0,autogluon,171,43,54,success,0.3327188491821289,validation split balanced accuracy,3.8321470859991678,0.013623958999232855,0.5925925925925926,0.49230769230769234,0.26666666666666666,0.26666666666666666,0.717948717948718,0.5452991452991454,0.4172012719005344,0.5895340696109317,0.19976131531438746,/opt/tabr1_results/per_cancer/extreme_os/BRCA/repeat_00_fold_00/autogluon/test_predictions.csv,,,
per_cancer,extreme_os,BRCA,0,1,tabpfn_v2,171,43,54,success,0.2864988446235657,validation split balanced accuracy,0.1883223340009863,3.9226701820007293,0.7222222222222222,0.5205128205128206,0.11764705882352941,0.06666666666666667,0.9743589743589743,0.6547008547008547,0.40046090447913735,0.5882651985640162,0.19992971673333493,/opt/tabr1_results/per_cancer/extreme_os/BRCA/repeat_00_fold_01/tabpfn_v2/test_predictions.csv,,,
per_cancer,extreme_os,BRCA,0,1,tabpfn_v2_5,171,43,54,success,0.39670929312705994,validation split balanced accuracy,0.2150746839979547,4.93239390600138,0.7222222222222222,0.5,0.0,0.0,1.0,0.641025641025641,0.3943533286790519,0.5790900594505443,0.19725502652508406,/opt/tabr1_results/per_cancer/extreme_os/BRCA/repeat_00_fold_01/tabpfn_v2_5/test_predictions.csv,,,
per_cancer,extreme_os,BRCA,0,1,tabpfn_v2_6,171,43,54,success,0.12756341695785522,validation split balanced accuracy,0.29294045900314813,5.309266367999953,0.3888888888888889,0.5769230769230769,0.47619047619047616,1.0,0.15384615384615385,0.7555555555555555,0.5811056969082146,0.5300172119239003,0.1788613822515199,/opt/tabr1_results/per_cancer/extreme_os/BRCA/repeat_00_fold_01/tabpfn_v2_6/test_predictions.csv,,,
per_cancer,extreme_os,BRCA,0,1,tabpfn_v3,171,43,54,success,0.43188565969467163,validation split balanced accuracy,0.5285504379971826,4.2803563279994705,0.7407407407407407,0.5333333333333333,0.125,0.06666666666666667,1.0,0.5880341880341879,0.3828524794558581,0.5832821902408531,0.1972708975889231,/opt/tabr1_results/per_cancer/extreme_os/BRCA/repeat_00_fold_01/tabpfn_v3/test_predictions.csv,,,
per_cancer,extreme_os,BRCA,0,1,tabfm_default,171,43,54,success,0.25418993830680847,validation split balanced accuracy,0.012845889999880455,2.6655060349985433,0.7222222222222222,0.5615384615384615,0.2857142857142857,0.2,0.9230769230769231,0.611965811965812,0.37735713718685854,0.5929629522587393,0.20106630024408995,/opt/tabr1_results/per_cancer/extreme_os/BRCA/repeat_00_fold_01/tabfm_default/test_predictions.csv,,,
per_cancer,extreme_os,BRCA,0,1,autogluon,171,43,54,success,0.8735840916633606,validation split balanced accuracy,3.9031933919977746,0.010157230000913842,0.7222222222222222,0.5,0.0,0.0,1.0,0.6051282051282052,0.4352583760386626,0.7910220849399754,0.22417387036875885,/opt/tabr1_results/per_cancer/extreme_os/BRCA/repeat_00_fold_01/autogluon/test_predictions.csv,,,
per_cancer,extreme_os,BRCA,0,2,tabpfn_v2,171,43,54,success,0.273543119430542,validation split balanced accuracy,0.20340567200037185,4.24861353900269,0.3333333333333333,0.4538043478260869,0.21739130434782608,0.625,0.2826086956521739,0.44836956521739135,0.14844393950785875,0.4791882238143729,0.14830389578662911,/opt/tabr1_results/per_cancer/extreme_os/BRCA/repeat_00_fold_02/tabpfn_v2/test_predictions.csv,,,
per_cancer,extreme_os,BRCA,0,2,tabpfn_v2_5,171,43,54,success,0.2695621848106384,validation split balanced accuracy,0.21343563600021298,5.029273460000695,0.42592592592592593,0.6114130434782609,0.3111111111111111,0.875,0.34782608695652173,0.5788043478260869,0.20082866479925301,0.47815267433677855,0.14819706380388323,/opt/tabr1_results/per_cancer/extreme_os/BRCA/repeat_00_fold_02/tabpfn_v2_5/test_predictions.csv,,,
per_cancer,extreme_os,BRCA,0,2,tabpfn_v2_6,171,43,54,success,0.35038211941719055,validation split balanced accuracy,0.28876237900112756,5.565058359999966,0.6481481481481481,0.483695652173913,0.17391304347826086,0.25,0.717391304347826,0.592391304347826,0.22336877403291067,0.48277624791393936,0.15338406324177403,/opt/tabr1_results/per_cancer/extreme_os/BRCA/repeat_00_fold_02/tabpfn_v2_6/test_predictions.csv,,,
per_cancer,extreme_os,BRCA,0,2,tabpfn_v3,171,43,54,success,0.2958686351776123,validation split balanced accuracy,0.524183637000533,4.320342512000934,0.5370370370370371,0.4701086956521739,0.1935483870967742,0.375,0.5652173913043478,0.5,0.2624727353796816,0.4803168904626707,0.14929501182007612,/opt/tabr1_results/per_cancer/extreme_os/BRCA/repeat_00_fold_02/tabpfn_v3/test_predictions.csv,,,
per_cancer,extreme_os,BRCA,0,2,tabfm_default,171,43,54,success,0.26757824420928955,validation split balanced accuracy,0.012906996998935938,2.5222619449996273,0.35185185185185186,0.46467391304347827,0.2222222222222222,0.625,0.30434782608695654,0.5163043478260869,0.18721391929070005,0.5046529920717758,0.1618768337742385,/opt/tabr1_results/per_cancer/extreme_os/BRCA/repeat_00_fold_02/tabfm_default/test_predictions.csv,,,
per_cancer,extreme_os,BRCA,0,2,autogluon,171,43,54,success,0.785703718662262,validation split balanced accuracy,3.834189533001336,0.007511907999287359,0.8518518518518519,0.5,0.0,0.0,1.0,0.5271739130434783,0.34687467323336885,0.5532890508451752,0.17474634223500385,/opt/tabr1_results/per_cancer/extreme_os/BRCA/repeat_00_fold_02/autogluon/test_predictions.csv,,,
per_cancer,extreme_os,BRCA,0,3,tabpfn_v2,172,43,53,success,0.1854422390460968,validation split balanced accuracy,0.17595593499936513,4.799921359001019,0.49056603773584906,0.5851648351648352,0.4489795918367347,0.7857142857142857,0.38461538461538464,0.521978021978022,0.2817411121161317,0.5876240890384484,0.19863035123646808,/opt/tabr1_results/per_cancer/extreme_os/BRCA/repeat_00_fold_03/tabpfn_v2/test_predictions.csv,,,
per_cancer,extreme_os,BRCA,0,3,tabpfn_v2_5,172,43,53,success,0.11581607908010483,validation split balanced accuracy,0.2038336369987519,4.893591957999888,0.3584905660377358,0.5412087912087913,0.43333333333333335,0.9285714285714286,0.15384615384615385,0.5695970695970697,0.3204868507753401,0.5972873792538517,0.20129275542345146,/opt/tabr1_results/per_cancer/extreme_os/BRCA/repeat_00_fold_03/tabpfn_v2_5/test_predictions.csv,,,
per_cancer,extreme_os,BRCA,0,3,tabpfn_v2_6,172,43,53,success,0.33052486181259155,validation split balanced accuracy,0.28406035999796586,5.375776816003054,0.6226415094339622,0.5375457875457875,0.3333333333333333,0.35714285714285715,0.717948717948718,0.6007326007326008,0.3365098789308215,0.5896447524692701,0.19976142062773664,/opt/tabr1_results/per_cancer/extreme_os/BRCA/repeat_00_fold_03/tabpfn_v2_6/test_predictions.csv,,,
per_cancer,extreme_os,BRCA,0,3,tabpfn_v3,172,43,53,success,0.131862610578537,validation split balanced accuracy,0.5169822319985542,4.427448886999628,0.4528301886792453,0.5595238095238095,0.43137254901960786,0.7857142857142857,0.3333333333333333,0.5879120879120878,0.3596301975237507,0.5766903113961265,0.19391711964364142,/opt/tabr1_results/per_cancer/extreme_os/BRCA/repeat_00_fold_03/tabpfn_v3/test_predictions.csv,,,
per_cancer,extreme_os,BRCA,0,3,tabfm_default,172,43,53,success,0.38081011176109314,validation split balanced accuracy,0.012685823003266705,2.681537059997936,0.5849056603773585,0.42032967032967034,0.08333333333333333,0.07142857142857142,0.7692307692307693,0.51007326007326,0.3259339114823132,0.6545855109429383,0.2194470167768976,/opt/tabr1_results/per_cancer/extreme_os/BRCA/repeat_00_fold_03/tabfm_default/test_predictions.csv,,,
per_cancer,extreme_os,BRCA,0,3,autogluon,172,43,53,success,0.344333291053772,validation split balanced accuracy,4.08864370900119,0.00542084499829798,0.6226415094339622,0.5375457875457875,0.3333333333333333,0.35714285714285715,0.717948717948718,0.543956043956044,0.30167398193227857,0.6301522223329181,0.21348095130365574,/opt/tabr1_results/per_cancer/extreme_os/BRCA/repeat_00_fold_03/autogluon/test_predictions.csv,,,
per_cancer,extreme_os,BRCA,0,4,tabpfn_v2,172,43,53,success,0.22107966244220734,validation split balanced accuracy,0.18462121199991088,4.344391688999167,0.4528301886792453,0.4458204334365325,0.35555555555555557,0.42105263157894735,0.47058823529411764,0.49999999999999994,0.4494433618997727,0.6960798498587963,0.24558771477508964,/opt/tabr1_results/per_cancer/extreme_os/BRCA/repeat_00_fold_04/tabpfn_v2/test_predictions.csv,,,
per_cancer,extreme_os,BRCA,0,4,tabpfn_v2_5,172,43,53,success,0.24025943875312805,validation split balanced accuracy,0.23959805400227197,4.828434423001454,0.5283018867924528,0.48142414860681115,0.32432432432432434,0.3157894736842105,0.6470588235294118,0.5139318885448916,0.47330574032434486,0.7049705991708511,0.24667266100197172,/opt/tabr1_results/per_cancer/extreme_os/BRCA/repeat_00_fold_04/tabpfn_v2_5/test_predictions.csv,,,
per_cancer,extreme_os,BRCA,0,4,tabpfn_v2_6,172,43,53,success,0.25220173597335815,validation split balanced accuracy,0.2902413650008384,5.26986454100188,0.49056603773584906,0.42879256965944273,0.22857142857142856,0.21052631578947367,0.6470588235294118,0.46439628482972134,0.4325331662287945,0.7426936730584509,0.2572548682246433,/opt/tabr1_results/per_cancer/extreme_os/BRCA/repeat_00_fold_04/tabpfn_v2_6/test_predictions.csv,,,
per_cancer,extreme_os,BRCA,0,4,tabpfn_v3,172,43,53,success,0.22147125005722046,validation split balanced accuracy,0.45947889200033387,4.361628349000966,0.5094339622641509,0.478328173374613,0.35,0.3684210526315789,0.5882352941176471,0.5154798761609907,0.4340874694642746,0.7117692212400384,0.24967907961765448,/opt/tabr1_results/per_cancer/extreme_os/BRCA/repeat_00_fold_04/tabpfn_v3/test_predictions.csv,,,
per_cancer,extreme_os,BRCA,0,4,tabfm_default,172,43,53,success,0.1612028330564499,validation split balanced accuracy,0.013069700999039924,2.500054763000662,0.5283018867924528,0.5859133126934984,0.5454545454545454,0.7894736842105263,0.38235294117647056,0.5913312693498451,0.5018547338199014,0.6994054063190512,0.24316986202669974,/opt/tabr1_results/per_cancer/extreme_os/BRCA/repeat_00_fold_04/tabfm_default/test_predictions.csv,,,
per_cancer,extreme_os,BRCA,0,4,autogluon,172,43,53,success,0.17025646567344666,validation split balanced accuracy,3.8248647420005,0.0060724299983121455,0.39622641509433965,0.44814241486068107,0.42857142857142855,0.631578947368421,0.2647058823529412,0.42569659442724456,0.32471648656561075,0.7905284203900809,0.27236272265130207,/opt/tabr1_results/per_cancer/extreme_os/BRCA/repeat_00_fold_04/autogluon/test_predictions.csv,,,
per_cancer,extreme_os,BRCA,1,0,tabpfn_v2,171,43,54,success,0.2930622100830078,validation split balanced accuracy,0.2157315889999154,3.9501295410009334,0.7222222222222222,0.53125,0.11764705882352941,0.0625,1.0,0.5921052631578947,0.4573264197783555,0.61375827162044,0.21061205446584289,/opt/tabr1_results/per_cancer/extreme_os/BRCA/repeat_01_fold_00/tabpfn_v2/test_predictions.csv,,,
per_cancer,extreme_os,BRCA,1,0,tabpfn_v2_5,171,43,54,success,0.35944700241088867,validation split balanced accuracy,0.25692147800145904,5.049205654002435,0.7222222222222222,0.53125,0.11764705882352941,0.0625,1.0,0.5855263157894737,0.3902253402760087,0.6177253962154173,0.2120712343080643,/opt/tabr1_results/per_cancer/extreme_os/BRCA/repeat_01_fold_00/tabpfn_v2_5/test_predictions.csv,,,
per_cancer,extreme_os,BRCA,1,0,tabpfn_v2_6,171,43,54,success,0.2960651218891144,validation split balanced accuracy,0.30208889200002886,5.284135256999434,0.6851851851851852,0.5592105263157895,0.32,0.25,0.868421052631579,0.5707236842105263,0.41004160572921733,0.6147478904432783,0.20862085852538884,/opt/tabr1_results/per_cancer/extreme_os/BRCA/repeat_01_fold_00/tabpfn_v2_6/test_predictions.csv,,,
per_cancer,extreme_os,BRCA,1,0,tabpfn_v3,171,43,54,success,0.29083704948425293,validation split balanced accuracy,0.5430256289982935,4.312434193998342,0.7037037037037037,0.518092105263158,0.1111111111111111,0.0625,0.9736842105263158,0.6101973684210527,0.4463813005175087,0.6075882783332653,0.20819424107097012,/opt/tabr1_results/per_cancer/extreme_os/BRCA/repeat_01_fold_00/tabpfn_v3/test_predictions.csv,,,
per_cancer,extreme_os,BRCA,1,0,tabfm_default,171,43,54,success,0.25749528408050537,validation split balanced accuracy,0.012743256000248948,2.6161477060013567,0.6296296296296297,0.5197368421052632,0.2857142857142857,0.25,0.7894736842105263,0.5740131578947368,0.3555978272153734,0.6256715996132429,0.21467414645325777,/opt/tabr1_results/per_cancer/extreme_os/BRCA/repeat_01_fold_00/tabfm_default/test_predictions.csv,,,
per_cancer,extreme_os,BRCA,1,0,autogluon,171,43,54,success,0.12439632415771484,validation split balanced accuracy,4.035174590000679,0.010440535999805434,0.5185185185185185,0.5674342105263158,0.4583333333333333,0.6875,0.4473684210526316,0.5953947368421053,0.39716949772037863,0.6783695502043151,0.21767964307683962,/opt/tabr1_results/per_cancer/extreme_os/BRCA/repeat_01_fold_00/autogluon/test_predictions.csv,,,
per_cancer,extreme_os,BRCA,1,1,tabpfn_v2,171,43,54,success,0.26451247930526733,validation split balanced accuracy,0.2086132530021132,3.927364655999554,0.6481481481481481,0.5767857142857142,0.3870967741935484,0.42857142857142855,0.725,0.675,0.43657449868059106,0.5495742028359285,0.18282147441977606,/opt/tabr1_results/per_cancer/extreme_os/BRCA/repeat_01_fold_01/tabpfn_v2/test_predictions.csv,,,
per_cancer,extreme_os,BRCA,1,1,tabpfn_v2_5,171,43,54,success,0.32159504294395447,validation split balanced accuracy,0.22030983500008006,4.951940461000049,0.7222222222222222,0.5339285714285714,0.21052631578947367,0.14285714285714285,0.925,0.6839285714285714,0.46356188976019796,0.5403189066711561,0.17886895108084763,/opt/tabr1_results/per_cancer/extreme_os/BRCA/repeat_01_fold_01/tabpfn_v2_5/test_predictions.csv,,,
per_cancer,extreme_os,BRCA,1,1,tabpfn_v2_6,171,43,54,success,0.30905577540397644,validation split balanced accuracy,0.29698789100075373,5.645341510000435,0.7407407407407407,0.6392857142857142,0.46153846153846156,0.42857142857142855,0.85,0.7125,0.5326524536940281,0.5175541019852196,0.16998008171964796,/opt/tabr1_results/per_cancer/extreme_os/BRCA/repeat_01_fold_01/tabpfn_v2_6/test_predictions.csv,,,
per_cancer,extreme_os,BRCA,1,1,tabpfn_v3,171,43,54,success,0.2956899404525757,validation split balanced accuracy,0.5324023830035003,4.283156471999973,0.6851851851851852,0.5553571428571429,0.32,0.2857142857142857,0.825,0.7196428571428571,0.48218402495568147,0.5301896508511628,0.17668476984109643,/opt/tabr1_results/per_cancer/extreme_os/BRCA/repeat_01_fold_01/tabpfn_v3/test_predictions.csv,,,
per_cancer,extreme_os,BRCA,1,1,tabfm_default,171,43,54,success,0.17578944563865662,validation split balanced accuracy,0.012799250998796197,2.8826912179974897,0.4444444444444444,0.5785714285714285,0.4444444444444444,0.8571428571428571,0.3,0.6330357142857143,0.4326996007059667,0.5476861905904156,0.18246735891967478,/opt/tabr1_results/per_cancer/extreme_os/BRCA/repeat_01_fold_01/tabfm_default/test_predictions.csv,,,
per_cancer,extreme_os,BRCA,1,1,autogluon,171,43,54,success,0.15916495025157928,validation split balanced accuracy,3.823662704999151,0.051480399997672066,0.3888888888888889,0.5642857142857143,0.4406779661016949,0.9285714285714286,0.2,0.6821428571428572,0.4886932418903186,0.5373604896767352,0.1788827851888686,/opt/tabr1_results/per_cancer/extreme_os/BRCA/repeat_01_fold_01/autogluon/test_predictions.csv,,,
per_cancer,extreme_os,BRCA,1,2,tabpfn_v2,172,43,53,success,0.25518864393234253,validation split balanced accuracy,0.1993793360015843,4.383040142998652,0.6981132075471698,0.5101626016260162,0.2,0.16666666666666666,0.8536585365853658,0.4959349593495934,0.2290496662157813,0.5434463110069327,0.1788344043860302,/opt/tabr1_results/per_cancer/extreme_os/BRCA/repeat_01_fold_02/tabpfn_v2/test_predictions.csv,,,
per_cancer,extreme_os,BRCA,1,2,tabpfn_v2_5,172,43,53,success,0.24730384349822998,validation split balanced accuracy,0.23949888599963742,4.981033383999602,0.660377358490566,0.5152439024390244,0.25,0.25,0.7804878048780488,0.4959349593495935,0.2367886134043706,0.5457128944355616,0.1800016518398253,/opt/tabr1_results/per_cancer/extreme_os/BRCA/repeat_01_fold_02/tabpfn_v2_5/test_predictions.csv,,,
per_cancer,extreme_os,BRCA,1,2,tabpfn_v2_6,172,43,53,success,0.33570393919944763,validation split balanced accuracy,0.2902560779984924,5.509929068997735,0.6792452830188679,0.4684959349593496,0.10526315789473684,0.08333333333333333,0.8536585365853658,0.5284552845528455,0.24981655650945334,0.550342265451143,0.18303089612876297,/opt/tabr1_results/per_cancer/extreme_os/BRCA/repeat_01_fold_02/tabpfn_v2_6/test_predictions.csv,,,
per_cancer,extreme_os,BRCA,1,2,tabpfn_v3,172,43,53,success,0.27403441071510315,validation split balanced accuracy,0.5246600470018166,4.372623965999082,0.6792452830188679,0.4684959349593496,0.10526315789473684,0.08333333333333333,0.8536585365853658,0.45731707317073167,0.2284003066167811,0.5445822587622113,0.17976152829172562,/opt/tabr1_results/per_cancer/extreme_os/BRCA/repeat_01_fold_02/tabpfn_v3/test_predictions.csv,,,
per_cancer,extreme_os,BRCA,1,2,tabfm_default,172,43,53,success,0.2849295437335968,validation split balanced accuracy,0.012927104002301348,2.6208298450001166,0.6415094339622641,0.4441056910569106,0.09523809523809523,0.08333333333333333,0.8048780487804879,0.47154471544715454,0.23128365473860968,0.5883197448032532,0.19779549032668362,/opt/tabr1_results/per_cancer/extreme_os/BRCA/repeat_01_fold_02/tabfm_default/test_predictions.csv,,,
per_cancer,extreme_os,BRCA,1,2,autogluon,172,43,53,success,0.2852972447872162,validation split balanced accuracy,3.8529144620006264,0.006182910001371056,0.5471698113207547,0.559959349593496,0.3684210526315789,0.5833333333333334,0.5365853658536586,0.5691056910569106,0.3044765484105327,0.5506247564721561,0.18266464406904287,/opt/tabr1_results/per_cancer/extreme_os/BRCA/repeat_01_fold_02/autogluon/test_predictions.csv,,,
per_cancer,extreme_os,BRCA,1,3,tabpfn_v2,172,43,53,success,0.22893758118152618,validation split balanced accuracy,0.20224831000086851,4.204414594998525,0.4716981132075472,0.6290650406504065,0.44,0.9166666666666666,0.34146341463414637,0.5630081300813008,0.25898924139617335,0.5345041412744442,0.17530335327376728,/opt/tabr1_results/per_cancer/extreme_os/BRCA/repeat_01_fold_03/tabpfn_v2/test_predictions.csv,,,
per_cancer,extreme_os,BRCA,1,3,tabpfn_v2_5,172,43,53,success,0.23942768573760986,validation split balanced accuracy,0.2112511649975204,4.805239294000785,0.5660377358490566,0.660569105691057,0.46511627906976744,0.8333333333333334,0.4878048780487805,0.6280487804878049,0.3524220028674471,0.5283662107094614,0.17278062862703683,/opt/tabr1_results/per_cancer/extreme_os/BRCA/repeat_01_fold_03/tabpfn_v2_5/test_predictions.csv,,,
per_cancer,extreme_os,BRCA,1,3,tabpfn_v2_6,172,43,53,success,0.2646990120410919,validation split balanced accuracy,0.2891523040016182,5.290817057000822,0.6415094339622641,0.5030487804878049,0.24,0.25,0.7560975609756098,0.6341463414634146,0.3240431096681097,0.5239085714048961,0.17158806076711824,/opt/tabr1_results/per_cancer/extreme_os/BRCA/repeat_01_fold_03/tabpfn_v2_6/test_predictions.csv,,,
per_cancer,extreme_os,BRCA,1,3,tabpfn_v3,172,43,53,success,0.24187219142913818,validation split balanced accuracy,0.5253031149986782,4.4060392829997,0.4528301886792453,0.5579268292682926,0.3829787234042553,0.75,0.36585365853658536,0.5691056910569106,0.26847097504092526,0.5337957645504007,0.17482641677714458,/opt/tabr1_results/per_cancer/extreme_os/BRCA/repeat_01_fold_03/tabpfn_v3/test_predictions.csv,,,
per_cancer,extreme_os,BRCA,1,3,tabfm_default,172,43,53,success,0.22876855731010437,validation split balanced accuracy,0.012862847001088085,2.8571817849988292,0.5849056603773585,0.584349593495935,0.3888888888888889,0.5833333333333334,0.5853658536585366,0.6138211382113821,0.29270406360260204,0.5264981247833878,0.17252687181135745,/opt/tabr1_results/per_cancer/extreme_os/BRCA/repeat_01_fold_03/tabfm_default/test_predictions.csv,,,
per_cancer,extreme_os,BRCA,1,3,autogluon,172,43,53,success,0.25999999046325684,validation split balanced accuracy,3.8881285750030656,0.09714394800175796,0.6037735849056604,0.5965447154471545,0.4,0.5833333333333334,0.6097560975609756,0.6686991869918698,0.41450497307352147,0.5098366078660557,0.16518197011350338,/opt/tabr1_results/per_cancer/extreme_os/BRCA/repeat_01_fold_03/autogluon/test_predictions.csv,,,
per_cancer,extreme_os,BRCA,1,4,tabpfn_v2,171,43,54,success,0.2202284336090088,validation split balanced accuracy,0.1986629200000607,4.649876923998818,0.5925925925925926,0.6073131955484896,0.5,0.6470588235294118,0.5675675675675675,0.6120826709062003,0.45653093690682867,0.6305801472895523,0.21839184929673947,/opt/tabr1_results/per_cancer/extreme_os/BRCA/repeat_01_fold_04/tabpfn_v2/test_predictions.csv,,,
per_cancer,extreme_os,BRCA,1,4,tabpfn_v2_5,171,43,54,success,0.20524582266807556,validation split balanced accuracy,0.23761788699994213,5.259070203002921,0.6481481481481481,0.6637519872813991,0.5581395348837209,0.7058823529411765,0.6216216216216216,0.6438791732909379,0.45978332428785496,0.6314698587640213,0.2188076932567427,/opt/tabr1_results/per_cancer/extreme_os/BRCA/repeat_01_fold_04/tabpfn_v2_5/test_predictions.csv,,,
per_cancer,extreme_os,BRCA,1,4,tabpfn_v2_6,171,43,54,success,0.15790753066539764,validation split balanced accuracy,0.2868357629995444,5.508287284999824,0.6111111111111112,0.6685214626391096,0.5714285714285714,0.8235294117647058,0.5135135135135135,0.6740858505564388,0.46366954290346524,0.6396259422551127,0.22259877920036128,/opt/tabr1_results/per_cancer/extreme_os/BRCA/repeat_01_fold_04/tabpfn_v2_6/test_predictions.csv,,,
per_cancer,extreme_os,BRCA,1,4,tabpfn_v3,171,43,54,success,0.15555572509765625,validation split balanced accuracy,0.5232214930001646,4.293155293002201,0.5555555555555556,0.6120826709062003,0.52,0.7647058823529411,0.4594594594594595,0.6359300476947536,0.4420755582523345,0.6418491961807473,0.22270299361857318,/opt/tabr1_results/per_cancer/extreme_os/BRCA/repeat_01_fold_04/tabpfn_v3/test_predictions.csv,,,
per_cancer,extreme_os,BRCA,1,4,tabfm_default,171,43,54,success,0.13908427953720093,validation split balanced accuracy,0.012809854000806808,2.565250236999418,0.35185185185185186,0.46343402225755165,0.4262295081967213,0.7647058823529411,0.16216216216216217,0.5532591414944357,0.4450745847575185,0.6499015982938182,0.22150950112009252,/opt/tabr1_results/per_cancer/extreme_os/BRCA/repeat_01_fold_04/tabfm_default/test_predictions.csv,,,
per_cancer,extreme_os,BRCA,1,4,autogluon,171,43,54,success,0.4817977547645569,validation split balanced accuracy,3.8199056060002476,0.05501221499798703,0.6666666666666666,0.4864864864864865,0.0,0.0,0.972972972972973,0.44356120826709067,0.36882833137224547,0.6744760012046448,0.24067284870101333,/opt/tabr1_results/per_cancer/extreme_os/BRCA/repeat_01_fold_04/autogluon/test_predictions.csv,,,
per_cancer,extreme_os,BRCA,2,0,tabpfn_v2,171,43,54,success,0.2925019860267639,validation split balanced accuracy,0.22042859099747147,3.446394358001271,0.7222222222222222,0.53125,0.11764705882352941,0.0625,1.0,0.6348684210526315,0.5069310343106059,0.6085388197235869,0.20864942411583046,/opt/tabr1_results/per_cancer/extreme_os/BRCA/repeat_02_fold_00/tabpfn_v2/test_predictions.csv,,,
per_cancer,extreme_os,BRCA,2,0,tabpfn_v2_5,171,43,54,success,0.2956147789955139,validation split balanced accuracy,0.2606899700003851,5.093720409000525,0.7037037037037037,0.518092105263158,0.1111111111111111,0.0625,0.9736842105263158,0.6677631578947367,0.5057429370958088,0.5966413079978726,0.203987949006812,/opt/tabr1_results/per_cancer/extreme_os/BRCA/repeat_02_fold_00/tabpfn_v2_5/test_predictions.csv,,,
per_cancer,extreme_os,BRCA,2,0,tabpfn_v2_6,171,43,54,success,0.24416479468345642,validation split balanced accuracy,0.3087162529991474,5.318815091999568,0.7592592592592593,0.7384868421052632,0.6285714285714286,0.6875,0.7894736842105263,0.7598684210526316,0.6492148685937384,0.5696759179626865,0.1933839925673946,/opt/tabr1_results/per_cancer/extreme_os/BRCA/repeat_02_fold_00/tabpfn_v2_6/test_predictions.csv,,,
per_cancer,extreme_os,BRCA,2,0,tabpfn_v3,171,43,54,success,0.18259185552597046,validation split balanced accuracy,0.5410814540009596,4.317330826001125,0.3333333333333333,0.5082236842105263,0.45454545454545453,0.9375,0.07894736842105263,0.6348684210526316,0.4345129409562117,0.6057206250531065,0.20785932912620117,/opt/tabr1_results/per_cancer/extreme_os/BRCA/repeat_02_fold_00/tabpfn_v3/test_predictions.csv,,,
per_cancer,extreme_os,BRCA,2,0,tabfm_default,171,43,54,success,0.14329424500465393,validation split balanced accuracy,0.012753790997521719,2.815166683998541,0.3333333333333333,0.5082236842105263,0.45454545454545453,0.9375,0.07894736842105263,0.5723684210526316,0.36810372623728765,0.6210025580274012,0.21274873050447707,/opt/tabr1_results/per_cancer/extreme_os/BRCA/repeat_02_fold_00/tabfm_default/test_predictions.csv,,,
per_cancer,extreme_os,BRCA,2,0,autogluon,171,43,54,success,0.2088933140039444,validation split balanced accuracy,3.7768575670015707,0.04783121400032542,0.37037037037037035,0.5345394736842105,0.46875,0.9375,0.13157894736842105,0.5016447368421053,0.3526077016812422,0.6121597462847238,0.20965010861512073,/opt/tabr1_results/per_cancer/extreme_os/BRCA/repeat_02_fold_00/autogluon/test_predictions.csv,,,
per_cancer,extreme_os,BRCA,2,1,tabpfn_v2,171,43,54,success,0.1461007446050644,validation split balanced accuracy,0.2039575689996127,4.155955269001424,0.3888888888888889,0.5115131578947368,0.4406779661016949,0.8125,0.21052631578947367,0.5213815789473684,0.3716892007968794,0.6412179724511384,0.2153246652568786,/opt/tabr1_results/per_cancer/extreme_os/BRCA/repeat_02_fold_01/tabpfn_v2/test_predictions.csv,,,
per_cancer,extreme_os,BRCA,2,1,tabpfn_v2_5,171,43,54,success,0.3074047863483429,validation split balanced accuracy,0.24363574000017252,5.124615117001667,0.6111111111111112,0.524671052631579,0.3225806451612903,0.3125,0.7368421052631579,0.5279605263157895,0.3847771213224873,0.6459339273574435,0.2159312678910643,/opt/tabr1_results/per_cancer/extreme_os/BRCA/repeat_02_fold_01/tabpfn_v2_5/test_predictions.csv,,,
per_cancer,extreme_os,BRCA,2,1,tabpfn_v2_6,171,43,54,success,0.26130539178848267,validation split balanced accuracy,0.29546237699833,5.428950868998072,0.5740740740740741,0.5526315789473684,0.41025641025641024,0.5,0.6052631578947368,0.5328947368421053,0.41022607698802777,0.6508393713614995,0.21823801525674996,/opt/tabr1_results/per_cancer/extreme_os/BRCA/repeat_02_fold_01/tabpfn_v2_6/test_predictions.csv,,,
per_cancer,extreme_os,BRCA,2,1,tabpfn_v3,171,43,54,success,0.19092875719070435,validation split balanced accuracy,0.4773552779988677,4.348746413998015,0.48148148148148145,0.5411184210526316,0.44,0.6875,0.39473684210526316,0.5427631578947368,0.41133437233284625,0.6283657583161935,0.21199924104052847,/opt/tabr1_results/per_cancer/extreme_os/BRCA/repeat_02_fold_01/tabpfn_v3/test_predictions.csv,,,
per_cancer,extreme_os,BRCA,2,1,tabfm_default,171,43,54,success,0.25091278553009033,validation split balanced accuracy,0.012914418999571353,2.548298915000487,0.5925925925925926,0.5476973684210527,0.3888888888888889,0.4375,0.6578947368421053,0.544407894736842,0.4589746641331543,0.654184276336102,0.21911951824726275,/opt/tabr1_results/per_cancer/extreme_os/BRCA/repeat_02_fold_01/tabfm_default/test_predictions.csv,,,
per_cancer,extreme_os,BRCA,2,1,autogluon,171,43,54,success,0.4677487313747406,validation split balanced accuracy,3.8594856939998863,0.008807521000562701,0.6666666666666666,0.4917763157894737,0.1,0.0625,0.9210526315789473,0.40953947368421056,0.33562660120695453,0.6862794486906201,0.23206999031401157,/opt/tabr1_results/per_cancer/extreme_os/BRCA/repeat_02_fold_01/autogluon/test_predictions.csv,,,
per_cancer,extreme_os,BRCA,2,2,tabpfn_v2,171,43,54,success,0.27775639295578003,validation split balanced accuracy,0.20282413600216387,4.365251863000594,0.7962962962962963,0.6294559099437148,0.42105263157894735,0.3076923076923077,0.9512195121951219,0.6454033771106942,0.4475420738020207,0.5428362695061858,0.17927305596763504,/opt/tabr1_results/per_cancer/extreme_os/BRCA/repeat_02_fold_02/tabpfn_v2/test_predictions.csv,,,
per_cancer,extreme_os,BRCA,2,2,tabpfn_v2_5,171,43,54,success,0.22759780287742615,validation split balanced accuracy,0.23959150500013493,5.099935900001583,0.37037037037037035,0.5065666041275798,0.37037037037037035,0.7692307692307693,0.24390243902439024,0.6135084427767354,0.38944106414482127,0.5440250566184305,0.17960747877293354,/opt/tabr1_results/per_cancer/extreme_os/BRCA/repeat_02_fold_02/tabpfn_v2_5/test_predictions.csv,,,
per_cancer,extreme_os,BRCA,2,2,tabpfn_v2_6,171,43,54,success,0.20941171050071716,validation split balanced accuracy,0.28748167699814076,5.309770965999633,0.42592592592592593,0.4906191369606004,0.3404255319148936,0.6153846153846154,0.36585365853658536,0.525328330206379,0.28468261788274046,0.5737304096271134,0.18991627631958258,/opt/tabr1_results/per_cancer/extreme_os/BRCA/repeat_02_fold_02/tabpfn_v2_6/test_predictions.csv,,,
per_cancer,extreme_os,BRCA,2,2,tabpfn_v3,171,43,54,success,0.31546851992607117,validation split balanced accuracy,0.5229665480001131,4.293475620997924,0.7407407407407407,0.5928705440900564,0.36363636363636365,0.3076923076923077,0.8780487804878049,0.5703564727954973,0.3444623530738582,0.5516594918933474,0.18230475030640678,/opt/tabr1_results/per_cancer/extreme_os/BRCA/repeat_02_fold_02/tabpfn_v3/test_predictions.csv,,,
per_cancer,extreme_os,BRCA,2,2,tabfm_default,171,43,54,success,0.29565906524658203,validation split balanced accuracy,0.012707614001556067,2.6828117219993146,0.7407407407407407,0.6454033771106942,0.46153846153846156,0.46153846153846156,0.8292682926829268,0.575984990619137,0.37037587353567747,0.5479991100657122,0.18125758787314586,/opt/tabr1_results/per_cancer/extreme_os/BRCA/repeat_02_fold_02/tabfm_default/test_predictions.csv,,,
per_cancer,extreme_os,BRCA,2,2,autogluon,171,43,54,success,0.17241765558719635,validation split balanced accuracy,3.9106356090014742,0.0066360620003251825,0.5740740740740741,0.5881801125703565,0.41025641025641024,0.6153846153846154,0.5609756097560976,0.600375234521576,0.3340936117860077,0.5569120401377019,0.18403689700189818,/opt/tabr1_results/per_cancer/extreme_os/BRCA/repeat_02_fold_02/autogluon/test_predictions.csv,,,
per_cancer,extreme_os,BRCA,2,3,tabpfn_v2,172,43,53,success,0.37976354360580444,validation split balanced accuracy,0.20205327500298154,4.376278375999391,0.8301886792452831,0.6267441860465116,0.4,0.3,0.9534883720930233,0.6604651162790698,0.5155929106735557,0.46097602479796795,0.14282615051796257,/opt/tabr1_results/per_cancer/extreme_os/BRCA/repeat_02_fold_03/tabpfn_v2/test_predictions.csv,,,
per_cancer,extreme_os,BRCA,2,3,tabpfn_v2_5,172,43,53,success,0.19617946445941925,validation split balanced accuracy,0.21125981099976343,4.918195369999012,0.4339622641509434,0.6127906976744186,0.375,0.9,0.32558139534883723,0.6674418604651163,0.5005173476848354,0.46296245101167854,0.14426925153122588,/opt/tabr1_results/per_cancer/extreme_os/BRCA/repeat_02_fold_03/tabpfn_v2_5/test_predictions.csv,,,
per_cancer,extreme_os,BRCA,2,3,tabpfn_v2_6,172,43,53,success,0.6542289853096008,validation split balanced accuracy,0.29021993599963025,5.363466194998182,0.8301886792452831,0.55,0.18181818181818182,0.1,1.0,0.6790697674418604,0.4147574906863005,0.4617788829289405,0.14736432003769062,/opt/tabr1_results/per_cancer/extreme_os/BRCA/repeat_02_fold_03/tabpfn_v2_6/test_predictions.csv,,,
per_cancer,extreme_os,BRCA,2,3,tabpfn_v3,172,43,53,success,0.10803287476301193,validation split balanced accuracy,0.5240781569991668,4.470840019999741,0.22641509433962265,0.5232558139534884,0.32786885245901637,1.0,0.046511627906976744,0.613953488372093,0.3197446997446997,0.4778149948867118,0.15204986094563197,/opt/tabr1_results/per_cancer/extreme_os/BRCA/repeat_02_fold_03/tabpfn_v3/test_predictions.csv,,,
per_cancer,extreme_os,BRCA,2,3,tabfm_default,172,43,53,success,0.3973146378993988,validation split balanced accuracy,0.012739196998154512,2.5358791729995573,0.7358490566037735,0.6069767441860465,0.36363636363636365,0.4,0.813953488372093,0.7069767441860465,0.5428025697706549,0.4702000568355344,0.14824240194685137,/opt/tabr1_results/per_cancer/extreme_os/BRCA/repeat_02_fold_03/tabfm_default/test_predictions.csv,,,
per_cancer,extreme_os,BRCA,2,3,autogluon,172,43,53,success,0.20139695703983307,validation split balanced accuracy,3.9197939069999848,0.011355529000866227,0.32075471698113206,0.42790697674418604,0.25,0.6,0.2558139534883721,0.5465116279069767,0.4468211608368403,0.48935866306797227,0.15376385002443838,/opt/tabr1_results/per_cancer/extreme_os/BRCA/repeat_02_fold_03/autogluon/test_predictions.csv,,,
per_cancer,extreme_os,BRCA,2,4,tabpfn_v2,172,43,53,success,0.21285581588745117,validation split balanced accuracy,0.18026432099941303,4.692772610000247,0.6415094339622641,0.6013513513513513,0.45714285714285713,0.5,0.7027027027027027,0.6182432432432432,0.4177371465642541,0.6310409604608773,0.2171062097553877,/opt/tabr1_results/per_cancer/extreme_os/BRCA/repeat_02_fold_04/tabpfn_v2/test_predictions.csv,,,
per_cancer,extreme_os,BRCA,2,4,tabpfn_v2_5,172,43,53,success,0.17847959697246552,validation split balanced accuracy,0.2377950599984615,5.003028514998732,0.6415094339622641,0.6368243243243243,0.5128205128205128,0.625,0.6486486486486487,0.6368243243243242,0.41657478087278565,0.6358292068018028,0.2178078350010033,/opt/tabr1_results/per_cancer/extreme_os/BRCA/repeat_02_fold_04/tabpfn_v2_5/test_predictions.csv,,,
per_cancer,extreme_os,BRCA,2,4,tabpfn_v2_6,172,43,53,success,0.2264290750026703,validation split balanced accuracy,0.2879303229965444,5.289154760001111,0.660377358490566,0.6326013513513513,0.5,0.5625,0.7027027027027027,0.6317567567567568,0.4277400733405248,0.6457388474272321,0.21741821900044386,/opt/tabr1_results/per_cancer/extreme_os/BRCA/repeat_02_fold_04/tabpfn_v2_6/test_predictions.csv,,,
per_cancer,extreme_os,BRCA,2,4,tabpfn_v3,172,43,53,success,0.23659414052963257,validation split balanced accuracy,0.5246704500023043,4.3992411629988055,0.6981132075471698,0.6241554054054055,0.4666666666666667,0.4375,0.8108108108108109,0.625,0.43880103587890107,0.6341543636510577,0.21654455864611014,/opt/tabr1_results/per_cancer/extreme_os/BRCA/repeat_02_fold_04/tabpfn_v3/test_predictions.csv,,,
per_cancer,extreme_os,BRCA,2,4,tabfm_default,172,43,53,success,0.25418993830680847,validation split balanced accuracy,0.01282141499905265,2.5790439970005536,0.6226415094339622,0.4814189189189189,0.16666666666666666,0.125,0.8378378378378378,0.6351351351351351,0.4426135136707707,0.6300846217885008,0.21521773066181424,/opt/tabr1_results/per_cancer/extreme_os/BRCA/repeat_02_fold_04/tabfm_default/test_predictions.csv,,,
per_cancer,extreme_os,BRCA,2,4,autogluon,172,43,53,success,0.2530573308467865,validation split balanced accuracy,3.8784234800004924,0.005987672000628663,0.5849056603773585,0.5253378378378378,0.35294117647058826,0.375,0.6756756756756757,0.4881756756756757,0.2935376156640076,0.7001068971193664,0.2401624622426539,/opt/tabr1_results/per_cancer/extreme_os/BRCA/repeat_02_fold_04/autogluon/test_predictions.csv,,,
per_cancer,extreme_os,BRCA,3,0,tabpfn_v2,171,43,54,success,0.32380449771881104,validation split balanced accuracy,0.21377518299777876,3.9181354030006332,0.6851851851851852,0.5321428571428571,0.2608695652173913,0.21428571428571427,0.85,0.6696428571428571,0.39601599381011143,0.5515214440330897,0.1848526909560647,/opt/tabr1_results/per_cancer/extreme_os/BRCA/repeat_03_fold_00/tabpfn_v2/test_predictions.csv,,,
per_cancer,extreme_os,BRCA,3,0,tabpfn_v2_5,171,43,54,success,0.34465256333351135,validation split balanced accuracy,0.2289151579971076,4.966235821000737,0.7222222222222222,0.5571428571428572,0.2857142857142857,0.21428571428571427,0.9,0.6339285714285714,0.40991058783317996,0.5495935019624182,0.1842163043004884,/opt/tabr1_results/per_cancer/extreme_os/BRCA/repeat_03_fold_00/tabpfn_v2_5/test_predictions.csv,,,
per_cancer,extreme_os,BRCA,3,0,tabpfn_v2_6,171,43,54,success,0.41725853085517883,validation split balanced accuracy,0.30438148100074613,5.276768818999699,0.7592592592592593,0.5589285714285714,0.23529411764705882,0.14285714285714285,0.975,0.6875,0.43948631318915865,0.5270551072372943,0.1764165286224649,/opt/tabr1_results/per_cancer/extreme_os/BRCA/repeat_03_fold_00/tabpfn_v2_6/test_predictions.csv,,,
per_cancer,extreme_os,BRCA,3,0,tabpfn_v3,171,43,54,success,0.2729058265686035,validation split balanced accuracy,0.5411065689986572,4.302323490999697,0.7037037037037037,0.5446428571428571,0.2727272727272727,0.21428571428571427,0.875,0.6375000000000001,0.4290735379816906,0.5566819579421725,0.1867374435362064,/opt/tabr1_results/per_cancer/extreme_os/BRCA/repeat_03_fold_00/tabpfn_v3/test_predictions.csv,,,
per_cancer,extreme_os,BRCA,3,0,tabfm_default,171,43,54,success,0.2884800136089325,validation split balanced accuracy,0.013020783000683878,2.5378244679995987,0.6481481481481481,0.5071428571428571,0.24,0.21428571428571427,0.8,0.5508928571428571,0.30401803341431816,0.6092163805818513,0.20561876741103544,/opt/tabr1_results/per_cancer/extreme_os/BRCA/repeat_03_fold_00/tabfm_default/test_predictions.csv,,,
per_cancer,extreme_os,BRCA,3,0,autogluon,171,43,54,success,0.04708930477499962,validation split balanced accuracy,3.9402224869991187,0.010713602001487743,0.6296296296296297,0.6803571428571429,0.5238095238095238,0.7857142857142857,0.575,0.6633928571428571,0.4774604198111254,0.7941969429151842,0.20256012726702505,/opt/tabr1_results/per_cancer/extreme_os/BRCA/repeat_03_fold_00/autogluon/test_predictions.csv,,,
per_cancer,extreme_os,BRCA,3,1,tabpfn_v2,171,43,54,success,0.21676871180534363,validation split balanced accuracy,0.19539350000195554,3.9508690160000697,0.5555555555555556,0.5607142857142857,0.4,0.5714285714285714,0.55,0.5750000000000001,0.38107643301996386,0.5684577594308269,0.19027641855083263,/opt/tabr1_results/per_cancer/extreme_os/BRCA/repeat_03_fold_01/tabpfn_v2/test_predictions.csv,,,
per_cancer,extreme_os,BRCA,3,1,tabpfn_v2_5,171,43,54,success,0.2653626501560211,validation split balanced accuracy,0.22603831899687066,5.167062765998708,0.6666666666666666,0.5428571428571429,0.3076923076923077,0.2857142857142857,0.8,0.5732142857142857,0.34723421370660457,0.5723184263529925,0.1912419250858429,/opt/tabr1_results/per_cancer/extreme_os/BRCA/repeat_03_fold_01/tabpfn_v2_5/test_predictions.csv,,,
per_cancer,extreme_os,BRCA,3,1,tabpfn_v2_6,171,43,54,success,0.164546400308609,validation split balanced accuracy,0.30063547600002494,5.182248433000495,0.42592592592592593,0.4732142857142857,0.3404255319148936,0.5714285714285714,0.375,0.5214285714285714,0.3288390516422861,0.6260525878512025,0.20905527676612223,/opt/tabr1_results/per_cancer/extreme_os/BRCA/repeat_03_fold_01/tabpfn_v2_6/test_predictions.csv,,,
per_cancer,extreme_os,BRCA,3,1,tabpfn_v3,171,43,54,success,0.23289452493190765,validation split balanced accuracy,0.5001871260028565,4.2907209119985055,0.5185185185185185,0.4892857142857143,0.3157894736842105,0.42857142857142855,0.55,0.55,0.38435253689260596,0.5992633827573408,0.19776419326443312,/opt/tabr1_results/per_cancer/extreme_os/BRCA/repeat_03_fold_01/tabpfn_v3/test_predictions.csv,,,
per_cancer,extreme_os,BRCA,3,1,tabfm_default,171,43,54,success,0.15886910259723663,validation split balanced accuracy,0.012828242000978207,2.5363628619998053,0.4074074074074074,0.5767857142857143,0.4482758620689655,0.9285714285714286,0.225,0.6053571428571428,0.33960620060796454,0.5768883641570306,0.19446368572566358,/opt/tabr1_results/per_cancer/extreme_os/BRCA/repeat_03_fold_01/tabfm_default/test_predictions.csv,,,
per_cancer,extreme_os,BRCA,3,1,autogluon,171,43,54,success,0.36128079891204834,validation split balanced accuracy,3.9028273900003114,0.00865809300012188,0.6481481481481481,0.4607142857142857,0.09523809523809523,0.07142857142857142,0.85,0.48571428571428577,0.25347016157688784,0.5979665418765951,0.2044265831126647,/opt/tabr1_results/per_cancer/extreme_os/BRCA/repeat_03_fold_01/autogluon/test_predictions.csv,,,
per_cancer,extreme_os,BRCA,3,2,tabpfn_v2,172,43,53,success,0.253179132938385,validation split balanced accuracy,0.19964847300070687,4.360875845999544,0.6226415094339622,0.5517676767676767,0.2857142857142857,0.4444444444444444,0.6590909090909091,0.398989898989899,0.15750463033980444,0.4859248872647857,0.15174375073342125,/opt/tabr1_results/per_cancer/extreme_os/BRCA/repeat_03_fold_02/tabpfn_v2/test_predictions.csv,,,
per_cancer,extreme_os,BRCA,3,2,tabpfn_v2_5,172,43,53,success,0.25821447372436523,validation split balanced accuracy,0.2102396400005091,5.142103779999161,0.6037735849056604,0.5845959595959596,0.3225806451612903,0.5555555555555556,0.6136363636363636,0.4949494949494949,0.18058097423400066,0.48405993162284067,0.15217934510374792,/opt/tabr1_results/per_cancer/extreme_os/BRCA/repeat_03_fold_02/tabpfn_v2_5/test_predictions.csv,,,
per_cancer,extreme_os,BRCA,3,2,tabpfn_v2_6,172,43,53,success,0.27161499857902527,validation split balanced accuracy,0.28768264899917995,5.475812000000587,0.5660377358490566,0.4292929292929293,0.14814814814814814,0.2222222222222222,0.6363636363636364,0.4595959595959596,0.16388378404589143,0.5266493870429075,0.17277161693438337,/opt/tabr1_results/per_cancer/extreme_os/BRCA/repeat_03_fold_02/tabpfn_v2_6/test_predictions.csv,,,
per_cancer,extreme_os,BRCA,3,2,tabpfn_v3,172,43,53,success,0.23221717774868011,validation split balanced accuracy,0.4732958369968401,4.344053609998809,0.4716981132075472,0.6376262626262625,0.36363636363636365,0.8888888888888888,0.38636363636363635,0.5151515151515151,0.18037319781652722,0.476413524472158,0.15030861062862513,/opt/tabr1_results/per_cancer/extreme_os/BRCA/repeat_03_fold_02/tabpfn_v3/test_predictions.csv,,,
per_cancer,extreme_os,BRCA,3,2,tabfm_default,172,43,53,success,0.21381457149982452,validation split balanced accuracy,0.012838613001804333,2.556303219000256,0.5094339622641509,0.571969696969697,0.3157894736842105,0.6666666666666666,0.4772727272727273,0.5315656565656566,0.1867972607103042,0.4914230576613302,0.15816017531115598,/opt/tabr1_results/per_cancer/extreme_os/BRCA/repeat_03_fold_02/tabfm_default/test_predictions.csv,,,
per_cancer,extreme_os,BRCA,3,2,autogluon,172,43,53,success,0.16961966454982758,validation split balanced accuracy,3.849488249998103,0.0063108780013863,0.4339622641509434,0.4823232323232324,0.25,0.5555555555555556,0.4090909090909091,0.34595959595959597,0.14200632787405257,0.5507701809485857,0.17911652900148486,/opt/tabr1_results/per_cancer/extreme_os/BRCA/repeat_03_fold_02/autogluon/test_predictions.csv,,,
per_cancer,extreme_os,BRCA,3,3,tabpfn_v2,172,43,53,success,0.20872804522514343,validation split balanced accuracy,0.19770058199719642,4.470907142000215,0.5094339622641509,0.6208791208791209,0.48,0.8571428571428571,0.38461538461538464,0.6776556776556776,0.41369720239329405,0.5697926125326765,0.19178907082024754,/opt/tabr1_results/per_cancer/extreme_os/BRCA/repeat_03_fold_03/tabpfn_v2/test_predictions.csv,,,
per_cancer,extreme_os,BRCA,3,3,tabpfn_v2_5,172,43,53,success,0.21344880759716034,validation split balanced accuracy,0.23391706199981854,5.058935052999004,0.5849056603773585,0.6034798534798536,0.45,0.6428571428571429,0.5641025641025641,0.6941391941391941,0.469980738486738,0.5457129093934535,0.18232040869045255,/opt/tabr1_results/per_cancer/extreme_os/BRCA/repeat_03_fold_03/tabpfn_v2_5/test_predictions.csv,,,
per_cancer,extreme_os,BRCA,3,3,tabpfn_v2_6,172,43,53,success,0.17343047261238098,validation split balanced accuracy,0.2839204920019256,5.391093375001219,0.4339622641509434,0.5009157509157509,0.375,0.6428571428571429,0.358974358974359,0.5805860805860806,0.35649321405623924,0.597159181258264,0.20033616591438344,/opt/tabr1_results/per_cancer/extreme_os/BRCA/repeat_03_fold_03/tabpfn_v2_6/test_predictions.csv,,,
per_cancer,extreme_os,BRCA,3,3,tabpfn_v3,172,43,53,success,0.21408815681934357,validation split balanced accuracy,0.5197421429984388,4.457820987001469,0.5849056603773585,0.5805860805860805,0.42105263157894735,0.5714285714285714,0.5897435897435898,0.5714285714285715,0.3226257808788865,0.5889967284418864,0.1991524452057602,/opt/tabr1_results/per_cancer/extreme_os/BRCA/repeat_03_fold_03/tabpfn_v3/test_predictions.csv,,,
per_cancer,extreme_os,BRCA,3,3,tabfm_default,172,43,53,success,0.20237311720848083,validation split balanced accuracy,0.012835354002163513,2.8255054319997726,0.5849056603773585,0.5805860805860805,0.42105263157894735,0.5714285714285714,0.5897435897435898,0.6630036630036629,0.43422876904997415,0.5531800344291056,0.1851249404664493,/opt/tabr1_results/per_cancer/extreme_os/BRCA/repeat_03_fold_03/tabfm_default/test_predictions.csv,,,
per_cancer,extreme_os,BRCA,3,3,autogluon,172,43,53,success,0.18655642867088318,validation split balanced accuracy,3.925245344002178,0.052272024000558304,0.5283018867924528,0.4276556776556777,0.1935483870967742,0.21428571428571427,0.6410256410256411,0.47619047619047616,0.26871411031785025,0.6072818528891212,0.20379665505852135,/opt/tabr1_results/per_cancer/extreme_os/BRCA/repeat_03_fold_03/autogluon/test_predictions.csv,,,
per_cancer,extreme_os,BRCA,3,4,tabpfn_v2,171,43,54,success,0.29788491129875183,validation split balanced accuracy,0.20070788000157336,4.348058347000915,0.6481481481481481,0.525,0.09523809523809523,0.05,1.0,0.513235294117647,0.4796985039116182,0.714792065883942,0.254308452462265,/opt/tabr1_results/per_cancer/extreme_os/BRCA/repeat_03_fold_04/tabpfn_v2/test_predictions.csv,,,
per_cancer,extreme_os,BRCA,3,4,tabpfn_v2_5,171,43,54,success,0.20599499344825745,validation split balanced accuracy,0.2131488349987194,5.036516059997666,0.5555555555555556,0.5338235294117647,0.42857142857142855,0.45,0.6176470588235294,0.5426470588235295,0.4625133608272277,0.7323868431691761,0.25925512624026986,/opt/tabr1_results/per_cancer/extreme_os/BRCA/repeat_03_fold_04/tabpfn_v2_5/test_predictions.csv,,,
per_cancer,extreme_os,BRCA,3,4,tabpfn_v2_6,171,43,54,success,0.26217949390411377,validation split balanced accuracy,0.2887007570025162,5.294732199999999,0.6111111111111112,0.5367647058823529,0.3225806451612903,0.25,0.8235294117647058,0.6147058823529412,0.5004645650718023,0.7293071271187477,0.25761921280011485,/opt/tabr1_results/per_cancer/extreme_os/BRCA/repeat_03_fold_04/tabpfn_v2_6/test_predictions.csv,,,
per_cancer,extreme_os,BRCA,3,4,tabpfn_v3,171,43,54,success,0.1773679405450821,validation split balanced accuracy,0.522761903997889,4.313950370000384,0.5185185185185185,0.5455882352941177,0.5,0.65,0.4411764705882353,0.5985294117647059,0.4884674627391599,0.7216841408769133,0.2557326111134316,/opt/tabr1_results/per_cancer/extreme_os/BRCA/repeat_03_fold_04/tabpfn_v3/test_predictions.csv,,,
per_cancer,extreme_os,BRCA,3,4,tabfm_default,171,43,54,success,0.5859438180923462,validation split balanced accuracy,0.01300149400049122,2.5943311270020786,0.6296296296296297,0.5,0.0,0.0,1.0,0.5919117647058824,0.48343623888698894,0.7381773802211148,0.2579135260736245,/opt/tabr1_results/per_cancer/extreme_os/BRCA/repeat_03_fold_04/tabfm_default/test_predictions.csv,,,
per_cancer,extreme_os,BRCA,3,4,autogluon,171,43,54,success,0.24743427336215973,validation split balanced accuracy,3.8232051429986313,0.017719806997774867,0.5,0.43823529411764706,0.22857142857142856,0.2,0.6764705882352942,0.4573529411764706,0.34695276839441597,0.7080304891555325,0.25250349874414674,/opt/tabr1_results/per_cancer/extreme_os/BRCA/repeat_03_fold_04/autogluon/test_predictions.csv,,,
per_cancer,extreme_os,BRCA,4,0,tabpfn_v2,171,43,54,success,0.2216111421585083,validation split balanced accuracy,0.1950556659976428,4.0381741680030245,0.6296296296296297,0.6502384737678856,0.5454545454545454,0.7058823529411765,0.5945945945945946,0.6756756756756757,0.4609259566813434,0.6329114184195626,0.2197289004172129,/opt/tabr1_results/per_cancer/extreme_os/BRCA/repeat_04_fold_00/tabpfn_v2/test_predictions.csv,,,
per_cancer,extreme_os,BRCA,4,0,tabpfn_v2_5,171,43,54,success,0.22417274117469788,validation split balanced accuracy,0.22580828900026972,5.022371598999598,0.6481481481481481,0.6319554848966613,0.5128205128205128,0.5882352941176471,0.6756756756756757,0.6311605723370429,0.4715098355673343,0.6263079014385868,0.21716024896914746,/opt/tabr1_results/per_cancer/extreme_os/BRCA/repeat_04_fold_00/tabpfn_v2_5/test_predictions.csv,,,
per_cancer,extreme_os,BRCA,4,0,tabpfn_v2_6,171,43,54,success,0.20845244824886322,validation split balanced accuracy,0.300169262001873,5.482322348998423,0.5925925925925926,0.6391096979332274,0.5416666666666666,0.7647058823529411,0.5135135135135135,0.6486486486486487,0.4070037446718889,0.623313372698184,0.21716041080108714,/opt/tabr1_results/per_cancer/extreme_os/BRCA/repeat_04_fold_00/tabpfn_v2_6/test_predictions.csv,,,
per_cancer,extreme_os,BRCA,4,0,tabpfn_v3,171,43,54,success,0.238825261592865,validation split balanced accuracy,0.5412608890001138,4.297871522998321,0.6296296296296297,0.5389507154213037,0.3333333333333333,0.29411764705882354,0.7837837837837838,0.5707472178060413,0.5074206662451954,0.6280872345673584,0.2179915945825253,/opt/tabr1_results/per_cancer/extreme_os/BRCA/repeat_04_fold_00/tabpfn_v3/test_predictions.csv,,,
per_cancer,extreme_os,BRCA,4,0,tabfm_default,171,43,54,success,0.23495233058929443,validation split balanced accuracy,0.013213892998464871,2.67707755399897,0.6851851851851852,0.6112877583465819,0.45161290322580644,0.4117647058823529,0.8108108108108109,0.6399046104928457,0.4670261669064679,0.6243051929617636,0.21655908670712634,/opt/tabr1_results/per_cancer/extreme_os/BRCA/repeat_04_fold_00/tabfm_default/test_predictions.csv,,,
per_cancer,extreme_os,BRCA,4,0,autogluon,171,43,54,success,0.21184375882148743,validation split balanced accuracy,4.10138201099835,0.010480306002136786,0.6296296296296297,0.6025437201907791,0.47368421052631576,0.5294117647058824,0.6756756756756757,0.6176470588235294,0.4785155884911047,0.7014169637447106,0.22831434454208785,/opt/tabr1_results/per_cancer/extreme_os/BRCA/repeat_04_fold_00/autogluon/test_predictions.csv,,,
per_cancer,extreme_os,BRCA,4,1,tabpfn_v2,171,43,54,success,0.12674134969711304,validation split balanced accuracy,0.21003394599756575,3.9236128039992764,0.2962962962962963,0.5017857142857143,0.40625,0.9285714285714286,0.075,0.7339285714285715,0.6147666373443079,0.5387560290615809,0.17906649096387706,/opt/tabr1_results/per_cancer/extreme_os/BRCA/repeat_04_fold_01/tabpfn_v2/test_predictions.csv,,,
per_cancer,extreme_os,BRCA,4,1,tabpfn_v2_5,171,43,54,success,0.3500206172466278,validation split balanced accuracy,0.22179258299729554,5.166885507998813,0.7962962962962963,0.6303571428571428,0.42105263157894735,0.2857142857142857,0.975,0.7410714285714286,0.6530730372263551,0.5291290214171914,0.17398116553665355,/opt/tabr1_results/per_cancer/extreme_os/BRCA/repeat_04_fold_01/tabpfn_v2_5/test_predictions.csv,,,
per_cancer,extreme_os,BRCA,4,1,tabpfn_v2_6,171,43,54,success,0.31172817945480347,validation split balanced accuracy,0.270202548999805,5.360373774001346,0.7962962962962963,0.7,0.56,0.5,0.9,0.7125,0.6252398820141063,0.517333212877892,0.1667906254084986,/opt/tabr1_results/per_cancer/extreme_os/BRCA/repeat_04_fold_01/tabpfn_v2_6/test_predictions.csv,,,
per_cancer,extreme_os,BRCA,4,1,tabpfn_v3,171,43,54,success,0.28309348225593567,validation split balanced accuracy,0.5345627159986179,4.328333957000723,0.7962962962962963,0.6535714285714286,0.47619047619047616,0.35714285714285715,0.95,0.7250000000000001,0.6159364537271512,0.5264081302312934,0.1730296853428333,/opt/tabr1_results/per_cancer/extreme_os/BRCA/repeat_04_fold_01/tabpfn_v3/test_predictions.csv,,,
per_cancer,extreme_os,BRCA,4,1,tabfm_default,171,43,54,success,0.10735428333282471,validation split balanced accuracy,0.01272923000215087,2.508960348997789,0.2777777777777778,0.5125,0.417910447761194,1.0,0.025,0.7580357142857144,0.5668524312376589,0.5179735982062156,0.1725217037734323,/opt/tabr1_results/per_cancer/extreme_os/BRCA/repeat_04_fold_01/tabfm_default/test_predictions.csv,,,
per_cancer,extreme_os,BRCA,4,1,autogluon,171,43,54,success,0.22784706950187683,validation split balanced accuracy,3.819015989996842,0.01988184899892076,0.6111111111111112,0.575,0.4,0.5,0.65,0.5339285714285715,0.2867647058823529,0.5764917817226675,0.19369177567808424,/opt/tabr1_results/per_cancer/extreme_os/BRCA/repeat_04_fold_01/autogluon/test_predictions.csv,,,
per_cancer,extreme_os,BRCA,4,2,tabpfn_v2,172,43,53,success,0.26283490657806396,validation split balanced accuracy,0.1987139599987131,4.500187712001207,0.6415094339622641,0.5872093023255813,0.3448275862068966,0.5,0.6744186046511628,0.5465116279069768,0.2788281000045706,0.4947000165706402,0.156763487072985,/opt/tabr1_results/per_cancer/extreme_os/BRCA/repeat_04_fold_02/tabpfn_v2/test_predictions.csv,,,
per_cancer,extreme_os,BRCA,4,2,tabpfn_v2_5,172,43,53,success,0.25755780935287476,validation split balanced accuracy,0.23706657100046868,5.02967327600345,0.6037735849056604,0.5255813953488373,0.27586206896551724,0.4,0.6511627906976745,0.5325581395348837,0.25185161738882855,0.49206632235696235,0.15595763712686148,/opt/tabr1_results/per_cancer/extreme_os/BRCA/repeat_04_fold_02/tabpfn_v2_5/test_predictions.csv,,,
per_cancer,extreme_os,BRCA,4,2,tabpfn_v2_6,172,43,53,success,0.25538960099220276,validation split balanced accuracy,0.2887565309974889,5.192357400999754,0.6226415094339622,0.613953488372093,0.375,0.6,0.627906976744186,0.6325581395348837,0.39115745009818426,0.47532605283569945,0.14954776876675785,/opt/tabr1_results/per_cancer/extreme_os/BRCA/repeat_04_fold_02/tabpfn_v2_6/test_predictions.csv,,,
per_cancer,extreme_os,BRCA,4,2,tabpfn_v3,172,43,53,success,0.24627012014389038,validation split balanced accuracy,0.5220711690017197,4.424435179000284,0.4339622641509434,0.42093023255813955,0.21052631578947367,0.4,0.4418604651162791,0.5534883720930233,0.38612574722173926,0.4874690210011298,0.1540503108271325,/opt/tabr1_results/per_cancer/extreme_os/BRCA/repeat_04_fold_02/tabpfn_v3/test_predictions.csv,,,
per_cancer,extreme_os,BRCA,4,2,tabfm_default,172,43,53,success,0.25091278553009033,validation split balanced accuracy,0.012860636998084374,2.7259766469978786,0.5849056603773585,0.5523255813953488,0.3125,0.5,0.6046511627906976,0.5872093023255814,0.24364987849587058,0.4884855566945119,0.15701643668351542,/opt/tabr1_results/per_cancer/extreme_os/BRCA/repeat_04_fold_02/tabfm_default/test_predictions.csv,,,
per_cancer,extreme_os,BRCA,4,2,autogluon,172,43,53,success,0.3161005675792694,validation split balanced accuracy,3.8377079009987938,0.0055296800019277725,0.5660377358490566,0.5023255813953489,0.25806451612903225,0.4,0.6046511627906976,0.558139534883721,0.3370124526956825,0.5193221941097362,0.1682509010838531,/opt/tabr1_results/per_cancer/extreme_os/BRCA/repeat_04_fold_02/autogluon/test_predictions.csv,,,
per_cancer,extreme_os,BRCA,4,3,tabpfn_v2,172,43,53,success,0.2343122959136963,validation split balanced accuracy,0.19674999799826765,4.55089926599976,0.5471698113207547,0.559959349593496,0.3684210526315789,0.5833333333333334,0.5365853658536586,0.5264227642276422,0.259396692718007,0.5383602647674434,0.17652803417629917,/opt/tabr1_results/per_cancer/extreme_os/BRCA/repeat_04_fold_03/tabpfn_v2/test_predictions.csv,,,
per_cancer,extreme_os,BRCA,4,3,tabpfn_v2_5,172,43,53,success,0.303138792514801,validation split balanced accuracy,0.20933119399705902,5.067485124000086,0.7735849056603774,0.6473577235772358,0.45454545454545453,0.4166666666666667,0.8780487804878049,0.6016260162601627,0.3443105141666803,0.5300654753653977,0.17319959745346236,/opt/tabr1_results/per_cancer/extreme_os/BRCA/repeat_04_fold_03/tabpfn_v2_5/test_predictions.csv,,,
per_cancer,extreme_os,BRCA,4,3,tabpfn_v2_6,172,43,53,success,0.3677648603916168,validation split balanced accuracy,0.2876467040005082,5.169980344999203,0.7358490566037735,0.5050813008130082,0.125,0.08333333333333333,0.926829268292683,0.5995934959349594,0.29559451116516333,0.5356616145307955,0.17736492411642002,/opt/tabr1_results/per_cancer/extreme_os/BRCA/repeat_04_fold_03/tabpfn_v2_6/test_predictions.csv,,,
per_cancer,extreme_os,BRCA,4,3,tabpfn_v3,172,43,53,success,0.2760376036167145,validation split balanced accuracy,0.5207881610003824,4.4267275810016145,0.660377358490566,0.4563008130081301,0.1,0.08333333333333333,0.8292682926829268,0.49390243902439024,0.2446942465155551,0.5474060956404608,0.18018461993843532,/opt/tabr1_results/per_cancer/extreme_os/BRCA/repeat_04_fold_03/tabpfn_v3/test_predictions.csv,,,
per_cancer,extreme_os,BRCA,4,3,tabfm_default,172,43,53,success,0.36056411266326904,validation split balanced accuracy,0.012844548997236416,2.550329020999925,0.6981132075471698,0.45121951219512196,0.0,0.0,0.9024390243902439,0.532520325203252,0.2637356369575544,0.5713785731917655,0.19198310983536068,/opt/tabr1_results/per_cancer/extreme_os/BRCA/repeat_04_fold_03/tabfm_default/test_predictions.csv,,,
per_cancer,extreme_os,BRCA,4,3,autogluon,172,43,53,success,0.2522689998149872,validation split balanced accuracy,4.343572614998266,0.0056788100009725895,0.6226415094339622,0.6382113821138211,0.4444444444444444,0.6666666666666666,0.6097560975609756,0.6422764227642277,0.34209439581940176,0.5230701926278949,0.1720911522264809,/opt/tabr1_results/per_cancer/extreme_os/BRCA/repeat_04_fold_03/autogluon/test_predictions.csv,,,
per_cancer,extreme_os,BRCA,4,4,tabpfn_v2,171,43,54,success,0.24468138813972473,validation split balanced accuracy,0.19906043800074258,4.579653941000288,0.5370370370370371,0.4722222222222222,0.2857142857142857,0.2777777777777778,0.6666666666666666,0.48919753086419754,0.34150184722423355,0.6815741137869852,0.23979448588473812,/opt/tabr1_results/per_cancer/extreme_os/BRCA/repeat_04_fold_04/tabpfn_v2/test_predictions.csv,,,
per_cancer,extreme_os,BRCA,4,4,tabpfn_v2_5,171,43,54,success,0.2593124806880951,validation split balanced accuracy,0.20982603600350558,5.098204486999748,0.5740740740740741,0.5277777777777778,0.3783783783783784,0.3888888888888889,0.6666666666666666,0.5123456790123457,0.33199721715770886,0.6794388776359037,0.23894989507664377,/opt/tabr1_results/per_cancer/extreme_os/BRCA/repeat_04_fold_04/tabpfn_v2_5/test_predictions.csv,,,
per_cancer,extreme_os,BRCA,4,4,tabpfn_v2_6,171,43,54,success,0.31329837441444397,validation split balanced accuracy,0.2855602390009153,5.455339766001998,0.6666666666666666,0.5833333333333334,0.4,0.3333333333333333,0.8333333333333334,0.5,0.4019771099839382,0.7123690668772379,0.24370255119686557,/opt/tabr1_results/per_cancer/extreme_os/BRCA/repeat_04_fold_04/tabpfn_v2_6/test_predictions.csv,,,
per_cancer,extreme_os,BRCA,4,4,tabpfn_v3,171,43,54,success,0.2503809630870819,validation split balanced accuracy,0.5196571880005649,4.251944258001458,0.5,0.45833333333333337,0.3076923076923077,0.3333333333333333,0.5833333333333334,0.4614197530864198,0.3100047460214997,0.7866835326803783,0.2827266916431644,/opt/tabr1_results/per_cancer/extreme_os/BRCA/repeat_04_fold_04/tabpfn_v3/test_predictions.csv,,,
per_cancer,extreme_os,BRCA,4,4,tabfm_default,171,43,54,success,0.21091073751449585,validation split balanced accuracy,0.01311305099807214,2.9060275289994024,0.5370370370370371,0.48611111111111105,0.32432432432432434,0.3333333333333333,0.6388888888888888,0.4621913580246913,0.30649986761128317,0.8353658030717933,0.2994769756980913,/opt/tabr1_results/per_cancer/extreme_os/BRCA/repeat_04_fold_04/tabfm_default/test_predictions.csv,,,
per_cancer,extreme_os,BRCA,4,4,autogluon,171,43,54,success,0.18431350588798523,validation split balanced accuracy,3.892925269999978,0.0051396150010987185,0.37037037037037035,0.4027777777777778,0.34615384615384615,0.5,0.3055555555555556,0.44598765432098764,0.3459612456964158,0.7132753536675399,0.24603788814309058,/opt/tabr1_results/per_cancer/extreme_os/BRCA/repeat_04_fold_04/autogluon/test_predictions.csv,,,
per_cancer,extreme_os,HNSCC,0,0,tabpfn_v2,156,39,49,success,0.9055597186088562,validation split balanced accuracy,0.18838407899966114,3.972591833000479,0.4897959183673469,0.5442073170731707,0.6031746031746031,0.4634146341463415,0.625,0.6554878048780488,0.9000646845804232,0.4198459023645664,0.12767812236270717,/opt/tabr1_results/per_cancer/extreme_os/HNSCC/repeat_00_fold_00/tabpfn_v2/test_predictions.csv,,,
per_cancer,extreme_os,HNSCC,0,0,tabpfn_v2_5,156,39,49,success,0.9257957935333252,validation split balanced accuracy,0.19807635699908133,4.460068792999664,0.4897959183673469,0.5442073170731707,0.6031746031746031,0.4634146341463415,0.625,0.649390243902439,0.8977224886704048,0.42610920893954074,0.12498228175544336,/opt/tabr1_results/per_cancer/extreme_os/HNSCC/repeat_00_fold_00/tabpfn_v2_5/test_predictions.csv,,,
per_cancer,extreme_os,HNSCC,0,0,tabpfn_v2_6,156,39,49,success,0.8945476412773132,validation split balanced accuracy,0.2801349929977732,4.6829079809976975,0.4897959183673469,0.5442073170731707,0.6031746031746031,0.4634146341463415,0.625,0.7103658536585366,0.925097221773895,0.3996304296099888,0.12492911385718007,/opt/tabr1_results/per_cancer/extreme_os/HNSCC/repeat_00_fold_00/tabpfn_v2_6/test_predictions.csv,,,
per_cancer,extreme_os,HNSCC,0,0,tabpfn_v3,156,39,49,success,0.9111067056655884,validation split balanced accuracy,0.5095276329993794,4.159229756001878,0.3877551020408163,0.4832317073170732,0.4827586206896552,0.34146341463414637,0.625,0.6341463414634146,0.8906502178037572,0.43261454754882445,0.13326609037774337,/opt/tabr1_results/per_cancer/extreme_os/HNSCC/repeat_00_fold_00/tabpfn_v3/test_predictions.csv,,,
per_cancer,extreme_os,HNSCC,0,0,tabfm_default,156,39,49,success,0.941463053226471,validation split balanced accuracy,0.0130316100003256,2.8182427840001765,0.3469387755102041,0.45884146341463417,0.42857142857142855,0.2926829268292683,0.625,0.6128048780487805,0.8815739687698788,0.45821544462261726,0.13497010906423115,/opt/tabr1_results/per_cancer/extreme_os/HNSCC/repeat_00_fold_00/tabfm_default/test_predictions.csv,,,
per_cancer,extreme_os,HNSCC,0,0,autogluon,156,39,49,success,0.9443824291229248,validation split balanced accuracy,3.765202013000817,0.00583150099919294,0.40816326530612246,0.5457317073170732,0.49122807017543857,0.34146341463414637,0.75,0.6737804878048781,0.920351938967125,0.44545375765154016,0.1381234046836384,/opt/tabr1_results/per_cancer/extreme_os/HNSCC/repeat_00_fold_00/autogluon/test_predictions.csv,,,
per_cancer,extreme_os,HNSCC,0,1,tabpfn_v2,156,39,49,success,0.9275094866752625,validation split balanced accuracy,0.17589457999929436,3.9268497389966797,0.4897959183673469,0.7093023255813954,0.5901639344262295,0.4186046511627907,1.0,0.7790697674418604,0.9620501439098426,0.3278838937869269,0.09644455569047088,/opt/tabr1_results/per_cancer/extreme_os/HNSCC/repeat_00_fold_01/tabpfn_v2/test_predictions.csv,,,
per_cancer,extreme_os,HNSCC,0,1,tabpfn_v2_5,156,39,49,success,0.9412021636962891,validation split balanced accuracy,0.2293446280018543,4.441033187998983,0.5510204081632653,0.6724806201550388,0.6666666666666666,0.5116279069767442,0.8333333333333334,0.748062015503876,0.9569206136129327,0.3281178478230987,0.09518674089628723,/opt/tabr1_results/per_cancer/extreme_os/HNSCC/repeat_00_fold_01/tabpfn_v2_5/test_predictions.csv,,,
per_cancer,extreme_os,HNSCC,0,1,tabpfn_v2_6,156,39,49,success,0.9347156286239624,validation split balanced accuracy,0.2795539050021034,4.596235094999429,0.4489795918367347,0.5426356589147286,0.5714285714285714,0.4186046511627907,0.6666666666666666,0.7093023255813953,0.9430725411553553,0.3392108996931734,0.09847042060517641,/opt/tabr1_results/per_cancer/extreme_os/HNSCC/repeat_00_fold_01/tabpfn_v2_6/test_predictions.csv,,,
per_cancer,extreme_os,HNSCC,0,1,tabpfn_v3,156,39,49,success,0.8948962092399597,validation split balanced accuracy,0.5147559610013559,4.124009923001722,0.673469387755102,0.6705426356589147,0.7837837837837838,0.6744186046511628,0.6666666666666666,0.7093023255813954,0.9477924297698062,0.3399131841706375,0.10192248709666377,/opt/tabr1_results/per_cancer/extreme_os/HNSCC/repeat_00_fold_01/tabpfn_v3/test_predictions.csv,,,
per_cancer,extreme_os,HNSCC,0,1,tabfm_default,156,39,49,success,0.9550217986106873,validation split balanced accuracy,0.012943678000738146,2.559152809997613,0.3469387755102041,0.5562015503875969,0.42857142857142855,0.27906976744186046,0.8333333333333334,0.7383720930232558,0.9487163075957449,0.3306221506291406,0.09781212396671904,/opt/tabr1_results/per_cancer/extreme_os/HNSCC/repeat_00_fold_01/tabfm_default/test_predictions.csv,,,
per_cancer,extreme_os,HNSCC,0,1,autogluon,156,39,49,success,0.9985902905464172,validation split balanced accuracy,3.757315001999814,0.007648465001693694,0.4897959183673469,0.4941860465116279,0.6268656716417911,0.4883720930232558,0.5,0.6046511627906976,0.88984067370416,0.718343321049171,0.1491405455638469,/opt/tabr1_results/per_cancer/extreme_os/HNSCC/repeat_00_fold_01/autogluon/test_predictions.csv,,,
per_cancer,extreme_os,HNSCC,0,2,tabpfn_v2,156,39,49,success,0.9703146815299988,validation split balanced accuracy,0.1914587399987795,3.7452905959980853,0.30612244897959184,0.5853658536585366,0.2916666666666667,0.17073170731707318,1.0,0.603658536585366,0.896148113879674,0.4545990401687748,0.13829597893489382,/opt/tabr1_results/per_cancer/extreme_os/HNSCC/repeat_00_fold_02/tabpfn_v2/test_predictions.csv,,,
per_cancer,extreme_os,HNSCC,0,2,tabpfn_v2_5,156,39,49,success,0.9608922600746155,validation split balanced accuracy,0.20546848500089254,4.463866539001174,0.3673469387755102,0.6219512195121951,0.39215686274509803,0.24390243902439024,1.0,0.6128048780487805,0.9046836576479053,0.46004963976046825,0.1395312756622793,/opt/tabr1_results/per_cancer/extreme_os/HNSCC/repeat_00_fold_02/tabpfn_v2_5/test_predictions.csv,,,
per_cancer,extreme_os,HNSCC,0,2,tabpfn_v2_6,156,39,49,success,0.9400116205215454,validation split balanced accuracy,0.28463167199879535,4.57774941200114,0.32653061224489793,0.5472560975609756,0.35294117647058826,0.21951219512195122,0.875,0.6676829268292683,0.9129380020655474,0.4203875144065653,0.12958363323368,/opt/tabr1_results/per_cancer/extreme_os/HNSCC/repeat_00_fold_02/tabpfn_v2_6/test_predictions.csv,,,
per_cancer,extreme_os,HNSCC,0,2,tabpfn_v3,156,39,49,success,0.948250949382782,validation split balanced accuracy,0.4976086579990806,4.110467107999284,0.32653061224489793,0.5472560975609756,0.35294117647058826,0.21951219512195122,0.875,0.6341463414634146,0.9066357500013957,0.4465514393598157,0.13688232295590094,/opt/tabr1_results/per_cancer/extreme_os/HNSCC/repeat_00_fold_02/tabpfn_v3/test_predictions.csv,,,
per_cancer,extreme_os,HNSCC,0,2,tabfm_default,156,39,49,success,0.9465088844299316,validation split balanced accuracy,0.01302875700275763,2.482989264997741,0.40816326530612246,0.6463414634146342,0.4528301886792453,0.2926829268292683,1.0,0.7469512195121951,0.9422930453164643,0.406014437739864,0.12784111234860887,/opt/tabr1_results/per_cancer/extreme_os/HNSCC/repeat_00_fold_02/tabfm_default/test_predictions.csv,,,
per_cancer,extreme_os,HNSCC,0,2,autogluon,156,39,49,success,0.8154622316360474,validation split balanced accuracy,3.7303168589969573,0.017093153001042083,0.8367346938775511,0.5,0.9111111111111111,1.0,0.0,0.4923780487804878,0.8360494771668431,0.447404524051121,0.13726563357723148,/opt/tabr1_results/per_cancer/extreme_os/HNSCC/repeat_00_fold_02/autogluon/test_predictions.csv,,,
per_cancer,extreme_os,HNSCC,0,3,tabpfn_v2,157,39,48,success,0.9756080508232117,validation split balanced accuracy,0.19217027199920267,4.1245785470018745,0.3125,0.5975609756097561,0.32653061224489793,0.1951219512195122,1.0,0.6585365853658537,0.9278614386489995,0.4096141949837175,0.12870191983602325,/opt/tabr1_results/per_cancer/extreme_os/HNSCC/repeat_00_fold_03/tabpfn_v2/test_predictions.csv,,,
per_cancer,extreme_os,HNSCC,0,3,tabpfn_v2_5,157,39,48,success,0.9713780879974365,validation split balanced accuracy,0.2331464760027302,4.681980792000104,0.3333333333333333,0.6097560975609756,0.36,0.21951219512195122,1.0,0.7003484320557491,0.9427568407355054,0.39311844930308143,0.12639615729604056,/opt/tabr1_results/per_cancer/extreme_os/HNSCC/repeat_00_fold_03/tabpfn_v2_5/test_predictions.csv,,,
per_cancer,extreme_os,HNSCC,0,3,tabpfn_v2_6,157,39,48,success,0.9873586893081665,validation split balanced accuracy,0.2809097629979078,4.995074221998948,0.3125,0.5975609756097561,0.32653061224489793,0.1951219512195122,1.0,0.6933797909407666,0.9380643352967655,0.39252945922939936,0.12596926377728737,/opt/tabr1_results/per_cancer/extreme_os/HNSCC/repeat_00_fold_03/tabpfn_v2_6/test_predictions.csv,,,
per_cancer,extreme_os,HNSCC,0,3,tabpfn_v3,157,39,48,success,0.9926790595054626,validation split balanced accuracy,0.5163865049980814,4.5376599179980985,0.3333333333333333,0.6097560975609756,0.36,0.21951219512195122,1.0,0.6376306620209059,0.9259131629387684,0.43902990957181537,0.13945958781350662,/opt/tabr1_results/per_cancer/extreme_os/HNSCC/repeat_00_fold_03/tabpfn_v3/test_predictions.csv,,,
per_cancer,extreme_os,HNSCC,0,3,tabfm_default,157,39,48,success,0.984066367149353,validation split balanced accuracy,0.012956550999660976,2.6129435829971044,0.3125,0.5975609756097561,0.32653061224489793,0.1951219512195122,1.0,0.7386759581881533,0.9521919474837719,0.42519737187146633,0.14411683584435925,/opt/tabr1_results/per_cancer/extreme_os/HNSCC/repeat_00_fold_03/tabfm_default/test_predictions.csv,,,
per_cancer,extreme_os,HNSCC,0,3,autogluon,157,39,48,success,0.9997189044952393,validation split balanced accuracy,3.7801870969997253,0.006787545000406681,0.3333333333333333,0.5505226480836236,0.38461538461538464,0.24390243902439024,0.8571428571428571,0.6933797909407666,0.9337407895471078,0.7439651867157471,0.1613157896266629,/opt/tabr1_results/per_cancer/extreme_os/HNSCC/repeat_00_fold_03/autogluon/test_predictions.csv,,,
per_cancer,extreme_os,HNSCC,0,4,tabpfn_v2,156,39,49,success,0.9346672892570496,validation split balanced accuracy,0.18767505299911136,4.062960597999336,0.46938775510204084,0.615909090909091,0.59375,0.4318181818181818,0.8,0.6818181818181818,0.9463707303326842,0.33715297781094217,0.09770297637596918,/opt/tabr1_results/per_cancer/extreme_os/HNSCC/repeat_00_fold_04/tabpfn_v2/test_predictions.csv,,,
per_cancer,extreme_os,HNSCC,0,4,tabpfn_v2_5,156,39,49,success,0.9742357134819031,validation split balanced accuracy,0.22617448099845205,4.436401806000504,0.32653061224489793,0.5363636363636364,0.42105263157894735,0.2727272727272727,0.8,0.6954545454545454,0.948961653514103,0.3308365656277244,0.09506092510494185,/opt/tabr1_results/per_cancer/extreme_os/HNSCC/repeat_00_fold_04/tabpfn_v2_5/test_predictions.csv,,,
per_cancer,extreme_os,HNSCC,0,4,tabpfn_v2_6,156,39,49,success,0.9584119915962219,validation split balanced accuracy,0.2753666139979032,4.630447460000141,0.3673469387755102,0.5590909090909091,0.4745762711864407,0.3181818181818182,0.8,0.7545454545454546,0.9627932003857004,0.30667244385755427,0.0883434488173064,/opt/tabr1_results/per_cancer/extreme_os/HNSCC/repeat_00_fold_04/tabpfn_v2_6/test_predictions.csv,,,
per_cancer,extreme_os,HNSCC,0,4,tabpfn_v3,156,39,49,success,0.9565821886062622,validation split balanced accuracy,0.5099084949979442,4.064681285999541,0.40816326530612246,0.6704545454545454,0.5084745762711864,0.3409090909090909,1.0,0.7136363636363637,0.9579971497648881,0.3084916813032794,0.09026764424514722,/opt/tabr1_results/per_cancer/extreme_os/HNSCC/repeat_00_fold_04/tabpfn_v3/test_predictions.csv,,,
per_cancer,extreme_os,HNSCC,0,4,tabfm_default,156,39,49,success,0.948239803314209,validation split balanced accuracy,0.01319434000106412,2.3823362340008316,0.3877551020408163,0.5704545454545454,0.5,0.3409090909090909,0.8,0.7454545454545455,0.9624360533880515,0.28779515700027936,0.08345794227400988,/opt/tabr1_results/per_cancer/extreme_os/HNSCC/repeat_00_fold_04/tabfm_default/test_predictions.csv,,,
per_cancer,extreme_os,HNSCC,0,4,autogluon,156,39,49,success,0.9876533150672913,validation split balanced accuracy,3.77578800700212,0.005739811997045763,0.30612244897959184,0.525,0.39285714285714285,0.25,0.8,0.8090909090909091,0.9649481745692302,0.28406456803566044,0.07782206987776127,/opt/tabr1_results/per_cancer/extreme_os/HNSCC/repeat_00_fold_04/autogluon/test_predictions.csv,,,
per_cancer,extreme_os,HNSCC,1,0,tabpfn_v2,156,39,49,success,0.8346849679946899,validation split balanced accuracy,0.19142916400232934,3.8139295090004453,0.7346938775510204,0.5791666666666666,0.8354430379746836,0.825,0.3333333333333333,0.6444444444444444,0.8950722781159398,0.49831128818385917,0.14997618006739777,/opt/tabr1_results/per_cancer/extreme_os/HNSCC/repeat_01_fold_00/tabpfn_v2/test_predictions.csv,,,
per_cancer,extreme_os,HNSCC,1,0,tabpfn_v2_5,156,39,49,success,0.8855690360069275,validation split balanced accuracy,0.2276128730009077,4.445336046002922,0.6938775510204082,0.6402777777777777,0.7945205479452054,0.725,0.5555555555555556,0.6416666666666667,0.8946860525664386,0.48690607428330146,0.1489476674520674,/opt/tabr1_results/per_cancer/extreme_os/HNSCC/repeat_01_fold_00/tabpfn_v2_5/test_predictions.csv,,,
per_cancer,extreme_os,HNSCC,1,0,tabpfn_v2_6,156,39,49,success,0.8793160915374756,validation split balanced accuracy,0.27861359999951674,4.607008637998661,0.6938775510204082,0.5972222222222222,0.8,0.75,0.4444444444444444,0.6861111111111111,0.9098125525971575,0.47954012060753787,0.14460276393928095,/opt/tabr1_results/per_cancer/extreme_os/HNSCC/repeat_01_fold_00/tabpfn_v2_6/test_predictions.csv,,,
per_cancer,extreme_os,HNSCC,1,0,tabpfn_v3,156,39,49,success,0.8317649364471436,validation split balanced accuracy,0.5109814899988123,3.999534913997195,0.7346938775510204,0.6222222222222222,0.8311688311688312,0.8,0.4444444444444444,0.6888888888888889,0.9065157773526118,0.4663995399999559,0.1434710719357065,/opt/tabr1_results/per_cancer/extreme_os/HNSCC/repeat_01_fold_00/tabpfn_v3/test_predictions.csv,,,
per_cancer,extreme_os,HNSCC,1,0,tabfm_default,156,39,49,success,0.8942981362342834,validation split balanced accuracy,0.01289546599946334,2.53347291099999,0.5918367346938775,0.5347222222222222,0.7142857142857143,0.625,0.4444444444444444,0.6166666666666667,0.8910050184940638,0.4934378151550357,0.15515715153895043,/opt/tabr1_results/per_cancer/extreme_os/HNSCC/repeat_01_fold_00/tabfm_default/test_predictions.csv,,,
per_cancer,extreme_os,HNSCC,1,0,autogluon,156,39,49,success,0.856626033782959,validation split balanced accuracy,3.7106009800008906,0.01768080400142935,0.7346938775510204,0.6652777777777779,0.8266666666666667,0.775,0.5555555555555556,0.7638888888888888,0.9189464351632126,0.46270384604340575,0.1461602224167926,/opt/tabr1_results/per_cancer/extreme_os/HNSCC/repeat_01_fold_00/autogluon/test_predictions.csv,,,
per_cancer,extreme_os,HNSCC,1,1,tabpfn_v2,156,39,49,success,0.9171293377876282,validation split balanced accuracy,0.1939431840000907,3.739662888998282,0.3673469387755102,0.5678294573643411,0.45614035087719296,0.3023255813953488,0.8333333333333334,0.6511627906976745,0.9289670370427208,0.3500522414912425,0.10219748522016092,/opt/tabr1_results/per_cancer/extreme_os/HNSCC/repeat_01_fold_01/tabpfn_v2/test_predictions.csv,,,
per_cancer,extreme_os,HNSCC,1,1,tabpfn_v2_5,156,39,49,success,0.9335251450538635,validation split balanced accuracy,0.2295813390010153,4.409732145002636,0.3877551020408163,0.5794573643410853,0.4827586206896552,0.32558139534883723,0.8333333333333334,0.7131782945736435,0.942167849928143,0.33722349425090437,0.09879525849014258,/opt/tabr1_results/per_cancer/extreme_os/HNSCC/repeat_01_fold_01/tabpfn_v2_5/test_predictions.csv,,,
per_cancer,extreme_os,HNSCC,1,1,tabpfn_v2_6,156,39,49,success,0.9291889667510986,validation split balanced accuracy,0.27958138399844756,4.56649012699927,0.40816326530612246,0.5910852713178295,0.5084745762711864,0.3488372093023256,0.8333333333333334,0.7015503875968992,0.9395622388442411,0.3312401870661114,0.09698018668440055,/opt/tabr1_results/per_cancer/extreme_os/HNSCC/repeat_01_fold_01/tabpfn_v2_6/test_predictions.csv,,,
per_cancer,extreme_os,HNSCC,1,1,tabpfn_v3,156,39,49,success,0.9226886034011841,validation split balanced accuracy,0.4857985499984352,4.071585366000363,0.3877551020408163,0.6511627906976745,0.4642857142857143,0.3023255813953488,1.0,0.7945736434108527,0.9616899535736736,0.30679857747826367,0.09082862089438239,/opt/tabr1_results/per_cancer/extreme_os/HNSCC/repeat_01_fold_01/tabpfn_v3/test_predictions.csv,,,
per_cancer,extreme_os,HNSCC,1,1,tabfm_default,156,39,49,success,0.847967803478241,validation split balanced accuracy,0.01269324899840285,2.4229406989979907,0.6122448979591837,0.563953488372093,0.7397260273972602,0.627906976744186,0.5,0.7151162790697674,0.9489627006780121,0.33927519372347686,0.10104991200797026,/opt/tabr1_results/per_cancer/extreme_os/HNSCC/repeat_01_fold_01/tabfm_default/test_predictions.csv,,,
per_cancer,extreme_os,HNSCC,1,1,autogluon,156,39,49,success,0.8383255004882812,validation split balanced accuracy,3.7217829869987327,0.0168912970002566,0.8571428571428571,0.7034883720930232,0.9176470588235294,0.9069767441860465,0.5,0.627906976744186,0.9026501279680338,0.3628044532504132,0.10492634857980772,/opt/tabr1_results/per_cancer/extreme_os/HNSCC/repeat_01_fold_01/autogluon/test_predictions.csv,,,
per_cancer,extreme_os,HNSCC,1,2,tabpfn_v2,156,39,49,success,0.906470537185669,validation split balanced accuracy,0.19382494900128222,3.7100140990005457,0.40816326530612246,0.6777777777777778,0.5245901639344263,0.35555555555555557,1.0,0.8277777777777777,0.9826145789493006,0.26099873206046414,0.07142395483751264,/opt/tabr1_results/per_cancer/extreme_os/HNSCC/repeat_01_fold_02/tabpfn_v2/test_predictions.csv,,,
per_cancer,extreme_os,HNSCC,1,2,tabpfn_v2_5,156,39,49,success,0.916096568107605,validation split balanced accuracy,0.2336297360016033,4.421987197998533,0.3673469387755102,0.6555555555555556,0.4745762711864407,0.3111111111111111,1.0,0.7833333333333333,0.9784497037563864,0.26924776802398626,0.0748106049657139,/opt/tabr1_results/per_cancer/extreme_os/HNSCC/repeat_01_fold_02/tabpfn_v2_5/test_predictions.csv,,,
per_cancer,extreme_os,HNSCC,1,2,tabpfn_v2_6,156,39,49,success,0.8684406280517578,validation split balanced accuracy,0.28288365099797375,4.782235841998045,0.5918367346938775,0.7777777777777778,0.7142857142857143,0.5555555555555556,1.0,0.8111111111111111,0.9814883049269914,0.2638351643334983,0.07413888318898584,/opt/tabr1_results/per_cancer/extreme_os/HNSCC/repeat_01_fold_02/tabpfn_v2_6/test_predictions.csv,,,
per_cancer,extreme_os,HNSCC,1,2,tabpfn_v3,156,39,49,success,0.8570243120193481,validation split balanced accuracy,0.5191903589984577,3.9901353399982327,0.6122448979591837,0.7888888888888889,0.7323943661971831,0.5777777777777777,1.0,0.8944444444444445,0.9906408198833925,0.2564232864218327,0.06947928464484938,/opt/tabr1_results/per_cancer/extreme_os/HNSCC/repeat_01_fold_02/tabpfn_v3/test_predictions.csv,,,
per_cancer,extreme_os,HNSCC,1,2,tabfm_default,156,39,49,success,0.8619518876075745,validation split balanced accuracy,0.012977000002138084,2.4376824050013965,0.6326530612244898,0.6861111111111111,0.7567567567567568,0.6222222222222222,0.75,0.711111111111111,0.9670518768379228,0.2690008924771219,0.07322578691934191,/opt/tabr1_results/per_cancer/extreme_os/HNSCC/repeat_01_fold_02/tabfm_default/test_predictions.csv,,,
per_cancer,extreme_os,HNSCC,1,2,autogluon,156,39,49,success,0.8290919661521912,validation split balanced accuracy,3.719400787998893,0.00561102000210667,0.8163265306122449,0.9,0.8888888888888888,0.8,1.0,0.8666666666666667,0.9883929485461063,0.25041987093701795,0.06829473830078403,/opt/tabr1_results/per_cancer/extreme_os/HNSCC/repeat_01_fold_02/autogluon/test_predictions.csv,,,
per_cancer,extreme_os,HNSCC,1,3,tabpfn_v2,157,39,48,success,0.9286912679672241,validation split balanced accuracy,0.17274856799849658,4.248353615999804,0.3125,0.625,0.4,0.25,1.0,0.7897727272727273,0.9770071821396982,0.26618164967443136,0.07465458750783771,/opt/tabr1_results/per_cancer/extreme_os/HNSCC/repeat_01_fold_03/tabpfn_v2/test_predictions.csv,,,
per_cancer,extreme_os,HNSCC,1,3,tabpfn_v2_5,157,39,48,success,0.7637596726417542,validation split balanced accuracy,0.22839147500053514,4.756926481000846,0.8125,0.6704545454545454,0.891566265060241,0.8409090909090909,0.5,0.8522727272727273,0.9854967257952121,0.24368618314153045,0.06889286476101379,/opt/tabr1_results/per_cancer/extreme_os/HNSCC/repeat_01_fold_03/tabpfn_v2_5/test_predictions.csv,,,
per_cancer,extreme_os,HNSCC,1,3,tabpfn_v2_6,157,39,48,success,0.875095546245575,validation split balanced accuracy,0.2768730099996901,4.895169835999695,0.6041666666666666,0.7840909090909092,0.7246376811594203,0.5681818181818182,1.0,0.8011363636363635,0.9801725966384186,0.260261437238477,0.07407427360885104,/opt/tabr1_results/per_cancer/extreme_os/HNSCC/repeat_01_fold_03/tabpfn_v2_6/test_predictions.csv,,,
per_cancer,extreme_os,HNSCC,1,3,tabpfn_v3,157,39,48,success,0.7913004159927368,validation split balanced accuracy,0.5120077849969675,4.5098271850001765,0.8541666666666666,0.5795454545454546,0.9195402298850575,0.9090909090909091,0.25,0.75,0.9732288565449304,0.2698447574858364,0.07637766683835534,/opt/tabr1_results/per_cancer/extreme_os/HNSCC/repeat_01_fold_03/tabpfn_v3/test_predictions.csv,,,
per_cancer,extreme_os,HNSCC,1,3,tabfm_default,157,39,48,success,0.8709879517555237,validation split balanced accuracy,0.012812886001484003,2.334977982001874,0.75,0.75,0.8461538461538461,0.75,0.75,0.7982954545454546,0.9799080334113297,0.26873289620120433,0.07670047608846346,/opt/tabr1_results/per_cancer/extreme_os/HNSCC/repeat_01_fold_03/tabfm_default/test_predictions.csv,,,
per_cancer,extreme_os,HNSCC,1,3,autogluon,157,39,48,success,0.999991238117218,validation split balanced accuracy,3.7852182640017418,0.00827907499842695,0.2916666666666667,0.6136363636363636,0.37037037037037035,0.22727272727272727,1.0,0.7159090909090908,0.9709622975450374,0.5352646937914004,0.09330198344293415,/opt/tabr1_results/per_cancer/extreme_os/HNSCC/repeat_01_fold_03/autogluon/test_predictions.csv,,,
per_cancer,extreme_os,HNSCC,1,4,tabpfn_v2,156,39,49,success,0.9414556622505188,validation split balanced accuracy,0.18878651699924376,3.7759030739980517,0.3673469387755102,0.5598086124401913,0.3404255319148936,0.21052631578947367,0.9090909090909091,0.7272727272727273,0.8981502637213709,0.510947188644453,0.16542867041216053,/opt/tabr1_results/per_cancer/extreme_os/HNSCC/repeat_01_fold_04/tabpfn_v2/test_predictions.csv,,,
per_cancer,extreme_os,HNSCC,1,4,tabpfn_v2_5,156,39,49,success,0.923936128616333,validation split balanced accuracy,0.22781987100097467,4.421136270000716,0.4897959183673469,0.5741626794258373,0.5614035087719298,0.42105263157894735,0.7272727272727273,0.6698564593301435,0.8788157202016621,0.5509067582934493,0.17647191204202195,/opt/tabr1_results/per_cancer/extreme_os/HNSCC/repeat_01_fold_04/tabpfn_v2_5/test_predictions.csv,,,
per_cancer,extreme_os,HNSCC,1,4,tabpfn_v2_6,156,39,49,success,0.9673781394958496,validation split balanced accuracy,0.27747219199955,4.5645068240010005,0.4489795918367347,0.6447368421052632,0.4489795918367347,0.2894736842105263,1.0,0.7559808612440191,0.9227442787516519,0.5035406176033224,0.16139739989837773,/opt/tabr1_results/per_cancer/extreme_os/HNSCC/repeat_01_fold_04/tabpfn_v2_6/test_predictions.csv,,,
per_cancer,extreme_os,HNSCC,1,4,tabpfn_v3,156,39,49,success,0.9382312297821045,validation split balanced accuracy,0.5101399070008483,3.9761857949997648,0.42857142857142855,0.631578947368421,0.4166666666666667,0.2631578947368421,1.0,0.7464114832535885,0.9110491550596724,0.5029666184494151,0.16548599690027976,/opt/tabr1_results/per_cancer/extreme_os/HNSCC/repeat_01_fold_04/tabpfn_v3/test_predictions.csv,,,
per_cancer,extreme_os,HNSCC,1,4,tabfm_default,156,39,49,success,0.9451749324798584,validation split balanced accuracy,0.01304692600024282,2.360667248998652,0.5510204081632653,0.5813397129186603,0.6451612903225806,0.5263157894736842,0.6363636363636364,0.65311004784689,0.871724057793297,0.5853188235534452,0.1751315470483771,/opt/tabr1_results/per_cancer/extreme_os/HNSCC/repeat_01_fold_04/tabfm_default/test_predictions.csv,,,
per_cancer,extreme_os,HNSCC,1,4,autogluon,156,39,49,success,0.8312067985534668,validation split balanced accuracy,3.67287905899866,0.019056494998949347,0.7346938775510204,0.5705741626794258,0.8354430379746836,0.868421052631579,0.2727272727272727,0.7177033492822966,0.908188657283102,0.6477710557561147,0.19033511674740827,/opt/tabr1_results/per_cancer/extreme_os/HNSCC/repeat_01_fold_04/autogluon/test_predictions.csv,,,
per_cancer,extreme_os,HNSCC,2,0,tabpfn_v2,156,39,49,success,0.8673280477523804,validation split balanced accuracy,0.17316620600104216,3.744951682001556,0.673469387755102,0.6309523809523809,0.7837837837837838,0.6904761904761905,0.5714285714285714,0.7346938775510204,0.9423078069960822,0.3688717444362675,0.11326103482021624,/opt/tabr1_results/per_cancer/extreme_os/HNSCC/repeat_02_fold_00/tabpfn_v2/test_predictions.csv,,,
per_cancer,extreme_os,HNSCC,2,0,tabpfn_v2_5,156,39,49,success,0.860714316368103,validation split balanced accuracy,0.2295247059992107,4.461857007001527,0.7142857142857143,0.7142857142857143,0.8108108108108109,0.7142857142857143,0.7142857142857143,0.7517006802721089,0.9470252332146445,0.3609813501546575,0.11188332529038308,/opt/tabr1_results/per_cancer/extreme_os/HNSCC/repeat_02_fold_00/tabpfn_v2_5/test_predictions.csv,,,
per_cancer,extreme_os,HNSCC,2,0,tabpfn_v2_6,156,39,49,success,0.8638442158699036,validation split balanced accuracy,0.28033735799908754,4.611151348999556,0.6938775510204082,0.7023809523809523,0.7945205479452054,0.6904761904761905,0.7142857142857143,0.7687074829931972,0.9505324857190418,0.3463368830400644,0.10723658675719402,/opt/tabr1_results/per_cancer/extreme_os/HNSCC/repeat_02_fold_00/tabpfn_v2_6/test_predictions.csv,,,
per_cancer,extreme_os,HNSCC,2,0,tabpfn_v3,156,39,49,success,0.8441993594169617,validation split balanced accuracy,0.5133158390017343,4.024481286996888,0.7551020408163265,0.6785714285714286,0.8461538461538461,0.7857142857142857,0.5714285714285714,0.7653061224489797,0.9511885642892428,0.3627062929596191,0.11272448731049393,/opt/tabr1_results/per_cancer/extreme_os/HNSCC/repeat_02_fold_00/tabpfn_v3/test_predictions.csv,,,
per_cancer,extreme_os,HNSCC,2,0,tabfm_default,156,39,49,success,0.902990460395813,validation split balanced accuracy,0.012874894000560744,2.4021220070026175,0.673469387755102,0.75,0.7714285714285715,0.6428571428571429,0.8571428571428571,0.6819727891156463,0.9282336567815026,0.3870649198220122,0.11861917261019782,/opt/tabr1_results/per_cancer/extreme_os/HNSCC/repeat_02_fold_00/tabfm_default/test_predictions.csv,,,
per_cancer,extreme_os,HNSCC,2,0,autogluon,156,39,49,success,0.8460525870323181,validation split balanced accuracy,3.7666417930013267,0.0174415229994338,0.8163265306122449,0.6547619047619048,0.891566265060241,0.8809523809523809,0.42857142857142855,0.8061224489795917,0.9471530923536116,0.39235794345433805,0.11780275576073797,/opt/tabr1_results/per_cancer/extreme_os/HNSCC/repeat_02_fold_00/autogluon/test_predictions.csv,,,
per_cancer,extreme_os,HNSCC,2,1,tabpfn_v2,156,39,49,success,0.8961266875267029,validation split balanced accuracy,0.17719281600147951,3.7403323280013865,0.4897959183673469,0.6013888888888889,0.576271186440678,0.425,0.7777777777777778,0.6722222222222223,0.9083807574596117,0.4606556941155751,0.14692436397975936,/opt/tabr1_results/per_cancer/extreme_os/HNSCC/repeat_02_fold_01/tabpfn_v2/test_predictions.csv,,,
per_cancer,extreme_os,HNSCC,2,1,tabpfn_v2_5,156,39,49,success,0.8719704151153564,validation split balanced accuracy,0.2325323750010284,4.361273661001178,0.5918367346938775,0.6208333333333333,0.696969696969697,0.575,0.6666666666666666,0.6138888888888889,0.8900546107610743,0.4932428787460082,0.15211059124264992,/opt/tabr1_results/per_cancer/extreme_os/HNSCC/repeat_02_fold_01/tabpfn_v2_5/test_predictions.csv,,,
per_cancer,extreme_os,HNSCC,2,1,tabpfn_v2_6,156,39,49,success,0.7150492072105408,validation split balanced accuracy,0.27988735499820905,4.542833691000851,0.7959183673469388,0.5736111111111111,0.8809523809523809,0.925,0.2222222222222222,0.6916666666666667,0.9219813966801416,0.4419209264009071,0.14239050730961525,/opt/tabr1_results/per_cancer/extreme_os/HNSCC/repeat_02_fold_01/tabpfn_v2_6/test_predictions.csv,,,
per_cancer,extreme_os,HNSCC,2,1,tabpfn_v3,156,39,49,success,0.7858192324638367,validation split balanced accuracy,0.5146745370002463,3.9707199490003404,0.7755102040816326,0.5611111111111111,0.8674698795180723,0.9,0.2222222222222222,0.6333333333333333,0.8997576264884485,0.4599775279544849,0.1478318445631579,/opt/tabr1_results/per_cancer/extreme_os/HNSCC/repeat_02_fold_01/tabpfn_v3/test_predictions.csv,,,
per_cancer,extreme_os,HNSCC,2,1,tabfm_default,156,39,49,success,0.8942981362342834,validation split balanced accuracy,0.012846970003010938,2.365616848001082,0.5918367346938775,0.5347222222222222,0.7142857142857143,0.625,0.4444444444444444,0.5847222222222223,0.8868195378155566,0.5328289207736625,0.16832384168183231,/opt/tabr1_results/per_cancer/extreme_os/HNSCC/repeat_02_fold_01/tabfm_default/test_predictions.csv,,,
per_cancer,extreme_os,HNSCC,2,1,autogluon,156,39,49,success,0.9536512494087219,validation split balanced accuracy,3.71411399399949,0.005579944001510739,0.4489795918367347,0.5763888888888888,0.5263157894736842,0.375,0.7777777777777778,0.625,0.8641109320332583,0.5389505664098448,0.16437224706628967,/opt/tabr1_results/per_cancer/extreme_os/HNSCC/repeat_02_fold_01/autogluon/test_predictions.csv,,,
per_cancer,extreme_os,HNSCC,2,2,tabpfn_v2,157,39,48,success,0.8866952061653137,validation split balanced accuracy,0.19356152600084897,3.9374064250005176,0.4791666666666667,0.7222222222222222,0.6153846153846154,0.4444444444444444,1.0,0.8074074074074074,0.9852186574651229,0.25190793829274827,0.06703843466987551,/opt/tabr1_results/per_cancer/extreme_os/HNSCC/repeat_02_fold_02/tabpfn_v2/test_predictions.csv,,,
per_cancer,extreme_os,HNSCC,2,2,tabpfn_v2_5,157,39,48,success,0.8748313188552856,validation split balanced accuracy,0.2034641400023247,4.725452075999783,0.5625,0.7666666666666666,0.6956521739130435,0.5333333333333333,1.0,0.7999999999999999,0.9844250066714721,0.24282875627550105,0.06378012166422686,/opt/tabr1_results/per_cancer/extreme_os/HNSCC/repeat_02_fold_02/tabpfn_v2_5/test_predictions.csv,,,
per_cancer,extreme_os,HNSCC,2,2,tabpfn_v2_6,157,39,48,success,0.9228532910346985,validation split balanced accuracy,0.27909774600266246,4.988550944002782,0.3333333333333333,0.6444444444444444,0.4482758620689655,0.28888888888888886,1.0,0.7777777777777778,0.980505303274352,0.25613685972582256,0.06813645391413159,/opt/tabr1_results/per_cancer/extreme_os/HNSCC/repeat_02_fold_02/tabpfn_v2_6/test_predictions.csv,,,
per_cancer,extreme_os,HNSCC,2,2,tabpfn_v3,157,39,48,success,0.8022798299789429,validation split balanced accuracy,0.5179911000013817,4.405994808003015,0.7083333333333334,0.6888888888888889,0.8205128205128205,0.7111111111111111,0.6666666666666666,0.7629629629629631,0.9795914260915879,0.2619400294999266,0.07018692518106273,/opt/tabr1_results/per_cancer/extreme_os/HNSCC/repeat_02_fold_02/tabpfn_v3/test_predictions.csv,,,
per_cancer,extreme_os,HNSCC,2,2,tabfm_default,157,39,48,success,0.936491847038269,validation split balanced accuracy,0.012908513999718707,2.3920960670002387,0.3125,0.6333333333333333,0.42105263157894735,0.26666666666666666,1.0,0.837037037037037,0.9883729733857641,0.24230828832629894,0.0694749121521893,/opt/tabr1_results/per_cancer/extreme_os/HNSCC/repeat_02_fold_02/tabfm_default/test_predictions.csv,,,
per_cancer,extreme_os,HNSCC,2,2,autogluon,157,39,48,success,0.9704732894897461,validation split balanced accuracy,3.704439127999649,0.0060659400005533826,0.3541666666666667,0.6555555555555556,0.4745762711864407,0.3111111111111111,1.0,0.7111111111111111,0.9738114970957146,0.2626799080782076,0.07356722237634417,/opt/tabr1_results/per_cancer/extreme_os/HNSCC/repeat_02_fold_02/autogluon/test_predictions.csv,,,
per_cancer,extreme_os,HNSCC,2,3,tabpfn_v2,156,39,49,success,0.9307351112365723,validation split balanced accuracy,0.1934588200019789,3.7548637069994584,0.42857142857142855,0.6744186046511628,0.5172413793103449,0.3488372093023256,1.0,0.6395348837209303,0.9415113690315537,0.38205307535920835,0.1196533548679371,/opt/tabr1_results/per_cancer/extreme_os/HNSCC/repeat_02_fold_03/tabpfn_v2/test_predictions.csv,,,
per_cancer,extreme_os,HNSCC,2,3,tabpfn_v2_5,156,39,49,success,0.914206862449646,validation split balanced accuracy,0.2027848459983943,4.425160611001047,0.5306122448979592,0.6608527131782946,0.6461538461538462,0.4883720930232558,0.8333333333333334,0.678294573643411,0.94805842901974,0.36896686447489885,0.11593684241577813,/opt/tabr1_results/per_cancer/extreme_os/HNSCC/repeat_02_fold_03/tabpfn_v2_5/test_predictions.csv,,,
per_cancer,extreme_os,HNSCC,2,3,tabpfn_v2_6,156,39,49,success,0.8968870043754578,validation split balanced accuracy,0.28133032500045374,4.489468855997984,0.5102040816326531,0.6492248062015504,0.625,0.46511627906976744,0.8333333333333334,0.7209302325581395,0.9567747395844666,0.35209476379952886,0.11248380329667285,/opt/tabr1_results/per_cancer/extreme_os/HNSCC/repeat_02_fold_03/tabpfn_v2_6/test_predictions.csv,,,
per_cancer,extreme_os,HNSCC,2,3,tabpfn_v3,156,39,49,success,0.8887302875518799,validation split balanced accuracy,0.5156183719991532,3.963723315002426,0.5918367346938775,0.6957364341085271,0.7058823529411765,0.5581395348837209,0.8333333333333334,0.6705426356589148,0.947781223008352,0.35800134125175076,0.11318388688876581,/opt/tabr1_results/per_cancer/extreme_os/HNSCC/repeat_02_fold_03/tabpfn_v3/test_predictions.csv,,,
per_cancer,extreme_os,HNSCC,2,3,tabfm_default,156,39,49,success,0.898331344127655,validation split balanced accuracy,0.012770593999448465,2.3134206370014,0.5918367346938775,0.7674418604651163,0.696969696969697,0.5348837209302325,1.0,0.7344961240310076,0.9608428088437329,0.3471548117893465,0.10615802228678317,/opt/tabr1_results/per_cancer/extreme_os/HNSCC/repeat_02_fold_03/tabfm_default/test_predictions.csv,,,
per_cancer,extreme_os,HNSCC,2,3,autogluon,156,39,49,success,0.8853442072868347,validation split balanced accuracy,3.697367511002085,0.053748702001030324,0.3877551020408163,0.5794573643410853,0.4827586206896552,0.32558139534883723,0.8333333333333334,0.7751937984496123,0.9567081531713792,0.34504309695656016,0.10183360010518405,/opt/tabr1_results/per_cancer/extreme_os/HNSCC/repeat_02_fold_03/autogluon/test_predictions.csv,,,
per_cancer,extreme_os,HNSCC,2,4,tabpfn_v2,156,39,49,success,0.8874955773353577,validation split balanced accuracy,0.17142551399956574,3.798187256001256,0.5714285714285714,0.6944444444444444,0.6557377049180327,0.5,0.8888888888888888,0.7972222222222223,0.9501241200066368,0.44724964669556205,0.14367470669768814,/opt/tabr1_results/per_cancer/extreme_os/HNSCC/repeat_02_fold_04/tabpfn_v2/test_predictions.csv,,,
per_cancer,extreme_os,HNSCC,2,4,tabpfn_v2_5,156,39,49,success,0.7526836395263672,validation split balanced accuracy,0.22765766399970744,4.448039940998569,0.8163265306122449,0.5,0.898876404494382,1.0,0.0,0.775,0.944158157526236,0.44989247352013473,0.14426718174436445,/opt/tabr1_results/per_cancer/extreme_os/HNSCC/repeat_02_fold_04/tabpfn_v2_5/test_predictions.csv,,,
per_cancer,extreme_os,HNSCC,2,4,tabpfn_v2_6,156,39,49,success,0.8486934304237366,validation split balanced accuracy,0.2779286500008311,4.460004471999127,0.7346938775510204,0.6222222222222222,0.8311688311688312,0.8,0.4444444444444444,0.7722222222222221,0.9462116342721634,0.44765328509095764,0.14511053470469157,/opt/tabr1_results/per_cancer/extreme_os/HNSCC/repeat_02_fold_04/tabpfn_v2_6/test_predictions.csv,,,
per_cancer,extreme_os,HNSCC,2,4,tabpfn_v3,156,39,49,success,0.8650405406951904,validation split balanced accuracy,0.5060985410018475,3.937194804999308,0.7755102040816326,0.6902777777777778,0.8571428571428571,0.825,0.5555555555555556,0.8,0.9537706125679317,0.44931485249511954,0.14516905418510892,/opt/tabr1_results/per_cancer/extreme_os/HNSCC/repeat_02_fold_04/tabpfn_v3/test_predictions.csv,,,
per_cancer,extreme_os,HNSCC,2,4,tabfm_default,156,39,49,success,0.8991213440895081,validation split balanced accuracy,0.013136020999809261,2.32304965000003,0.6122448979591837,0.6333333333333333,0.7164179104477612,0.6,0.6666666666666666,0.773611111111111,0.9439560550986182,0.4644699831776703,0.14901401198795325,/opt/tabr1_results/per_cancer/extreme_os/HNSCC/repeat_02_fold_04/tabfm_default/test_predictions.csv,,,
per_cancer,extreme_os,HNSCC,2,4,autogluon,156,39,49,success,0.8698208332061768,validation split balanced accuracy,3.7036094340001,0.0177767959976336,0.6530612244897959,0.5291666666666667,0.7733333333333333,0.725,0.3333333333333333,0.6236111111111111,0.8858009222919938,0.49106199962698677,0.1536168502524384,/opt/tabr1_results/per_cancer/extreme_os/HNSCC/repeat_02_fold_04/autogluon/test_predictions.csv,,,
per_cancer,extreme_os,HNSCC,3,0,tabpfn_v2,156,39,49,success,0.8044319748878479,validation split balanced accuracy,0.17427132700322545,3.890542548000667,0.6938775510204082,0.475,0.8148148148148148,0.75,0.2,0.5318181818181817,0.9204245757228359,0.3461140513314821,0.09932054485590307,/opt/tabr1_results/per_cancer/extreme_os/HNSCC/repeat_03_fold_00/tabpfn_v2/test_predictions.csv,,,
per_cancer,extreme_os,HNSCC,3,0,tabpfn_v2_5,156,39,49,success,0.8412137031555176,validation split balanced accuracy,0.23310340399984852,4.416879221000272,0.6122448979591837,0.5181818181818182,0.7466666666666667,0.6363636363636364,0.4,0.4590909090909091,0.9060103202670186,0.3510244080683488,0.09889722866629243,/opt/tabr1_results/per_cancer/extreme_os/HNSCC/repeat_03_fold_00/tabpfn_v2_5/test_predictions.csv,,,
per_cancer,extreme_os,HNSCC,3,0,tabpfn_v2_6,156,39,49,success,0.852942705154419,validation split balanced accuracy,0.27971995700136176,4.5169960759994865,0.5510204081632653,0.5727272727272728,0.6857142857142857,0.5454545454545454,0.6,0.5727272727272728,0.9395751817119206,0.34755207226523294,0.10285248128269528,/opt/tabr1_results/per_cancer/extreme_os/HNSCC/repeat_03_fold_00/tabpfn_v2_6/test_predictions.csv,,,
per_cancer,extreme_os,HNSCC,3,0,tabpfn_v3,156,39,49,success,0.8397393226623535,validation split balanced accuracy,0.5161441750024096,4.0790051279982436,0.6326530612244898,0.5295454545454545,0.7631578947368421,0.6590909090909091,0.4,0.509090909090909,0.9173497309034945,0.3390083183476189,0.09720116339402167,/opt/tabr1_results/per_cancer/extreme_os/HNSCC/repeat_03_fold_00/tabpfn_v3/test_predictions.csv,,,
per_cancer,extreme_os,HNSCC,3,0,tabfm_default,156,39,49,success,0.8926457166671753,validation split balanced accuracy,0.01303866699890932,2.538215886001126,0.4489795918367347,0.42727272727272725,0.5970149253731343,0.45454545454545453,0.4,0.4886363636363636,0.9044788332221264,0.3415185328833727,0.0980128080185662,/opt/tabr1_results/per_cancer/extreme_os/HNSCC/repeat_03_fold_00/tabfm_default/test_predictions.csv,,,
per_cancer,extreme_os,HNSCC,3,0,autogluon,156,39,49,success,0.8389745950698853,validation split balanced accuracy,3.6617125709999527,0.0062838910016580485,0.6326530612244898,0.5295454545454545,0.7631578947368421,0.6590909090909091,0.4,0.6909090909090909,0.9601952060861231,0.33569044047844565,0.101124539410117,/opt/tabr1_results/per_cancer/extreme_os/HNSCC/repeat_03_fold_00/autogluon/test_predictions.csv,,,
per_cancer,extreme_os,HNSCC,3,1,tabpfn_v2,156,39,49,success,0.8766192197799683,validation split balanced accuracy,0.1896143430021766,3.8652086139991297,0.6326530612244898,0.5755813953488372,0.7567567567567568,0.6511627906976745,0.5,0.748062015503876,0.9627018642356835,0.3622512125593716,0.11391221539305044,/opt/tabr1_results/per_cancer/extreme_os/HNSCC/repeat_03_fold_01/tabpfn_v2/test_predictions.csv,,,
per_cancer,extreme_os,HNSCC,3,1,tabpfn_v2_5,156,39,49,success,0.9528616666793823,validation split balanced accuracy,0.20180075399912312,4.573404496997682,0.40816326530612246,0.6627906976744187,0.49122807017543857,0.32558139534883723,1.0,0.7441860465116279,0.9616282032379685,0.35705020201192245,0.11337309640729143,/opt/tabr1_results/per_cancer/extreme_os/HNSCC/repeat_03_fold_01/tabpfn_v2_5/test_predictions.csv,,,
per_cancer,extreme_os,HNSCC,3,1,tabpfn_v2_6,156,39,49,success,0.9163703918457031,validation split balanced accuracy,0.2798154150004848,4.456132159000845,0.5102040816326531,0.7209302325581395,0.6129032258064516,0.4418604651162791,1.0,0.7790697674418605,0.967278480791449,0.33248322558051435,0.10556219568578093,/opt/tabr1_results/per_cancer/extreme_os/HNSCC/repeat_03_fold_01/tabpfn_v2_6/test_predictions.csv,,,
per_cancer,extreme_os,HNSCC,3,1,tabpfn_v3,156,39,49,success,0.909503698348999,validation split balanced accuracy,0.5146670950016414,3.9808927699996275,0.5510204081632653,0.7441860465116279,0.65625,0.4883720930232558,1.0,0.7945736434108527,0.9702243507688988,0.3507436804354675,0.11167766574534675,/opt/tabr1_results/per_cancer/extreme_os/HNSCC/repeat_03_fold_01/tabpfn_v3/test_predictions.csv,,,
per_cancer,extreme_os,HNSCC,3,1,tabfm_default,156,39,49,success,0.9265404343605042,validation split balanced accuracy,0.01294116099961684,2.442021693997958,0.32653061224489793,0.6162790697674418,0.37735849056603776,0.23255813953488372,1.0,0.7906976744186047,0.9663787395775683,0.3624202992305387,0.11391961723134188,/opt/tabr1_results/per_cancer/extreme_os/HNSCC/repeat_03_fold_01/tabfm_default/test_predictions.csv,,,
per_cancer,extreme_os,HNSCC,3,1,autogluon,156,39,49,success,0.8405869603157043,validation split balanced accuracy,3.7519752320004045,0.018157923997932812,0.8367346938775511,0.7635658914728682,0.9024390243902439,0.8604651162790697,0.6666666666666666,0.9031007751937984,0.9808065688464359,0.35661547677041583,0.10297409835020219,/opt/tabr1_results/per_cancer/extreme_os/HNSCC/repeat_03_fold_01/autogluon/test_predictions.csv,,,
per_cancer,extreme_os,HNSCC,3,2,tabpfn_v2,156,40,48,success,0.8204231262207031,validation split balanced accuracy,0.19256065800072975,3.884398800000781,0.7291666666666666,0.5452961672473868,0.8354430379746836,0.8048780487804879,0.2857142857142857,0.7212543554006968,0.9493412515855609,0.38554812350321815,0.11799783578811611,/opt/tabr1_results/per_cancer/extreme_os/HNSCC/repeat_03_fold_02/tabpfn_v2/test_predictions.csv,,,
per_cancer,extreme_os,HNSCC,3,2,tabpfn_v2_5,156,40,48,success,0.8471195697784424,validation split balanced accuracy,0.20286815000144998,4.3937621069999295,0.6458333333333334,0.4965156794425087,0.7733333333333333,0.7073170731707317,0.2857142857142857,0.7491289198606271,0.9569940978460233,0.38921281557015613,0.11942829626095437,/opt/tabr1_results/per_cancer/extreme_os/HNSCC/repeat_03_fold_02/tabpfn_v2_5/test_predictions.csv,,,
per_cancer,extreme_os,HNSCC,3,2,tabpfn_v2_6,156,40,48,success,0.7963536977767944,validation split balanced accuracy,0.2780423590011196,4.641980964999675,0.7291666666666666,0.5452961672473868,0.8354430379746836,0.8048780487804879,0.2857142857142857,0.7282229965156795,0.9486993961104951,0.37788976750402714,0.1176331739858465,/opt/tabr1_results/per_cancer/extreme_os/HNSCC/repeat_03_fold_02/tabpfn_v2_6/test_predictions.csv,,,
per_cancer,extreme_os,HNSCC,3,2,tabpfn_v3,156,40,48,success,0.8413175940513611,validation split balanced accuracy,0.5148507269987022,4.140259915002389,0.7291666666666666,0.6637630662020906,0.8266666666666667,0.7560975609756098,0.5714285714285714,0.759581881533101,0.9566763961164112,0.38244831180962463,0.11841311853431624,/opt/tabr1_results/per_cancer/extreme_os/HNSCC/repeat_03_fold_02/tabpfn_v3/test_predictions.csv,,,
per_cancer,extreme_os,HNSCC,3,2,tabfm_default,156,40,48,success,0.8757869601249695,validation split balanced accuracy,0.01280057500116527,2.6369225429989456,0.6666666666666666,0.8048780487804879,0.7575757575757576,0.6097560975609756,1.0,0.7909407665505227,0.964258970544933,0.37562557596484086,0.1171629014429149,/opt/tabr1_results/per_cancer/extreme_os/HNSCC/repeat_03_fold_02/tabfm_default/test_predictions.csv,,,
per_cancer,extreme_os,HNSCC,3,2,autogluon,156,40,48,success,0.8045883774757385,validation split balanced accuracy,3.7121106649974536,0.005439554999611573,0.75,0.6167247386759582,0.8461538461538461,0.8048780487804879,0.42857142857142855,0.6480836236933798,0.9174193196645409,0.41832666073040975,0.12739007660426357,/opt/tabr1_results/per_cancer/extreme_os/HNSCC/repeat_03_fold_02/autogluon/test_predictions.csv,,,
per_cancer,extreme_os,HNSCC,3,3,tabpfn_v2,156,39,49,success,0.9677771329879761,validation split balanced accuracy,0.17409277299884707,3.7795007239983534,0.30612244897959184,0.5853658536585366,0.2916666666666667,0.17073170731707318,1.0,0.7286585365853658,0.9324677653057901,0.39720955249420975,0.12302158274079823,/opt/tabr1_results/per_cancer/extreme_os/HNSCC/repeat_03_fold_03/tabpfn_v2/test_predictions.csv,,,
per_cancer,extreme_os,HNSCC,3,3,tabpfn_v2_5,156,39,49,success,0.9695491194725037,validation split balanced accuracy,0.22895332600091933,4.507457668998541,0.3469387755102041,0.6097560975609756,0.36,0.21951219512195122,1.0,0.7439024390243902,0.9377698931371793,0.3884243066381666,0.12171837869650637,/opt/tabr1_results/per_cancer/extreme_os/HNSCC/repeat_03_fold_03/tabpfn_v2_5/test_predictions.csv,,,
per_cancer,extreme_os,HNSCC,3,3,tabpfn_v2_6,156,39,49,success,0.9424837827682495,validation split balanced accuracy,0.28081072100030724,4.4065405649998866,0.3673469387755102,0.5716463414634146,0.41509433962264153,0.2682926829268293,0.875,0.7621951219512195,0.9377103761712849,0.3781267266933311,0.1164859375385697,/opt/tabr1_results/per_cancer/extreme_os/HNSCC/repeat_03_fold_03/tabpfn_v2_6/test_predictions.csv,,,
per_cancer,extreme_os,HNSCC,3,3,tabpfn_v3,156,39,49,success,0.9505919218063354,validation split balanced accuracy,0.5107698370011349,4.085108627998125,0.3469387755102041,0.5594512195121951,0.38461538461538464,0.24390243902439024,0.875,0.7621951219512195,0.9340484757517429,0.3974204836941136,0.12268706657732285,/opt/tabr1_results/per_cancer/extreme_os/HNSCC/repeat_03_fold_03/tabpfn_v3/test_predictions.csv,,,
per_cancer,extreme_os,HNSCC,3,3,tabfm_default,156,39,49,success,0.9165089726448059,validation split balanced accuracy,0.012804343001334928,2.371857343998272,0.5102040816326531,0.7073170731707317,0.5862068965517241,0.4146341463414634,1.0,0.7332317073170731,0.945596835400159,0.41043524149250704,0.13233765807002593,/opt/tabr1_results/per_cancer/extreme_os/HNSCC/repeat_03_fold_03/tabfm_default/test_predictions.csv,,,
per_cancer,extreme_os,HNSCC,3,3,autogluon,156,39,49,success,0.8523369431495667,validation split balanced accuracy,3.792006340001535,0.017594208002265077,0.46938775510204084,0.6326219512195121,0.5517241379310345,0.3902439024390244,0.875,0.6310975609756098,0.8927604836567244,0.4390278660268346,0.1349808568797259,/opt/tabr1_results/per_cancer/extreme_os/HNSCC/repeat_03_fold_03/autogluon/test_predictions.csv,,,
per_cancer,extreme_os,HNSCC,3,4,tabpfn_v2,156,39,49,success,0.9613839387893677,validation split balanced accuracy,0.17212279199884506,3.8138635059985972,0.3877551020408163,0.6341463414634146,0.4230769230769231,0.2682926829268293,1.0,0.725609756097561,0.938153065680095,0.42872445713912916,0.13578399479152795,/opt/tabr1_results/per_cancer/extreme_os/HNSCC/repeat_03_fold_04/tabpfn_v2/test_predictions.csv,,,
per_cancer,extreme_os,HNSCC,3,4,tabpfn_v2_5,156,39,49,success,0.9470677375793457,validation split balanced accuracy,0.22735976100011612,4.37016567399769,0.5918367346938775,0.7057926829268293,0.6875,0.5365853658536586,0.875,0.7530487804878048,0.9442744076131785,0.4175908117662,0.13270137944657728,/opt/tabr1_results/per_cancer/extreme_os/HNSCC/repeat_03_fold_04/tabpfn_v2_5/test_predictions.csv,,,
per_cancer,extreme_os,HNSCC,3,4,tabpfn_v2_6,156,39,49,success,0.9475160241127014,validation split balanced accuracy,0.27806011800203123,4.654531174997828,0.5918367346938775,0.7560975609756098,0.6774193548387096,0.5121951219512195,1.0,0.75,0.9470103919626646,0.4143010423842552,0.13284879134919528,/opt/tabr1_results/per_cancer/extreme_os/HNSCC/repeat_03_fold_04/tabpfn_v2_6/test_predictions.csv,,,
per_cancer,extreme_os,HNSCC,3,4,tabpfn_v3,156,39,49,success,0.9532578587532043,validation split balanced accuracy,0.5107552959998429,4.085402871001861,0.5510204081632653,0.7317073170731707,0.6333333333333333,0.4634146341463415,1.0,0.7652439024390244,0.9531111136422091,0.42236048140864313,0.13544219854777037,/opt/tabr1_results/per_cancer/extreme_os/HNSCC/repeat_03_fold_04/tabpfn_v3/test_predictions.csv,,,
per_cancer,extreme_os,HNSCC,3,4,tabfm_default,156,39,49,success,0.9178279638290405,validation split balanced accuracy,0.012826353002310498,2.38140146999649,0.7142857142857143,0.6783536585365854,0.8108108108108109,0.7317073170731707,0.625,0.6798780487804879,0.9244912261851169,0.46742768137352597,0.1433501721788183,/opt/tabr1_results/per_cancer/extreme_os/HNSCC/repeat_03_fold_04/tabfm_default/test_predictions.csv,,,
per_cancer,extreme_os,HNSCC,3,4,autogluon,156,39,49,success,0.8846491575241089,validation split balanced accuracy,4.092886872000236,0.0053337350000219885,0.673469387755102,0.5030487804878049,0.7948717948717948,0.7560975609756098,0.25,0.5060975609756098,0.8470619213367068,0.539994962410162,0.15060588289996799,/opt/tabr1_results/per_cancer/extreme_os/HNSCC/repeat_03_fold_04/autogluon/test_predictions.csv,,,
per_cancer,extreme_os,HNSCC,4,0,tabpfn_v2,156,39,49,success,0.8636361360549927,validation split balanced accuracy,0.19144818800123176,3.7114375380006095,0.5510204081632653,0.5,0.6857142857142857,0.5714285714285714,0.42857142857142855,0.5510204081632653,0.893504889466691,0.42796835544490913,0.12752338224569834,/opt/tabr1_results/per_cancer/extreme_os/HNSCC/repeat_04_fold_00/tabpfn_v2/test_predictions.csv,,,
per_cancer,extreme_os,HNSCC,4,0,tabpfn_v2_5,156,39,49,success,0.9423208236694336,validation split balanced accuracy,0.22938461400190135,4.393518717999541,0.2857142857142857,0.5833333333333334,0.2857142857142857,0.16666666666666666,1.0,0.5238095238095237,0.8912998191466894,0.425395104909785,0.1283630451020468,/opt/tabr1_results/per_cancer/extreme_os/HNSCC/repeat_04_fold_00/tabpfn_v2_5/test_predictions.csv,,,
per_cancer,extreme_os,HNSCC,4,0,tabpfn_v2_6,156,39,49,success,0.8200662732124329,validation split balanced accuracy,0.28008692499861354,4.432976684998721,0.6938775510204082,0.5833333333333334,0.8051948051948052,0.7380952380952381,0.42857142857142855,0.6768707482993198,0.9342712201534615,0.37077198331966105,0.1137225068238254,/opt/tabr1_results/per_cancer/extreme_os/HNSCC/repeat_04_fold_00/tabpfn_v2_6/test_predictions.csv,,,
per_cancer,extreme_os,HNSCC,4,0,tabpfn_v3,156,39,49,success,0.8664754629135132,validation split balanced accuracy,0.5160548000021663,4.015952981000737,0.5306122448979592,0.48809523809523814,0.6666666666666666,0.5476190476190477,0.42857142857142855,0.5408163265306122,0.8887638299565448,0.4034608958022985,0.12298258335511333,/opt/tabr1_results/per_cancer/extreme_os/HNSCC/repeat_04_fold_00/tabpfn_v3/test_predictions.csv,,,
per_cancer,extreme_os,HNSCC,4,0,tabfm_default,156,39,49,success,0.9271290302276611,validation split balanced accuracy,0.012971277999895392,2.483555864000664,0.2857142857142857,0.5238095238095237,0.3137254901960784,0.19047619047619047,0.8571428571428571,0.5306122448979591,0.8880536080674979,0.41634907256504233,0.1257446016923685,/opt/tabr1_results/per_cancer/extreme_os/HNSCC/repeat_04_fold_00/tabfm_default/test_predictions.csv,,,
per_cancer,extreme_os,HNSCC,4,0,autogluon,156,39,49,success,0.7474023699760437,validation split balanced accuracy,3.6915807660006976,0.006486759000836173,0.8775510204081632,0.6904761904761905,0.9302325581395349,0.9523809523809523,0.42857142857142855,0.6496598639455782,0.9060574958125464,0.4153848139609176,0.10998296111125545,/opt/tabr1_results/per_cancer/extreme_os/HNSCC/repeat_04_fold_00/autogluon/test_predictions.csv,,,
per_cancer,extreme_os,HNSCC,4,1,tabpfn_v2,156,39,49,success,0.9647048115730286,validation split balanced accuracy,0.17577668000012636,3.778249427999981,0.24489795918367346,0.5697674418604651,0.24489795918367346,0.13953488372093023,1.0,0.686046511627907,0.9335220298199385,0.3588724950159956,0.1048912736273276,/opt/tabr1_results/per_cancer/extreme_os/HNSCC/repeat_04_fold_01/tabpfn_v2/test_predictions.csv,,,
per_cancer,extreme_os,HNSCC,4,1,tabpfn_v2_5,156,39,49,success,0.9635959267616272,validation split balanced accuracy,0.20499100699817063,4.405507873001625,0.2857142857142857,0.5213178294573644,0.33962264150943394,0.20930232558139536,0.8333333333333334,0.6356589147286822,0.914535320953631,0.38490093577702444,0.10724301489630274,/opt/tabr1_results/per_cancer/extreme_os/HNSCC/repeat_04_fold_01/tabpfn_v2_5/test_predictions.csv,,,
per_cancer,extreme_os,HNSCC,4,1,tabpfn_v2_6,156,39,49,success,0.9441009163856506,validation split balanced accuracy,0.2805001889973937,4.59224710199851,0.3469387755102041,0.4844961240310077,0.4482758620689655,0.3023255813953488,0.6666666666666666,0.6395348837209303,0.9133257171462571,0.3835413565935674,0.10765192719171503,/opt/tabr1_results/per_cancer/extreme_os/HNSCC/repeat_04_fold_01/tabpfn_v2_6/test_predictions.csv,,,
per_cancer,extreme_os,HNSCC,4,1,tabpfn_v3,156,39,49,success,0.9630230069160461,validation split balanced accuracy,0.5139409129988053,4.040953149000416,0.3673469387755102,0.5678294573643411,0.45614035087719296,0.3023255813953488,0.8333333333333334,0.6627906976744186,0.9212493930490281,0.38739199331598595,0.1080451227334968,/opt/tabr1_results/per_cancer/extreme_os/HNSCC/repeat_04_fold_01/tabpfn_v3/test_predictions.csv,,,
per_cancer,extreme_os,HNSCC,4,1,tabfm_default,156,39,49,success,0.9523382782936096,validation split balanced accuracy,0.012952428998687537,2.5316588269997737,0.32653061224489793,0.4728682170542635,0.42105263157894735,0.27906976744186046,0.6666666666666666,0.686046511627907,0.9292216705152094,0.35897256965374924,0.10070760225130704,/opt/tabr1_results/per_cancer/extreme_os/HNSCC/repeat_04_fold_01/tabfm_default/test_predictions.csv,,,
per_cancer,extreme_os,HNSCC,4,1,autogluon,156,39,49,success,0.836193323135376,validation split balanced accuracy,3.6669392219992005,0.018395588998828316,0.7142857142857143,0.622093023255814,0.8205128205128205,0.7441860465116279,0.5,0.686046511627907,0.9454729546802353,0.35279943219268706,0.10395772463799463,/opt/tabr1_results/per_cancer/extreme_os/HNSCC/repeat_04_fold_01/autogluon/test_predictions.csv,,,
per_cancer,extreme_os,HNSCC,4,2,tabpfn_v2,156,40,48,success,0.9144408702850342,validation split balanced accuracy,0.19379156199647696,3.696950443998503,0.375,0.6341463414634146,0.4230769230769231,0.2682926829268293,1.0,0.6062717770034843,0.9156059055469691,0.39729570258360275,0.12114813038064869,/opt/tabr1_results/per_cancer/extreme_os/HNSCC/repeat_04_fold_02/tabpfn_v2/test_predictions.csv,,,
per_cancer,extreme_os,HNSCC,4,2,tabpfn_v2_5,156,40,48,success,0.8638174533843994,validation split balanced accuracy,0.23600169500059565,4.473755662002077,0.5833333333333334,0.519163763066202,0.7142857142857143,0.6097560975609756,0.42857142857142855,0.5853658536585367,0.9134081847629741,0.4204529755753865,0.1286829736218175,/opt/tabr1_results/per_cancer/extreme_os/HNSCC/repeat_04_fold_02/tabpfn_v2_5/test_predictions.csv,,,
per_cancer,extreme_os,HNSCC,4,2,tabpfn_v2_6,156,40,48,success,0.883529782295227,validation split balanced accuracy,0.283624013998633,4.568284831002529,0.4791666666666667,0.5174216027874564,0.6031746031746031,0.4634146341463415,0.5714285714285714,0.6062717770034843,0.9155664426228299,0.3985853966704251,0.12253002162960969,/opt/tabr1_results/per_cancer/extreme_os/HNSCC/repeat_04_fold_02/tabpfn_v2_6/test_predictions.csv,,,
per_cancer,extreme_os,HNSCC,4,2,tabpfn_v3,156,40,48,success,0.9005669951438904,validation split balanced accuracy,0.5225645290011016,4.18311188199732,0.4791666666666667,0.6951219512195121,0.5614035087719298,0.3902439024390244,1.0,0.6724738675958188,0.935269290714271,0.38272022882927276,0.11821598568918452,/opt/tabr1_results/per_cancer/extreme_os/HNSCC/repeat_04_fold_02/tabpfn_v3/test_predictions.csv,,,
per_cancer,extreme_os,HNSCC,4,2,tabfm_default,156,40,48,success,0.8804320693016052,validation split balanced accuracy,0.013102156997774728,2.586614103998727,0.6041666666666666,0.5905923344947734,0.7246376811594203,0.6097560975609756,0.5714285714285714,0.686411149825784,0.9265597293274541,0.3678147971868104,0.1094879029998684,/opt/tabr1_results/per_cancer/extreme_os/HNSCC/repeat_04_fold_02/tabfm_default/test_predictions.csv,,,
per_cancer,extreme_os,HNSCC,4,2,autogluon,156,40,48,success,0.8522340655326843,validation split balanced accuracy,3.7181450749994838,0.017506146999949124,0.8333333333333334,0.5470383275261324,0.9069767441860465,0.9512195121951219,0.14285714285714285,0.6480836236933799,0.8962796448240979,0.409466442561385,0.12308810237351331,/opt/tabr1_results/per_cancer/extreme_os/HNSCC/repeat_04_fold_02/autogluon/test_predictions.csv,,,
per_cancer,extreme_os,HNSCC,4,3,tabpfn_v2,156,39,49,success,0.762171745300293,validation split balanced accuracy,0.19254106099833734,3.649493976001395,0.8367346938775511,0.5476190476190476,0.9090909090909091,0.9523809523809523,0.14285714285714285,0.8367346938775511,0.9724799256610538,0.3571551956050025,0.1114413913001301,/opt/tabr1_results/per_cancer/extreme_os/HNSCC/repeat_04_fold_03/tabpfn_v2/test_predictions.csv,,,
per_cancer,extreme_os,HNSCC,4,3,tabpfn_v2_5,156,39,49,success,0.8093463778495789,validation split balanced accuracy,0.23192295800254215,4.307173379998858,0.8163265306122449,0.5952380952380952,0.8941176470588236,0.9047619047619048,0.2857142857142857,0.6904761904761905,0.9366137060779041,0.38629676214090936,0.11765271529363323,/opt/tabr1_results/per_cancer/extreme_os/HNSCC/repeat_04_fold_03/tabpfn_v2_5/test_predictions.csv,,,
per_cancer,extreme_os,HNSCC,4,3,tabpfn_v2_6,156,39,49,success,0.8633192181587219,validation split balanced accuracy,0.28180329899987555,4.506546893000632,0.6530612244897959,0.6190476190476191,0.7671232876712328,0.6666666666666666,0.5714285714285714,0.6836734693877551,0.9371462772529248,0.37948034719477536,0.11748393886593173,/opt/tabr1_results/per_cancer/extreme_os/HNSCC/repeat_04_fold_03/tabpfn_v2_6/test_predictions.csv,,,
per_cancer,extreme_os,HNSCC,4,3,tabpfn_v3,156,39,49,success,0.8000817894935608,validation split balanced accuracy,0.5164349620026769,3.9701705940024112,0.7959183673469388,0.5238095238095238,0.8837209302325582,0.9047619047619048,0.14285714285714285,0.7142857142857143,0.9447331035872331,0.37849266119617103,0.11651707081000205,/opt/tabr1_results/per_cancer/extreme_os/HNSCC/repeat_04_fold_03/tabpfn_v3/test_predictions.csv,,,
per_cancer,extreme_os,HNSCC,4,3,tabfm_default,156,39,49,success,0.8748396039009094,validation split balanced accuracy,0.012654081001528539,2.3810576390023925,0.6938775510204082,0.5833333333333334,0.8051948051948052,0.7380952380952381,0.42857142857142855,0.717687074829932,0.9502310859977351,0.4079462679677365,0.12821061917393653,/opt/tabr1_results/per_cancer/extreme_os/HNSCC/repeat_04_fold_03/tabfm_default/test_predictions.csv,,,
per_cancer,extreme_os,HNSCC,4,3,autogluon,156,39,49,success,0.9310687184333801,validation split balanced accuracy,3.7082300889996986,0.017732378997607157,0.42857142857142855,0.6071428571428571,0.5172413793103449,0.35714285714285715,0.8571428571428571,0.7278911564625851,0.9377286726340389,0.38004947374604675,0.11832887137831787,/opt/tabr1_results/per_cancer/extreme_os/HNSCC/repeat_04_fold_03/autogluon/test_predictions.csv,,,
per_cancer,extreme_os,HNSCC,4,4,tabpfn_v2,156,39,49,success,0.9203526973724365,validation split balanced accuracy,0.17299339799865265,3.8001050599996233,0.40816326530612246,0.6547619047619048,0.4727272727272727,0.30952380952380953,1.0,0.7312925170068026,0.9510216019234976,0.37598894309138514,0.11600641490449189,/opt/tabr1_results/per_cancer/extreme_os/HNSCC/repeat_04_fold_04/tabpfn_v2/test_predictions.csv,,,
per_cancer,extreme_os,HNSCC,4,4,tabpfn_v2_5,156,39,49,success,0.8574038147926331,validation split balanced accuracy,0.20087037299890653,4.335030666999955,0.673469387755102,0.5119047619047619,0.7948717948717948,0.7380952380952381,0.2857142857142857,0.6326530612244898,0.9200863922003724,0.40146633352744865,0.11993782439834148,/opt/tabr1_results/per_cancer/extreme_os/HNSCC/repeat_04_fold_04/tabpfn_v2_5/test_predictions.csv,,,
per_cancer,extreme_os,HNSCC,4,4,tabpfn_v2_6,156,39,49,success,0.9009855389595032,validation split balanced accuracy,0.28209788399908575,4.602658026000427,0.6326530612244898,0.7261904761904762,0.7352941176470589,0.5952380952380952,0.8571428571428571,0.6904761904761905,0.942273560177149,0.3799255835942428,0.11993974328600554,/opt/tabr1_results/per_cancer/extreme_os/HNSCC/repeat_04_fold_04/tabpfn_v2_6/test_predictions.csv,,,
per_cancer,extreme_os,HNSCC,4,4,tabpfn_v3,156,39,49,success,0.9070146083831787,validation split balanced accuracy,0.5160052219980571,4.10484801200073,0.5714285714285714,0.6904761904761905,0.676923076923077,0.5238095238095238,0.8571428571428571,0.697278911564626,0.9405209628806042,0.3783762120117992,0.11704176751828907,/opt/tabr1_results/per_cancer/extreme_os/HNSCC/repeat_04_fold_04/tabpfn_v3/test_predictions.csv,,,
per_cancer,extreme_os,HNSCC,4,4,tabfm_default,156,39,49,success,0.9661275148391724,validation split balanced accuracy,0.012772246001986787,2.379235927000991,0.3673469387755102,0.6309523809523809,0.41509433962264153,0.2619047619047619,1.0,0.6428571428571429,0.926806208743601,0.4015911940042888,0.11633720976291213,/opt/tabr1_results/per_cancer/extreme_os/HNSCC/repeat_04_fold_04/tabfm_default/test_predictions.csv,,,
per_cancer,extreme_os,HNSCC,4,4,autogluon,156,39,49,success,0.9614515900611877,validation split balanced accuracy,3.714663467999344,0.0060312529967632145,0.6326530612244898,0.6071428571428572,0.75,0.6428571428571429,0.5714285714285714,0.6428571428571429,0.9271848765096408,0.47769465814287,0.13131160576551365,/opt/tabr1_results/per_cancer/extreme_os/HNSCC/repeat_04_fold_04/autogluon/test_predictions.csv,,,
per_cancer,extreme_os,LSCC,0,0,tabpfn_v2,142,36,44,success,0.8393559455871582,validation split balanced accuracy,0.17012822900142055,3.8105114019999746,0.5681818181818182,0.6510416666666667,0.6122448979591837,0.46875,0.8333333333333334,0.6744791666666666,0.8409152830746756,0.5815019719037248,0.1970486036431622,/opt/tabr1_results/per_cancer/extreme_os/LSCC/repeat_00_fold_00/tabpfn_v2/test_predictions.csv,,,
per_cancer,extreme_os,LSCC,0,0,tabpfn_v2_5,142,36,44,success,0.8577436208724976,validation split balanced accuracy,0.22809150199827855,4.572473027998058,0.6136363636363636,0.7083333333333333,0.6530612244897959,0.5,0.9166666666666666,0.6875,0.8298717397757162,0.5790269938581892,0.1952707540164642,/opt/tabr1_results/per_cancer/extreme_os/LSCC/repeat_00_fold_00/tabpfn_v2_5/test_predictions.csv,,,
per_cancer,extreme_os,LSCC,0,0,tabpfn_v2_6,142,36,44,success,0.804370641708374,validation split balanced accuracy,0.2761197309991985,4.594809932998032,0.6363636363636364,0.6979166666666667,0.6923076923076923,0.5625,0.8333333333333334,0.6692708333333334,0.8468467011957022,0.5747413169431695,0.19566644275894696,/opt/tabr1_results/per_cancer/extreme_os/LSCC/repeat_00_fold_00/tabpfn_v2_6/test_predictions.csv,,,
per_cancer,extreme_os,LSCC,0,0,tabpfn_v3,142,36,44,success,0.8142255544662476,validation split balanced accuracy,0.5122376489998715,3.9838534809969133,0.6136363636363636,0.6822916666666667,0.6666666666666666,0.53125,0.8333333333333334,0.6666666666666667,0.855347701563528,0.5766258059530575,0.19745102392716737,/opt/tabr1_results/per_cancer/extreme_os/LSCC/repeat_00_fold_00/tabpfn_v3/test_predictions.csv,,,
per_cancer,extreme_os,LSCC,0,0,tabfm_default,142,36,44,success,0.877663254737854,validation split balanced accuracy,0.012744867999572307,2.686748844000249,0.5,0.6302083333333333,0.5,0.34375,0.9166666666666666,0.6302083333333333,0.8150558159903708,0.6094645260779158,0.2056141975393052,/opt/tabr1_results/per_cancer/extreme_os/LSCC/repeat_00_fold_00/tabfm_default/test_predictions.csv,,,
per_cancer,extreme_os,LSCC,0,0,autogluon,142,36,44,success,0.8140518665313721,validation split balanced accuracy,3.7393247820000397,0.017557385999680264,0.5681818181818182,0.6510416666666667,0.6122448979591837,0.46875,0.8333333333333334,0.6276041666666667,0.8161712813115676,0.5934405644916829,0.20098162588295576,/opt/tabr1_results/per_cancer/extreme_os/LSCC/repeat_00_fold_00/autogluon/test_predictions.csv,,,
per_cancer,extreme_os,LSCC,0,1,tabpfn_v2,142,36,44,success,0.792427659034729,validation split balanced accuracy,0.19023322100110818,3.6123428190003324,0.5227272727272727,0.515625,0.6181818181818182,0.53125,0.5,0.5403645833333333,0.7641141685403402,0.6170727254899446,0.2040735081660219,/opt/tabr1_results/per_cancer/extreme_os/LSCC/repeat_00_fold_01/tabpfn_v2/test_predictions.csv,,,
per_cancer,extreme_os,LSCC,0,1,tabpfn_v2_5,142,36,44,success,0.8216222524642944,validation split balanced accuracy,0.22948849300155416,4.579382111001905,0.5227272727272727,0.5677083333333333,0.5882352941176471,0.46875,0.6666666666666666,0.5611979166666666,0.7759595930600304,0.6226394585156623,0.20313428624767982,/opt/tabr1_results/per_cancer/extreme_os/LSCC/repeat_00_fold_01/tabpfn_v2_5/test_predictions.csv,,,
per_cancer,extreme_os,LSCC,0,1,tabpfn_v2_6,142,36,44,success,0.8420593738555908,validation split balanced accuracy,0.27819493399874773,4.715787514000112,0.4318181818181818,0.53125,0.4444444444444444,0.3125,0.75,0.51953125,0.7454691193870001,0.8629417708326951,0.2121155474372581,/opt/tabr1_results/per_cancer/extreme_os/LSCC/repeat_00_fold_01/tabpfn_v2_6/test_predictions.csv,,,
per_cancer,extreme_os,LSCC,0,1,tabpfn_v3,142,36,44,success,0.7991516590118408,validation split balanced accuracy,0.5125852300006954,4.004287206000299,0.5,0.5260416666666667,0.5769230769230769,0.46875,0.5833333333333334,0.5611979166666667,0.7803627499922946,0.7921623260677951,0.20579211006057221,/opt/tabr1_results/per_cancer/extreme_os/LSCC/repeat_00_fold_01/tabpfn_v3/test_predictions.csv,,,
per_cancer,extreme_os,LSCC,0,1,tabfm_default,142,36,44,success,0.8523901700973511,validation split balanced accuracy,0.012760579000314465,2.5543894990005356,0.4772727272727273,0.5364583333333333,0.5306122448979592,0.40625,0.6666666666666666,0.5638020833333334,0.7753073339113835,0.7198571926924019,0.20517320540027048,/opt/tabr1_results/per_cancer/extreme_os/LSCC/repeat_00_fold_01/tabfm_default/test_predictions.csv,,,
per_cancer,extreme_os,LSCC,0,1,autogluon,142,36,44,success,0.8092641234397888,validation split balanced accuracy,3.7599436509990483,0.004833144001167966,0.5,0.47395833333333337,0.6071428571428571,0.53125,0.4166666666666667,0.45182291666666663,0.7264472090749865,0.6549694755781506,0.22239212511592432,/opt/tabr1_results/per_cancer/extreme_os/LSCC/repeat_00_fold_01/autogluon/test_predictions.csv,,,
per_cancer,extreme_os,LSCC,0,2,tabpfn_v2,142,35,45,success,0.7355130910873413,validation split balanced accuracy,0.18830716500087874,3.795840404996852,0.6666666666666666,0.5,0.7887323943661971,0.7777777777777778,0.2222222222222222,0.6203703703703703,0.8942869807207696,0.4774445319986288,0.1554754247335473,/opt/tabr1_results/per_cancer/extreme_os/LSCC/repeat_00_fold_02/tabpfn_v2/test_predictions.csv,,,
per_cancer,extreme_os,LSCC,0,2,tabpfn_v2_5,142,35,45,success,0.6719631552696228,validation split balanced accuracy,0.22349431100155925,4.550841861997469,0.7777777777777778,0.4861111111111111,0.875,0.9722222222222222,0.0,0.558641975308642,0.8717275796367132,0.4862904512150885,0.15846546925880634,/opt/tabr1_results/per_cancer/extreme_os/LSCC/repeat_00_fold_02/tabpfn_v2_5/test_predictions.csv,,,
per_cancer,extreme_os,LSCC,0,2,tabpfn_v2_6,142,35,45,success,0.6882755756378174,validation split balanced accuracy,0.27554299700204865,4.6236400620000495,0.7555555555555555,0.5555555555555556,0.8533333333333334,0.8888888888888888,0.2222222222222222,0.5679012345679013,0.8616358842070992,0.48352172134025617,0.15709796251274788,/opt/tabr1_results/per_cancer/extreme_os/LSCC/repeat_00_fold_02/tabpfn_v2_6/test_predictions.csv,,,
per_cancer,extreme_os,LSCC,0,2,tabpfn_v3,142,35,45,success,0.7022483944892883,validation split balanced accuracy,0.5074538570006553,4.373828424999374,0.7555555555555555,0.5138888888888888,0.8571428571428571,0.9166666666666666,0.1111111111111111,0.5709876543209876,0.8683252333470262,0.48207696894035484,0.15736452621274438,/opt/tabr1_results/per_cancer/extreme_os/LSCC/repeat_00_fold_02/tabpfn_v3/test_predictions.csv,,,
per_cancer,extreme_os,LSCC,0,2,tabfm_default,142,35,45,success,0.8204054236412048,validation split balanced accuracy,0.012709765000181505,2.743395163997775,0.4444444444444444,0.48611111111111116,0.5454545454545454,0.4166666666666667,0.5555555555555556,0.5679012345679013,0.8509899672749992,0.48881518348760344,0.15821098144580614,/opt/tabr1_results/per_cancer/extreme_os/LSCC/repeat_00_fold_02/tabfm_default/test_predictions.csv,,,
per_cancer,extreme_os,LSCC,0,2,autogluon,142,35,45,success,0.7747048735618591,validation split balanced accuracy,3.6849882749993412,0.01744617500298773,0.6,0.5833333333333334,0.7096774193548387,0.6111111111111112,0.5555555555555556,0.6203703703703705,0.853126017520487,0.49674127834674003,0.15870538489071756,/opt/tabr1_results/per_cancer/extreme_os/LSCC/repeat_00_fold_02/autogluon/test_predictions.csv,,,
per_cancer,extreme_os,LSCC,0,3,tabpfn_v2,141,36,45,success,0.7544664740562439,validation split balanced accuracy,0.18743339299908257,3.6863431009987835,0.5333333333333333,0.65,0.6557377049180327,0.5,0.8,0.74,0.9605376350989007,0.39046741603205454,0.1119000675999218,/opt/tabr1_results/per_cancer/extreme_os/LSCC/repeat_00_fold_03/tabpfn_v2/test_predictions.csv,,,
per_cancer,extreme_os,LSCC,0,3,tabpfn_v2_5,141,36,45,success,0.7414926290512085,validation split balanced accuracy,0.22757885600003647,4.502361591999943,0.6888888888888889,0.7375,0.7941176470588235,0.675,0.8,0.78,0.9678787625637821,0.3837090428693675,0.10950182425909548,/opt/tabr1_results/per_cancer/extreme_os/LSCC/repeat_00_fold_03/tabpfn_v2_5/test_predictions.csv,,,
per_cancer,extreme_os,LSCC,0,3,tabpfn_v2_6,141,36,45,success,0.7350817918777466,validation split balanced accuracy,0.2758365549998416,4.7547591059992556,0.6222222222222222,0.6125,0.746268656716418,0.625,0.6,0.65,0.9484570043447472,0.3846501158712142,0.11339924991288142,/opt/tabr1_results/per_cancer/extreme_os/LSCC/repeat_00_fold_03/tabpfn_v2_6/test_predictions.csv,,,
per_cancer,extreme_os,LSCC,0,3,tabpfn_v3,141,36,45,success,0.7486765384674072,validation split balanced accuracy,0.5149870489985915,4.206467959997099,0.4888888888888889,0.7125,0.5964912280701754,0.425,1.0,0.705,0.9602891690742572,0.38950503454409174,0.11392234334067015,/opt/tabr1_results/per_cancer/extreme_os/LSCC/repeat_00_fold_03/tabpfn_v3/test_predictions.csv,,,
per_cancer,extreme_os,LSCC,0,3,tabfm_default,141,36,45,success,0.784722626209259,validation split balanced accuracy,0.01273409100031131,2.3477120699972147,0.4444444444444444,0.6875,0.5454545454545454,0.375,1.0,0.7725,0.9692956730628591,0.3831534419381287,0.11020460388413598,/opt/tabr1_results/per_cancer/extreme_os/LSCC/repeat_00_fold_03/tabfm_default/test_predictions.csv,,,
per_cancer,extreme_os,LSCC,0,3,autogluon,141,36,45,success,0.8893969655036926,validation split balanced accuracy,3.764696971000376,0.018534912000177428,0.3111111111111111,0.525,0.39215686274509803,0.25,0.8,0.705,0.9461560317760813,0.40273647626033193,0.12281695823998676,/opt/tabr1_results/per_cancer/extreme_os/LSCC/repeat_00_fold_03/autogluon/test_predictions.csv,,,
per_cancer,extreme_os,LSCC,0,4,tabpfn_v2,142,36,44,success,0.8177992105484009,validation split balanced accuracy,0.23422755999854417,2.806728129999101,0.5,0.5571428571428572,0.5217391304347826,0.4,0.7142857142857143,0.5880952380952381,0.7747999013057613,0.6550937867778458,0.22828284540228855,/opt/tabr1_results/per_cancer/extreme_os/LSCC/repeat_00_fold_04/tabpfn_v2/test_predictions.csv,,,
per_cancer,extreme_os,LSCC,0,4,tabpfn_v2_5,142,36,44,success,0.810218870639801,validation split balanced accuracy,0.24925113700010115,4.626792127000954,0.5681818181818182,0.530952380952381,0.6666666666666666,0.6333333333333333,0.42857142857142855,0.6047619047619047,0.7990190816807126,0.6584531881196132,0.22915368036975342,/opt/tabr1_results/per_cancer/extreme_os/LSCC/repeat_00_fold_04/tabpfn_v2_5/test_predictions.csv,,,
per_cancer,extreme_os,LSCC,0,4,tabpfn_v2_6,142,36,44,success,0.8100380301475525,validation split balanced accuracy,0.3176655120005307,4.741439668003295,0.5909090909090909,0.5857142857142856,0.6666666666666666,0.6,0.5714285714285714,0.6190476190476191,0.7891555349629026,0.6621122297551626,0.2286196879175385,/opt/tabr1_results/per_cancer/extreme_os/LSCC/repeat_00_fold_04/tabpfn_v2_6/test_predictions.csv,,,
per_cancer,extreme_os,LSCC,0,4,tabpfn_v3,142,36,44,success,0.8534467816352844,validation split balanced accuracy,0.5734908830017957,4.085223688998667,0.4090909090909091,0.5095238095238095,0.35,0.23333333333333334,0.7857142857142857,0.6523809523809523,0.7440375289130319,0.6710322213563793,0.23260673001130147,/opt/tabr1_results/per_cancer/extreme_os/LSCC/repeat_00_fold_04/tabpfn_v3/test_predictions.csv,,,
per_cancer,extreme_os,LSCC,0,4,tabfm_default,142,36,44,success,0.6952230334281921,validation split balanced accuracy,0.012960764001036296,2.3055806550000852,0.6818181818181818,0.5190476190476191,0.8055555555555556,0.9666666666666667,0.07142857142857142,0.42380952380952386,0.6699313981081693,0.6846767948448014,0.2347760261775077,/opt/tabr1_results/per_cancer/extreme_os/LSCC/repeat_00_fold_04/tabfm_default/test_predictions.csv,,,
per_cancer,extreme_os,LSCC,0,4,autogluon,142,36,44,success,0.6752416491508484,validation split balanced accuracy,3.4586571410000033,0.0058198979968437925,0.5909090909090909,0.4523809523809524,0.7352941176470589,0.8333333333333334,0.07142857142857142,0.5047619047619047,0.7412248917553323,0.7486429175665852,0.253544133243135,/opt/tabr1_results/per_cancer/extreme_os/LSCC/repeat_00_fold_04/autogluon/test_predictions.csv,,,
per_cancer,extreme_os,LSCC,1,0,tabpfn_v2,142,35,45,success,0.7938440442085266,validation split balanced accuracy,0.23198205299922847,2.829150932997436,0.37777777777777777,0.5285714285714286,0.391304347826087,0.2571428571428571,0.8,0.5228571428571428,0.8251332225475941,0.505546267446633,0.16658140373105712,/opt/tabr1_results/per_cancer/extreme_os/LSCC/repeat_01_fold_00/tabpfn_v2/test_predictions.csv,,,
per_cancer,extreme_os,LSCC,1,0,tabpfn_v2_5,142,35,45,success,0.8068115711212158,validation split balanced accuracy,0.2506942500003788,4.4408896620007,0.4222222222222222,0.5214285714285714,0.48,0.34285714285714286,0.7,0.5257142857142857,0.8426015125075415,0.509244422937117,0.1678158206684262,/opt/tabr1_results/per_cancer/extreme_os/LSCC/repeat_01_fold_00/tabpfn_v2_5/test_predictions.csv,,,
per_cancer,extreme_os,LSCC,1,0,tabpfn_v2_6,142,35,45,success,0.8054837584495544,validation split balanced accuracy,0.31874231799884,4.635808137998538,0.37777777777777777,0.42142857142857143,0.46153846153846156,0.34285714285714286,0.5,0.4257142857142857,0.7772416735282881,0.5454812088828966,0.18022367731212527,/opt/tabr1_results/per_cancer/extreme_os/LSCC/repeat_01_fold_00/tabpfn_v2_6/test_predictions.csv,,,
per_cancer,extreme_os,LSCC,1,0,tabpfn_v3,142,35,45,success,0.807282567024231,validation split balanced accuracy,0.5783619430003455,4.37806144699789,0.35555555555555557,0.5142857142857143,0.35555555555555557,0.22857142857142856,0.8,0.4685714285714285,0.8029925943130821,0.5155160271812987,0.1707738154537749,/opt/tabr1_results/per_cancer/extreme_os/LSCC/repeat_01_fold_00/tabpfn_v3/test_predictions.csv,,,
per_cancer,extreme_os,LSCC,1,0,tabfm_default,142,35,45,success,0.8059039115905762,validation split balanced accuracy,0.012670778000028804,2.3436938040031237,0.6,0.5285714285714286,0.71875,0.6571428571428571,0.4,0.4714285714285714,0.7966694402002319,0.5263890879641931,0.17416325020146026,/opt/tabr1_results/per_cancer/extreme_os/LSCC/repeat_01_fold_00/tabfm_default/test_predictions.csv,,,
per_cancer,extreme_os,LSCC,1,0,autogluon,142,35,45,success,0.7877083420753479,validation split balanced accuracy,3.4457198019990756,0.005701504000171553,0.4222222222222222,0.45,0.5185185185185185,0.4,0.5,0.4342857142857143,0.803087385238113,0.5882891472738355,0.19477843822112256,/opt/tabr1_results/per_cancer/extreme_os/LSCC/repeat_01_fold_00/autogluon/test_predictions.csv,,,
per_cancer,extreme_os,LSCC,1,1,tabpfn_v2,142,36,44,success,0.798259973526001,validation split balanced accuracy,0.21432852699945215,2.798012346000178,0.3409090909090909,0.6081081081081081,0.35555555555555557,0.21621621621621623,1.0,0.5675675675675675,0.8956288379269386,0.45062364920043313,0.13893979288024327,/opt/tabr1_results/per_cancer/extreme_os/LSCC/repeat_01_fold_01/tabpfn_v2/test_predictions.csv,,,
per_cancer,extreme_os,LSCC,1,1,tabpfn_v2_5,142,36,44,success,0.8112372159957886,validation split balanced accuracy,0.2794445569998061,4.667430295001395,0.29545454545454547,0.5810810810810811,0.27906976744186046,0.16216216216216217,1.0,0.5675675675675675,0.8808554284122654,0.4484802884613259,0.1378250063042522,/opt/tabr1_results/per_cancer/extreme_os/LSCC/repeat_01_fold_01/tabpfn_v2_5/test_predictions.csv,,,
per_cancer,extreme_os,LSCC,1,1,tabpfn_v2_6,142,36,44,success,0.7628353238105774,validation split balanced accuracy,0.31935385999895516,4.747618063000118,0.5,0.6447876447876448,0.5925925925925926,0.43243243243243246,0.8571428571428571,0.6872586872586872,0.9293231047964222,0.43607200138926383,0.13419113855765155,/opt/tabr1_results/per_cancer/extreme_os/LSCC/repeat_01_fold_01/tabpfn_v2_6/test_predictions.csv,,,
per_cancer,extreme_os,LSCC,1,1,tabpfn_v3,142,36,44,success,0.7685853242874146,validation split balanced accuracy,0.5745462420018157,4.006927182999789,0.5227272727272727,0.6003861003861004,0.631578947368421,0.4864864864864865,0.7142857142857143,0.6061776061776062,0.9152126819775548,0.4501037203380829,0.13824296976538877,/opt/tabr1_results/per_cancer/extreme_os/LSCC/repeat_01_fold_01/tabpfn_v3/test_predictions.csv,,,
per_cancer,extreme_os,LSCC,1,1,tabfm_default,142,36,44,success,0.7890893220901489,validation split balanced accuracy,0.013109294999594567,2.3792657289995987,0.4090909090909091,0.5907335907335907,0.48,0.32432432432432434,0.8571428571428571,0.6853281853281854,0.9230587316103651,0.4387395114740393,0.1361761260992303,/opt/tabr1_results/per_cancer/extreme_os/LSCC/repeat_01_fold_01/tabfm_default/test_predictions.csv,,,
per_cancer,extreme_os,LSCC,1,1,autogluon,142,36,44,success,0.7149220705032349,validation split balanced accuracy,3.531615392999811,0.006681228998786537,0.7727272727272727,0.6332046332046332,0.8611111111111112,0.8378378378378378,0.42857142857142855,0.7104247104247104,0.9166850112001078,0.4225657809917177,0.12683703690901316,/opt/tabr1_results/per_cancer/extreme_os/LSCC/repeat_01_fold_01/autogluon/test_predictions.csv,,,
per_cancer,extreme_os,LSCC,1,2,tabpfn_v2,142,36,44,success,0.8459408283233643,validation split balanced accuracy,0.23575837799944566,2.9701873599988176,0.4318181818181818,0.5303030303030303,0.46808510638297873,0.3333333333333333,0.7272727272727273,0.5661157024793388,0.7873881256272726,0.5903152920360777,0.1888823828010305,/opt/tabr1_results/per_cancer/extreme_os/LSCC/repeat_01_fold_02/tabpfn_v2/test_predictions.csv,,,
per_cancer,extreme_os,LSCC,1,2,tabpfn_v2_5,142,36,44,success,0.8102420568466187,validation split balanced accuracy,0.25610257200241904,4.639370782999322,0.5,0.48484848484848486,0.6071428571428571,0.5151515151515151,0.45454545454545453,0.47796143250688705,0.7580764062599272,0.6119429253040223,0.19618287976630586,/opt/tabr1_results/per_cancer/extreme_os/LSCC/repeat_01_fold_02/tabpfn_v2_5/test_predictions.csv,,,
per_cancer,extreme_os,LSCC,1,2,tabpfn_v2_6,142,36,44,success,0.8385891318321228,validation split balanced accuracy,0.32082291999904555,4.706826081001054,0.4090909090909091,0.48484848484848486,0.4583333333333333,0.3333333333333333,0.6363636363636364,0.49449035812672176,0.7637196754603144,0.7249339462479628,0.20318130277310098,/opt/tabr1_results/per_cancer/extreme_os/LSCC/repeat_01_fold_02/tabpfn_v2_6/test_predictions.csv,,,
per_cancer,extreme_os,LSCC,1,2,tabpfn_v3,142,36,44,success,0.8082067370414734,validation split balanced accuracy,0.5802180000027874,3.9369717330009735,0.5,0.48484848484848486,0.6071428571428571,0.5151515151515151,0.45454545454545453,0.49449035812672176,0.7510125664183973,0.6337351212197718,0.19661096636896325,/opt/tabr1_results/per_cancer/extreme_os/LSCC/repeat_01_fold_02/tabpfn_v3/test_predictions.csv,,,
per_cancer,extreme_os,LSCC,1,2,tabfm_default,142,36,44,success,0.8031737804412842,validation split balanced accuracy,0.012778559001162648,2.334056531999522,0.5681818181818182,0.46969696969696967,0.6984126984126984,0.6666666666666666,0.2727272727272727,0.4986225895316805,0.7588439629632735,0.6385387144243674,0.1953677917636619,/opt/tabr1_results/per_cancer/extreme_os/LSCC/repeat_01_fold_02/tabfm_default/test_predictions.csv,,,
per_cancer,extreme_os,LSCC,1,2,autogluon,142,36,44,success,0.861667275428772,validation split balanced accuracy,3.663932063001994,0.006402466999134049,0.5454545454545454,0.5454545454545454,0.6428571428571429,0.5454545454545454,0.5454545454545454,0.5055096418732783,0.746897885008357,0.8684574393273201,0.24695015537412154,/opt/tabr1_results/per_cancer/extreme_os/LSCC/repeat_01_fold_02/autogluon/test_predictions.csv,,,
per_cancer,extreme_os,LSCC,1,3,tabpfn_v2,141,36,45,success,0.8099850416183472,validation split balanced accuracy,0.21695731399813667,2.9002310679970833,0.4222222222222222,0.4833333333333333,0.4090909090909091,0.3,0.6666666666666666,0.47555555555555556,0.702752062411618,0.6867118885002805,0.24059328339444058,/opt/tabr1_results/per_cancer/extreme_os/LSCC/repeat_01_fold_03/tabpfn_v2/test_predictions.csv,,,
per_cancer,extreme_os,LSCC,1,3,tabpfn_v2_5,141,36,45,success,0.8182580471038818,validation split balanced accuracy,0.2773344250017544,4.840242504000344,0.4222222222222222,0.5666666666666667,0.23529411764705882,0.13333333333333333,1.0,0.5511111111111111,0.7287719215638213,0.6881084183981094,0.24104552789736305,/opt/tabr1_results/per_cancer/extreme_os/LSCC/repeat_01_fold_03/tabpfn_v2_5/test_predictions.csv,,,
per_cancer,extreme_os,LSCC,1,3,tabpfn_v2_6,141,36,45,success,0.8096736669540405,validation split balanced accuracy,0.320665610001015,4.763720054997975,0.4,0.43333333333333335,0.425531914893617,0.3333333333333333,0.5333333333333333,0.4933333333333333,0.6914871374347737,0.6838939559293263,0.24005255810432227,/opt/tabr1_results/per_cancer/extreme_os/LSCC/repeat_01_fold_03/tabpfn_v2_6/test_predictions.csv,,,
per_cancer,extreme_os,LSCC,1,3,tabpfn_v3,141,36,45,success,0.8309682011604309,validation split balanced accuracy,0.5739178040021216,4.203732321999269,0.4222222222222222,0.5666666666666667,0.23529411764705882,0.13333333333333333,1.0,0.5533333333333333,0.7303306193126373,0.6919011606190925,0.24219373062536834,/opt/tabr1_results/per_cancer/extreme_os/LSCC/repeat_01_fold_03/tabpfn_v3/test_predictions.csv,,,
per_cancer,extreme_os,LSCC,1,3,tabfm_default,141,36,45,success,0.8387972116470337,validation split balanced accuracy,0.012906730000395328,2.41948991100071,0.4,0.5333333333333333,0.22857142857142856,0.13333333333333333,0.9333333333333333,0.6388888888888888,0.7934095167715738,0.7056486485421047,0.2465630669109461,/opt/tabr1_results/per_cancer/extreme_os/LSCC/repeat_01_fold_03/tabfm_default/test_predictions.csv,,,
per_cancer,extreme_os,LSCC,1,3,autogluon,141,36,45,success,0.8909311294555664,validation split balanced accuracy,3.4654870630001824,0.00711937900268822,0.4888888888888889,0.5333333333333333,0.5106382978723404,0.4,0.6666666666666666,0.5488888888888889,0.7648505180071336,0.7452557845717576,0.25226212664475395,/opt/tabr1_results/per_cancer/extreme_os/LSCC/repeat_01_fold_03/autogluon/test_predictions.csv,,,
per_cancer,extreme_os,LSCC,1,4,tabpfn_v2,142,36,44,success,0.8039224147796631,validation split balanced accuracy,0.18729321499995422,3.7386660800002574,0.5909090909090909,0.6190476190476191,0.6896551724137931,0.5714285714285714,0.6666666666666666,0.7206349206349206,0.9193134843064038,0.475952514702283,0.15321362450130882,/opt/tabr1_results/per_cancer/extreme_os/LSCC/repeat_01_fold_04/tabpfn_v2/test_predictions.csv,,,
per_cancer,extreme_os,LSCC,1,4,tabpfn_v2_5,142,36,44,success,0.8027123808860779,validation split balanced accuracy,0.22284344200306805,4.684526129000005,0.6590909090909091,0.7031746031746031,0.7457627118644068,0.6285714285714286,0.7777777777777778,0.7968253968253969,0.9436913833949945,0.4531161314421654,0.14509796553371712,/opt/tabr1_results/per_cancer/extreme_os/LSCC/repeat_01_fold_04/tabpfn_v2_5/test_predictions.csv,,,
per_cancer,extreme_os,LSCC,1,4,tabpfn_v2_6,142,36,44,success,0.7964861989021301,validation split balanced accuracy,0.2762447660024918,4.565604686998995,0.5454545454545454,0.5904761904761904,0.6428571428571429,0.5142857142857142,0.6666666666666666,0.692063492063492,0.9080411048804662,0.4655540421732306,0.15150871407788682,/opt/tabr1_results/per_cancer/extreme_os/LSCC/repeat_01_fold_04/tabpfn_v2_6/test_predictions.csv,,,
per_cancer,extreme_os,LSCC,1,4,tabpfn_v3,142,36,44,success,0.7468006014823914,validation split balanced accuracy,0.5102198980021058,3.9343971080015763,0.7727272727272727,0.692063492063492,0.8529411764705882,0.8285714285714286,0.5555555555555556,0.7936507936507937,0.9470850395364763,0.4501449997773696,0.14620917816668785,/opt/tabr1_results/per_cancer/extreme_os/LSCC/repeat_01_fold_04/tabpfn_v3/test_predictions.csv,,,
per_cancer,extreme_os,LSCC,1,4,tabfm_default,142,36,44,success,0.8191229701042175,validation split balanced accuracy,0.012774302002071636,2.3333922009987873,0.5909090909090909,0.6190476190476191,0.6896551724137931,0.5714285714285714,0.6666666666666666,0.6682539682539682,0.8946464879397652,0.4821786341011412,0.15471639981797658,/opt/tabr1_results/per_cancer/extreme_os/LSCC/repeat_01_fold_04/tabfm_default/test_predictions.csv,,,
per_cancer,extreme_os,LSCC,1,4,autogluon,142,36,44,success,0.9218024611473083,validation split balanced accuracy,3.809668429999874,0.005588558997260407,0.4318181818181818,0.6428571428571428,0.4444444444444444,0.2857142857142857,1.0,0.6825396825396826,0.9176872915361511,0.47049599626234007,0.1591172452344319,/opt/tabr1_results/per_cancer/extreme_os/LSCC/repeat_01_fold_04/autogluon/test_predictions.csv,,,
per_cancer,extreme_os,LSCC,2,0,tabpfn_v2,142,36,44,success,0.8673899173736572,validation split balanced accuracy,0.18736633799926494,3.6428822279995074,0.3409090909090909,0.5735294117647058,0.2564102564102564,0.14705882352941177,1.0,0.6000000000000001,0.8642387746933539,0.5420735732089239,0.1812438671271252,/opt/tabr1_results/per_cancer/extreme_os/LSCC/repeat_02_fold_00/tabpfn_v2/test_predictions.csv,,,
per_cancer,extreme_os,LSCC,2,0,tabpfn_v2_5,142,36,44,success,0.7921018600463867,validation split balanced accuracy,0.19826869900134625,4.45914908299892,0.6590909090909091,0.6735294117647059,0.7457627118644068,0.6470588235294118,0.7,0.6558823529411765,0.8660177892647799,0.5295520193326815,0.17818641426009055,/opt/tabr1_results/per_cancer/extreme_os/LSCC/repeat_02_fold_00/tabpfn_v2_5/test_predictions.csv,,,
per_cancer,extreme_os,LSCC,2,0,tabpfn_v2_6,142,36,44,success,0.7696738839149475,validation split balanced accuracy,0.27968531099759275,4.999411570002849,0.6818181818181818,0.6882352941176471,0.7666666666666667,0.6764705882352942,0.7,0.6911764705882353,0.9022505522637212,0.5024272112865261,0.170231941689784,/opt/tabr1_results/per_cancer/extreme_os/LSCC/repeat_02_fold_00/tabpfn_v2_6/test_predictions.csv,,,
per_cancer,extreme_os,LSCC,2,0,tabpfn_v3,142,36,44,success,0.7815582156181335,validation split balanced accuracy,0.5121747960001812,3.95065293800144,0.6363636363636364,0.6588235294117647,0.7241379310344828,0.6176470588235294,0.7,0.7029411764705883,0.9029707488089039,0.5213470260635523,0.17643823592951507,/opt/tabr1_results/per_cancer/extreme_os/LSCC/repeat_02_fold_00/tabpfn_v3/test_predictions.csv,,,
per_cancer,extreme_os,LSCC,2,0,tabfm_default,142,36,44,success,0.7832525372505188,validation split balanced accuracy,0.012747479999234201,2.3232976500003133,0.5909090909090909,0.5941176470588235,0.6896551724137931,0.5882352941176471,0.6,0.65,0.8851040599191541,0.5176193957809953,0.17233384077403155,/opt/tabr1_results/per_cancer/extreme_os/LSCC/repeat_02_fold_00/tabfm_default/test_predictions.csv,,,
per_cancer,extreme_os,LSCC,2,0,autogluon,142,36,44,success,0.7373722791671753,validation split balanced accuracy,3.7151840920014365,0.017484047999460017,0.6818181818181818,0.4764705882352941,0.8055555555555556,0.8529411764705882,0.1,0.5176470588235295,0.7954670591632133,0.5397433695845243,0.17704792367830494,/opt/tabr1_results/per_cancer/extreme_os/LSCC/repeat_02_fold_00/autogluon/test_predictions.csv,,,
per_cancer,extreme_os,LSCC,2,1,tabpfn_v2,142,36,44,success,0.8153820037841797,validation split balanced accuracy,0.18810313799986034,3.7431603969998832,0.45454545454545453,0.611764705882353,0.4782608695652174,0.3235294117647059,0.9,0.5941176470588235,0.8651029671054646,0.5261706938467252,0.172826866405563,/opt/tabr1_results/per_cancer/extreme_os/LSCC/repeat_02_fold_01/tabpfn_v2/test_predictions.csv,,,
per_cancer,extreme_os,LSCC,2,1,tabpfn_v2_5,142,36,44,success,0.8344480991363525,validation split balanced accuracy,0.20045913599824416,4.443617150998762,0.38636363636363635,0.5676470588235294,0.37209302325581395,0.23529411764705882,0.9,0.573529411764706,0.8386856234251568,0.529665525026206,0.17374430241601654,/opt/tabr1_results/per_cancer/extreme_os/LSCC/repeat_02_fold_01/tabpfn_v2_5/test_predictions.csv,,,
per_cancer,extreme_os,LSCC,2,1,tabpfn_v2_6,142,36,44,success,0.8869530558586121,validation split balanced accuracy,0.2774981779984955,4.616483590998541,0.3181818181818182,0.5588235294117647,0.21052631578947367,0.11764705882352941,1.0,0.5323529411764706,0.8251921055597313,0.5270799422122413,0.17504892982252765,/opt/tabr1_results/per_cancer/extreme_os/LSCC/repeat_02_fold_01/tabpfn_v2_6/test_predictions.csv,,,
per_cancer,extreme_os,LSCC,2,1,tabpfn_v3,142,36,44,success,0.8268647193908691,validation split balanced accuracy,0.5144541720001143,3.962589917002333,0.3181818181818182,0.5235294117647059,0.25,0.14705882352941177,0.9,0.623529411764706,0.8595826557978925,0.516433906605369,0.17095014756194493,/opt/tabr1_results/per_cancer/extreme_os/LSCC/repeat_02_fold_01/tabpfn_v3/test_predictions.csv,,,
per_cancer,extreme_os,LSCC,2,1,tabfm_default,142,36,44,success,0.8660318851470947,validation split balanced accuracy,0.013020889997278573,2.533954923001147,0.36363636363636365,0.5529411764705883,0.3333333333333333,0.20588235294117646,0.9,0.5338235294117647,0.8283249841634733,0.544939986479597,0.18015382193243543,/opt/tabr1_results/per_cancer/extreme_os/LSCC/repeat_02_fold_01/tabfm_default/test_predictions.csv,,,
per_cancer,extreme_os,LSCC,2,1,autogluon,142,36,44,success,0.8338642716407776,validation split balanced accuracy,3.7652005659983843,0.0540983730024891,0.4090909090909091,0.6176470588235294,0.38095238095238093,0.23529411764705882,1.0,0.6088235294117648,0.8713856125985623,0.5134311906335212,0.17172348933852613,/opt/tabr1_results/per_cancer/extreme_os/LSCC/repeat_02_fold_01/autogluon/test_predictions.csv,,,
per_cancer,extreme_os,LSCC,2,2,tabpfn_v2,142,36,44,success,0.8806776404380798,validation split balanced accuracy,0.1860750609994284,3.625383195998438,0.3409090909090909,0.4619047619047619,0.3829787234042553,0.2571428571428571,0.6666666666666666,0.5253968253968253,0.8089034648512368,0.5720405453139686,0.17789327993680717,/opt/tabr1_results/per_cancer/extreme_os/LSCC/repeat_02_fold_02/tabpfn_v2/test_predictions.csv,,,
per_cancer,extreme_os,LSCC,2,2,tabpfn_v2_5,142,36,44,success,0.8507441282272339,validation split balanced accuracy,0.22594027900049696,4.726881026999763,0.38636363636363635,0.49047619047619045,0.4489795918367347,0.3142857142857143,0.6666666666666666,0.5222222222222223,0.8109425363506934,0.5558676336259946,0.1749750476472163,/opt/tabr1_results/per_cancer/extreme_os/LSCC/repeat_02_fold_02/tabpfn_v2_5/test_predictions.csv,,,
per_cancer,extreme_os,LSCC,2,2,tabpfn_v2_6,142,36,44,success,0.7832850813865662,validation split balanced accuracy,0.2763321780003025,4.6797661850032455,0.45454545454545453,0.4920634920634921,0.5555555555555556,0.42857142857142855,0.5555555555555556,0.49047619047619045,0.7991178441343106,0.7862949983577363,0.1786367830463842,/opt/tabr1_results/per_cancer/extreme_os/LSCC/repeat_02_fold_02/tabpfn_v2_6/test_predictions.csv,,,
per_cancer,extreme_os,LSCC,2,2,tabpfn_v3,142,36,44,success,0.8194066286087036,validation split balanced accuracy,0.5101547579979524,3.894772938998358,0.4318181818181818,0.519047619047619,0.5098039215686274,0.37142857142857144,0.6666666666666666,0.46190476190476193,0.7878933882184668,0.7331651381085478,0.17701460655381843,/opt/tabr1_results/per_cancer/extreme_os/LSCC/repeat_02_fold_02/tabpfn_v3/test_predictions.csv,,,
per_cancer,extreme_os,LSCC,2,2,tabfm_default,142,36,44,success,0.813921332359314,validation split balanced accuracy,0.012703727999905823,2.6547207760013407,0.5227272727272727,0.5349206349206349,0.631578947368421,0.5142857142857142,0.5555555555555556,0.5349206349206349,0.8199966236973397,0.6488497685063012,0.18164490371222716,/opt/tabr1_results/per_cancer/extreme_os/LSCC/repeat_02_fold_02/tabfm_default/test_predictions.csv,,,
per_cancer,extreme_os,LSCC,2,2,autogluon,142,36,44,success,0.8871968388557434,validation split balanced accuracy,3.766452633000881,0.005896653998206602,0.4318181818181818,0.3952380952380952,0.5614035087719298,0.45714285714285713,0.3333333333333333,0.4301587301587302,0.778005672891455,0.7378510819108762,0.20933896642761193,/opt/tabr1_results/per_cancer/extreme_os/LSCC/repeat_02_fold_02/autogluon/test_predictions.csv,,,
per_cancer,extreme_os,LSCC,2,3,tabpfn_v2,141,36,45,success,0.7210084795951843,validation split balanced accuracy,0.21044945899848244,2.662678541000787,0.6666666666666666,0.46875,0.8,0.9375,0.0,0.6105769230769231,0.8295144373434651,0.6017140551448222,0.2067731842230086,/opt/tabr1_results/per_cancer/extreme_os/LSCC/repeat_02_fold_03/tabpfn_v2/test_predictions.csv,,,
per_cancer,extreme_os,LSCC,2,3,tabpfn_v2_5,141,36,45,success,0.7894123792648315,validation split balanced accuracy,0.24485365599684883,4.734187082998687,0.6,0.5360576923076923,0.7096774193548387,0.6875,0.38461538461538464,0.5625,0.7951968534333809,0.6126050449448118,0.20995304547915497,/opt/tabr1_results/per_cancer/extreme_os/LSCC/repeat_02_fold_03/tabpfn_v2_5/test_predictions.csv,,,
per_cancer,extreme_os,LSCC,2,3,tabpfn_v2_6,141,36,45,success,0.7900776863098145,validation split balanced accuracy,0.3127266209994559,4.854132014999777,0.5333333333333333,0.5348557692307692,0.6181818181818182,0.53125,0.5384615384615384,0.610576923076923,0.8460677068976273,0.596326313296299,0.2066207764777303,/opt/tabr1_results/per_cancer/extreme_os/LSCC/repeat_02_fold_03/tabpfn_v2_6/test_predictions.csv,,,
per_cancer,extreme_os,LSCC,2,3,tabpfn_v3,141,36,45,success,0.8172794580459595,validation split balanced accuracy,0.5693212169971957,4.20700629500061,0.4666666666666667,0.625,0.4,0.25,1.0,0.6586538461538461,0.860986825589909,0.6045727849025955,0.2075339562154203,/opt/tabr1_results/per_cancer/extreme_os/LSCC/repeat_02_fold_03/tabpfn_v3/test_predictions.csv,,,
per_cancer,extreme_os,LSCC,2,3,tabfm_default,141,36,45,success,0.7948099970817566,validation split balanced accuracy,0.01289249799810932,2.3194471639981202,0.4,0.48677884615384615,0.4,0.28125,0.6923076923076923,0.5360576923076923,0.7680499100859081,0.6042010923018493,0.2081839421099875,/opt/tabr1_results/per_cancer/extreme_os/LSCC/repeat_02_fold_03/tabfm_default/test_predictions.csv,,,
per_cancer,extreme_os,LSCC,2,3,autogluon,141,36,45,success,0.967239499092102,validation split balanced accuracy,3.5682463089979137,0.007958046000567265,0.5111111111111111,0.5877403846153846,0.5416666666666666,0.40625,0.7692307692307693,0.5528846153846154,0.7956088849518135,0.9014986010326121,0.27859033355075097,/opt/tabr1_results/per_cancer/extreme_os/LSCC/repeat_02_fold_03/autogluon/test_predictions.csv,,,
per_cancer,extreme_os,LSCC,2,4,tabpfn_v2,142,35,45,success,0.8050565719604492,validation split balanced accuracy,0.2097372619973612,3.1518747720001556,0.4666666666666667,0.5142857142857142,0.5555555555555556,0.42857142857142855,0.6,0.5714285714285714,0.8376250686429673,0.5198898589517115,0.1694559203348793,/opt/tabr1_results/per_cancer/extreme_os/LSCC/repeat_02_fold_04/tabpfn_v2/test_predictions.csv,,,
per_cancer,extreme_os,LSCC,2,4,tabpfn_v2_5,142,35,45,success,0.8093940019607544,validation split balanced accuracy,0.2419507100021292,4.463177806999738,0.5333333333333333,0.5214285714285714,0.6440677966101694,0.5428571428571428,0.5,0.5542857142857143,0.8317097224615141,0.5257436744437354,0.17110886422059096,/opt/tabr1_results/per_cancer/extreme_os/LSCC/repeat_02_fold_04/tabpfn_v2_5/test_predictions.csv,,,
per_cancer,extreme_os,LSCC,2,4,tabpfn_v2_6,142,35,45,success,0.7864057421684265,validation split balanced accuracy,0.3111032630004047,4.713510420002422,0.4444444444444444,0.4642857142857143,0.5454545454545454,0.42857142857142855,0.5,0.5800000000000001,0.8491978932869253,0.5102563414769639,0.1681359681981054,/opt/tabr1_results/per_cancer/extreme_os/LSCC/repeat_02_fold_04/tabpfn_v2_6/test_predictions.csv,,,
per_cancer,extreme_os,LSCC,2,4,tabpfn_v3,142,35,45,success,0.8093418478965759,validation split balanced accuracy,0.5689451159996679,4.247271218002425,0.5111111111111111,0.65,0.56,0.4,0.9,0.6114285714285714,0.8601366960409652,0.5100833659275107,0.16699791979177295,/opt/tabr1_results/per_cancer/extreme_os/LSCC/repeat_02_fold_04/tabpfn_v3/test_predictions.csv,,,
per_cancer,extreme_os,LSCC,2,4,tabfm_default,142,35,45,success,0.824210524559021,validation split balanced accuracy,0.01268600600087666,2.363123925999389,0.4444444444444444,0.5357142857142857,0.5098039215686274,0.37142857142857144,0.7,0.6242857142857143,0.8659430471436653,0.5175711853947599,0.16965731265099834,/opt/tabr1_results/per_cancer/extreme_os/LSCC/repeat_02_fold_04/tabfm_default/test_predictions.csv,,,
per_cancer,extreme_os,LSCC,2,4,autogluon,142,35,45,success,0.7407099604606628,validation split balanced accuracy,3.4630708080003387,0.018050552000204334,0.6,0.5285714285714286,0.71875,0.6571428571428571,0.4,0.5571428571428572,0.8162433213380955,0.5647858755004749,0.1798948305659386,/opt/tabr1_results/per_cancer/extreme_os/LSCC/repeat_02_fold_04/autogluon/test_predictions.csv,,,
per_cancer,extreme_os,LSCC,3,0,tabpfn_v2,142,36,44,success,0.7950829267501831,validation split balanced accuracy,0.18671881000045687,3.65841090899994,0.5681818181818182,0.5606060606060606,0.6666666666666666,0.5757575757575758,0.5454545454545454,0.6143250688705234,0.7985184013897686,0.5519303228959671,0.183562826681153,/opt/tabr1_results/per_cancer/extreme_os/LSCC/repeat_03_fold_00/tabpfn_v2/test_predictions.csv,,,
per_cancer,extreme_os,LSCC,3,0,tabpfn_v2_5,142,36,44,success,0.7262514233589172,validation split balanced accuracy,0.22555205899698194,4.513434338001389,0.7272727272727273,0.6060606060606061,0.8235294117647058,0.8484848484848485,0.36363636363636365,0.5206611570247934,0.7242565734364974,0.5784956618699837,0.18818116844349567,/opt/tabr1_results/per_cancer/extreme_os/LSCC/repeat_03_fold_00/tabpfn_v2_5/test_predictions.csv,,,
per_cancer,extreme_os,LSCC,3,0,tabpfn_v2_6,142,36,44,success,0.7730575203895569,validation split balanced accuracy,0.2770188819995383,4.925063369999407,0.6136363636363636,0.5909090909090908,0.711864406779661,0.6363636363636364,0.5454545454545454,0.6088154269972452,0.8167591395535273,0.5630204795450958,0.18796420758660168,/opt/tabr1_results/per_cancer/extreme_os/LSCC/repeat_03_fold_00/tabpfn_v2_6/test_predictions.csv,,,
per_cancer,extreme_os,LSCC,3,0,tabpfn_v3,142,36,44,success,0.7703932523727417,validation split balanced accuracy,0.5118581569986418,3.9906475079988013,0.7272727272727273,0.6666666666666666,0.8125,0.7878787878787878,0.5454545454545454,0.6143250688705235,0.8226225700076212,0.5588328737435165,0.18391477251031133,/opt/tabr1_results/per_cancer/extreme_os/LSCC/repeat_03_fold_00/tabpfn_v3/test_predictions.csv,,,
per_cancer,extreme_os,LSCC,3,0,tabfm_default,142,36,44,success,0.877663254737854,validation split balanced accuracy,0.012820779997127829,2.487894502002746,0.4090909090909091,0.5151515151515151,0.43478260869565216,0.30303030303030304,0.7272727272727273,0.5537190082644629,0.7706300167271373,0.6287622800408894,0.20820610204996273,/opt/tabr1_results/per_cancer/extreme_os/LSCC/repeat_03_fold_00/tabfm_default/test_predictions.csv,,,
per_cancer,extreme_os,LSCC,3,0,autogluon,142,36,44,success,0.891080915927887,validation split balanced accuracy,3.7358379659999628,0.005321163000189699,0.5681818181818182,0.6212121212121212,0.6415094339622641,0.5151515151515151,0.7272727272727273,0.6363636363636364,0.8598956616885696,0.5793410889890022,0.19189191251865745,/opt/tabr1_results/per_cancer/extreme_os/LSCC/repeat_03_fold_00/autogluon/test_predictions.csv,,,
per_cancer,extreme_os,LSCC,3,1,tabpfn_v2,141,36,45,success,0.7887114882469177,validation split balanced accuracy,0.22763355799907004,3.0306226030006655,0.4444444444444444,0.356060606060606,0.5901639344262295,0.5454545454545454,0.16666666666666666,0.3295454545454546,0.6810083298300627,0.6576018207966563,0.2126941105760116,/opt/tabr1_results/per_cancer/extreme_os/LSCC/repeat_03_fold_01/tabpfn_v2/test_predictions.csv,,,
per_cancer,extreme_os,LSCC,3,1,tabpfn_v2_5,141,36,45,success,0.8081991076469421,validation split balanced accuracy,0.24888545200155932,4.488752438999654,0.4444444444444444,0.356060606060606,0.5901639344262295,0.5454545454545454,0.16666666666666666,0.29419191919191917,0.6676979936625187,0.6854965131273729,0.2210951586766582,/opt/tabr1_results/per_cancer/extreme_os/LSCC/repeat_03_fold_01/tabpfn_v2_5/test_predictions.csv,,,
per_cancer,extreme_os,LSCC,3,1,tabpfn_v2_6,141,36,45,success,0.8087673187255859,validation split balanced accuracy,0.3162734779980383,4.842775328997959,0.4666666666666667,0.4507575757575758,0.5714285714285714,0.48484848484848486,0.4166666666666667,0.4255050505050505,0.7155112215656698,0.7880705305631148,0.2141400956341072,/opt/tabr1_results/per_cancer/extreme_os/LSCC/repeat_03_fold_01/tabpfn_v2_6/test_predictions.csv,,,
per_cancer,extreme_os,LSCC,3,1,tabpfn_v3,141,36,45,success,0.7987036108970642,validation split balanced accuracy,0.571752263000235,4.203735717001109,0.4888888888888889,0.35984848484848486,0.6461538461538462,0.6363636363636364,0.08333333333333333,0.2840909090909091,0.6609760602756547,0.7129532158639279,0.21937193156298948,/opt/tabr1_results/per_cancer/extreme_os/LSCC/repeat_03_fold_01/tabpfn_v3/test_predictions.csv,,,
per_cancer,extreme_os,LSCC,3,1,tabfm_default,141,36,45,success,0.8099449276924133,validation split balanced accuracy,0.013171664999390487,2.632408993998979,0.5777777777777777,0.3939393939393939,0.7323943661971831,0.7878787878787878,0.0,0.38257575757575757,0.7006722058112005,0.6940227461294944,0.2167452487834164,/opt/tabr1_results/per_cancer/extreme_os/LSCC/repeat_03_fold_01/tabfm_default/test_predictions.csv,,,
per_cancer,extreme_os,LSCC,3,1,autogluon,141,36,45,success,0.7987159490585327,validation split balanced accuracy,3.428070531997946,0.00524908299848903,0.4444444444444444,0.3295454545454546,0.6031746031746031,0.5757575757575758,0.08333333333333333,0.3295454545454546,0.6757575757575758,0.5956756182546485,0.2009417511472072,/opt/tabr1_results/per_cancer/extreme_os/LSCC/repeat_03_fold_01/autogluon/test_predictions.csv,,,
per_cancer,extreme_os,LSCC,3,2,tabpfn_v2,142,36,44,success,0.7517966628074646,validation split balanced accuracy,0.1866721000005782,3.7423289100006514,0.7727272727272727,0.6911196911196911,0.8571428571428571,0.8108108108108109,0.5714285714285714,0.7374517374517375,0.9385704554214327,0.42992299931636496,0.13079534483604852,/opt/tabr1_results/per_cancer/extreme_os/LSCC/repeat_03_fold_02/tabpfn_v2/test_predictions.csv,,,
per_cancer,extreme_os,LSCC,3,2,tabpfn_v2_5,142,36,44,success,0.7883245348930359,validation split balanced accuracy,0.19687987699944642,4.614228706999711,0.6590909090909091,0.7972972972972974,0.7457627118644068,0.5945945945945946,1.0,0.8301158301158301,0.9675090178230964,0.40967258900981113,0.12459506333185232,/opt/tabr1_results/per_cancer/extreme_os/LSCC/repeat_03_fold_02/tabpfn_v2_5/test_predictions.csv,,,
per_cancer,extreme_os,LSCC,3,2,tabpfn_v2_6,142,36,44,success,0.7520055174827576,validation split balanced accuracy,0.2760570960017503,4.796496896000463,0.7272727272727273,0.7799227799227799,0.8125,0.7027027027027027,0.8571428571428571,0.7644787644787645,0.9482938235507772,0.41632213918783717,0.12836197818102874,/opt/tabr1_results/per_cancer/extreme_os/LSCC/repeat_03_fold_02/tabpfn_v2_6/test_predictions.csv,,,
per_cancer,extreme_os,LSCC,3,2,tabpfn_v3,142,36,44,success,0.8119272589683533,validation split balanced accuracy,0.5103831240012369,3.9526825639986782,0.38636363636363635,0.6351351351351351,0.425531914893617,0.2702702702702703,1.0,0.806949806949807,0.9652066806887973,0.4164776586253073,0.12874325683722782,/opt/tabr1_results/per_cancer/extreme_os/LSCC/repeat_03_fold_02/tabpfn_v3/test_predictions.csv,,,
per_cancer,extreme_os,LSCC,3,2,tabfm_default,142,36,44,success,0.829184889793396,validation split balanced accuracy,0.012627336000150535,2.5630887709994568,0.4318181818181818,0.6621621621621622,0.4897959183673469,0.32432432432432434,1.0,0.859073359073359,0.9723974312396713,0.407151346454286,0.1252075094179942,/opt/tabr1_results/per_cancer/extreme_os/LSCC/repeat_03_fold_02/tabfm_default/test_predictions.csv,,,
per_cancer,extreme_os,LSCC,3,2,autogluon,142,36,44,success,0.7807589769363403,validation split balanced accuracy,3.806088883000484,0.005581505996815395,0.6818181818181818,0.6370656370656371,0.7878787878787878,0.7027027027027027,0.5714285714285714,0.6602316602316602,0.9207305039190584,0.45091186749382833,0.14703807313473047,/opt/tabr1_results/per_cancer/extreme_os/LSCC/repeat_03_fold_02/autogluon/test_predictions.csv,,,
per_cancer,extreme_os,LSCC,3,3,tabpfn_v2,142,36,44,success,0.8458491563796997,validation split balanced accuracy,0.16791832500166493,3.794388207999873,0.38636363636363635,0.5198511166253101,0.3076923076923077,0.1935483870967742,0.8461538461538461,0.6873449131513647,0.8294640559535358,0.6020867696374013,0.20575991394144405,/opt/tabr1_results/per_cancer/extreme_os/LSCC/repeat_03_fold_03/tabpfn_v2/test_predictions.csv,,,
per_cancer,extreme_os,LSCC,3,3,tabpfn_v2_5,142,36,44,success,0.8755773901939392,validation split balanced accuracy,0.22493785100232344,4.588622601000679,0.4318181818181818,0.5744416873449132,0.358974358974359,0.22580645161290322,0.9230769230769231,0.6501240694789082,0.8281098118181562,0.6035217364221126,0.20554633075067485,/opt/tabr1_results/per_cancer/extreme_os/LSCC/repeat_03_fold_03/tabpfn_v2_5/test_predictions.csv,,,
per_cancer,extreme_os,LSCC,3,3,tabpfn_v2_6,142,36,44,success,0.8513157367706299,validation split balanced accuracy,0.27701206599886063,4.666066294001212,0.5227272727272727,0.6612903225806451,0.4878048780487805,0.3225806451612903,1.0,0.7320099255583127,0.8825103558742499,0.5715774228968282,0.19811191930142102,/opt/tabr1_results/per_cancer/extreme_os/LSCC/repeat_03_fold_03/tabpfn_v2_6/test_predictions.csv,,,
per_cancer,extreme_os,LSCC,3,3,tabpfn_v3,142,36,44,success,0.7849807143211365,validation split balanced accuracy,0.5094523270017817,3.9708924579972518,0.6363636363636364,0.5856079404466501,0.7333333333333333,0.7096774193548387,0.46153846153846156,0.6600496277915633,0.856558824013815,0.5939363536179975,0.20486734315599167,/opt/tabr1_results/per_cancer/extreme_os/LSCC/repeat_03_fold_03/tabpfn_v3/test_predictions.csv,,,
per_cancer,extreme_os,LSCC,3,3,tabfm_default,142,36,44,success,0.843437135219574,validation split balanced accuracy,0.012796391001757002,2.4463863609998953,0.6363636363636364,0.7196029776674938,0.6666666666666666,0.5161290322580645,0.9230769230769231,0.7196029776674938,0.8767440863840731,0.5961185133440389,0.20476750394295215,/opt/tabr1_results/per_cancer/extreme_os/LSCC/repeat_03_fold_03/tabfm_default/test_predictions.csv,,,
per_cancer,extreme_os,LSCC,3,3,autogluon,142,36,44,success,0.9943035244941711,validation split balanced accuracy,3.7503014060021087,0.009046168001077604,0.4772727272727273,0.45037220843672454,0.5818181818181818,0.5161290322580645,0.38461538461538464,0.47642679900744417,0.7135953872810783,1.6705975439807488,0.27027093480063963,/opt/tabr1_results/per_cancer/extreme_os/LSCC/repeat_03_fold_03/autogluon/test_predictions.csv,,,
per_cancer,extreme_os,LSCC,3,4,tabpfn_v2,141,36,45,success,0.7958738803863525,validation split balanced accuracy,0.2081406369979959,2.931446671998856,0.37777777777777777,0.4861111111111111,0.44,0.3055555555555556,0.6666666666666666,0.5401234567901234,0.8610767299500586,0.496213906203818,0.15932827994980445,/opt/tabr1_results/per_cancer/extreme_os/LSCC/repeat_03_fold_04/tabpfn_v2/test_predictions.csv,,,
per_cancer,extreme_os,LSCC,3,4,tabpfn_v2_5,141,36,45,success,0.8096247315406799,validation split balanced accuracy,0.2687350400010473,4.450529386998824,0.4,0.5,0.47058823529411764,0.3333333333333333,0.6666666666666666,0.5030864197530864,0.8513040500579108,0.5009684115715425,0.1607530196344374,/opt/tabr1_results/per_cancer/extreme_os/LSCC/repeat_03_fold_04/tabpfn_v2_5/test_predictions.csv,,,
per_cancer,extreme_os,LSCC,3,4,tabpfn_v2_6,141,36,45,success,0.7993038892745972,validation split balanced accuracy,0.30965155599915306,4.766401079999923,0.37777777777777777,0.5277777777777778,0.4166666666666667,0.2777777777777778,0.7777777777777778,0.39814814814814814,0.8008407707529559,0.5036375500399813,0.16333291665339159,/opt/tabr1_results/per_cancer/extreme_os/LSCC/repeat_03_fold_04/tabpfn_v2_6/test_predictions.csv,,,
per_cancer,extreme_os,LSCC,3,4,tabpfn_v3,141,36,45,success,0.7939164042472839,validation split balanced accuracy,0.5676131600012013,4.174080275999586,0.5555555555555556,0.5138888888888888,0.6774193548387096,0.5833333333333334,0.4444444444444444,0.5154320987654321,0.8401416850252297,0.49532886845579155,0.1585735647019156,/opt/tabr1_results/per_cancer/extreme_os/LSCC/repeat_03_fold_04/tabpfn_v3/test_predictions.csv,,,
per_cancer,extreme_os,LSCC,3,4,tabfm_default,141,36,45,success,0.7832525372505188,validation split balanced accuracy,0.012700447998213349,2.369688323000446,0.4,0.5416666666666667,0.4489795918367347,0.3055555555555556,0.7777777777777778,0.5524691358024691,0.8536695956227527,0.4999018513079304,0.16209770153657246,/opt/tabr1_results/per_cancer/extreme_os/LSCC/repeat_03_fold_04/tabfm_default/test_predictions.csv,,,
per_cancer,extreme_os,LSCC,3,4,autogluon,141,36,45,success,0.8904515504837036,validation split balanced accuracy,3.4484536230011145,0.006116149997978937,0.4,0.5,0.47058823529411764,0.3333333333333333,0.6666666666666666,0.5092592592592593,0.8180280645914568,0.546945750999692,0.17742042118620413,/opt/tabr1_results/per_cancer/extreme_os/LSCC/repeat_03_fold_04/autogluon/test_predictions.csv,,,
per_cancer,extreme_os,LSCC,4,0,tabpfn_v2,142,36,44,success,0.7627431750297546,validation split balanced accuracy,0.23315350599659723,3.0915259899993544,0.6136363636363636,0.5694444444444444,0.7301587301587301,0.6388888888888888,0.5,0.6180555555555556,0.9031623848879988,0.4534731302561896,0.14540580607320325,/opt/tabr1_results/per_cancer/extreme_os/LSCC/repeat_04_fold_00/tabpfn_v2/test_predictions.csv,,,
per_cancer,extreme_os,LSCC,4,0,tabpfn_v2_5,142,36,44,success,0.789133608341217,validation split balanced accuracy,0.2753276180010289,4.73430072300107,0.5681818181818182,0.5416666666666667,0.6885245901639344,0.5833333333333334,0.5,0.6145833333333333,0.8995731666552576,0.45241491667691547,0.1453285526786197,/opt/tabr1_results/per_cancer/extreme_os/LSCC/repeat_04_fold_00/tabpfn_v2_5/test_predictions.csv,,,
per_cancer,extreme_os,LSCC,4,0,tabpfn_v2_6,142,36,44,success,0.7888115644454956,validation split balanced accuracy,0.314985457000148,4.999756167999294,0.5681818181818182,0.5416666666666667,0.6885245901639344,0.5833333333333334,0.5,0.5034722222222222,0.8413163216038935,0.4852771227500399,0.1542216666557074,/opt/tabr1_results/per_cancer/extreme_os/LSCC/repeat_04_fold_00/tabpfn_v2_6/test_predictions.csv,,,
per_cancer,extreme_os,LSCC,4,0,tabpfn_v3,142,36,44,success,0.7651636004447937,validation split balanced accuracy,0.5711278069975378,4.004606865000824,0.6363636363636364,0.5833333333333333,0.75,0.6666666666666666,0.5,0.625,0.8905230544707841,0.4514709712908346,0.14480345733165237,/opt/tabr1_results/per_cancer/extreme_os/LSCC/repeat_04_fold_00/tabpfn_v3/test_predictions.csv,,,
per_cancer,extreme_os,LSCC,4,0,tabfm_default,142,36,44,success,0.7555568218231201,validation split balanced accuracy,0.012768507000146201,2.4094694949999393,0.7727272727272727,0.5694444444444444,0.8648648648648649,0.8888888888888888,0.25,0.6302083333333334,0.9102913146140941,0.4443247058047925,0.1433125883685678,/opt/tabr1_results/per_cancer/extreme_os/LSCC/repeat_04_fold_00/tabfm_default/test_predictions.csv,,,
per_cancer,extreme_os,LSCC,4,0,autogluon,142,36,44,success,0.7813780903816223,validation split balanced accuracy,3.5213664040020376,0.00514970199947129,0.5909090909090909,0.5555555555555556,0.7096774193548387,0.6111111111111112,0.5,0.5555555555555556,0.8352758352758354,0.47831271699510647,0.15012616047718003,/opt/tabr1_results/per_cancer/extreme_os/LSCC/repeat_04_fold_00/autogluon/test_predictions.csv,,,
per_cancer,extreme_os,LSCC,4,1,tabpfn_v2,142,35,45,success,0.8527472615242004,validation split balanced accuracy,0.1880581670011452,3.717021352997108,0.4,0.5552884615384616,0.3076923076923077,0.1875,0.9230769230769231,0.6057692307692307,0.8032585077429675,0.6098080538496807,0.20814584528820754,/opt/tabr1_results/per_cancer/extreme_os/LSCC/repeat_04_fold_01/tabpfn_v2/test_predictions.csv,,,
per_cancer,extreme_os,LSCC,4,1,tabpfn_v2_5,142,35,45,success,0.8520786762237549,validation split balanced accuracy,0.2025726649990247,4.560462748999271,0.4,0.5096153846153846,0.37209302325581395,0.25,0.7692307692307693,0.6322115384615385,0.7959536248447459,0.6034427252936297,0.2048975004688627,/opt/tabr1_results/per_cancer/extreme_os/LSCC/repeat_04_fold_01/tabpfn_v2_5/test_predictions.csv,,,
per_cancer,extreme_os,LSCC,4,1,tabpfn_v2_6,142,35,45,success,0.7421743869781494,validation split balanced accuracy,0.2789785419990949,4.720007031002751,0.6444444444444445,0.5444711538461539,0.7575757575757576,0.78125,0.3076923076923077,0.6033653846153846,0.7938326705003874,0.5924345367344008,0.2033049988672026,/opt/tabr1_results/per_cancer/extreme_os/LSCC/repeat_04_fold_01/tabpfn_v2_6/test_predictions.csv,,,
per_cancer,extreme_os,LSCC,4,1,tabpfn_v3,142,35,45,success,0.8211426734924316,validation split balanced accuracy,0.5178566159993352,4.214687981999305,0.4,0.5324519230769231,0.34146341463414637,0.21875,0.8461538461538461,0.7379807692307693,0.8602985503370459,0.5794640637730478,0.2003921587641091,/opt/tabr1_results/per_cancer/extreme_os/LSCC/repeat_04_fold_01/tabpfn_v3/test_predictions.csv,,,
per_cancer,extreme_os,LSCC,4,1,tabfm_default,142,35,45,success,0.8640047311782837,validation split balanced accuracy,0.012582761999510694,2.3460308440007793,0.4444444444444444,0.609375,0.358974358974359,0.21875,1.0,0.7524038461538461,0.8942350943526494,0.6045185950492412,0.2078994915519542,/opt/tabr1_results/per_cancer/extreme_os/LSCC/repeat_04_fold_01/tabfm_default/test_predictions.csv,,,
per_cancer,extreme_os,LSCC,4,1,autogluon,142,35,45,success,0.8233324885368347,validation split balanced accuracy,3.7206626660008624,0.0546293629995489,0.5333333333333333,0.5120192307692308,0.631578947368421,0.5625,0.46153846153846156,0.5576923076923077,0.785148540957285,0.6261486784790241,0.2126477056337344,/opt/tabr1_results/per_cancer/extreme_os/LSCC/repeat_04_fold_01/autogluon/test_predictions.csv,,,
per_cancer,extreme_os,LSCC,4,2,tabpfn_v2,142,36,44,success,0.7871220707893372,validation split balanced accuracy,0.2332635829989158,3.04043956500027,0.5681818181818182,0.5729166666666667,0.6545454545454545,0.5625,0.5833333333333334,0.609375,0.7697166595983942,0.6350406707605933,0.2040962206493588,/opt/tabr1_results/per_cancer/extreme_os/LSCC/repeat_04_fold_02/tabpfn_v2/test_predictions.csv,,,
per_cancer,extreme_os,LSCC,4,2,tabpfn_v2_5,142,36,44,success,0.8226362466812134,validation split balanced accuracy,0.28041238600053475,4.713679540996964,0.3409090909090909,0.5208333333333333,0.21621621621621623,0.125,0.9166666666666666,0.6432291666666667,0.795369220951502,0.6296278730785835,0.20260210987316596,/opt/tabr1_results/per_cancer/extreme_os/LSCC/repeat_04_fold_02/tabpfn_v2_5/test_predictions.csv,,,
per_cancer,extreme_os,LSCC,4,2,tabpfn_v2_6,142,36,44,success,0.7981168627738953,validation split balanced accuracy,0.3220280189998448,4.736916475001635,0.6136363636363636,0.65625,0.6792452830188679,0.5625,0.75,0.6822916666666667,0.8180899843223272,0.7054853249732278,0.19703928331756418,/opt/tabr1_results/per_cancer/extreme_os/LSCC/repeat_04_fold_02/tabpfn_v2_6/test_predictions.csv,,,
per_cancer,extreme_os,LSCC,4,2,tabpfn_v3,142,36,44,success,0.7840092778205872,validation split balanced accuracy,0.5775100769969868,4.055985987997701,0.6363636363636364,0.5677083333333334,0.7419354838709677,0.71875,0.4166666666666667,0.5911458333333334,0.7670872539646949,0.652852431674457,0.20502298654571963,/opt/tabr1_results/per_cancer/extreme_os/LSCC/repeat_04_fold_02/tabpfn_v3/test_predictions.csv,,,
per_cancer,extreme_os,LSCC,4,2,tabfm_default,142,36,44,success,0.8267118334770203,validation split balanced accuracy,0.012865324002632406,2.440263201999187,0.45454545454545453,0.5729166666666667,0.45454545454545453,0.3125,0.8333333333333334,0.7083333333333333,0.8216097279746629,0.6767416825374947,0.20216405744785765,/opt/tabr1_results/per_cancer/extreme_os/LSCC/repeat_04_fold_02/tabfm_default/test_predictions.csv,,,
per_cancer,extreme_os,LSCC,4,2,autogluon,142,36,44,success,0.7809913754463196,validation split balanced accuracy,3.533468500998424,0.005212288000620902,0.5909090909090909,0.484375,0.71875,0.71875,0.25,0.484375,0.7211470170454546,0.5935726655936452,0.20110155356550116,/opt/tabr1_results/per_cancer/extreme_os/LSCC/repeat_04_fold_02/autogluon/test_predictions.csv,,,
per_cancer,extreme_os,LSCC,4,3,tabpfn_v2,142,36,44,success,0.7767056822776794,validation split balanced accuracy,0.1884657039990998,3.6406954109988874,0.5681818181818182,0.5303030303030303,0.6779661016949152,0.6060606060606061,0.45454545454545453,0.5895316804407713,0.8370755232014595,0.5505339260915232,0.18267475825062854,/opt/tabr1_results/per_cancer/extreme_os/LSCC/repeat_04_fold_03/tabpfn_v2/test_predictions.csv,,,
per_cancer,extreme_os,LSCC,4,3,tabpfn_v2_5,142,36,44,success,0.7084978818893433,validation split balanced accuracy,0.22476164500039886,4.6094639919974725,0.7272727272727273,0.5757575757575757,0.8285714285714286,0.8787878787878788,0.2727272727272727,0.5426997245179063,0.797760454665963,0.5778096187990935,0.1916070285591857,/opt/tabr1_results/per_cancer/extreme_os/LSCC/repeat_04_fold_03/tabpfn_v2_5/test_predictions.csv,,,
per_cancer,extreme_os,LSCC,4,3,tabpfn_v2_6,142,36,44,success,0.9016302227973938,validation split balanced accuracy,0.24620447399865952,5.032317673998477,0.36363636363636365,0.5757575757575758,0.2631578947368421,0.15151515151515152,1.0,0.6115702479338844,0.8521451286728802,0.5376903429513482,0.18106513598517004,/opt/tabr1_results/per_cancer/extreme_os/LSCC/repeat_04_fold_03/tabpfn_v2_6/test_predictions.csv,,,
per_cancer,extreme_os,LSCC,4,3,tabpfn_v3,142,36,44,success,0.7328716516494751,validation split balanced accuracy,0.4771104840001499,4.036681484001747,0.6363636363636364,0.5151515151515151,0.7575757575757576,0.7575757575757576,0.2727272727272727,0.6253443526170799,0.8499426996648638,0.5386203743493304,0.18168234230231442,/opt/tabr1_results/per_cancer/extreme_os/LSCC/repeat_04_fold_03/tabpfn_v3/test_predictions.csv,,,
per_cancer,extreme_os,LSCC,4,3,tabfm_default,142,36,44,success,0.8640047907829285,validation split balanced accuracy,0.012680448999162763,2.6525744299979124,0.36363636363636365,0.5454545454545454,0.3,0.18181818181818182,0.9090909090909091,0.6446280991735537,0.8292395673500081,0.5524757690880848,0.18334534433619593,/opt/tabr1_results/per_cancer/extreme_os/LSCC/repeat_04_fold_03/tabfm_default/test_predictions.csv,,,
per_cancer,extreme_os,LSCC,4,3,autogluon,142,36,44,success,0.9886119961738586,validation split balanced accuracy,3.7047740289999638,0.005565700001170626,0.3409090909090909,0.5606060606060606,0.21621621621621623,0.12121212121212122,1.0,0.6418732782369146,0.8746792256487933,0.5693134161096521,0.19370227079792732,/opt/tabr1_results/per_cancer/extreme_os/LSCC/repeat_04_fold_03/autogluon/test_predictions.csv,,,
per_cancer,extreme_os,LSCC,4,4,tabpfn_v2,141,36,45,success,0.7857390642166138,validation split balanced accuracy,0.2253293190005934,2.8192646370007424,0.4222222222222222,0.5996621621621622,0.48,0.32432432432432434,0.875,0.4898648648648649,0.8673276284373934,0.46758069138879466,0.14645964257501526,/opt/tabr1_results/per_cancer/extreme_os/LSCC/repeat_04_fold_04/tabpfn_v2/test_predictions.csv,,,
per_cancer,extreme_os,LSCC,4,4,tabpfn_v2_5,141,36,45,success,0.7806464433670044,validation split balanced accuracy,0.2721410140002263,4.53637347699987,0.4888888888888889,0.5422297297297297,0.5964912280701754,0.4594594594594595,0.625,0.5675675675675677,0.8816338978272377,0.4658139393899132,0.14583831721437762,/opt/tabr1_results/per_cancer/extreme_os/LSCC/repeat_04_fold_04/tabpfn_v2_5/test_predictions.csv,,,
per_cancer,extreme_os,LSCC,4,4,tabpfn_v2_6,141,36,45,success,0.7620798349380493,validation split balanced accuracy,0.3130176279992156,4.71306274899689,0.6444444444444445,0.6368243243243243,0.75,0.6486486486486487,0.625,0.6013513513513513,0.881176278224248,0.4528734599075625,0.14366671835639125,/opt/tabr1_results/per_cancer/extreme_os/LSCC/repeat_04_fold_04/tabpfn_v2_6/test_predictions.csv,,,
per_cancer,extreme_os,LSCC,4,4,tabpfn_v3,141,36,45,success,0.7911408543586731,validation split balanced accuracy,0.5137701819985523,4.166421842997806,0.5555555555555556,0.6807432432432432,0.6428571428571429,0.4864864864864865,0.875,0.6486486486486487,0.9153762084371306,0.4645639870929843,0.14552077726248938,/opt/tabr1_results/per_cancer/extreme_os/LSCC/repeat_04_fold_04/tabpfn_v3/test_predictions.csv,,,
per_cancer,extreme_os,LSCC,4,4,tabfm_default,141,36,45,success,0.8229493498802185,validation split balanced accuracy,0.012772488997143228,2.4781286979996366,0.4888888888888889,0.49324324324324326,0.6101694915254238,0.4864864864864865,0.5,0.48817567567567566,0.8433308984713604,0.5275371566771894,0.16618647999502095,/opt/tabr1_results/per_cancer/extreme_os/LSCC/repeat_04_fold_04/tabfm_default/test_predictions.csv,,,
per_cancer,extreme_os,LSCC,4,4,autogluon,141,36,45,success,0.8135032653808594,validation split balanced accuracy,3.4835847840004135,0.018792088001646334,0.5777777777777777,0.5472972972972974,0.6984126984126984,0.5945945945945946,0.5,0.527027027027027,0.851569080979169,0.5390055445462762,0.17030298768190621,/opt/tabr1_results/per_cancer/extreme_os/LSCC/repeat_04_fold_04/autogluon/test_predictions.csv,,,
per_cancer,extreme_os,LUAD,0,0,tabpfn_v2,129,33,41,success,0.7548216581344604,validation split balanced accuracy,0.1985669659989071,3.0880352040003345,0.6585365853658537,0.5651515151515152,0.7666666666666667,0.7666666666666667,0.36363636363636365,0.5090909090909091,0.7746269293181532,0.6266235875396521,0.2120075020946322,/opt/tabr1_results/per_cancer/extreme_os/LUAD/repeat_00_fold_00/tabpfn_v2/test_predictions.csv,,,
per_cancer,extreme_os,LUAD,0,0,tabpfn_v2_5,129,33,41,success,0.7890610098838806,validation split balanced accuracy,0.24258409500180278,4.264736758999788,0.5609756097560976,0.4984848484848485,0.6785714285714286,0.6333333333333333,0.36363636363636365,0.5151515151515151,0.7709789354949675,0.6220046728365402,0.2097585872882699,/opt/tabr1_results/per_cancer/extreme_os/LUAD/repeat_00_fold_00/tabpfn_v2_5/test_predictions.csv,,,
per_cancer,extreme_os,LUAD,0,0,tabpfn_v2_6,129,33,41,success,0.8075485825538635,validation split balanced accuracy,0.2849059700020007,4.047347727002489,0.5365853658536586,0.5393939393939393,0.6274509803921569,0.5333333333333333,0.5454545454545454,0.5333333333333333,0.7917426430068858,0.6541710780346209,0.2184801660729476,/opt/tabr1_results/per_cancer/extreme_os/LUAD/repeat_00_fold_00/tabpfn_v2_6/test_predictions.csv,,,
per_cancer,extreme_os,LUAD,0,0,tabpfn_v3,129,33,41,success,0.8770092129707336,validation split balanced accuracy,0.5350954749992525,4.272973964998528,0.3902439024390244,0.5257575757575758,0.358974358974359,0.23333333333333334,0.8181818181818182,0.5575757575757576,0.7783147593761883,0.6024900405212359,0.20198251548694587,/opt/tabr1_results/per_cancer/extreme_os/LUAD/repeat_00_fold_00/tabpfn_v3/test_predictions.csv,,,
per_cancer,extreme_os,LUAD,0,0,tabfm_default,129,33,41,success,0.8918110132217407,validation split balanced accuracy,0.012690309002209688,2.6662807899992913,0.36585365853658536,0.48030303030303034,0.35,0.23333333333333334,0.7272727272727273,0.4984848484848484,0.7361065005871742,0.6372998051305072,0.21314567839163015,/opt/tabr1_results/per_cancer/extreme_os/LUAD/repeat_00_fold_00/tabfm_default/test_predictions.csv,,,
per_cancer,extreme_os,LUAD,0,0,autogluon,129,33,41,success,0.5971137881278992,validation split balanced accuracy,3.6645048040008987,0.005873562000488164,0.6341463414634146,0.43333333333333335,0.7761194029850746,0.8666666666666667,0.0,0.4545454545454546,0.733077740288663,0.6992091632307891,0.2355125671927977,/opt/tabr1_results/per_cancer/extreme_os/LUAD/repeat_00_fold_00/autogluon/test_predictions.csv,,,
per_cancer,extreme_os,LUAD,0,1,tabpfn_v2,130,32,41,success,0.8071492314338684,validation split balanced accuracy,0.19689366099919425,2.886028876997443,0.36585365853658536,0.3637566137566137,0.43478260869565216,0.37037037037037035,0.35714285714285715,0.33333333333333337,0.5569451439392763,0.9299827306422497,0.27362842404925963,/opt/tabr1_results/per_cancer/extreme_os/LUAD/repeat_00_fold_01/tabpfn_v2/test_predictions.csv,,,
per_cancer,extreme_os,LUAD,0,1,tabpfn_v2_5,130,32,41,success,0.8068759441375732,validation split balanced accuracy,0.2122398579995206,4.104366790001222,0.3902439024390244,0.34788359788359785,0.5098039215686274,0.48148148148148145,0.21428571428571427,0.36507936507936506,0.5810207260501123,0.9010593844925125,0.27228596394904364,/opt/tabr1_results/per_cancer/extreme_os/LUAD/repeat_00_fold_01/tabpfn_v2_5/test_predictions.csv,,,
per_cancer,extreme_os,LUAD,0,1,tabpfn_v2_6,130,32,41,success,0.8016948103904724,validation split balanced accuracy,0.28466032900178107,4.488340160998632,0.4634146341463415,0.4894179894179894,0.5,0.4074074074074074,0.5714285714285714,0.4603174603174603,0.6142894015823661,1.2359225770794537,0.266658043676959,/opt/tabr1_results/per_cancer/extreme_os/LUAD/repeat_00_fold_01/tabpfn_v2_6/test_predictions.csv,,,
per_cancer,extreme_os,LUAD,0,1,tabpfn_v3,130,32,41,success,0.7858608961105347,validation split balanced accuracy,0.5310510129966133,3.980351395002799,0.5609756097560976,0.46031746031746035,0.7,0.7777777777777778,0.14285714285714285,0.31746031746031744,0.5528067771629528,1.1745514144679523,0.27681007400001667,/opt/tabr1_results/per_cancer/extreme_os/LUAD/repeat_00_fold_01/tabpfn_v3/test_predictions.csv,,,
per_cancer,extreme_os,LUAD,0,1,tabfm_default,130,32,41,success,0.7976268529891968,validation split balanced accuracy,0.012399147999531124,2.534033971001918,0.4634146341463415,0.40343915343915343,0.5925925925925926,0.5925925925925926,0.21428571428571427,0.33465608465608465,0.5627152585074283,1.0814944065881913,0.2829767860000975,/opt/tabr1_results/per_cancer/extreme_os/LUAD/repeat_00_fold_01/tabfm_default/test_predictions.csv,,,
per_cancer,extreme_os,LUAD,0,1,autogluon,130,32,41,success,0.8069676756858826,validation split balanced accuracy,3.5504559349974443,0.018414574999042088,0.5365853658536586,0.47619047619047616,0.6545454545454545,0.6666666666666666,0.2857142857142857,0.3888888888888889,0.601347655498276,0.7075251958602157,0.24835934038085128,/opt/tabr1_results/per_cancer/extreme_os/LUAD/repeat_00_fold_01/autogluon/test_predictions.csv,,,
per_cancer,extreme_os,LUAD,0,2,tabpfn_v2,130,33,40,success,0.7114927768707275,validation split balanced accuracy,0.19620342700000037,2.9025786710008106,0.725,0.49509803921568624,0.835820895522388,0.8235294117647058,0.16666666666666666,0.4950980392156863,0.8569675195374503,0.45885571783412793,0.1404235122389837,/opt/tabr1_results/per_cancer/extreme_os/LUAD/repeat_00_fold_02/tabpfn_v2/test_predictions.csv,,,
per_cancer,extreme_os,LUAD,0,2,tabpfn_v2_5,130,33,40,success,0.6698476076126099,validation split balanced accuracy,0.23934752300192486,4.191169677000289,0.75,0.4411764705882353,0.8571428571428571,0.8823529411764706,0.0,0.4411764705882353,0.8570556756425636,0.4668667709756985,0.14449389665816445,/opt/tabr1_results/per_cancer/extreme_os/LUAD/repeat_00_fold_02/tabpfn_v2_5/test_predictions.csv,,,
per_cancer,extreme_os,LUAD,0,2,tabpfn_v2_6,130,33,40,success,0.7143720984458923,validation split balanced accuracy,0.284550364001916,4.423833326000022,0.6,0.5588235294117647,0.7241379310344828,0.6176470588235294,0.5,0.5441176470588235,0.8913561683179422,0.4605100118567774,0.1424666794309471,/opt/tabr1_results/per_cancer/extreme_os/LUAD/repeat_00_fold_02/tabpfn_v2_6/test_predictions.csv,,,
per_cancer,extreme_os,LUAD,0,2,tabpfn_v3,130,33,40,success,0.7099144458770752,validation split balanced accuracy,0.5308688129989605,4.0038792960003775,0.75,0.6470588235294117,0.84375,0.7941176470588235,0.5,0.5441176470588236,0.8726692188805802,0.44869464118112035,0.13696842123872593,/opt/tabr1_results/per_cancer/extreme_os/LUAD/repeat_00_fold_02/tabpfn_v3/test_predictions.csv,,,
per_cancer,extreme_os,LUAD,0,2,tabfm_default,130,33,40,success,0.8279518485069275,validation split balanced accuracy,0.012364439000521088,2.2746572859978187,0.225,0.3382352941176471,0.27906976744186046,0.17647058823529413,0.5,0.25,0.8171975215835224,0.43873909407167566,0.13251172645325093,/opt/tabr1_results/per_cancer/extreme_os/LUAD/repeat_00_fold_02/tabfm_default/test_predictions.csv,,,
per_cancer,extreme_os,LUAD,0,2,autogluon,130,33,40,success,0.801919162273407,validation split balanced accuracy,3.6285952990001533,0.006185280002682703,0.55,0.5294117647058824,0.6785714285714286,0.5588235294117647,0.5,0.5,0.8676376843089828,0.5367365655857386,0.1721938599602688,/opt/tabr1_results/per_cancer/extreme_os/LUAD/repeat_00_fold_02/autogluon/test_predictions.csv,,,
per_cancer,extreme_os,LUAD,0,3,tabpfn_v2,129,33,41,success,0.7656464576721191,validation split balanced accuracy,0.20009783400018932,2.994641387998854,0.4634146341463415,0.571969696969697,0.5416666666666666,0.3939393939393939,0.75,0.5492424242424242,0.8627165034460065,0.4951942494756657,0.1578260450204568,/opt/tabr1_results/per_cancer/extreme_os/LUAD/repeat_00_fold_03/tabpfn_v2/test_predictions.csv,,,
per_cancer,extreme_os,LUAD,0,3,tabpfn_v2_5,129,33,41,success,0.7310413122177124,validation split balanced accuracy,0.24396063400126877,4.2148908449999,0.6341463414634146,0.48863636363636365,0.7619047619047619,0.7272727272727273,0.25,0.5946969696969697,0.8827073692229297,0.4898774919619113,0.15628290879362916,/opt/tabr1_results/per_cancer/extreme_os/LUAD/repeat_00_fold_03/tabpfn_v2_5/test_predictions.csv,,,
per_cancer,extreme_os,LUAD,0,3,tabpfn_v2_6,129,33,41,success,0.6450161337852478,validation split balanced accuracy,0.28913513099905686,4.211567655998806,0.8048780487804879,0.5,0.8918918918918919,1.0,0.0,0.5757575757575757,0.8694021736662847,0.47627437894871033,0.15404413731367983,/opt/tabr1_results/per_cancer/extreme_os/LUAD/repeat_00_fold_03/tabpfn_v2_6/test_predictions.csv,,,
per_cancer,extreme_os,LUAD,0,3,tabpfn_v3,129,33,41,success,0.7585852742195129,validation split balanced accuracy,0.5337480909984151,4.238521261999267,0.5365853658536586,0.5227272727272727,0.6545454545454545,0.5454545454545454,0.5,0.5795454545454546,0.857358703147582,0.48820825324275086,0.15520032761355954,/opt/tabr1_results/per_cancer/extreme_os/LUAD/repeat_00_fold_03/tabpfn_v3/test_predictions.csv,,,
per_cancer,extreme_os,LUAD,0,3,tabfm_default,129,33,41,success,0.82546466588974,validation split balanced accuracy,0.012796449998859316,2.569958771000529,0.4878048780487805,0.5871212121212122,0.5714285714285714,0.42424242424242425,0.75,0.5776515151515151,0.8553213975918429,0.4941320521673362,0.15842380014663632,/opt/tabr1_results/per_cancer/extreme_os/LUAD/repeat_00_fold_03/tabfm_default/test_predictions.csv,,,
per_cancer,extreme_os,LUAD,0,3,autogluon,129,33,41,success,0.503333330154419,validation split balanced accuracy,3.654039859000477,0.1116528050006309,0.8048780487804879,0.5,0.8918918918918919,1.0,0.0,0.7178030303030303,0.9198191788842895,0.45493788816021913,0.14654022753506016,/opt/tabr1_results/per_cancer/extreme_os/LUAD/repeat_00_fold_03/autogluon/test_predictions.csv,,,
per_cancer,extreme_os,LUAD,0,4,tabpfn_v2,130,33,40,success,0.8124773502349854,validation split balanced accuracy,0.20220876500025042,2.7944200839992845,0.175,0.3874458874458875,0.10810810810810811,0.06060606060606061,0.7142857142857143,0.4069264069264069,0.7681338558176185,0.4787343338370561,0.1493100840897096,/opt/tabr1_results/per_cancer/extreme_os/LUAD/repeat_00_fold_04/tabpfn_v2/test_predictions.csv,,,
per_cancer,extreme_os,LUAD,0,4,tabpfn_v2_5,130,33,40,success,0.789760947227478,validation split balanced accuracy,0.24280255700068665,4.207976343997871,0.425,0.3701298701298701,0.5660377358490566,0.45454545454545453,0.2857142857142857,0.41558441558441556,0.7955724399248426,0.47681126131384205,0.14902643180776787,/opt/tabr1_results/per_cancer/extreme_os/LUAD/repeat_00_fold_04/tabpfn_v2_5/test_predictions.csv,,,
per_cancer,extreme_os,LUAD,0,4,tabpfn_v2_6,130,33,40,success,0.8028268218040466,validation split balanced accuracy,0.28835452199928113,4.533386186998541,0.5,0.47186147186147187,0.6296296296296297,0.5151515151515151,0.42857142857142855,0.38961038961038963,0.7736326199244957,0.4939038747345304,0.15293420661540197,/opt/tabr1_results/per_cancer/extreme_os/LUAD/repeat_00_fold_04/tabpfn_v2_6/test_predictions.csv,,,
per_cancer,extreme_os,LUAD,0,4,tabpfn_v3,130,33,40,success,0.8113998770713806,validation split balanced accuracy,0.533385205999366,4.088062617000105,0.275,0.3354978354978355,0.35555555555555557,0.24242424242424243,0.42857142857142855,0.4502164502164503,0.7984167738269256,0.4807643957824008,0.15131155151808173,/opt/tabr1_results/per_cancer/extreme_os/LUAD/repeat_00_fold_04/tabpfn_v3/test_predictions.csv,,,
per_cancer,extreme_os,LUAD,0,4,tabfm_default,130,33,40,success,0.8031737804412842,validation split balanced accuracy,0.012367875999188982,2.2901441310023074,0.75,0.5108225108225108,0.8529411764705882,0.8787878787878788,0.14285714285714285,0.43290043290043295,0.8408766371766312,0.4931924747162026,0.15715476965861655,/opt/tabr1_results/per_cancer/extreme_os/LUAD/repeat_00_fold_04/tabfm_default/test_predictions.csv,,,
per_cancer,extreme_os,LUAD,0,4,autogluon,130,33,40,success,0.49469321966171265,validation split balanced accuracy,3.557454775000224,0.010827524998603621,0.775,0.4696969696969697,0.8732394366197183,0.9393939393939394,0.0,0.4740259740259741,0.8305113950272971,0.6606400402659095,0.2337675300386195,/opt/tabr1_results/per_cancer/extreme_os/LUAD/repeat_00_fold_04/autogluon/test_predictions.csv,,,
per_cancer,extreme_os,LUAD,1,0,tabpfn_v2,129,33,41,success,0.778263509273529,validation split balanced accuracy,0.19593353999880492,2.789840331002779,0.5609756097560976,0.4409090909090909,0.7,0.7,0.18181818181818182,0.4363636363636364,0.6933858231701586,0.5929182506676055,0.20025249786606208,/opt/tabr1_results/per_cancer/extreme_os/LUAD/repeat_01_fold_00/tabpfn_v2/test_predictions.csv,,,
per_cancer,extreme_os,LUAD,1,0,tabpfn_v2_5,129,33,41,success,0.7969180941581726,validation split balanced accuracy,0.2126696630002698,4.021449627998663,0.4146341463414634,0.45606060606060606,0.4782608695652174,0.36666666666666664,0.5454545454545454,0.3878787878787879,0.6871060897391243,0.6052051199620739,0.2043526686589795,/opt/tabr1_results/per_cancer/extreme_os/LUAD/repeat_01_fold_00/tabpfn_v2_5/test_predictions.csv,,,
per_cancer,extreme_os,LUAD,1,0,tabpfn_v2_6,129,33,41,success,0.7184355854988098,validation split balanced accuracy,0.2852316669996071,4.457831552997959,0.7317073170731707,0.5575757575757576,0.835820895522388,0.9333333333333333,0.18181818181818182,0.5363636363636364,0.743888841630908,0.6028455805845088,0.2028027614977962,/opt/tabr1_results/per_cancer/extreme_os/LUAD/repeat_01_fold_00/tabpfn_v2_6/test_predictions.csv,,,
per_cancer,extreme_os,LUAD,1,0,tabpfn_v3,129,33,41,success,0.7917157411575317,validation split balanced accuracy,0.5312242200016044,4.1977148430014495,0.43902439024390244,0.4727272727272727,0.5106382978723404,0.4,0.5454545454545454,0.44545454545454544,0.7578924953564032,0.5913703506429849,0.199743746141389,/opt/tabr1_results/per_cancer/extreme_os/LUAD/repeat_01_fold_00/tabpfn_v3/test_predictions.csv,,,
per_cancer,extreme_os,LUAD,1,0,tabfm_default,129,33,41,success,0.7425047755241394,validation split balanced accuracy,0.012648182000702946,2.5345627720016637,0.6585365853658537,0.4787878787878788,0.7878787878787878,0.8666666666666667,0.09090909090909091,0.44545454545454544,0.7154263504270565,0.5944981189563793,0.20057413054566775,/opt/tabr1_results/per_cancer/extreme_os/LUAD/repeat_01_fold_00/tabfm_default/test_predictions.csv,,,
per_cancer,extreme_os,LUAD,1,0,autogluon,129,33,41,success,0.7368044853210449,validation split balanced accuracy,3.6641166969966434,0.007262222999997903,0.6097560975609756,0.4454545454545455,0.75,0.8,0.09090909090909091,0.37272727272727274,0.7252117362925794,0.9535884031115752,0.2666648402515081,/opt/tabr1_results/per_cancer/extreme_os/LUAD/repeat_01_fold_00/autogluon/test_predictions.csv,,,
per_cancer,extreme_os,LUAD,1,1,tabpfn_v2,129,33,41,success,0.746429443359375,validation split balanced accuracy,0.1988885870014201,2.8399095269996906,0.6341463414634146,0.4861111111111111,0.7619047619047619,0.75,0.2222222222222222,0.42013888888888895,0.7490617761670358,0.5349799597778517,0.17453994845115786,/opt/tabr1_results/per_cancer/extreme_os/LUAD/repeat_01_fold_01/tabpfn_v2/test_predictions.csv,,,
per_cancer,extreme_os,LUAD,1,1,tabpfn_v2_5,129,33,41,success,0.7761277556419373,validation split balanced accuracy,0.2144212349994632,4.223027413001546,0.3902439024390244,0.4097222222222222,0.4897959183673469,0.375,0.4444444444444444,0.40625,0.743119058859308,0.5531152694454154,0.18155138462051906,/opt/tabr1_results/per_cancer/extreme_os/LUAD/repeat_01_fold_01/tabpfn_v2_5/test_predictions.csv,,,
per_cancer,extreme_os,LUAD,1,1,tabpfn_v2_6,129,33,41,success,0.7708382606506348,validation split balanced accuracy,0.2872598169997218,4.338289950002945,0.4634146341463415,0.4565972222222222,0.5769230769230769,0.46875,0.4444444444444444,0.4652777777777778,0.750751571156288,0.5678716715508241,0.18081781279410059,/opt/tabr1_results/per_cancer/extreme_os/LUAD/repeat_01_fold_01/tabpfn_v2_6/test_predictions.csv,,,
per_cancer,extreme_os,LUAD,1,1,tabpfn_v3,129,33,41,success,0.7839624285697937,validation split balanced accuracy,0.5319517780008027,4.236225663997175,0.34146341463414637,0.33854166666666663,0.4489795918367347,0.34375,0.3333333333333333,0.3402777777777778,0.7209770840569619,0.5575857473605199,0.1808870508695098,/opt/tabr1_results/per_cancer/extreme_os/LUAD/repeat_01_fold_01/tabpfn_v3/test_predictions.csv,,,
per_cancer,extreme_os,LUAD,1,1,tabfm_default,129,33,41,success,0.7876409888267517,validation split balanced accuracy,0.012858407000749139,2.5232724380002765,0.6341463414634146,0.5659722222222222,0.7457627118644068,0.6875,0.4444444444444444,0.4913194444444444,0.7660735125897863,0.5404624444082309,0.17559566618869188,/opt/tabr1_results/per_cancer/extreme_os/LUAD/repeat_01_fold_01/tabfm_default/test_predictions.csv,,,
per_cancer,extreme_os,LUAD,1,1,autogluon,129,33,41,success,0.7405638694763184,validation split balanced accuracy,3.5809470160020282,0.006063733002520166,0.4878048780487805,0.3923611111111111,0.631578947368421,0.5625,0.2222222222222222,0.43750000000000006,0.8020846633381085,0.6168674950339038,0.2097575881910831,/opt/tabr1_results/per_cancer/extreme_os/LUAD/repeat_01_fold_01/autogluon/test_predictions.csv,,,
per_cancer,extreme_os,LUAD,1,2,tabpfn_v2,130,32,41,success,0.7730537056922913,validation split balanced accuracy,0.2001411659985024,3.0243732310009364,0.4878048780487805,0.634453781512605,0.5714285714285714,0.4117647058823529,0.8571428571428571,0.7605042016806722,0.9336424187531679,0.4498902185027697,0.13821128673140484,/opt/tabr1_results/per_cancer/extreme_os/LUAD/repeat_01_fold_02/tabpfn_v2/test_predictions.csv,,,
per_cancer,extreme_os,LUAD,1,2,tabpfn_v2_5,130,32,41,success,0.7788059711456299,validation split balanced accuracy,0.24558590900051058,4.282387195999036,0.5121951219512195,0.6491596638655461,0.6,0.4411764705882353,0.8571428571428571,0.7016806722689075,0.9156774389626244,0.4478391292011886,0.1375866762140512,/opt/tabr1_results/per_cancer/extreme_os/LUAD/repeat_01_fold_02/tabpfn_v2_5/test_predictions.csv,,,
per_cancer,extreme_os,LUAD,1,2,tabpfn_v2_6,130,32,41,success,0.8151040077209473,validation split balanced accuracy,0.29034641799808014,4.440005284999643,0.3170731707317073,0.5315126050420168,0.3333333333333333,0.20588235294117646,0.8571428571428571,0.7184873949579831,0.884928546823128,0.44109365704186776,0.13492205601558793,/opt/tabr1_results/per_cancer/extreme_os/LUAD/repeat_01_fold_02/tabpfn_v2_6/test_predictions.csv,,,
per_cancer,extreme_os,LUAD,1,2,tabpfn_v3,130,32,41,success,0.7784824967384338,validation split balanced accuracy,0.5349133459967561,3.862525212000037,0.5853658536585366,0.6365546218487395,0.6909090909090909,0.5588235294117647,0.7142857142857143,0.6764705882352942,0.9093272189909042,0.4445186994483317,0.135955969431931,/opt/tabr1_results/per_cancer/extreme_os/LUAD/repeat_01_fold_02/tabpfn_v3/test_predictions.csv,,,
per_cancer,extreme_os,LUAD,1,2,tabfm_default,130,32,41,success,0.9037482142448425,validation split balanced accuracy,0.012722237999696517,2.4383587730008003,0.2682926829268293,0.5588235294117647,0.21052631578947367,0.11764705882352941,1.0,0.6974789915966387,0.9143601279187055,0.416424472999254,0.12829213282515167,/opt/tabr1_results/per_cancer/extreme_os/LUAD/repeat_01_fold_02/tabfm_default/test_predictions.csv,,,
per_cancer,extreme_os,LUAD,1,2,autogluon,130,32,41,success,0.8245795369148254,validation split balanced accuracy,3.6093138989999716,0.00587562600048841,0.4878048780487805,0.5210084033613445,0.6037735849056604,0.47058823529411764,0.5714285714285714,0.6092436974789917,0.835174335594845,0.4519631257992112,0.13803639571588164,/opt/tabr1_results/per_cancer/extreme_os/LUAD/repeat_01_fold_02/autogluon/test_predictions.csv,,,
per_cancer,extreme_os,LUAD,1,3,tabpfn_v2,130,33,40,success,0.7083022594451904,validation split balanced accuracy,0.185468822997791,2.9235825830000977,0.8,0.48484848484848486,0.8888888888888888,0.9696969696969697,0.0,0.3939393939393939,0.767119133157435,0.4887619241336383,0.15284048097508104,/opt/tabr1_results/per_cancer/extreme_os/LUAD/repeat_01_fold_03/tabpfn_v2/test_predictions.csv,,,
per_cancer,extreme_os,LUAD,1,3,tabpfn_v2_5,130,33,40,success,0.7231236696243286,validation split balanced accuracy,0.21708783799840603,4.190395919998991,0.65,0.5064935064935066,0.7741935483870968,0.7272727272727273,0.2857142857142857,0.40692640692640697,0.7917056834124345,0.49597864697319344,0.15574196497751416,/opt/tabr1_results/per_cancer/extreme_os/LUAD/repeat_01_fold_03/tabpfn_v2_5/test_predictions.csv,,,
per_cancer,extreme_os,LUAD,1,3,tabpfn_v2_6,130,33,40,success,0.6662452220916748,validation split balanced accuracy,0.28835492199868895,4.32472519500152,0.825,0.5562770562770563,0.9014084507042254,0.9696969696969697,0.14285714285714285,0.3982683982683983,0.785493317321093,0.5204835057457142,0.1625026949476415,/opt/tabr1_results/per_cancer/extreme_os/LUAD/repeat_01_fold_03/tabpfn_v2_6/test_predictions.csv,,,
per_cancer,extreme_os,LUAD,1,3,tabpfn_v3,130,33,40,success,0.7353978157043457,validation split balanced accuracy,0.4804089439967356,3.9477764300027047,0.675,0.4090909090909091,0.8059701492537313,0.8181818181818182,0.0,0.4025974025974026,0.7908482488141753,0.4887554131826689,0.15304676242693932,/opt/tabr1_results/per_cancer/extreme_os/LUAD/repeat_01_fold_03/tabpfn_v3/test_predictions.csv,,,
per_cancer,extreme_os,LUAD,1,3,tabfm_default,130,33,40,success,0.7712315320968628,validation split balanced accuracy,0.012740112000756199,2.3446863550016133,0.475,0.4004329004329004,0.6181818181818182,0.5151515151515151,0.2857142857142857,0.40476190476190477,0.7924040313842136,0.49257116417925834,0.1530771706575539,/opt/tabr1_results/per_cancer/extreme_os/LUAD/repeat_01_fold_03/tabfm_default/test_predictions.csv,,,
per_cancer,extreme_os,LUAD,1,3,autogluon,130,33,40,success,0.6370924711227417,validation split balanced accuracy,3.6028462819995184,0.018950214001961285,0.65,0.3939393939393939,0.7878787878787878,0.7878787878787878,0.0,0.26406926406926406,0.7565749527758681,0.5638122864564726,0.1841258205620699,/opt/tabr1_results/per_cancer/extreme_os/LUAD/repeat_01_fold_03/autogluon/test_predictions.csv,,,
per_cancer,extreme_os,LUAD,1,4,tabpfn_v2,130,33,40,success,0.8247210383415222,validation split balanced accuracy,0.18028097299975343,2.9027823459982756,0.5,0.5476190476190476,0.5454545454545454,0.42857142857142855,0.6666666666666666,0.5059523809523809,0.6994684625700697,0.6489252398771044,0.22279949241174082,/opt/tabr1_results/per_cancer/extreme_os/LUAD/repeat_01_fold_04/tabpfn_v2/test_predictions.csv,,,
per_cancer,extreme_os,LUAD,1,4,tabpfn_v2_5,130,33,40,success,0.8565560579299927,validation split balanced accuracy,0.2110893959979876,4.378976175998105,0.425,0.5416666666666667,0.3783783783783784,0.25,0.8333333333333334,0.6339285714285714,0.8054329252217309,0.6354708475762483,0.21817811923600922,/opt/tabr1_results/per_cancer/extreme_os/LUAD/repeat_01_fold_04/tabpfn_v2_5/test_predictions.csv,,,
per_cancer,extreme_os,LUAD,1,4,tabpfn_v2_6,130,33,40,success,0.8716791868209839,validation split balanced accuracy,0.28596444700087886,4.485710177999863,0.375,0.5535714285714286,0.1935483870967742,0.10714285714285714,1.0,0.5848214285714286,0.8152229368422425,0.6510154069957205,0.22397112505467023,/opt/tabr1_results/per_cancer/extreme_os/LUAD/repeat_01_fold_04/tabpfn_v2_6/test_predictions.csv,,,
per_cancer,extreme_os,LUAD,1,4,tabpfn_v3,130,33,40,success,0.8288875818252563,validation split balanced accuracy,0.5297543640008371,4.021607586000755,0.675,0.6726190476190477,0.7450980392156863,0.6785714285714286,0.6666666666666666,0.6220238095238095,0.812043787137838,0.6546507512490004,0.22472005554757352,/opt/tabr1_results/per_cancer/extreme_os/LUAD/repeat_01_fold_04/tabpfn_v3/test_predictions.csv,,,
per_cancer,extreme_os,LUAD,1,4,tabfm_default,130,33,40,success,0.8004148006439209,validation split balanced accuracy,0.012643942998693092,2.192482950998965,0.75,0.5833333333333334,0.8484848484848485,1.0,0.16666666666666666,0.6443452380952381,0.8129754160493046,0.6641259031247343,0.22569910662504303,/opt/tabr1_results/per_cancer/extreme_os/LUAD/repeat_01_fold_04/tabfm_default/test_predictions.csv,,,
per_cancer,extreme_os,LUAD,1,4,autogluon,130,33,40,success,0.9373599886894226,validation split balanced accuracy,3.5716168520011706,0.005749813000875292,0.3,0.5,0.0,0.0,1.0,0.5535714285714286,0.7364254250113272,0.6652511542534393,0.22240309473783473,/opt/tabr1_results/per_cancer/extreme_os/LUAD/repeat_01_fold_04/autogluon/test_predictions.csv,,,
per_cancer,extreme_os,LUAD,2,0,tabpfn_v2,129,33,41,success,0.7609729766845703,validation split balanced accuracy,0.18105653500242624,2.9467346820019884,0.5121951219512195,0.5357142857142857,0.6296296296296297,0.5,0.5714285714285714,0.4117647058823529,0.8060139723509319,0.4847180409647034,0.15166402067987908,/opt/tabr1_results/per_cancer/extreme_os/LUAD/repeat_02_fold_00/tabpfn_v2/test_predictions.csv,,,
per_cancer,extreme_os,LUAD,2,0,tabpfn_v2_5,129,33,41,success,0.7616475820541382,validation split balanced accuracy,0.23893620400122018,4.022092857001553,0.43902439024390244,0.49159663865546216,0.5490196078431373,0.4117647058823529,0.5714285714285714,0.34873949579831937,0.7758879752940521,0.4980572231870317,0.1570468577912989,/opt/tabr1_results/per_cancer/extreme_os/LUAD/repeat_02_fold_00/tabpfn_v2_5/test_predictions.csv,,,
per_cancer,extreme_os,LUAD,2,0,tabpfn_v2_6,129,33,41,success,0.7386795878410339,validation split balanced accuracy,0.2837687800019921,4.2037756469981105,0.5609756097560976,0.39495798319327735,0.7096774193548387,0.6470588235294118,0.14285714285714285,0.3067226890756303,0.7778922944435274,0.49984121743749876,0.15754292018110744,/opt/tabr1_results/per_cancer/extreme_os/LUAD/repeat_02_fold_00/tabpfn_v2_6/test_predictions.csv,,,
per_cancer,extreme_os,LUAD,2,0,tabpfn_v3,129,33,41,success,0.7179558873176575,validation split balanced accuracy,0.5312038250012847,4.191278032001719,0.6829268292682927,0.4684873949579832,0.8059701492537313,0.7941176470588235,0.14285714285714285,0.3865546218487395,0.7955701853527697,0.48505628166114684,0.15177738716259356,/opt/tabr1_results/per_cancer/extreme_os/LUAD/repeat_02_fold_00/tabpfn_v3/test_predictions.csv,,,
per_cancer,extreme_os,LUAD,2,0,tabfm_default,129,33,41,success,0.7324217557907104,validation split balanced accuracy,0.012680004998401273,2.4431804029991326,0.7317073170731707,0.5546218487394958,0.835820895522388,0.8235294117647058,0.2857142857142857,0.4894957983193277,0.8202765311866295,0.47791793088375045,0.1489238807749188,/opt/tabr1_results/per_cancer/extreme_os/LUAD/repeat_02_fold_00/tabfm_default/test_predictions.csv,,,
per_cancer,extreme_os,LUAD,2,0,autogluon,129,33,41,success,0.7413435578346252,validation split balanced accuracy,3.610102464001102,0.018134287998691434,0.5609756097560976,0.39495798319327735,0.7096774193548387,0.6470588235294118,0.14285714285714285,0.4705882352941177,0.826803265417757,0.4886282503688252,0.15330627597317645,/opt/tabr1_results/per_cancer/extreme_os/LUAD/repeat_02_fold_00/autogluon/test_predictions.csv,,,
per_cancer,extreme_os,LUAD,2,1,tabpfn_v2,129,33,41,success,0.8171924352645874,validation split balanced accuracy,0.19832557900008396,3.0457323970003927,0.3902439024390244,0.49696969696969695,0.3902439024390244,0.26666666666666666,0.7272727272727273,0.5606060606060606,0.755198686148694,0.5918862377258897,0.19998354631911458,/opt/tabr1_results/per_cancer/extreme_os/LUAD/repeat_02_fold_01/tabpfn_v2/test_predictions.csv,,,
per_cancer,extreme_os,LUAD,2,1,tabpfn_v2_5,129,33,41,success,0.8171545267105103,validation split balanced accuracy,0.21641426300266176,4.009024440001667,0.5121951219512195,0.5515151515151515,0.5833333333333334,0.4666666666666667,0.6363636363636364,0.5545454545454546,0.7990244462541503,0.5975003926282116,0.20194158412719734,/opt/tabr1_results/per_cancer/extreme_os/LUAD/repeat_02_fold_01/tabpfn_v2_5/test_predictions.csv,,,
per_cancer,extreme_os,LUAD,2,1,tabpfn_v2_6,129,33,41,success,0.7421079277992249,validation split balanced accuracy,0.2869104329984111,4.244470647001435,0.6341463414634146,0.43333333333333335,0.7761194029850746,0.8666666666666667,0.0,0.3878787878787878,0.6837446326253362,0.6478329567993506,0.21505383596360803,/opt/tabr1_results/per_cancer/extreme_os/LUAD/repeat_02_fold_01/tabpfn_v2_6/test_predictions.csv,,,
per_cancer,extreme_os,LUAD,2,1,tabpfn_v3,129,33,41,success,0.8098786473274231,validation split balanced accuracy,0.533059946999856,4.294951148000109,0.5365853658536586,0.5393939393939393,0.6274509803921569,0.5333333333333333,0.5454545454545454,0.5333333333333333,0.7546771499714852,0.6058637023542154,0.20385430693962286,/opt/tabr1_results/per_cancer/extreme_os/LUAD/repeat_02_fold_01/tabpfn_v3/test_predictions.csv,,,
per_cancer,extreme_os,LUAD,2,1,tabfm_default,129,33,41,success,0.843437135219574,validation split balanced accuracy,0.012848352998844348,2.4275886680006806,0.4634146341463415,0.546969696969697,0.5,0.36666666666666664,0.7272727272727273,0.4833333333333333,0.7428015990133187,0.6275616024410401,0.2110820340244204,/opt/tabr1_results/per_cancer/extreme_os/LUAD/repeat_02_fold_01/tabfm_default/test_predictions.csv,,,
per_cancer,extreme_os,LUAD,2,1,autogluon,129,33,41,success,0.8341549038887024,validation split balanced accuracy,3.6574751709995326,0.01945821499975864,0.5365853658536586,0.453030303030303,0.6666666666666666,0.6333333333333333,0.2727272727272727,0.503030303030303,0.7796898649743407,0.7257876257799417,0.23806834350505013,/opt/tabr1_results/per_cancer/extreme_os/LUAD/repeat_02_fold_01/autogluon/test_predictions.csv,,,
per_cancer,extreme_os,LUAD,2,2,tabpfn_v2,129,33,41,success,0.7839021682739258,validation split balanced accuracy,0.18205734699949971,2.935110354999779,0.5121951219512195,0.6491596638655461,0.6,0.4411764705882353,0.8571428571428571,0.5672268907563025,0.8943212223885691,0.48388455067422176,0.15301730847658915,/opt/tabr1_results/per_cancer/extreme_os/LUAD/repeat_02_fold_02/tabpfn_v2/test_predictions.csv,,,
per_cancer,extreme_os,LUAD,2,2,tabpfn_v2_5,129,33,41,success,0.7887240052223206,validation split balanced accuracy,0.24251204499887535,4.221217387999786,0.5365853658536586,0.6071428571428572,0.6415094339622641,0.5,0.7142857142857143,0.6134453781512605,0.9042881341530766,0.4873213334421801,0.15581306456938604,/opt/tabr1_results/per_cancer/extreme_os/LUAD/repeat_02_fold_02/tabpfn_v2_5/test_predictions.csv,,,
per_cancer,extreme_os,LUAD,2,2,tabpfn_v2_6,129,33,41,success,0.8507270216941833,validation split balanced accuracy,0.28802703700057464,4.293567640997935,0.24390243902439024,0.48739495798319327,0.20512820512820512,0.11764705882352941,0.8571428571428571,0.5546218487394958,0.8515248046348699,0.48183636007160524,0.15172537638284836,/opt/tabr1_results/per_cancer/extreme_os/LUAD/repeat_02_fold_02/tabpfn_v2_6/test_predictions.csv,,,
per_cancer,extreme_os,LUAD,2,2,tabpfn_v3,129,33,41,success,0.6027215123176575,validation split balanced accuracy,0.532024841002567,4.229318298999715,0.8048780487804879,0.4852941176470588,0.8918918918918919,0.9705882352941176,0.0,0.6470588235294117,0.9182635797801474,0.4705544899651897,0.148854563848614,/opt/tabr1_results/per_cancer/extreme_os/LUAD/repeat_02_fold_02/tabpfn_v3/test_predictions.csv,,,
per_cancer,extreme_os,LUAD,2,2,tabfm_default,129,33,41,success,0.8767282962799072,validation split balanced accuracy,0.012808492996555287,2.5161108289976255,0.21951219512195122,0.4726890756302521,0.15789473684210525,0.08823529411764706,0.8571428571428571,0.4726890756302521,0.8405550520339999,0.5099971465270674,0.1616700249165205,/opt/tabr1_results/per_cancer/extreme_os/LUAD/repeat_02_fold_02/tabfm_default/test_predictions.csv,,,
per_cancer,extreme_os,LUAD,2,2,autogluon,129,33,41,success,0.30257144570350647,validation split balanced accuracy,3.6321285829981207,0.00959101500120596,0.7317073170731707,0.4411764705882353,0.8450704225352113,0.8823529411764706,0.0,0.546218487394958,0.8615230002430354,0.8521908442047212,0.22742316863517642,/opt/tabr1_results/per_cancer/extreme_os/LUAD/repeat_02_fold_02/autogluon/test_predictions.csv,,,
per_cancer,extreme_os,LUAD,2,3,tabpfn_v2,130,33,40,success,0.7401564121246338,validation split balanced accuracy,0.18814560700047878,3.0426522989982914,0.65,0.47648902821316613,0.78125,0.8620689655172413,0.09090909090909091,0.4482758620689655,0.6988513851967618,0.6175956177790546,0.2093246782447702,/opt/tabr1_results/per_cancer/extreme_os/LUAD/repeat_02_fold_03/tabpfn_v2/test_predictions.csv,,,
per_cancer,extreme_os,LUAD,2,3,tabpfn_v2_5,130,33,40,success,0.7453802824020386,validation split balanced accuracy,0.2479685780017462,4.316300735998084,0.625,0.487460815047022,0.7540983606557377,0.7931034482758621,0.18181818181818182,0.445141065830721,0.7178846551291036,0.6527903140560776,0.22095740039462095,/opt/tabr1_results/per_cancer/extreme_os/LUAD/repeat_02_fold_03/tabpfn_v2_5/test_predictions.csv,,,
per_cancer,extreme_os,LUAD,2,3,tabpfn_v2_6,130,33,40,success,0.702477753162384,validation split balanced accuracy,0.29041770700132474,4.398859635999543,0.675,0.5219435736677116,0.7936507936507936,0.8620689655172413,0.18181818181818182,0.38557993730407525,0.6579515880809939,0.6911676961104718,0.2259082258289106,/opt/tabr1_results/per_cancer/extreme_os/LUAD/repeat_02_fold_03/tabpfn_v2_6/test_predictions.csv,,,
per_cancer,extreme_os,LUAD,2,3,tabpfn_v3,130,33,40,success,0.7374366521835327,validation split balanced accuracy,0.5385555059983744,3.9843149699991045,0.675,0.5783699059561129,0.7796610169491526,0.7931034482758621,0.36363636363636365,0.44200626959247646,0.6902360701672811,0.6300583881099988,0.21268896118610447,/opt/tabr1_results/per_cancer/extreme_os/LUAD/repeat_02_fold_03/tabpfn_v3/test_predictions.csv,,,
per_cancer,extreme_os,LUAD,2,3,tabfm_default,130,33,40,success,0.873885989189148,validation split balanced accuracy,0.012397778999002185,2.2159343639978033,0.3,0.4890282131661442,0.125,0.06896551724137931,0.9090909090909091,0.4231974921630094,0.7159860263258906,0.6479840883039371,0.22104755282297467,/opt/tabr1_results/per_cancer/extreme_os/LUAD/repeat_02_fold_03/tabfm_default/test_predictions.csv,,,
per_cancer,extreme_os,LUAD,2,3,autogluon,130,33,40,success,0.8908737301826477,validation split balanced accuracy,3.5761818589999166,0.054759042999648955,0.4,0.5862068965517242,0.29411764705882354,0.1724137931034483,1.0,0.5203761755485893,0.7978681592235817,0.5702565748772026,0.19442612007934787,/opt/tabr1_results/per_cancer/extreme_os/LUAD/repeat_02_fold_03/autogluon/test_predictions.csv,,,
per_cancer,extreme_os,LUAD,2,4,tabpfn_v2,130,33,40,success,0.8446968197822571,validation split balanced accuracy,0.20325534499716014,3.01703159599856,0.3,0.5,0.17647058823529413,0.1,0.9,0.5433333333333333,0.7755441433476162,0.558382421458569,0.18498578319794062,/opt/tabr1_results/per_cancer/extreme_os/LUAD/repeat_02_fold_04/tabpfn_v2/test_predictions.csv,,,
per_cancer,extreme_os,LUAD,2,4,tabpfn_v2_5,130,33,40,success,0.8653774857521057,validation split balanced accuracy,0.2450630679995811,4.339402731999144,0.275,0.5166666666666667,0.06451612903225806,0.03333333333333333,1.0,0.5533333333333333,0.7570472033918433,0.5507312849176185,0.18147371494593756,/opt/tabr1_results/per_cancer/extreme_os/LUAD/repeat_02_fold_04/tabpfn_v2_5/test_predictions.csv,,,
per_cancer,extreme_os,LUAD,2,4,tabpfn_v2_6,130,33,40,success,0.7504557371139526,validation split balanced accuracy,0.2904890060017351,4.4767227489974175,0.7,0.5333333333333333,0.8125,0.8666666666666667,0.2,0.49,0.7640361844150044,0.5788341582410701,0.18991093979567183,/opt/tabr1_results/per_cancer/extreme_os/LUAD/repeat_02_fold_04/tabpfn_v2_6/test_predictions.csv,,,
per_cancer,extreme_os,LUAD,2,4,tabpfn_v3,130,33,40,success,0.8409396409988403,validation split balanced accuracy,0.5360615489989868,4.059789208997245,0.25,0.39999999999999997,0.16666666666666666,0.1,0.7,0.5166666666666666,0.7455903866607037,0.565294929302555,0.18568617594604842,/opt/tabr1_results/per_cancer/extreme_os/LUAD/repeat_02_fold_04/tabpfn_v3/test_predictions.csv,,,
per_cancer,extreme_os,LUAD,2,4,tabfm_default,130,33,40,success,0.902990460395813,validation split balanced accuracy,0.012364942998829065,2.2612073220007005,0.3,0.5333333333333333,0.125,0.06666666666666667,1.0,0.5316666666666667,0.8065523942673777,0.5856849576628715,0.1912095030821438,/opt/tabr1_results/per_cancer/extreme_os/LUAD/repeat_02_fold_04/tabfm_default/test_predictions.csv,,,
per_cancer,extreme_os,LUAD,2,4,autogluon,130,33,40,success,0.7673002481460571,validation split balanced accuracy,3.567662918998394,0.019100284000160173,0.775,0.5833333333333334,0.8656716417910447,0.9666666666666667,0.2,0.7016666666666667,0.8502722941465077,0.552413455060449,0.18385629399673525,/opt/tabr1_results/per_cancer/extreme_os/LUAD/repeat_02_fold_04/autogluon/test_predictions.csv,,,
per_cancer,extreme_os,LUAD,3,0,tabpfn_v2,129,33,41,success,0.804606556892395,validation split balanced accuracy,0.2024228599984781,3.0513114519999363,0.3902439024390244,0.4951612903225806,0.4186046511627907,0.2903225806451613,0.7,0.5580645161290323,0.7646002948520282,0.5575509922388019,0.18503633448060464,/opt/tabr1_results/per_cancer/extreme_os/LUAD/repeat_03_fold_00/tabpfn_v2/test_predictions.csv,,,
per_cancer,extreme_os,LUAD,3,0,tabpfn_v2_5,129,33,41,success,0.8131605982780457,validation split balanced accuracy,0.24468299699947238,4.224745293002343,0.43902439024390244,0.5274193548387096,0.4888888888888889,0.3548387096774194,0.7,0.5516129032258064,0.7784905381598226,0.5558492334313141,0.1844417373974364,/opt/tabr1_results/per_cancer/extreme_os/LUAD/repeat_03_fold_00/tabpfn_v2_5/test_predictions.csv,,,
per_cancer,extreme_os,LUAD,3,0,tabpfn_v2_6,129,33,41,success,0.7573350667953491,validation split balanced accuracy,0.29111442300199997,4.313092579999648,0.7560975609756098,0.6016129032258064,0.8484848484848485,0.9032258064516129,0.3,0.567741935483871,0.7689340847660203,0.5652158283662395,0.18659700441448154,/opt/tabr1_results/per_cancer/extreme_os/LUAD/repeat_03_fold_00/tabpfn_v2_6/test_predictions.csv,,,
per_cancer,extreme_os,LUAD,3,0,tabpfn_v3,129,33,41,success,0.8218725919723511,validation split balanced accuracy,0.5359477470010461,4.237020255000971,0.36585365853658536,0.4790322580645161,0.38095238095238093,0.25806451612903225,0.7,0.5322580645161291,0.7582196623532199,0.5669333144300083,0.18810712708820054,/opt/tabr1_results/per_cancer/extreme_os/LUAD/repeat_03_fold_00/tabpfn_v3/test_predictions.csv,,,
per_cancer,extreme_os,LUAD,3,0,tabfm_default,129,33,41,success,0.8577680587768555,validation split balanced accuracy,0.012690960000327323,2.575903704000666,0.4146341463414634,0.5112903225806451,0.45454545454545453,0.3225806451612903,0.7,0.5161290322580645,0.7552383781244584,0.5854689077329285,0.19331004593454285,/opt/tabr1_results/per_cancer/extreme_os/LUAD/repeat_03_fold_00/tabfm_default/test_predictions.csv,,,
per_cancer,extreme_os,LUAD,3,0,autogluon,129,33,41,success,0.8417943120002747,validation split balanced accuracy,3.6786145900005067,0.006599712000024738,0.5365853658536586,0.6258064516129033,0.5957446808510638,0.45161290322580644,0.8,0.5580645161290323,0.7944869801725251,0.5800797405567351,0.19344517511191214,/opt/tabr1_results/per_cancer/extreme_os/LUAD/repeat_03_fold_00/autogluon/test_predictions.csv,,,
per_cancer,extreme_os,LUAD,3,1,tabpfn_v2,129,33,41,success,0.7856937050819397,validation split balanced accuracy,0.18281784400096512,2.9644521479967807,0.6341463414634146,0.5260989010989011,0.7540983606557377,0.8214285714285714,0.23076923076923078,0.5851648351648352,0.721829015571801,0.6594722416746186,0.22915787487727193,/opt/tabr1_results/per_cancer/extreme_os/LUAD/repeat_03_fold_01/tabpfn_v2/test_predictions.csv,,,
per_cancer,extreme_os,LUAD,3,1,tabpfn_v2_5,129,33,41,success,0.781285285949707,validation split balanced accuracy,0.24216694300048403,4.339604574000987,0.7073170731707317,0.6002747252747254,0.8064516129032258,0.8928571428571429,0.3076923076923077,0.5714285714285714,0.7234926555129022,0.6675018795193205,0.23174013685474978,/opt/tabr1_results/per_cancer/extreme_os/LUAD/repeat_03_fold_01/tabpfn_v2_5/test_predictions.csv,,,
per_cancer,extreme_os,LUAD,3,1,tabpfn_v2_6,129,33,41,success,0.7524726986885071,validation split balanced accuracy,0.2851684870001918,4.278768455002137,0.6097560975609756,0.4876373626373626,0.7419354838709677,0.8214285714285714,0.15384615384615385,0.48351648351648346,0.6682932878481472,0.7082628980847497,0.23887659897815244,/opt/tabr1_results/per_cancer/extreme_os/LUAD/repeat_03_fold_01/tabpfn_v2_6/test_predictions.csv,,,
per_cancer,extreme_os,LUAD,3,1,tabpfn_v3,129,33,41,success,0.8356738686561584,validation split balanced accuracy,0.5339283140019688,4.2728275820009,0.36585365853658536,0.4945054945054945,0.23529411764705882,0.14285714285714285,0.8461538461538461,0.5714285714285714,0.708452766209963,0.6715532763767165,0.23252269803483688,/opt/tabr1_results/per_cancer/extreme_os/LUAD/repeat_03_fold_01/tabpfn_v3/test_predictions.csv,,,
per_cancer,extreme_os,LUAD,3,1,tabfm_default,129,33,41,success,0.813921332359314,validation split balanced accuracy,0.012680531999649247,2.493865458000073,0.7317073170731707,0.6593406593406593,0.8135593220338984,0.8571428571428571,0.46153846153846156,0.6181318681318682,0.7436796019254698,0.7109098130806328,0.2489023807567816,/opt/tabr1_results/per_cancer/extreme_os/LUAD/repeat_03_fold_01/tabfm_default/test_predictions.csv,,,
per_cancer,extreme_os,LUAD,3,1,autogluon,129,33,41,success,0.913345217704773,validation split balanced accuracy,3.6500068820023444,0.006967199999053264,0.36585365853658536,0.47390109890109894,0.2777777777777778,0.17857142857142858,0.7692307692307693,0.554945054945055,0.6981153637084692,0.6994026110259575,0.23061964137546737,/opt/tabr1_results/per_cancer/extreme_os/LUAD/repeat_03_fold_01/autogluon/test_predictions.csv,,,
per_cancer,extreme_os,LUAD,3,2,tabpfn_v2,129,33,41,success,0.7749138474464417,validation split balanced accuracy,0.19645500499973423,2.7721824379987083,0.6341463414634146,0.7253787878787878,0.7169811320754716,0.5757575757575758,0.875,0.6590909090909092,0.8891522578457902,0.4886071012005375,0.15566940406592775,/opt/tabr1_results/per_cancer/extreme_os/LUAD/repeat_03_fold_02/tabpfn_v2/test_predictions.csv,,,
per_cancer,extreme_os,LUAD,3,2,tabpfn_v2_5,129,33,41,success,0.7492138743400574,validation split balanced accuracy,0.21230538099916885,4.198751776002609,0.6585365853658537,0.5037878787878788,0.78125,0.7575757575757576,0.25,0.571969696969697,0.8751020263861875,0.4973365568517537,0.15948493375395761,/opt/tabr1_results/per_cancer/extreme_os/LUAD/repeat_03_fold_02/tabpfn_v2_5/test_predictions.csv,,,
per_cancer,extreme_os,LUAD,3,2,tabpfn_v2_6,129,33,41,success,0.7620348334312439,validation split balanced accuracy,0.28388134900160367,4.201337375001458,0.6341463414634146,0.5833333333333333,0.7457627118644068,0.6666666666666666,0.5,0.6818181818181818,0.9199844696161217,0.4761599934992185,0.15196220143717848,/opt/tabr1_results/per_cancer/extreme_os/LUAD/repeat_03_fold_02/tabpfn_v2_6/test_predictions.csv,,,
per_cancer,extreme_os,LUAD,3,2,tabpfn_v3,129,33,41,success,0.7907119393348694,validation split balanced accuracy,0.5289644389995374,4.148501715000748,0.5853658536585366,0.6477272727272727,0.6792452830188679,0.5454545454545454,0.75,0.6022727272727273,0.8778357080172151,0.48825726752373494,0.15569484398770597,/opt/tabr1_results/per_cancer/extreme_os/LUAD/repeat_03_fold_02/tabpfn_v3/test_predictions.csv,,,
per_cancer,extreme_os,LUAD,3,2,tabfm_default,129,33,41,success,0.7990244626998901,validation split balanced accuracy,0.012788082000042778,2.577981267000723,0.5609756097560976,0.6325757575757576,0.6538461538461539,0.5151515151515151,0.75,0.6893939393939394,0.9048823206082037,0.472561604473964,0.15079799525372792,/opt/tabr1_results/per_cancer/extreme_os/LUAD/repeat_03_fold_02/tabfm_default/test_predictions.csv,,,
per_cancer,extreme_os,LUAD,3,2,autogluon,129,33,41,success,0.7319247126579285,validation split balanced accuracy,3.8375784720010415,0.006174292000650894,0.6585365853658537,0.4564393939393939,0.7878787878787878,0.7878787878787878,0.125,0.47348484848484845,0.8143962407117649,0.5314043847588794,0.1719509441922875,/opt/tabr1_results/per_cancer/extreme_os/LUAD/repeat_03_fold_02/autogluon/test_predictions.csv,,,
per_cancer,extreme_os,LUAD,3,3,tabpfn_v2,130,33,40,success,0.7690891623497009,validation split balanced accuracy,0.18058585100152413,2.934112367001944,0.35,0.4670846394984326,0.3157894736842105,0.20689655172413793,0.7272727272727273,0.4952978056426332,0.7606762011593904,0.5948943836223778,0.2017539992055056,/opt/tabr1_results/per_cancer/extreme_os/LUAD/repeat_03_fold_03/tabpfn_v2/test_predictions.csv,,,
per_cancer,extreme_os,LUAD,3,3,tabpfn_v2_5,130,33,40,success,0.7640669345855713,validation split balanced accuracy,0.20908219999910216,3.946285046000412,0.375,0.4561128526645768,0.3902439024390244,0.27586206896551724,0.6363636363636364,0.567398119122257,0.7644672534026593,0.5928522778353947,0.20075600060057114,/opt/tabr1_results/per_cancer/extreme_os/LUAD/repeat_03_fold_03/tabpfn_v2_5/test_predictions.csv,,,
per_cancer,extreme_os,LUAD,3,3,tabpfn_v2_6,130,33,40,success,0.7815783619880676,validation split balanced accuracy,0.2850283070001751,4.4600973919987155,0.325,0.4216300940438871,0.3076923076923077,0.20689655172413793,0.6363636363636364,0.561128526645768,0.7584264985420168,0.613336143036173,0.2054688757349302,/opt/tabr1_results/per_cancer/extreme_os/LUAD/repeat_03_fold_03/tabpfn_v2_6/test_predictions.csv,,,
per_cancer,extreme_os,LUAD,3,3,tabpfn_v3,130,33,40,success,0.7565653920173645,validation split balanced accuracy,0.5282636740012094,4.031504288999713,0.4,0.445141065830721,0.45454545454545453,0.3448275862068966,0.5454545454545454,0.4012539184952978,0.7381790379764022,0.6181623570232321,0.2100247360782485,/opt/tabr1_results/per_cancer/extreme_os/LUAD/repeat_03_fold_03/tabpfn_v3/test_predictions.csv,,,
per_cancer,extreme_os,LUAD,3,3,tabfm_default,130,33,40,success,0.893474817276001,validation split balanced accuracy,0.012436230001185322,2.228588221998507,0.425,0.4623824451410658,0.4888888888888889,0.3793103448275862,0.5454545454545454,0.41379310344827586,0.7111734386571581,0.9502027276213905,0.3041949659029977,/opt/tabr1_results/per_cancer/extreme_os/LUAD/repeat_03_fold_03/tabfm_default/test_predictions.csv,,,
per_cancer,extreme_os,LUAD,3,3,autogluon,130,33,40,success,0.7077866792678833,validation split balanced accuracy,3.6264462159997493,0.01863749599942821,0.725,0.5,0.8405797101449275,1.0,0.0,0.34796238244514105,0.6681406575169253,0.6037319238650882,0.2052994648302322,/opt/tabr1_results/per_cancer/extreme_os/LUAD/repeat_03_fold_03/autogluon/test_predictions.csv,,,
per_cancer,extreme_os,LUAD,3,4,tabpfn_v2,130,33,40,success,0.7647581696510315,validation split balanced accuracy,0.19868472500093048,2.876572295001097,0.35,0.41666666666666663,0.48,0.3333333333333333,0.5,0.5208333333333334,0.9144790818347293,0.3938083240287883,0.11144453056377505,/opt/tabr1_results/per_cancer/extreme_os/LUAD/repeat_03_fold_04/tabpfn_v2/test_predictions.csv,,,
per_cancer,extreme_os,LUAD,3,4,tabpfn_v2_5,130,33,40,success,0.7621995210647583,validation split balanced accuracy,0.24211448400092195,4.268972140002006,0.375,0.5416666666666666,0.4897959183673469,0.3333333333333333,0.75,0.6458333333333334,0.9453984297774523,0.3847363809463512,0.10830779137527617,/opt/tabr1_results/per_cancer/extreme_os/LUAD/repeat_03_fold_04/tabpfn_v2_5/test_predictions.csv,,,
per_cancer,extreme_os,LUAD,3,4,tabpfn_v2_6,130,33,40,success,0.7837704420089722,validation split balanced accuracy,0.29005132100064657,4.410793573999399,0.2,0.3333333333333333,0.2727272727272727,0.16666666666666666,0.5,0.4444444444444444,0.8822381350538009,0.40039790878514125,0.11433411871769658,/opt/tabr1_results/per_cancer/extreme_os/LUAD/repeat_03_fold_04/tabpfn_v2_6/test_predictions.csv,,,
per_cancer,extreme_os,LUAD,3,4,tabpfn_v3,130,33,40,success,0.7573419809341431,validation split balanced accuracy,0.5322833259997424,3.991553699001088,0.7,0.5,0.8181818181818182,0.75,0.25,0.375,0.8756372981502868,0.3929924090784843,0.11142838320029913,/opt/tabr1_results/per_cancer/extreme_os/LUAD/repeat_03_fold_04/tabpfn_v3/test_predictions.csv,,,
per_cancer,extreme_os,LUAD,3,4,tabfm_default,130,33,40,success,0.8126030564308167,validation split balanced accuracy,0.01255936700181337,2.190034129002015,0.7,0.7222222222222222,0.8064516129032258,0.6944444444444444,0.75,0.7118055555555556,0.9602802058031632,0.3689624060654257,0.10778377282801177,/opt/tabr1_results/per_cancer/extreme_os/LUAD/repeat_03_fold_04/tabfm_default/test_predictions.csv,,,
per_cancer,extreme_os,LUAD,3,4,autogluon,130,33,40,success,0.817777693271637,validation split balanced accuracy,3.9358056310011307,0.005833676998008741,0.5,0.6111111111111112,0.6296296296296297,0.4722222222222222,0.75,0.7083333333333334,0.9601980279773793,0.39360208699903454,0.11722198510260343,/opt/tabr1_results/per_cancer/extreme_os/LUAD/repeat_03_fold_04/autogluon/test_predictions.csv,,,
per_cancer,extreme_os,LUAD,4,0,tabpfn_v2,129,33,41,success,0.8150842785835266,validation split balanced accuracy,0.20295100400107913,3.034116103000997,0.43902439024390244,0.5303030303030303,0.46511627906976744,0.3333333333333333,0.7272727272727273,0.603030303030303,0.7597607610668706,0.6088275878578417,0.20446476396794666,/opt/tabr1_results/per_cancer/extreme_os/LUAD/repeat_04_fold_00/tabpfn_v2/test_predictions.csv,,,
per_cancer,extreme_os,LUAD,4,0,tabpfn_v2_5,129,33,41,success,0.7918997406959534,validation split balanced accuracy,0.2442901009999332,4.108983000001899,0.7560975609756098,0.603030303030303,0.8484848484848485,0.9333333333333333,0.2727272727272727,0.6363636363636365,0.7714270403509492,0.5951161047796424,0.20017260958345875,/opt/tabr1_results/per_cancer/extreme_os/LUAD/repeat_04_fold_00/tabpfn_v2_5/test_predictions.csv,,,
per_cancer,extreme_os,LUAD,4,0,tabpfn_v2_6,129,33,41,success,0.7567827105522156,validation split balanced accuracy,0.288918719998037,4.468867128998681,0.7317073170731707,0.5,0.8450704225352113,1.0,0.0,0.5363636363636364,0.7354352882046956,0.8185387680000952,0.21365141827654507,/opt/tabr1_results/per_cancer/extreme_os/LUAD/repeat_04_fold_00/tabpfn_v2_6/test_predictions.csv,,,
per_cancer,extreme_os,LUAD,4,0,tabpfn_v3,129,33,41,success,0.8021056056022644,validation split balanced accuracy,0.5350547429989092,4.241783679997752,0.7073170731707317,0.5121212121212121,0.8235294117647058,0.9333333333333333,0.09090909090909091,0.5696969696969697,0.7447711974758119,0.6201868300300426,0.20684286524907236,/opt/tabr1_results/per_cancer/extreme_os/LUAD/repeat_04_fold_00/tabpfn_v3/test_predictions.csv,,,
per_cancer,extreme_os,LUAD,4,0,tabfm_default,129,33,41,success,0.8680332899093628,validation split balanced accuracy,0.01261100600095233,2.436393471998599,0.5121951219512195,0.5227272727272727,0.6,0.5,0.5454545454545454,0.5393939393939394,0.7343333555217106,0.6390480477278092,0.2107360470469809,/opt/tabr1_results/per_cancer/extreme_os/LUAD/repeat_04_fold_00/tabfm_default/test_predictions.csv,,,
per_cancer,extreme_os,LUAD,4,0,autogluon,129,33,41,success,0.7927384972572327,validation split balanced accuracy,3.660010911000427,0.018401653000182705,0.6341463414634146,0.5196969696969698,0.7540983606557377,0.7666666666666667,0.2727272727272727,0.6075757575757575,0.7934511344567667,0.5877584056468856,0.19847634546444035,/opt/tabr1_results/per_cancer/extreme_os/LUAD/repeat_04_fold_00/autogluon/test_predictions.csv,,,
per_cancer,extreme_os,LUAD,4,1,tabpfn_v2,130,32,41,success,0.810598611831665,validation split balanced accuracy,0.18469105099939043,3.0634139649991994,0.4146341463414634,0.489010989010989,0.4,0.2857142857142857,0.6923076923076923,0.510989010989011,0.6741560227314907,0.6574552786621118,0.22756624820544008,/opt/tabr1_results/per_cancer/extreme_os/LUAD/repeat_04_fold_01/tabpfn_v2/test_predictions.csv,,,
per_cancer,extreme_os,LUAD,4,1,tabpfn_v2_5,130,32,41,success,0.8300201892852783,validation split balanced accuracy,0.24384794300203794,4.347889163000218,0.43902439024390244,0.4862637362637363,0.46511627906976744,0.35714285714285715,0.6153846153846154,0.5137362637362637,0.683528440908625,0.6823446930413103,0.23318415220976063,/opt/tabr1_results/per_cancer/extreme_os/LUAD/repeat_04_fold_01/tabpfn_v2_5/test_predictions.csv,,,
per_cancer,extreme_os,LUAD,4,1,tabpfn_v2_6,130,32,41,success,0.7992814779281616,validation split balanced accuracy,0.2895373420033138,4.661618770998757,0.43902439024390244,0.5068681318681318,0.43902439024390244,0.32142857142857145,0.6923076923076923,0.5082417582417582,0.6811961387983728,0.7149427694227719,0.2374088036910461,/opt/tabr1_results/per_cancer/extreme_os/LUAD/repeat_04_fold_01/tabpfn_v2_6/test_predictions.csv,,,
per_cancer,extreme_os,LUAD,4,1,tabpfn_v3,130,32,41,success,0.8214994668960571,validation split balanced accuracy,0.5364848079989315,3.897380228001566,0.36585365853658536,0.4326923076923077,0.35,0.25,0.6153846153846154,0.4807692307692307,0.6729215892044521,0.6694507385262716,0.23009486865204704,/opt/tabr1_results/per_cancer/extreme_os/LUAD/repeat_04_fold_01/tabpfn_v3/test_predictions.csv,,,
per_cancer,extreme_os,LUAD,4,1,tabfm_default,130,32,41,success,0.8267118334770203,validation split balanced accuracy,0.012781558001734084,2.666737251001905,0.6097560975609756,0.5906593406593407,0.6923076923076923,0.6428571428571429,0.5384615384615384,0.4903846153846154,0.6736764682864611,0.7574327290354148,0.2584109285116717,/opt/tabr1_results/per_cancer/extreme_os/LUAD/repeat_04_fold_01/tabfm_default/test_predictions.csv,,,
per_cancer,extreme_os,LUAD,4,1,autogluon,130,32,41,success,0.7838256359100342,validation split balanced accuracy,3.652089226998214,0.005789451999589801,0.5121951219512195,0.4368131868131868,0.6428571428571429,0.6428571428571429,0.23076923076923078,0.5412087912087912,0.7675652778742147,0.7728694262076315,0.2641207082843579,/opt/tabr1_results/per_cancer/extreme_os/LUAD/repeat_04_fold_01/autogluon/test_predictions.csv,,,
per_cancer,extreme_os,LUAD,4,2,tabpfn_v2,129,33,41,success,0.7280468940734863,validation split balanced accuracy,0.19882112800041796,2.8737457879979047,0.6585365853658537,0.4564393939393939,0.7878787878787878,0.7878787878787878,0.125,0.5416666666666667,0.839749732759555,0.5021920602339249,0.16025664398057857,/opt/tabr1_results/per_cancer/extreme_os/LUAD/repeat_04_fold_02/tabpfn_v2/test_predictions.csv,,,
per_cancer,extreme_os,LUAD,4,2,tabpfn_v2_5,129,33,41,success,0.7163180708885193,validation split balanced accuracy,0.2407765460011433,4.313855615000648,0.7073170731707317,0.5340909090909092,0.8181818181818182,0.8181818181818182,0.25,0.6060606060606061,0.8348458233756215,0.49945898852509146,0.15927903374758376,/opt/tabr1_results/per_cancer/extreme_os/LUAD/repeat_04_fold_02/tabpfn_v2_5/test_predictions.csv,,,
per_cancer,extreme_os,LUAD,4,2,tabpfn_v2_6,129,33,41,success,0.6023101806640625,validation split balanced accuracy,0.28500413299843785,4.31209041600232,0.8048780487804879,0.5,0.8918918918918919,1.0,0.0,0.5075757575757576,0.8159443185956038,0.5151219061287401,0.16507679208308637,/opt/tabr1_results/per_cancer/extreme_os/LUAD/repeat_04_fold_02/tabpfn_v2_6/test_predictions.csv,,,
per_cancer,extreme_os,LUAD,4,2,tabpfn_v3,129,33,41,success,0.6966522932052612,validation split balanced accuracy,0.5330401709979924,4.227342235000833,0.7317073170731707,0.5018939393939394,0.8405797101449275,0.8787878787878788,0.125,0.6098484848484849,0.8731288067977747,0.5027217464817271,0.16211219959938494,/opt/tabr1_results/per_cancer/extreme_os/LUAD/repeat_04_fold_02/tabpfn_v3/test_predictions.csv,,,
per_cancer,extreme_os,LUAD,4,2,tabfm_default,129,33,41,success,0.7727594375610352,validation split balanced accuracy,0.012672580996877514,2.4878325760000735,0.5853658536585366,0.4583333333333333,0.7213114754098361,0.6666666666666666,0.25,0.5303030303030303,0.8653469532476641,0.5448069263988048,0.18034159030844588,/opt/tabr1_results/per_cancer/extreme_os/LUAD/repeat_04_fold_02/tabfm_default/test_predictions.csv,,,
per_cancer,extreme_os,LUAD,4,2,autogluon,129,33,41,success,0.45672377943992615,validation split balanced accuracy,3.7421640070024296,0.006115655000030529,0.8048780487804879,0.5,0.8918918918918919,1.0,0.0,0.6401515151515151,0.8834032350718619,0.49359020911391666,0.15963395877188707,/opt/tabr1_results/per_cancer/extreme_os/LUAD/repeat_04_fold_02/autogluon/test_predictions.csv,,,
per_cancer,extreme_os,LUAD,4,3,tabpfn_v2,130,33,40,success,0.6978047490119934,validation split balanced accuracy,0.20114887800082215,2.8840205669985153,0.75,0.4411764705882353,0.8571428571428571,0.8823529411764706,0.0,0.4068627450980392,0.864645204088307,0.4626978466360547,0.14212097126369735,/opt/tabr1_results/per_cancer/extreme_os/LUAD/repeat_04_fold_03/tabpfn_v2/test_predictions.csv,,,
per_cancer,extreme_os,LUAD,4,3,tabpfn_v2_5,130,33,40,success,0.7173469662666321,validation split balanced accuracy,0.2430967899999814,4.2363062699987495,0.675,0.39705882352941174,0.8059701492537313,0.7941176470588235,0.0,0.4362745098039216,0.8622429743788242,0.46786438328613544,0.14480981635995915,/opt/tabr1_results/per_cancer/extreme_os/LUAD/repeat_04_fold_03/tabpfn_v2_5/test_predictions.csv,,,
per_cancer,extreme_os,LUAD,4,3,tabpfn_v2_6,130,33,40,success,0.739376425743103,validation split balanced accuracy,0.28862052200202015,4.380164109999896,0.6,0.4901960784313726,0.7333333333333333,0.6470588235294118,0.3333333333333333,0.411764705882353,0.8609788708680073,0.47498404361384666,0.1502309405776175,/opt/tabr1_results/per_cancer/extreme_os/LUAD/repeat_04_fold_03/tabpfn_v2_6/test_predictions.csv,,,
per_cancer,extreme_os,LUAD,4,3,tabpfn_v3,130,33,40,success,0.7552140951156616,validation split balanced accuracy,0.5327353869979561,4.065905720999581,0.6,0.4901960784313726,0.7333333333333333,0.6470588235294118,0.3333333333333333,0.465686274509804,0.8648767371490189,0.45052990498136875,0.13764600820533116,/opt/tabr1_results/per_cancer/extreme_os/LUAD/repeat_04_fold_03/tabpfn_v3/test_predictions.csv,,,
per_cancer,extreme_os,LUAD,4,3,tabfm_default,130,33,40,success,0.7976268529891968,validation split balanced accuracy,0.012331791000178782,2.252186042998801,0.475,0.41666666666666663,0.6181818181818182,0.5,0.3333333333333333,0.4215686274509804,0.8658212211724379,0.48163734136414627,0.15158026702391308,/opt/tabr1_results/per_cancer/extreme_os/LUAD/repeat_04_fold_03/tabfm_default/test_predictions.csv,,,
per_cancer,extreme_os,LUAD,4,3,autogluon,130,33,40,success,0.7408651113510132,validation split balanced accuracy,3.6480598710004415,0.00538461199903395,0.7,0.4117647058823529,0.8235294117647058,0.8235294117647058,0.0,0.46568627450980393,0.8446943483275662,0.458054017846127,0.139635171400967,/opt/tabr1_results/per_cancer/extreme_os/LUAD/repeat_04_fold_03/autogluon/test_predictions.csv,,,
per_cancer,extreme_os,LUAD,4,4,tabpfn_v2,130,33,40,success,0.7187221646308899,validation split balanced accuracy,0.20150095999997575,2.7244779620014015,0.775,0.53125,0.8695652173913043,0.9375,0.125,0.609375,0.851820358924967,0.5013786993239617,0.1604041783181059,/opt/tabr1_results/per_cancer/extreme_os/LUAD/repeat_04_fold_04/tabpfn_v2/test_predictions.csv,,,
per_cancer,extreme_os,LUAD,4,4,tabpfn_v2_5,130,33,40,success,0.7466440200805664,validation split balanced accuracy,0.21431278599993675,4.250236846000917,0.625,0.625,0.7272727272727273,0.625,0.625,0.62109375,0.8651332499466884,0.5004746872455309,0.16027673742102255,/opt/tabr1_results/per_cancer/extreme_os/LUAD/repeat_04_fold_04/tabpfn_v2_5/test_predictions.csv,,,
per_cancer,extreme_os,LUAD,4,4,tabpfn_v2_6,130,33,40,success,0.6324918270111084,validation split balanced accuracy,0.28742252699885285,4.7171027490003326,0.8,0.5,0.8888888888888888,1.0,0.0,0.5390625,0.8223619026143423,0.5050250396109393,0.16159768141393177,/opt/tabr1_results/per_cancer/extreme_os/LUAD/repeat_04_fold_04/tabpfn_v2_6/test_predictions.csv,,,
per_cancer,extreme_os,LUAD,4,4,tabpfn_v3,130,33,40,success,0.7459215521812439,validation split balanced accuracy,0.5083845129993279,4.025899260999722,0.675,0.5625,0.7868852459016393,0.75,0.375,0.56640625,0.8404738991280837,0.5006761657725296,0.16036628610799014,/opt/tabr1_results/per_cancer/extreme_os/LUAD/repeat_04_fold_04/tabpfn_v3/test_predictions.csv,,,
per_cancer,extreme_os,LUAD,4,4,tabfm_default,130,33,40,success,0.6970592737197876,validation split balanced accuracy,0.012570139002491487,2.1990588230000867,0.7,0.53125,0.8125,0.8125,0.25,0.55859375,0.8535757186545443,0.5091977875339719,0.16637474369346472,/opt/tabr1_results/per_cancer/extreme_os/LUAD/repeat_04_fold_04/tabfm_default/test_predictions.csv,,,
per_cancer,extreme_os,LUAD,4,4,autogluon,130,33,40,success,0.6712161302566528,validation split balanced accuracy,3.6366860710004403,0.005848431999766035,0.775,0.578125,0.8656716417910447,0.90625,0.25,0.77734375,0.9422979645062254,0.4614822794200027,0.1463448055314542,/opt/tabr1_results/per_cancer/extreme_os/LUAD/repeat_04_fold_04/autogluon/test_predictions.csv,,,
pooled,extreme_os,ALL,0,0,tabpfn_v2,600,150,187,success,0.7722955942153931,validation split balanced accuracy,1.024694443000044,24.27426159100287,0.7593582887700535,0.7616645649432534,0.8034934497816594,0.7540983606557377,0.7692307692307693,0.8300126103404792,0.8959321942924077,0.46070034089909856,0.14553103010635973,/opt/tabr1_results/pooled/extreme_os/ALL/repeat_00_fold_00/tabpfn_v2/test_predictions.csv,,,
pooled,extreme_os,ALL,0,0,tabpfn_v2_5,600,150,187,success,0.7464286088943481,validation split balanced accuracy,0.23014878899994073,15.51712430200132,0.7700534759358288,0.7698612862547289,0.8138528138528138,0.7704918032786885,0.7692307692307693,0.8402269861286255,0.9068884912297972,0.4583739373216892,0.14495156347624066,/opt/tabr1_results/pooled/extreme_os/ALL/repeat_00_fold_00/tabpfn_v2_5/test_predictions.csv,,,
pooled,extreme_os,ALL,0,0,tabpfn_v2_6,600,150,187,success,0.7713165879249573,validation split balanced accuracy,0.3284167259989772,16.845091106002656,0.7540106951871658,0.7539722572509457,0.8,0.7540983606557377,0.7538461538461538,0.8272383354350568,0.8894949436294967,0.46019483214016776,0.14552849058853792,/opt/tabr1_results/pooled/extreme_os/ALL/repeat_00_fold_00/tabpfn_v2_6/test_predictions.csv,,,
pooled,extreme_os,ALL,0,0,tabpfn_v3,600,150,187,success,0.7740267515182495,validation split balanced accuracy,0.493991723000363,12.62133784999969,0.732620320855615,0.730390920554855,0.782608695652174,0.7377049180327869,0.7230769230769231,0.8398486759142496,0.9046838995391779,0.45757126993642433,0.14435873553764939,/opt/tabr1_results/pooled/extreme_os/ALL/repeat_00_fold_00/tabpfn_v3/test_predictions.csv,,,
pooled,extreme_os,ALL,0,0,tabfm_default,600,150,187,success,0.7976268529891968,validation split balanced accuracy,0.015251477998390328,9.776490607997403,0.6898395721925134,0.7155737704918033,0.7264150943396226,0.6311475409836066,0.8,0.8276796973518286,0.8991326336886991,0.46258084248134224,0.14608733949225164,/opt/tabr1_results/pooled/extreme_os/ALL/repeat_00_fold_00/tabfm_default/test_predictions.csv,,,
pooled,extreme_os,ALL,0,0,autogluon,600,150,187,success,0.4461438059806824,validation split balanced accuracy,5.8339184209980885,0.007795641999109648,0.7914438502673797,0.7503152585119799,0.8470588235294118,0.8852459016393442,0.6153846153846154,0.8026481715006306,0.8515986043258956,0.5009191052116059,0.15935282324626215,/opt/tabr1_results/pooled/extreme_os/ALL/repeat_00_fold_00/autogluon/test_predictions.csv,,,
pooled,extreme_os,ALL,0,1,tabpfn_v2,600,150,187,success,0.7424741983413696,validation split balanced accuracy,1.0290259490029712,23.596886233000987,0.7433155080213903,0.7036966463414633,0.8095238095238095,0.8292682926829268,0.578125,0.7641641260162602,0.8190918580772548,0.5353619586906959,0.17582369601980488,/opt/tabr1_results/pooled/extreme_os/ALL/repeat_00_fold_01/tabpfn_v2/test_predictions.csv,,,
pooled,extreme_os,ALL,0,1,tabpfn_v2_5,600,150,187,success,0.7590341567993164,validation split balanced accuracy,0.2605069800010824,15.512026602998958,0.7058823529411765,0.7052210365853658,0.759825327510917,0.7073170731707317,0.703125,0.7593368902439025,0.8155176727388076,0.5283051237509867,0.17313649298555062,/opt/tabr1_results/pooled/extreme_os/ALL/repeat_00_fold_01/tabpfn_v2_5/test_predictions.csv,,,
pooled,extreme_os,ALL,0,1,tabpfn_v2_6,600,150,187,success,0.7499765753746033,validation split balanced accuracy,0.34702099800051656,16.77242087599734,0.7647058823529411,0.7237042682926829,0.8267716535433071,0.8536585365853658,0.59375,0.752858231707317,0.8154233458395831,0.5351292786959027,0.17521460713333034,/opt/tabr1_results/pooled/extreme_os/ALL/repeat_00_fold_01/tabpfn_v2_6/test_predictions.csv,,,
pooled,extreme_os,ALL,0,1,tabpfn_v3,600,150,187,success,0.7810092568397522,validation split balanced accuracy,0.49520353600019007,12.451007019000826,0.679144385026738,0.6811483739837398,0.7345132743362832,0.6747967479674797,0.6875,0.763401930894309,0.8314846451905737,0.5385858498457906,0.17740597463283148,/opt/tabr1_results/pooled/extreme_os/ALL/repeat_00_fold_01/tabpfn_v3/test_predictions.csv,,,
pooled,extreme_os,ALL,0,1,tabfm_default,600,150,187,success,0.7666044235229492,validation split balanced accuracy,0.01530052799716941,9.226737154000148,0.7540106951871658,0.7268165650406504,0.8130081300813008,0.8130081300813008,0.640625,0.7645452235772359,0.819928816354796,0.5336497518826078,0.17540090858378002,/opt/tabr1_results/pooled/extreme_os/ALL/repeat_00_fold_01/tabfm_default/test_predictions.csv,,,
pooled,extreme_os,ALL,0,1,autogluon,600,150,187,success,0.6112017035484314,validation split balanced accuracy,5.785702147000848,0.011902737998752855,0.7379679144385026,0.6958841463414633,0.8063241106719368,0.8292682926829268,0.5625,0.7476498983739839,0.8198550595404379,0.5445934170413262,0.1799655116398309,/opt/tabr1_results/pooled/extreme_os/ALL/repeat_00_fold_01/autogluon/test_predictions.csv,,,
pooled,extreme_os,ALL,0,2,tabpfn_v2,599,150,188,success,0.7934868335723877,validation split balanced accuracy,1.0345313430007081,24.07887145800123,0.7074468085106383,0.7243983614951357,0.7555555555555555,0.6746031746031746,0.7741935483870968,0.8088197644649259,0.8767167667835356,0.46641661314035826,0.1473119656854436,/opt/tabr1_results/pooled/extreme_os/ALL/repeat_00_fold_02/tabpfn_v2/test_predictions.csv,,,
pooled,extreme_os,ALL,0,2,tabpfn_v2_5,599,150,188,success,0.7618346810340881,validation split balanced accuracy,0.24288399499710067,15.374028681999334,0.7872340425531915,0.7716333845366103,0.8373983739837398,0.8174603174603174,0.7258064516129032,0.8135560675883258,0.8782673733506599,0.4646172159516706,0.14624120573205437,/opt/tabr1_results/pooled/extreme_os/ALL/repeat_00_fold_02/tabpfn_v2_5/test_predictions.csv,,,
pooled,extreme_os,ALL,0,2,tabpfn_v2_6,599,150,188,success,0.7772397994995117,validation split balanced accuracy,0.3451875500031747,17.274975498999993,0.7712765957446809,0.7638248847926268,0.8215767634854771,0.7857142857142857,0.7419354838709677,0.8075396825396826,0.8661540264266385,0.465922745796018,0.1472820311277866,/opt/tabr1_results/pooled/extreme_os/ALL/repeat_00_fold_02/tabpfn_v2_6/test_predictions.csv,,,
pooled,extreme_os,ALL,0,2,tabpfn_v3,599,150,188,success,0.7966466546058655,validation split balanced accuracy,0.49542465900231036,13.392410821998055,0.675531914893617,0.7046850998463902,0.7188940092165899,0.6190476190476191,0.7903225806451613,0.8299411162314387,0.8926022480159388,0.467107541787383,0.1474940054696369,/opt/tabr1_results/pooled/extreme_os/ALL/repeat_00_fold_02/tabpfn_v3/test_predictions.csv,,,
pooled,extreme_os,ALL,0,2,tabfm_default,599,150,188,success,0.7817752361297607,validation split balanced accuracy,0.015262045999406837,9.4630228850001,0.7978723404255319,0.7672811059907834,0.8503937007874016,0.8571428571428571,0.6774193548387096,0.8195084485407067,0.8808290450767966,0.46894824664520457,0.14822534702151394,/opt/tabr1_results/pooled/extreme_os/ALL/repeat_00_fold_02/tabfm_default/test_predictions.csv,,,
pooled,extreme_os,ALL,0,2,autogluon,599,150,188,success,0.6310006380081177,validation split balanced accuracy,5.935549431000254,0.0054486970002471935,0.8031914893617021,0.767153097798259,0.8560311284046692,0.873015873015873,0.6612903225806451,0.7841141833077316,0.8545007136679484,0.5246867097847486,0.17023749039854927,/opt/tabr1_results/pooled/extreme_os/ALL/repeat_00_fold_02/autogluon/test_predictions.csv,,,
pooled,extreme_os,ALL,0,3,tabpfn_v2,599,150,188,success,0.6851863861083984,validation split balanced accuracy,0.9677213299983123,24.28740949499843,0.7553191489361702,0.7127450980392157,0.8188976377952756,0.8666666666666667,0.5588235294117647,0.7639705882352941,0.8300065704484118,0.5590960832999595,0.18628178397496706,/opt/tabr1_results/pooled/extreme_os/ALL/repeat_00_fold_03/tabpfn_v2/test_predictions.csv,,,
pooled,extreme_os,ALL,0,3,tabpfn_v2_5,599,150,188,success,0.4158216118812561,validation split balanced accuracy,0.21752641800048877,15.369198382999457,0.7553191489361702,0.7095588235294117,0.8203125,0.875,0.5441176470588235,0.7694852941176471,0.8343699522386054,0.5554733285860362,0.18509430306214014,/opt/tabr1_results/pooled/extreme_os/ALL/repeat_00_fold_03/tabpfn_v2_5/test_predictions.csv,,,
pooled,extreme_os,ALL,0,3,tabpfn_v2_6,599,150,188,success,0.697769045829773,validation split balanced accuracy,0.3411474950007687,17.551241416000266,0.7553191489361702,0.7127450980392157,0.8188976377952756,0.8666666666666667,0.5588235294117647,0.7684436274509804,0.8334752635878648,0.5558835303088423,0.18491930454359434,/opt/tabr1_results/pooled/extreme_os/ALL/repeat_00_fold_03/tabpfn_v2_6/test_predictions.csv,,,
pooled,extreme_os,ALL,0,3,tabpfn_v3,599,150,188,success,0.7334180474281311,validation split balanced accuracy,0.45836200100166025,13.648461695000151,0.7446808510638298,0.7044117647058823,0.8095238095238095,0.85,0.5588235294117647,0.7427696078431373,0.8201555779120882,0.5680026551354239,0.18907298424177432,/opt/tabr1_results/pooled/extreme_os/ALL/repeat_00_fold_03/tabpfn_v3/test_predictions.csv,,,
pooled,extreme_os,ALL,0,3,tabfm_default,599,150,188,success,0.7555568814277649,validation split balanced accuracy,0.015233063000778202,9.42204560800019,0.75,0.708578431372549,0.8142292490118577,0.8583333333333333,0.5588235294117647,0.7609068627450981,0.82484405452773,0.5657472312619694,0.18827694267409553,/opt/tabr1_results/pooled/extreme_os/ALL/repeat_00_fold_03/tabfm_default/test_predictions.csv,,,
pooled,extreme_os,ALL,0,3,autogluon,599,150,188,success,0.5018539428710938,validation split balanced accuracy,5.629716663999716,0.005787002999568358,0.7446808510638298,0.7012254901960784,0.8110236220472441,0.8583333333333333,0.5441176470588235,0.6931985294117646,0.7372804996360394,0.6130891757655967,0.20101460506087843,/opt/tabr1_results/pooled/extreme_os/ALL/repeat_00_fold_03/autogluon/test_predictions.csv,,,
pooled,extreme_os,ALL,0,4,tabpfn_v2,600,150,187,success,0.40886738896369934,validation split balanced accuracy,0.9318792580015725,22.589560872998845,0.7700534759358288,0.7272893772893774,0.8300395256916996,0.8974358974358975,0.5571428571428572,0.7875457875457875,0.8283674999968778,0.5256205141178294,0.1697672403556715,/opt/tabr1_results/pooled/extreme_os/ALL/repeat_00_fold_04/tabpfn_v2/test_predictions.csv,,,
pooled,extreme_os,ALL,0,4,tabpfn_v2_5,600,150,187,success,0.44976162910461426,validation split balanced accuracy,0.2449662389990408,15.535745546996623,0.7700534759358288,0.7272893772893774,0.8300395256916996,0.8974358974358975,0.5571428571428572,0.7884004884004884,0.8238586132146037,0.5257268116935142,0.1698058959465501,/opt/tabr1_results/pooled/extreme_os/ALL/repeat_00_fold_04/tabpfn_v2_5/test_predictions.csv,,,
pooled,extreme_os,ALL,0,4,tabpfn_v2_6,600,150,187,success,0.3159220516681671,validation split balanced accuracy,0.366010488000029,17.028809740000725,0.7807486631016043,0.7300976800976802,0.8416988416988417,0.9316239316239316,0.5285714285714286,0.7727716727716728,0.8183329675856618,0.5343798531331775,0.16949737856615074,/opt/tabr1_results/pooled/extreme_os/ALL/repeat_00_fold_04/tabpfn_v2_6/test_predictions.csv,,,
pooled,extreme_os,ALL,0,4,tabpfn_v3,600,150,187,success,0.29884326457977295,validation split balanced accuracy,0.4978849680010171,13.736584569000115,0.786096256684492,0.7487179487179487,0.84,0.8974358974358975,0.6,0.7897435897435897,0.8209852815379797,0.5181756189972598,0.16712863243954768,/opt/tabr1_results/pooled/extreme_os/ALL/repeat_00_fold_04/tabpfn_v3/test_predictions.csv,,,
pooled,extreme_os,ALL,0,4,tabfm_default,600,150,187,success,0.7097349762916565,validation split balanced accuracy,0.015562153999781003,9.692265230001794,0.786096256684492,0.7487179487179487,0.84,0.8974358974358975,0.6,0.7747863247863248,0.8191430555267047,0.525106206035348,0.16922863687912243,/opt/tabr1_results/pooled/extreme_os/ALL/repeat_00_fold_04/tabfm_default/test_predictions.csv,,,
pooled,extreme_os,ALL,0,4,autogluon,600,150,187,success,0.653514564037323,validation split balanced accuracy,5.574294504000136,0.005793801999971038,0.7433155080213903,0.7288766788766788,0.7931034482758621,0.7863247863247863,0.6714285714285714,0.7851648351648352,0.8270193869400483,0.5279085780757838,0.1725036566499241,/opt/tabr1_results/pooled/extreme_os/ALL/repeat_00_fold_04/autogluon/test_predictions.csv,,,
pooled,extreme_os,ALL,1,0,tabpfn_v2,599,150,188,success,0.7656662464141846,validation split balanced accuracy,1.0141905029995542,24.37542530399878,0.7446808510638298,0.74002574002574,0.7798165137614679,0.7657657657657657,0.7142857142857143,0.8115128115128115,0.8357661137462199,0.5109298919678581,0.16493444772893937,/opt/tabr1_results/pooled/extreme_os/ALL/repeat_01_fold_00/tabpfn_v2/test_predictions.csv,,,
pooled,extreme_os,ALL,1,0,tabpfn_v2_5,599,150,188,success,0.7367327809333801,validation split balanced accuracy,0.24343470399981015,15.759305495001172,0.7659574468085106,0.754065754065754,0.8053097345132744,0.8198198198198198,0.6883116883116883,0.8089388089388089,0.8317751524591244,0.5099552110592038,0.16475231023086404,/opt/tabr1_results/pooled/extreme_os/ALL/repeat_01_fold_00/tabpfn_v2_5/test_predictions.csv,,,
pooled,extreme_os,ALL,1,0,tabpfn_v2_6,599,150,188,success,0.7535946369171143,validation split balanced accuracy,0.2983436949980387,17.22590105299969,0.7606382978723404,0.7575172575172575,0.7926267281105991,0.7747747747747747,0.7402597402597403,0.8138528138528138,0.836113708059715,0.5047641842019376,0.16212808831698164,/opt/tabr1_results/pooled/extreme_os/ALL/repeat_01_fold_00/tabpfn_v2_6/test_predictions.csv,,,
pooled,extreme_os,ALL,1,0,tabpfn_v3,599,150,188,success,0.7509206533432007,validation split balanced accuracy,0.49551264999900013,13.693680301999848,0.7606382978723404,0.7495612495612496,0.8,0.8108108108108109,0.6883116883116883,0.8166608166608166,0.8410424554004001,0.5098115186140034,0.16439157524812203,/opt/tabr1_results/pooled/extreme_os/ALL/repeat_01_fold_00/tabpfn_v3/test_predictions.csv,,,
pooled,extreme_os,ALL,1,0,tabfm_default,599,150,188,success,0.3066193163394928,validation split balanced accuracy,0.015482138998777373,9.453129472996807,0.7978723404255319,0.7671697671697671,0.8455284552845529,0.9369369369369369,0.5974025974025974,0.8102258102258102,0.8263490702723693,0.5047542132434402,0.16245246606954802,/opt/tabr1_results/pooled/extreme_os/ALL/repeat_01_fold_00/tabfm_default/test_predictions.csv,,,
pooled,extreme_os,ALL,1,0,autogluon,599,150,188,success,0.752417802810669,validation split balanced accuracy,5.752670108002349,0.007326355000259355,0.7712765957446809,0.7724932724932725,0.7981220657276995,0.7657657657657657,0.7792207792207793,0.8262548262548264,0.8399218894480043,0.513027609474944,0.16331215427100904,/opt/tabr1_results/pooled/extreme_os/ALL/repeat_01_fold_00/autogluon/test_predictions.csv,,,
pooled,extreme_os,ALL,1,1,tabpfn_v2,599,150,188,success,0.5926361083984375,validation split balanced accuracy,1.0066114719993493,24.288328662998538,0.7712765957446809,0.720026525198939,0.8377358490566038,0.8538461538461538,0.5862068965517241,0.7639257294429708,0.8804123160493997,0.5332430133506776,0.17637338963822105,/opt/tabr1_results/pooled/extreme_os/ALL/repeat_01_fold_01/tabpfn_v2/test_predictions.csv,,,
pooled,extreme_os,ALL,1,1,tabpfn_v2_5,599,150,188,success,0.4064408242702484,validation split balanced accuracy,0.21669567700155312,15.667314574002376,0.7659574468085106,0.7114058355437666,0.8345864661654135,0.8538461538461538,0.5689655172413793,0.7546419098143237,0.8721629281047844,0.5273749862830989,0.17414684985978826,/opt/tabr1_results/pooled/extreme_os/ALL/repeat_01_fold_01/tabpfn_v2_5/test_predictions.csv,,,
pooled,extreme_os,ALL,1,1,tabpfn_v2_6,599,150,188,success,0.7348695397377014,validation split balanced accuracy,0.3352240719977999,17.3081089590014,0.7659574468085106,0.7161803713527851,0.8333333333333334,0.8461538461538461,0.5862068965517241,0.7365384615384616,0.8583099474973553,0.5312199301839798,0.17497950721831837,/opt/tabr1_results/pooled/extreme_os/ALL/repeat_01_fold_01/tabpfn_v2_6/test_predictions.csv,,,
pooled,extreme_os,ALL,1,1,tabpfn_v3,599,150,188,success,0.7585784196853638,validation split balanced accuracy,0.4945372580004914,13.647290877997875,0.7553191489361702,0.7084880636604775,0.8244274809160306,0.8307692307692308,0.5862068965517241,0.7802387267904509,0.8890766140609717,0.5184741356301479,0.17121031705364329,/opt/tabr1_results/pooled/extreme_os/ALL/repeat_01_fold_01/tabpfn_v3/test_predictions.csv,,,
pooled,extreme_os,ALL,1,1,tabfm_default,599,150,188,success,0.7619126439094543,validation split balanced accuracy,0.01546166899788659,9.625966239000263,0.7606382978723404,0.7123342175066313,0.8288973384030418,0.8384615384615385,0.5862068965517241,0.7654509283819629,0.881057809035835,0.516782737034569,0.17080998444538786,/opt/tabr1_results/pooled/extreme_os/ALL/repeat_01_fold_01/tabfm_default/test_predictions.csv,,,
pooled,extreme_os,ALL,1,1,autogluon,599,150,188,success,0.5798409581184387,validation split balanced accuracy,5.656023626997921,0.02064486600283999,0.7393617021276596,0.6826259946949602,0.8150943396226416,0.8307692307692308,0.5344827586206896,0.7328912466843501,0.826111626071728,0.5506109708897772,0.18292363642265325,/opt/tabr1_results/pooled/extreme_os/ALL/repeat_01_fold_01/autogluon/test_predictions.csv,,,
pooled,extreme_os,ALL,1,2,tabpfn_v2,600,150,187,success,0.6093767881393433,validation split balanced accuracy,1.0113911720000033,23.07728688199859,0.786096256684492,0.7502044711014176,0.8461538461538461,0.8396946564885496,0.6607142857142857,0.7621319520174482,0.8611339239119067,0.5134263623034167,0.16601980138651368,/opt/tabr1_results/pooled/extreme_os/ALL/repeat_01_fold_02/tabpfn_v2/test_predictions.csv,,,
pooled,extreme_os,ALL,1,2,tabpfn_v2_5,600,150,187,success,0.6302947402000427,validation split balanced accuracy,0.22957325099923764,15.42140559699692,0.7754010695187166,0.7476826608505998,0.8359375,0.816793893129771,0.6785714285714286,0.7639040348964014,0.8604306444699231,0.5120087761281674,0.16510137870331837,/opt/tabr1_results/pooled/extreme_os/ALL/repeat_01_fold_02/tabpfn_v2_5/test_predictions.csv,,,
pooled,extreme_os,ALL,1,2,tabpfn_v2_6,600,150,187,success,0.7409383654594421,validation split balanced accuracy,0.33135849999962375,17.075515600998187,0.7219251336898396,0.7197382769901854,0.7851239669421488,0.7251908396946565,0.7142857142857143,0.7595419847328244,0.8547221034499333,0.5157625027439814,0.16562015619656947,/opt/tabr1_results/pooled/extreme_os/ALL/repeat_01_fold_02/tabpfn_v2_6/test_predictions.csv,,,
pooled,extreme_os,ALL,1,2,tabpfn_v3,600,150,187,success,0.7009263038635254,validation split balanced accuracy,0.4930915439981618,13.504774428001838,0.7647058823529411,0.7400490730643403,0.8267716535433071,0.8015267175572519,0.6785714285714286,0.7659487459105779,0.8676168272782301,0.5097807397411228,0.16532823571219038,/opt/tabr1_results/pooled/extreme_os/ALL/repeat_01_fold_02/tabpfn_v3/test_predictions.csv,,,
pooled,extreme_os,ALL,1,2,tabfm_default,600,150,187,success,0.713298499584198,validation split balanced accuracy,0.015166482000495307,9.989390029997594,0.7540106951871658,0.7324154852780806,0.8174603174603174,0.7862595419847328,0.6785714285714286,0.7619956379498365,0.867672492317167,0.5136639015623267,0.16660715100551662,/opt/tabr1_results/pooled/extreme_os/ALL/repeat_01_fold_02/tabfm_default/test_predictions.csv,,,
pooled,extreme_os,ALL,1,2,autogluon,600,150,187,success,0.5731849074363708,validation split balanced accuracy,5.662886958001764,0.020798464000108652,0.7807486631016043,0.7514994547437296,0.8404669260700389,0.8244274809160306,0.6785714285714286,0.7542257360959651,0.8441943245413676,1.2428808194292125,0.2023835181637561,/opt/tabr1_results/pooled/extreme_os/ALL/repeat_01_fold_02/autogluon/test_predictions.csv,,,
pooled,extreme_os,ALL,1,3,tabpfn_v2,600,150,187,success,0.7484697103500366,validation split balanced accuracy,0.9772499999999127,23.460863109001366,0.7593582887700535,0.7336577745734199,0.8117154811715481,0.8508771929824561,0.6164383561643836,0.7768565248738284,0.8183799236323184,0.5495904067880103,0.1804649533003754,/opt/tabr1_results/pooled/extreme_os/ALL/repeat_01_fold_03/tabpfn_v2/test_predictions.csv,,,
pooled,extreme_os,ALL,1,3,tabpfn_v2_5,600,150,187,success,0.7005400061607361,validation split balanced accuracy,0.28422639099881053,15.454676541998197,0.7593582887700535,0.72380437394857,0.8178137651821862,0.8859649122807017,0.5616438356164384,0.7754145638067773,0.8226074565413557,0.5508989742671169,0.18080509662551256,/opt/tabr1_results/pooled/extreme_os/ALL/repeat_01_fold_03/tabpfn_v2_5/test_predictions.csv,,,
pooled,extreme_os,ALL,1,3,tabpfn_v2_6,600,150,187,success,0.7484991550445557,validation split balanced accuracy,0.3259493449986621,17.441219526997884,0.7540106951871658,0.7194184090362894,0.8130081300813008,0.8771929824561403,0.5616438356164384,0.7559480894015861,0.8040950576368046,0.5667618448967662,0.18381853757638794,/opt/tabr1_results/pooled/extreme_os/ALL/repeat_01_fold_03/tabpfn_v2_6/test_predictions.csv,,,
pooled,extreme_os,ALL,1,3,tabpfn_v3,600,150,187,success,0.7700198292732239,validation split balanced accuracy,0.49632780799947795,13.559339776002162,0.7593582887700535,0.72380437394857,0.8178137651821862,0.8859649122807017,0.5616438356164384,0.7679644316270127,0.81965183163519,0.5539031717073963,0.1819526359602306,/opt/tabr1_results/pooled/extreme_os/ALL/repeat_01_fold_03/tabpfn_v3/test_predictions.csv,,,
pooled,extreme_os,ALL,1,3,tabfm_default,600,150,187,success,0.7603344321250916,validation split balanced accuracy,0.015155641998717329,9.671561328999815,0.7540106951871658,0.7218817591925017,0.8114754098360656,0.868421052631579,0.5753424657534246,0.7680845950492671,0.814956269357014,0.5591109926726006,0.18312139553059661,/opt/tabr1_results/pooled/extreme_os/ALL/repeat_01_fold_03/tabfm_default/test_predictions.csv,,,
pooled,extreme_os,ALL,1,3,autogluon,600,150,187,success,0.5614543557167053,validation split balanced accuracy,5.387350955999864,0.007258664998516906,0.7379679144385026,0.7037971641432348,0.8,0.8596491228070176,0.547945205479452,0.7706681086277338,0.8079482750379726,0.6115396136332382,0.19182493001590487,/opt/tabr1_results/pooled/extreme_os/ALL/repeat_01_fold_03/autogluon/test_predictions.csv,,,
pooled,extreme_os,ALL,1,4,tabpfn_v2,600,150,187,success,0.719122052192688,validation split balanced accuracy,0.9557809710022411,23.317511042998376,0.8021390374331551,0.7692938209331652,0.852589641434263,0.8770491803278688,0.6615384615384615,0.8039722572509458,0.8633527919373881,0.48329902803907554,0.15386796602114244,/opt/tabr1_results/pooled/extreme_os/ALL/repeat_01_fold_04/tabpfn_v2/test_predictions.csv,,,
pooled,extreme_os,ALL,1,4,tabpfn_v2_5,600,150,187,success,0.36608365178108215,validation split balanced accuracy,0.24444631000005757,15.36545349500011,0.8074866310160428,0.7662042875157629,0.859375,0.9016393442622951,0.6307692307692307,0.7860655737704919,0.8542347138134114,0.4913849960110076,0.15716838228792573,/opt/tabr1_results/pooled/extreme_os/ALL/repeat_01_fold_04/tabpfn_v2_5/test_predictions.csv,,,
pooled,extreme_os,ALL,1,4,tabpfn_v2_6,600,150,187,success,0.32413965463638306,validation split balanced accuracy,0.33392897299927427,17.053178772002866,0.8021390374331551,0.7621059268600252,0.8549019607843137,0.8934426229508197,0.6307692307692307,0.7798234552332912,0.8538472145750193,0.4905224627145962,0.15737973251223553,/opt/tabr1_results/pooled/extreme_os/ALL/repeat_01_fold_04/tabpfn_v2_6/test_predictions.csv,,,
pooled,extreme_os,ALL,1,4,tabpfn_v3,600,150,187,success,0.7350671291351318,validation split balanced accuracy,0.4701801939991128,13.96691787799864,0.786096256684492,0.753404791929382,0.84,0.860655737704918,0.6461538461538462,0.7932534678436317,0.852537767970521,0.4886312844968698,0.15595546397237672,/opt/tabr1_results/pooled/extreme_os/ALL/repeat_01_fold_04/tabpfn_v3/test_predictions.csv,,,
pooled,extreme_os,ALL,1,4,tabfm_default,600,150,187,success,0.7425047159194946,validation split balanced accuracy,0.01529416300036246,9.512140057002398,0.7967914438502673,0.7580075662042876,0.8503937007874016,0.8852459016393442,0.6307692307692307,0.7706179066834804,0.8352503605049308,0.49822164287753673,0.15903959602293302,/opt/tabr1_results/pooled/extreme_os/ALL/repeat_01_fold_04/tabfm_default/test_predictions.csv,,,
pooled,extreme_os,ALL,1,4,autogluon,600,150,187,success,0.41571474075317383,validation split balanced accuracy,5.299865236000187,0.011043235997931333,0.7700534759358288,0.723139974779319,0.8326848249027238,0.8770491803278688,0.5692307692307692,0.7423076923076923,0.8079944305363054,0.6805526548033063,0.19796231265368905,/opt/tabr1_results/pooled/extreme_os/ALL/repeat_01_fold_04/autogluon/test_predictions.csv,,,
pooled,extreme_os,ALL,2,0,tabpfn_v2,599,150,188,success,0.7646195888519287,validation split balanced accuracy,1.0778933069996128,24.63613535100012,0.7978723404255319,0.7711693548387097,0.848,0.8548387096774194,0.6875,0.8104208669354839,0.8658641871008989,0.47220353087901373,0.14902461643098155,/opt/tabr1_results/pooled/extreme_os/ALL/repeat_02_fold_00/tabpfn_v2/test_predictions.csv,,,
pooled,extreme_os,ALL,2,0,tabpfn_v2_5,599,150,188,success,0.7426151037216187,validation split balanced accuracy,0.2415602699984447,15.53146307300267,0.8085106382978723,0.779233870967742,0.8571428571428571,0.8709677419354839,0.6875,0.7944178427419355,0.8559134521950356,0.4786082328657668,0.1519509634335112,/opt/tabr1_results/pooled/extreme_os/ALL/repeat_02_fold_00/tabpfn_v2_5/test_predictions.csv,,,
pooled,extreme_os,ALL,2,0,tabpfn_v2_6,599,150,188,success,0.7718173265457153,validation split balanced accuracy,0.32874453799740877,17.350891258000047,0.7925531914893617,0.7746975806451613,0.8408163265306122,0.8306451612903226,0.71875,0.7973790322580646,0.8521507075749254,0.48152618115997237,0.15215829906416273,/opt/tabr1_results/pooled/extreme_os/ALL/repeat_02_fold_00/tabpfn_v2_6/test_predictions.csv,,,
pooled,extreme_os,ALL,2,0,tabpfn_v3,599,150,188,success,0.7813805341720581,validation split balanced accuracy,0.4968353969998134,13.64837883400105,0.6861702127659575,0.6978326612903225,0.7354260089686099,0.6612903225806451,0.734375,0.7954259072580646,0.8645920937601872,0.47620893528869307,0.15081809435095497,/opt/tabr1_results/pooled/extreme_os/ALL/repeat_02_fold_00/tabpfn_v3/test_predictions.csv,,,
pooled,extreme_os,ALL,2,0,tabfm_default,599,150,188,success,0.7358104586601257,validation split balanced accuracy,0.01541218100101105,9.395853916998021,0.8191489361702128,0.7797379032258065,0.8682170542635659,0.9032258064516129,0.65625,0.7902595766129031,0.8520721746518445,0.4778180420813426,0.15130597396326448,/opt/tabr1_results/pooled/extreme_os/ALL/repeat_02_fold_00/tabfm_default/test_predictions.csv,,,
pooled,extreme_os,ALL,2,0,autogluon,599,150,188,success,0.5848557949066162,validation split balanced accuracy,5.714480160997482,0.13301661600053194,0.7659574468085106,0.7091733870967742,0.8333333333333334,0.8870967741935484,0.53125,0.7477948588709677,0.8272812548722923,0.5479060598450912,0.18222645745667596,/opt/tabr1_results/pooled/extreme_os/ALL/repeat_02_fold_00/autogluon/test_predictions.csv,,,
pooled,extreme_os,ALL,2,1,tabpfn_v2,600,150,187,success,0.7989208102226257,validation split balanced accuracy,1.0491688069996599,23.429875832000107,0.6951871657754011,0.7037815126050421,0.7373271889400922,0.6722689075630253,0.7352941176470589,0.76890756302521,0.8268618821704865,0.5244041007284423,0.17043705486516353,/opt/tabr1_results/pooled/extreme_os/ALL/repeat_02_fold_01/tabpfn_v2/test_predictions.csv,,,
pooled,extreme_os,ALL,2,1,tabpfn_v2_5,600,150,187,success,0.7637015581130981,validation split balanced accuracy,0.2526179550004599,15.294071405001887,0.7593582887700535,0.7447478991596639,0.8085106382978723,0.7983193277310925,0.6911764705882353,0.7633465150766189,0.8200169258380834,0.5269902760660081,0.17113907463707728,/opt/tabr1_results/pooled/extreme_os/ALL/repeat_02_fold_01/tabpfn_v2_5/test_predictions.csv,,,
pooled,extreme_os,ALL,2,1,tabpfn_v2_6,600,150,187,success,0.7776393294334412,validation split balanced accuracy,0.3671264210024674,17.78232792199924,0.7540106951871658,0.740546218487395,0.8034188034188035,0.7899159663865546,0.6911764705882353,0.7756426099851707,0.8355081527696426,0.5207850047670821,0.16956911554199033,/opt/tabr1_results/pooled/extreme_os/ALL/repeat_02_fold_01/tabpfn_v2_6/test_predictions.csv,,,
pooled,extreme_os,ALL,2,1,tabpfn_v3,600,150,187,success,0.7895717024803162,validation split balanced accuracy,0.43383956300021964,13.586988626000675,0.6898395721925134,0.6869747899159664,0.7410714285714286,0.6974789915966386,0.6764705882352942,0.7477755808205636,0.8074854383207564,0.528365181153513,0.1716177300377621,/opt/tabr1_results/pooled/extreme_os/ALL/repeat_02_fold_01/tabpfn_v3/test_predictions.csv,,,
pooled,extreme_os,ALL,2,1,tabfm_default,600,150,187,success,0.7817752361297607,validation split balanced accuracy,0.015360164001322119,9.49525947100119,0.732620320855615,0.7268907563025211,0.7807017543859649,0.7478991596638656,0.7058823529411765,0.7678571428571428,0.8133180681649632,0.5279566808100699,0.1712801335685235,/opt/tabr1_results/pooled/extreme_os/ALL/repeat_02_fold_01/tabfm_default/test_predictions.csv,,,
pooled,extreme_os,ALL,2,1,autogluon,600,150,187,success,0.8224877715110779,validation split balanced accuracy,6.211160386999836,0.010471707999386126,0.7754010695187166,0.7447478991596639,0.8292682926829268,0.8571428571428571,0.6323529411764706,0.783119130004943,0.8200287525317143,0.9973658490941956,0.19735916315993512,/opt/tabr1_results/pooled/extreme_os/ALL/repeat_02_fold_01/autogluon/test_predictions.csv,,,
pooled,extreme_os,ALL,2,2,tabpfn_v2,599,150,188,success,0.8069087862968445,validation split balanced accuracy,0.8376677970009041,24.717622277999908,0.6808510638297872,0.6949826130154,0.7247706422018348,0.6475409836065574,0.7424242424242424,0.7614257327372081,0.849175199520952,0.551478111708843,0.18419437780278267,/opt/tabr1_results/pooled/extreme_os/ALL/repeat_02_fold_02/tabpfn_v2/test_predictions.csv,,,
pooled,extreme_os,ALL,2,2,tabpfn_v2_5,599,150,188,success,0.7739657163619995,validation split balanced accuracy,0.2587996180009213,15.686824360000173,0.7393617021276596,0.7261549925484352,0.7932489451476793,0.7704918032786885,0.6818181818181818,0.7702434177844013,0.8539500260983413,0.5415706287898735,0.1803265003107678,/opt/tabr1_results/pooled/extreme_os/ALL/repeat_02_fold_02/tabpfn_v2_5/test_predictions.csv,,,
pooled,extreme_os,ALL,2,2,tabpfn_v2_6,599,150,188,success,0.7976536750793457,validation split balanced accuracy,0.3383808250000584,17.371810133001418,0.6436170212765957,0.6454297069051167,0.6995515695067265,0.639344262295082,0.6515151515151515,0.7370218579234973,0.8248328898472028,0.5450767755221226,0.18137349447636722,/opt/tabr1_results/pooled/extreme_os/ALL/repeat_02_fold_02/tabpfn_v2_6/test_predictions.csv,,,
pooled,extreme_os,ALL,2,2,tabpfn_v3,599,150,188,success,0.8086993098258972,validation split balanced accuracy,0.43857083799957763,13.60779086399998,0.6808510638297872,0.7019374068554396,0.719626168224299,0.6311475409836066,0.7727272727272727,0.7789369100844511,0.8654787634564169,0.5369998286908764,0.17859840036426672,/opt/tabr1_results/pooled/extreme_os/ALL/repeat_02_fold_02/tabpfn_v3/test_predictions.csv,,,
pooled,extreme_os,ALL,2,2,tabfm_default,599,150,188,success,0.26082852482795715,validation split balanced accuracy,0.015214474999083905,9.483247718999337,0.7287234042553191,0.6692747143566815,0.8060836501901141,0.8688524590163934,0.4696969696969697,0.7556507699950323,0.8502520844272962,0.5428790055215319,0.1808769296480917,/opt/tabr1_results/pooled/extreme_os/ALL/repeat_02_fold_02/tabfm_default/test_predictions.csv,,,
pooled,extreme_os,ALL,2,2,autogluon,599,150,188,success,0.6779571771621704,validation split balanced accuracy,5.149381019997236,0.007662259999051457,0.6595744680851063,0.6368604073522106,0.7310924369747899,0.7131147540983607,0.5606060606060606,0.6826875310481868,0.7563053753246232,0.6138117071532984,0.20761474513796113,/opt/tabr1_results/pooled/extreme_os/ALL/repeat_02_fold_02/autogluon/test_predictions.csv,,,
pooled,extreme_os,ALL,2,3,tabpfn_v2,600,150,187,success,0.6957404613494873,validation split balanced accuracy,1.076449781001429,22.911678733998997,0.7754010695187166,0.7468241869918699,0.8306451612903226,0.8373983739837398,0.65625,0.763401930894309,0.8335840034324242,0.5057045873271458,0.16146141836925493,/opt/tabr1_results/pooled/extreme_os/ALL/repeat_02_fold_03/tabpfn_v2/test_predictions.csv,,,
pooled,extreme_os,ALL,2,3,tabpfn_v2_5,600,150,187,success,0.7165614366531372,validation split balanced accuracy,0.2581086400023196,15.852582987998176,0.7593582887700535,0.7421239837398375,0.8132780082987552,0.7967479674796748,0.6875,0.7768673780487805,0.8404423999296111,0.5017808815439885,0.1603842990394004,/opt/tabr1_results/pooled/extreme_os/ALL/repeat_02_fold_03/tabpfn_v2_5/test_predictions.csv,,,
pooled,extreme_os,ALL,2,3,tabpfn_v2_6,600,150,187,success,0.33836016058921814,validation split balanced accuracy,0.3345520080001734,17.04353460999846,0.7914438502673797,0.7402820121951219,0.8505747126436781,0.9024390243902439,0.578125,0.7764227642276422,0.8398739211787588,0.502012638690627,0.16063635404948975,/opt/tabr1_results/pooled/extreme_os/ALL/repeat_02_fold_03/tabpfn_v2_6/test_predictions.csv,,,
pooled,extreme_os,ALL,2,3,tabpfn_v3,600,150,187,success,0.3342907130718231,validation split balanced accuracy,0.49435433899998316,13.735593582998263,0.8021390374331551,0.7596544715447154,0.8560311284046692,0.8943089430894309,0.625,0.7724212398373984,0.8467659520946211,0.4986591120648497,0.1594218952746673,/opt/tabr1_results/pooled/extreme_os/ALL/repeat_02_fold_03/tabpfn_v3/test_predictions.csv,,,
pooled,extreme_os,ALL,2,3,tabfm_default,600,150,187,success,0.25749528408050537,validation split balanced accuracy,0.01525755799957551,9.810511277999467,0.7967914438502673,0.7518419715447154,0.8527131782945736,0.8943089430894309,0.609375,0.7945884146341462,0.8536669220502761,0.4888608512502978,0.15647997657357804,/opt/tabr1_results/pooled/extreme_os/ALL/repeat_02_fold_03/tabfm_default/test_predictions.csv,,,
pooled,extreme_os,ALL,2,3,autogluon,600,150,187,success,0.6811144351959229,validation split balanced accuracy,6.029614465998748,0.05593654100084677,0.7433155080213903,0.7186864837398375,0.8032786885245902,0.7967479674796748,0.640625,0.7301194105691058,0.8031620676005904,0.7112485144419095,0.19159799655653006,/opt/tabr1_results/pooled/extreme_os/ALL/repeat_02_fold_03/autogluon/test_predictions.csv,,,
pooled,extreme_os,ALL,2,4,tabpfn_v2,600,150,187,success,0.7692725658416748,validation split balanced accuracy,1.0640448440026375,23.277103299999,0.7486631016042781,0.7217661691542289,0.8065843621399177,0.8166666666666667,0.6268656716417911,0.7722014925373134,0.8468866451796824,0.5351574299892675,0.17632976187463575,/opt/tabr1_results/pooled/extreme_os/ALL/repeat_02_fold_04/tabpfn_v2/test_predictions.csv,,,
pooled,extreme_os,ALL,2,4,tabpfn_v2_5,600,150,187,success,0.7787023782730103,validation split balanced accuracy,0.24239440000019385,15.581866982996871,0.7112299465240641,0.7057835820895522,0.7631578947368421,0.725,0.6865671641791045,0.7713308457711442,0.840911421210043,0.5297828683679165,0.17444847687417822,/opt/tabr1_results/pooled/extreme_os/ALL/repeat_02_fold_04/tabpfn_v2_5/test_predictions.csv,,,
pooled,extreme_os,ALL,2,4,tabpfn_v2_6,600,150,187,success,0.7710012197494507,validation split balanced accuracy,0.34932706499967026,17.07928765500037,0.732620320855615,0.7026741293532338,0.7950819672131147,0.8083333333333333,0.5970149253731343,0.7598258706467662,0.8321073706096058,0.5305971609748472,0.17440649078308398,/opt/tabr1_results/pooled/extreme_os/ALL/repeat_02_fold_04/tabpfn_v2_6/test_predictions.csv,,,
pooled,extreme_os,ALL,2,4,tabpfn_v3,600,150,187,success,0.7604788541793823,validation split balanced accuracy,0.49528796400045394,13.683547501001158,0.7647058823529411,0.7342661691542289,0.8211382113821138,0.8416666666666667,0.6268656716417911,0.764365671641791,0.8415111037693941,0.5349173720679081,0.175703734060359,/opt/tabr1_results/pooled/extreme_os/ALL/repeat_02_fold_04/tabpfn_v3/test_predictions.csv,,,
pooled,extreme_os,ALL,2,4,tabfm_default,600,150,187,success,0.28140559792518616,validation split balanced accuracy,0.015314042000682093,9.497511716999725,0.7647058823529411,0.7111940298507462,0.8307692307692308,0.9,0.5223880597014925,0.7652985074626865,0.8348055355408117,0.5346553526562049,0.17533267972271505,/opt/tabr1_results/pooled/extreme_os/ALL/repeat_02_fold_04/tabfm_default/test_predictions.csv,,,
pooled,extreme_os,ALL,2,4,autogluon,600,150,187,success,0.6361827254295349,validation split balanced accuracy,5.632117747998564,0.013608171000669245,0.7700534759358288,0.7351368159203979,0.8273092369477911,0.8583333333333333,0.6119402985074627,0.7688432835820895,0.8375518693252284,0.5507881171545206,0.18248360736711913,/opt/tabr1_results/pooled/extreme_os/ALL/repeat_02_fold_04/autogluon/test_predictions.csv,,,
pooled,extreme_os,ALL,3,0,tabpfn_v2,599,150,188,success,0.7723509073257446,validation split balanced accuracy,0.9995024389972968,24.63363981600196,0.7340425531914894,0.7279411764705883,0.782608695652174,0.75,0.7058823529411765,0.7830882352941178,0.8413642501301167,0.528432285934784,0.17365612592603313,/opt/tabr1_results/pooled/extreme_os/ALL/repeat_03_fold_00/tabpfn_v2/test_predictions.csv,,,
pooled,extreme_os,ALL,3,0,tabpfn_v2_5,599,150,188,success,0.699377715587616,validation split balanced accuracy,0.22281161800128757,15.435187323000719,0.7712765957446809,0.7475490196078431,0.823045267489712,0.8333333333333334,0.6617647058823529,0.7933823529411765,0.8691167596377112,0.5257125562462438,0.1727166428497821,/opt/tabr1_results/pooled/extreme_os/ALL/repeat_03_fold_00/tabpfn_v2_5/test_predictions.csv,,,
pooled,extreme_os,ALL,3,0,tabpfn_v2_6,599,150,188,success,0.7601454854011536,validation split balanced accuracy,0.32643821699821274,17.422945759000868,0.7340425531914894,0.7215686274509805,0.7863247863247863,0.7666666666666667,0.6764705882352942,0.7847426470588235,0.8613499427118603,0.5374345013870917,0.17612547467311454,/opt/tabr1_results/pooled/extreme_os/ALL/repeat_03_fold_00/tabpfn_v2_6/test_predictions.csv,,,
pooled,extreme_os,ALL,3,0,tabpfn_v3,599,150,188,success,0.7149760723114014,validation split balanced accuracy,0.49283669299984467,13.732007510003314,0.7659574468085106,0.7306372549019607,0.824,0.8583333333333333,0.6029411764705882,0.7889705882352942,0.869011711305119,0.5246734363327037,0.17272850313106305,/opt/tabr1_results/pooled/extreme_os/ALL/repeat_03_fold_00/tabpfn_v3/test_predictions.csv,,,
pooled,extreme_os,ALL,3,0,tabfm_default,599,150,188,success,0.7507152557373047,validation split balanced accuracy,0.015432225998665672,9.359003961999406,0.75,0.7245098039215686,0.8065843621399177,0.8166666666666667,0.6323529411764706,0.7793504901960784,0.8548836931239658,0.5351888147685949,0.17637834914730444,/opt/tabr1_results/pooled/extreme_os/ALL/repeat_03_fold_00/tabfm_default/test_predictions.csv,,,
pooled,extreme_os,ALL,3,0,autogluon,599,150,188,success,0.9248112440109253,validation split balanced accuracy,5.5079274430027,0.019634361000498757,0.7074468085106383,0.6911764705882353,0.7659574468085106,0.75,0.6323529411764706,0.7264705882352941,0.8110070537648715,1.296741043480451,0.2377622429398045,/opt/tabr1_results/pooled/extreme_os/ALL/repeat_03_fold_00/autogluon/test_predictions.csv,,,
pooled,extreme_os,ALL,3,1,tabpfn_v2,599,150,188,success,0.34675517678260803,validation split balanced accuracy,1.0416310180007713,24.658602552997763,0.8191489361702128,0.7747826086956522,0.8759124087591241,0.8695652173913043,0.68,0.8404347826086956,0.9255699881558092,0.46404526955237124,0.1462962002022358,/opt/tabr1_results/pooled/extreme_os/ALL/repeat_03_fold_01/tabpfn_v2/test_predictions.csv,,,
pooled,extreme_os,ALL,3,1,tabpfn_v2_5,599,150,188,success,0.710246205329895,validation split balanced accuracy,0.26480281600015587,15.524841566002578,0.7606382978723404,0.7540579710144928,0.8249027237354085,0.7681159420289855,0.74,0.8307246376811593,0.9180788475692355,0.4669460845598811,0.14668539497753175,/opt/tabr1_results/pooled/extreme_os/ALL/repeat_03_fold_01/tabpfn_v2_5/test_predictions.csv,,,
pooled,extreme_os,ALL,3,1,tabpfn_v2_6,599,150,188,success,0.7058968544006348,validation split balanced accuracy,0.34089522400245187,17.404432330000418,0.8085106382978723,0.767536231884058,0.8676470588235294,0.855072463768116,0.68,0.8188405797101449,0.9194750050269134,0.474541678053276,0.15037933870362627,/opt/tabr1_results/pooled/extreme_os/ALL/repeat_03_fold_01/tabpfn_v2_6/test_predictions.csv,,,
pooled,extreme_os,ALL,3,1,tabpfn_v3,599,150,188,success,0.6968104243278503,validation split balanced accuracy,0.49294970499977353,13.75031855099951,0.8138297872340425,0.7711594202898551,0.8717948717948718,0.8623188405797102,0.68,0.8220289855072463,0.9151231630953927,0.4693335700577867,0.1485074253317681,/opt/tabr1_results/pooled/extreme_os/ALL/repeat_03_fold_01/tabpfn_v3/test_predictions.csv,,,
pooled,extreme_os,ALL,3,1,tabfm_default,599,150,188,success,0.7238304018974304,validation split balanced accuracy,0.015392094999697292,9.601118391001364,0.7712765957446809,0.7485507246376811,0.8365019011406845,0.7971014492753623,0.7,0.8191304347826087,0.9112822745823916,0.4716506472057043,0.14948900313331245,/opt/tabr1_results/pooled/extreme_os/ALL/repeat_03_fold_01/tabfm_default/test_predictions.csv,,,
pooled,extreme_os,ALL,3,1,autogluon,599,150,188,success,0.6785061955451965,validation split balanced accuracy,7.308671973998571,0.17672788799973205,0.723404255319149,0.728695652173913,0.792,0.717391304347826,0.74,0.8094202898550725,0.9018621293588986,0.5769154896644755,0.17521035796384926,/opt/tabr1_results/pooled/extreme_os/ALL/repeat_03_fold_01/autogluon/test_predictions.csv,,,
pooled,extreme_os,ALL,3,2,tabpfn_v2,600,150,187,success,0.4878891706466675,validation split balanced accuracy,1.040583604000858,23.307597998002166,0.786096256684492,0.7436974789915967,0.84251968503937,0.8991596638655462,0.5882352941176471,0.7562407315867524,0.8144673916040683,0.5342411716978022,0.1732835696161936,/opt/tabr1_results/pooled/extreme_os/ALL/repeat_03_fold_02/tabpfn_v2/test_predictions.csv,,,
pooled,extreme_os,ALL,3,2,tabpfn_v2_5,600,150,187,success,0.32928603887557983,validation split balanced accuracy,0.25575125199975446,15.149574372000643,0.7754010695187166,0.7258403361344538,0.8372093023255814,0.907563025210084,0.5441176470588235,0.7597009391992091,0.8093302821697751,0.5279428094806856,0.17102398978129985,/opt/tabr1_results/pooled/extreme_os/ALL/repeat_03_fold_02/tabpfn_v2_5/test_predictions.csv,,,
pooled,extreme_os,ALL,3,2,tabpfn_v2_6,600,150,187,success,0.779348611831665,validation split balanced accuracy,0.3283282650008914,17.349843071002397,0.7700534759358288,0.740546218487395,0.8244897959183674,0.8487394957983193,0.6323529411764706,0.7619253583786456,0.809840850451774,0.5350091657615094,0.17260230104084354,/opt/tabr1_results/pooled/extreme_os/ALL/repeat_03_fold_02/tabpfn_v2_6/test_predictions.csv,,,
pooled,extreme_os,ALL,3,2,tabpfn_v3,600,150,187,success,0.8462439179420471,validation split balanced accuracy,0.493787051000254,13.875368060002074,0.5508021390374331,0.6281512605042017,0.4939759036144578,0.3445378151260504,0.9117647058823529,0.7847874443895205,0.8396402684205502,0.5222873562257393,0.16983362393604226,/opt/tabr1_results/pooled/extreme_os/ALL/repeat_03_fold_02/tabpfn_v3/test_predictions.csv,,,
pooled,extreme_os,ALL,3,2,tabfm_default,600,150,187,success,0.8364359140396118,validation split balanced accuracy,0.014997030000813538,9.493086325997865,0.6203208556149733,0.6638655462184874,0.6282722513089005,0.5042016806722689,0.8235294117647058,0.7761987147800297,0.833702872578345,0.5251224588312544,0.17114651643447187,/opt/tabr1_results/pooled/extreme_os/ALL/repeat_03_fold_02/tabfm_default/test_predictions.csv,,,
pooled,extreme_os,ALL,3,2,autogluon,600,150,187,success,0.7541507482528687,validation split balanced accuracy,5.925374840000586,0.005791755000245757,0.5882352941176471,0.6102941176470589,0.6206896551724138,0.5294117647058824,0.6911764705882353,0.7071799307958477,0.7526717850031979,0.5810280887949504,0.1965007542460635,/opt/tabr1_results/pooled/extreme_os/ALL/repeat_03_fold_02/autogluon/test_predictions.csv,,,
pooled,extreme_os,ALL,3,3,tabpfn_v2,600,150,187,success,0.7486987709999084,validation split balanced accuracy,1.1149749649994192,23.455954553999618,0.7379679144385026,0.7233208955223881,0.7914893617021277,0.775,0.6716417910447762,0.812686567164179,0.8645459831237289,0.48511205379321987,0.15198726489929157,/opt/tabr1_results/pooled/extreme_os/ALL/repeat_03_fold_03/tabpfn_v2/test_predictions.csv,,,
pooled,extreme_os,ALL,3,3,tabpfn_v2_5,600,150,187,success,0.7241842150688171,validation split balanced accuracy,0.25904534599976614,15.433743844001583,0.7754010695187166,0.7557835820895522,0.825,0.825,0.6865671641791045,0.8130597014925374,0.8587239666607953,0.47859956581043267,0.14956945063282795,/opt/tabr1_results/pooled/extreme_os/ALL/repeat_03_fold_03/tabpfn_v2_5/test_predictions.csv,,,
pooled,extreme_os,ALL,3,3,tabpfn_v2_6,600,150,187,success,0.28292638063430786,validation split balanced accuracy,0.30994698900030926,17.593033748999005,0.8074866310160428,0.7511194029850746,0.8636363636363636,0.95,0.5522388059701493,0.8215174129353233,0.855342011251152,0.5040703416589191,0.14946295094354192,/opt/tabr1_results/pooled/extreme_os/ALL/repeat_03_fold_03/tabpfn_v2_6/test_predictions.csv,,,
pooled,extreme_os,ALL,3,3,tabpfn_v3,600,150,187,success,0.7765624523162842,validation split balanced accuracy,0.49682940899947425,13.626900920997286,0.7914438502673797,0.7616915422885573,0.8421052631578947,0.8666666666666667,0.6567164179104478,0.809950248756219,0.8606943424943123,0.48865975116777804,0.15069427383854228,/opt/tabr1_results/pooled/extreme_os/ALL/repeat_03_fold_03/tabpfn_v3/test_predictions.csv,,,
pooled,extreme_os,ALL,3,3,tabfm_default,600,150,187,success,0.7847225666046143,validation split balanced accuracy,0.015100491997145582,9.6833164210002,0.7486631016042781,0.7481343283582089,0.7929515418502202,0.75,0.746268656716418,0.8120646766169154,0.8592871219340619,0.4920162096193459,0.15082977233087763,/opt/tabr1_results/pooled/extreme_os/ALL/repeat_03_fold_03/tabfm_default/test_predictions.csv,,,
pooled,extreme_os,ALL,3,3,autogluon,600,150,187,success,0.6923493146896362,validation split balanced accuracy,5.539376682001603,0.00561096700039343,0.7754010695187166,0.7524875621890548,0.8264462809917356,0.8333333333333334,0.6716417910447762,0.7945273631840795,0.844058632891896,0.512789257061184,0.16526342022133636,/opt/tabr1_results/pooled/extreme_os/ALL/repeat_03_fold_03/autogluon/test_predictions.csv,,,
pooled,extreme_os,ALL,3,4,tabpfn_v2,600,150,187,success,0.7035324573516846,validation split balanced accuracy,0.9647671740021906,23.58302026000092,0.7379679144385026,0.7066737790422001,0.7983539094650206,0.8738738738738738,0.5394736842105263,0.7315670934091987,0.7650448579649092,0.5875027776161006,0.19572722814470808,/opt/tabr1_results/pooled/extreme_os/ALL/repeat_03_fold_04/tabpfn_v2/test_predictions.csv,,,
pooled,extreme_os,ALL,3,4,tabpfn_v2_5,600,150,187,success,0.7348055839538574,validation split balanced accuracy,0.24332464400140452,15.529936851002276,0.7272727272727273,0.7080369843527738,0.7792207792207793,0.8108108108108109,0.6052631578947368,0.7483997155049787,0.7769564475787579,0.5802105472237883,0.19297528597084745,/opt/tabr1_results/pooled/extreme_os/ALL/repeat_03_fold_04/tabpfn_v2_5/test_predictions.csv,,,
pooled,extreme_os,ALL,3,4,tabpfn_v2_6,600,150,187,success,0.5259013175964355,validation split balanced accuracy,0.3550466150009015,17.400939002000086,0.7379679144385026,0.7025248933143671,0.8016194331983806,0.8918918918918919,0.5131578947368421,0.7255215742057849,0.7577775222981806,0.5963874120137894,0.19804196548558503,/opt/tabr1_results/pooled/extreme_os/ALL/repeat_03_fold_04/tabpfn_v2_6/test_predictions.csv,,,
pooled,extreme_os,ALL,3,4,tabpfn_v3,600,150,187,success,0.7811942100524902,validation split balanced accuracy,0.4705762000012328,13.475837363999744,0.6898395721925134,0.6848032242769084,0.7314814814814815,0.7117117117117117,0.6578947368421053,0.7444879089615931,0.7708399865379798,0.5820801469038525,0.19399262894198285,/opt/tabr1_results/pooled/extreme_os/ALL/repeat_03_fold_04/tabpfn_v3/test_predictions.csv,,,
pooled,extreme_os,ALL,3,4,tabfm_default,600,150,187,success,0.3178025782108307,validation split balanced accuracy,0.015191533999313833,9.66264789500201,0.7433155080213903,0.7111782835467046,0.8032786885245902,0.8828828828828829,0.5394736842105263,0.7268847795163585,0.761525428171806,0.5898432051895129,0.19593698423347497,/opt/tabr1_results/pooled/extreme_os/ALL/repeat_03_fold_04/tabfm_default/test_predictions.csv,,,
pooled,extreme_os,ALL,3,4,autogluon,600,150,187,success,0.5351725816726685,validation split balanced accuracy,5.545184292001068,0.11911073800001759,0.7433155080213903,0.7111782835467046,0.8032786885245902,0.8828828828828829,0.5394736842105263,0.7326339497392129,0.7711229294846174,0.5850440612827547,0.19785914506716473,/opt/tabr1_results/pooled/extreme_os/ALL/repeat_03_fold_04/autogluon/test_predictions.csv,,,
pooled,extreme_os,ALL,4,0,tabpfn_v2,599,150,188,success,0.7591292858123779,validation split balanced accuracy,1.0264017900008184,24.772708717999194,0.7819148936170213,0.7624192747143568,0.831275720164609,0.8278688524590164,0.696969696969697,0.7971932439145553,0.854467514087073,0.4859403262432079,0.15474819065693085,/opt/tabr1_results/pooled/extreme_os/ALL/repeat_04_fold_00/tabpfn_v2/test_predictions.csv,,,
pooled,extreme_os,ALL,4,0,tabpfn_v2_5,599,150,188,success,0.7498775720596313,validation split balanced accuracy,0.2422762120004336,15.788029727998946,0.7606382978723404,0.7460258320914059,0.8117154811715481,0.7950819672131147,0.696969696969697,0.8068802781917536,0.8683167350608099,0.48477575535214446,0.15527219504131012,/opt/tabr1_results/pooled/extreme_os/ALL/repeat_04_fold_00/tabpfn_v2_5/test_predictions.csv,,,
pooled,extreme_os,ALL,4,0,tabpfn_v2_6,599,150,188,success,0.7412254810333252,validation split balanced accuracy,0.3561357889993815,17.143279307998455,0.8031914893617021,0.7683805265772479,0.8537549407114624,0.8852459016393442,0.6515151515151515,0.8203551912568307,0.8823557302711813,0.47345019053742604,0.1512471353333351,/opt/tabr1_results/pooled/extreme_os/ALL/repeat_04_fold_00/tabpfn_v2_6/test_predictions.csv,,,
pooled,extreme_os,ALL,4,0,tabpfn_v3,599,150,188,success,0.7778675556182861,validation split balanced accuracy,0.4976846729987301,13.612116657001025,0.8031914893617021,0.7753353204172876,0.8514056224899599,0.8688524590163934,0.6818181818181818,0.8355688027819175,0.893128182749317,0.468348381994071,0.14889167775917037,/opt/tabr1_results/pooled/extreme_os/ALL/repeat_04_fold_00/tabpfn_v3/test_predictions.csv,,,
pooled,extreme_os,ALL,4,0,tabfm_default,599,150,188,success,0.7847225666046143,validation split balanced accuracy,0.015841387001273688,9.532253362001939,0.7127659574468085,0.723050173869846,0.7567567567567568,0.6885245901639344,0.7575757575757576,0.7992424242424242,0.8695203948590905,0.4858200411047359,0.15527689981403067,/opt/tabr1_results/pooled/extreme_os/ALL/repeat_04_fold_00/tabfm_default/test_predictions.csv,,,
pooled,extreme_os,ALL,4,0,autogluon,599,150,188,success,0.6730523705482483,validation split balanced accuracy,5.6252672919981705,0.00522798500242061,0.7819148936170213,0.755464480874317,0.8340080971659919,0.8442622950819673,0.6666666666666666,0.7681321410829607,0.8345283563518142,0.5331884270986681,0.17453029474603987,/opt/tabr1_results/pooled/extreme_os/ALL/repeat_04_fold_00/autogluon/test_predictions.csv,,,
pooled,extreme_os,ALL,4,1,tabpfn_v2,600,150,187,success,0.8042842745780945,validation split balanced accuracy,1.0396724979982537,23.325424119000672,0.7272727272727273,0.7257351027842831,0.7829787234042553,0.7301587301587301,0.7213114754098361,0.806791569086651,0.8684706693492656,0.4791834435396,0.15289938349365637,/opt/tabr1_results/pooled/extreme_os/ALL/repeat_04_fold_01/tabpfn_v2/test_predictions.csv,,,
pooled,extreme_os,ALL,4,1,tabpfn_v2_5,600,150,187,success,0.7812567353248596,validation split balanced accuracy,0.26077779099796317,15.541578765998565,0.7219251336898396,0.7302237835024721,0.7739130434782608,0.7063492063492064,0.7540983606557377,0.8084829560239396,0.8717351657139601,0.47680722231234274,0.15150449281181527,/opt/tabr1_results/pooled/extreme_os/ALL/repeat_04_fold_01/tabpfn_v2_5/test_predictions.csv,,,
pooled,extreme_os,ALL,4,1,tabpfn_v2_6,600,150,187,success,0.7726773619651794,validation split balanced accuracy,0.34982652500184486,17.303399119999085,0.7486631016042781,0.7162373145979704,0.8127490039840638,0.8095238095238095,0.6229508196721312,0.7907884465261514,0.8584449172001888,0.4871883190603255,0.1553287621739745,/opt/tabr1_results/pooled/extreme_os/ALL/repeat_04_fold_01/tabpfn_v2_6/test_predictions.csv,,,
pooled,extreme_os,ALL,4,1,tabpfn_v3,600,150,187,success,0.7891260981559753,validation split balanced accuracy,0.4939617519994499,13.54636332699738,0.7058823529411765,0.7014051522248244,0.7659574468085106,0.7142857142857143,0.6885245901639344,0.7984647410876918,0.8631457103328148,0.4863923968469583,0.1554107534563717,/opt/tabr1_results/pooled/extreme_os/ALL/repeat_04_fold_01/tabpfn_v3/test_predictions.csv,,,
pooled,extreme_os,ALL,4,1,tabfm_default,600,150,187,success,0.8191229701042175,validation split balanced accuracy,0.015035358002933208,9.611761375999777,0.6524064171122995,0.6997788186312777,0.6859903381642513,0.5634920634920635,0.8360655737704918,0.8039292219620088,0.8653587289550586,0.48445685772642055,0.15524991952840078,/opt/tabr1_results/pooled/extreme_os/ALL/repeat_04_fold_01/tabfm_default/test_predictions.csv,,,
pooled,extreme_os,ALL,4,1,autogluon,600,150,187,success,0.59564608335495,validation split balanced accuracy,5.678909163998469,0.02150870400146232,0.7967914438502673,0.7477231329690346,0.8549618320610687,0.8888888888888888,0.6065573770491803,0.7764767109029406,0.8539802345172919,0.5113367234272955,0.16529495594768032,/opt/tabr1_results/pooled/extreme_os/ALL/repeat_04_fold_01/autogluon/test_predictions.csv,,,
pooled,extreme_os,ALL,4,2,tabpfn_v2,600,150,187,success,0.7358343005180359,validation split balanced accuracy,1.0214993240006152,23.378129936998448,0.7486631016042781,0.7264989837398375,0.8065843621399177,0.7967479674796748,0.65625,0.7976371951219513,0.887288505340342,0.5144566156336808,0.1683006689459283,/opt/tabr1_results/pooled/extreme_os/ALL/repeat_04_fold_02/tabpfn_v2/test_predictions.csv,,,
pooled,extreme_os,ALL,4,2,tabpfn_v2_5,600,150,187,success,0.7145609259605408,validation split balanced accuracy,0.25688018100117915,15.713973866000742,0.7540106951871658,0.7305640243902439,0.8114754098360656,0.8048780487804879,0.65625,0.7972560975609757,0.8851887893231539,0.5142606620483223,0.16832396133951777,/opt/tabr1_results/pooled/extreme_os/ALL/repeat_04_fold_02/tabpfn_v2_5/test_predictions.csv,,,
pooled,extreme_os,ALL,4,2,tabpfn_v2_6,600,150,187,success,0.762279212474823,validation split balanced accuracy,0.323141681998095,17.09132934399895,0.732620320855615,0.7143038617886179,0.7916666666666666,0.7723577235772358,0.65625,0.7881732723577236,0.8695460815038314,0.5087643602980338,0.16677599042210958,/opt/tabr1_results/pooled/extreme_os/ALL/repeat_04_fold_02/tabpfn_v2_6/test_predictions.csv,,,
pooled,extreme_os,ALL,4,2,tabpfn_v3,600,150,187,success,0.7898335456848145,validation split balanced accuracy,0.4933452250006667,13.592534433002584,0.7486631016042781,0.7377413617886179,0.8016877637130801,0.7723577235772358,0.703125,0.8028455284552846,0.8916495024086564,0.5105674491976158,0.16710375595998228,/opt/tabr1_results/pooled/extreme_os/ALL/repeat_04_fold_02/tabpfn_v3/test_predictions.csv,,,
pooled,extreme_os,ALL,4,2,tabfm_default,600,150,187,success,0.815232515335083,validation split balanced accuracy,0.015134270000999095,9.999598221998895,0.6149732620320856,0.6810848577235773,0.6170212765957447,0.4715447154471545,0.890625,0.7905233739837397,0.8721755673025581,0.5140625508274784,0.1683103182487122,/opt/tabr1_results/pooled/extreme_os/ALL/repeat_04_fold_02/tabfm_default/test_predictions.csv,,,
pooled,extreme_os,ALL,4,2,autogluon,600,150,187,success,0.6583866477012634,validation split balanced accuracy,5.153842715000792,0.005134347000421258,0.7700534759358288,0.7502540650406504,0.823045267489712,0.8130081300813008,0.6875,0.7649898373983741,0.8295563227523977,0.5515796807765625,0.1830324489951617,/opt/tabr1_results/pooled/extreme_os/ALL/repeat_04_fold_02/autogluon/test_predictions.csv,,,
pooled,extreme_os,ALL,4,3,tabpfn_v2,599,150,188,success,0.7507604956626892,validation split balanced accuracy,1.0205512829998042,24.880737483999837,0.6968085106382979,0.6844227759720718,0.7510917030567685,0.7350427350427351,0.6338028169014085,0.7284218129288552,0.7912145236390267,0.5842759583499634,0.19498951743928927,/opt/tabr1_results/pooled/extreme_os/ALL/repeat_04_fold_03/tabpfn_v2/test_predictions.csv,,,
pooled,extreme_os,ALL,4,3,tabpfn_v2_5,599,150,188,success,0.6775211095809937,validation split balanced accuracy,0.2608221019982011,15.585363558002427,0.723404255319149,0.6974840495967256,0.7833333333333333,0.8034188034188035,0.5915492957746479,0.7357650174551583,0.8029219690161099,0.5745706577185133,0.1911102262640808,/opt/tabr1_results/pooled/extreme_os/ALL/repeat_04_fold_03/tabpfn_v2_5/test_predictions.csv,,,
pooled,extreme_os,ALL,4,3,tabpfn_v2_6,599,150,188,success,0.7467635273933411,validation split balanced accuracy,0.341404890998092,17.08591049700044,0.7446808510638298,0.7228843144336102,0.7983193277310925,0.811965811965812,0.6338028169014085,0.7612856626941135,0.821677576570246,0.5579825031986511,0.1859734802416414,/opt/tabr1_results/pooled/extreme_os/ALL/repeat_04_fold_03/tabpfn_v2_6/test_predictions.csv,,,
pooled,extreme_os,ALL,4,3,tabpfn_v3,599,150,188,success,0.7494935393333435,validation split balanced accuracy,0.4931180659987149,13.610713679998298,0.7180851063829787,0.6932105453232213,0.7782426778242678,0.7948717948717948,0.5915492957746479,0.750090285301553,0.8133410801311187,0.5689199388851912,0.18872271470957372,/opt/tabr1_results/pooled/extreme_os/ALL/repeat_04_fold_03/tabpfn_v3/test_predictions.csv,,,
pooled,extreme_os,ALL,4,3,tabfm_default,599,150,188,success,0.7458099722862244,validation split balanced accuracy,0.015503630002058344,9.450675396998122,0.7446808510638298,0.7062718189478754,0.808,0.8632478632478633,0.5492957746478874,0.7369688214758638,0.8043655210442294,0.5723548332460516,0.19002199005008058,/opt/tabr1_results/pooled/extreme_os/ALL/repeat_04_fold_03/tabfm_default/test_predictions.csv,,,
pooled,extreme_os,ALL,4,3,autogluon,599,150,188,success,0.6191478967666626,validation split balanced accuracy,5.961349188000895,0.013461620997986756,0.7074468085106383,0.6818947875285903,0.7698744769874477,0.7863247863247863,0.5774647887323944,0.7297459973516311,0.7959123414993132,0.6043603015254718,0.20679438862859797,/opt/tabr1_results/pooled/extreme_os/ALL/repeat_04_fold_03/autogluon/test_predictions.csv,,,
pooled,extreme_os,ALL,4,4,tabpfn_v2,600,150,187,success,0.7347589731216431,validation split balanced accuracy,1.018603994998557,23.555416482999135,0.7967914438502673,0.7625621890547263,0.848,0.8833333333333333,0.6417910447761194,0.7947139303482588,0.8457138816000246,0.5117263157349051,0.1643211401238934,/opt/tabr1_results/pooled/extreme_os/ALL/repeat_04_fold_04/tabpfn_v2/test_predictions.csv,,,
pooled,extreme_os,ALL,4,4,tabpfn_v2_5,600,150,187,success,0.7220975756645203,validation split balanced accuracy,0.21544253600222874,15.590223914001399,0.786096256684492,0.754228855721393,0.8387096774193549,0.8666666666666667,0.6417910447761194,0.7868781094527364,0.8377438938480894,0.5134062744840309,0.1646586216684741,/opt/tabr1_results/pooled/extreme_os/ALL/repeat_04_fold_04/tabpfn_v2_5/test_predictions.csv,,,
pooled,extreme_os,ALL,4,4,tabpfn_v2_6,600,150,187,success,0.7555992603302002,validation split balanced accuracy,0.3304498239995155,17.484457260001363,0.7754010695187166,0.7491915422885572,0.8278688524590164,0.8416666666666667,0.6567164179104478,0.7576492537313433,0.8167107949889962,0.5276584122094832,0.16940897051027476,/opt/tabr1_results/pooled/extreme_os/ALL/repeat_04_fold_04/tabpfn_v2_6/test_predictions.csv,,,
pooled,extreme_os,ALL,4,4,tabpfn_v3,600,150,187,success,0.7604013681411743,validation split balanced accuracy,0.4941720040005748,13.859472291002021,0.7754010695187166,0.7393034825870647,0.832,0.8666666666666667,0.6119402985074627,0.7689676616915423,0.8239795839074042,0.5270167432068936,0.16878305608756575,/opt/tabr1_results/pooled/extreme_os/ALL/repeat_04_fold_04/tabpfn_v3/test_predictions.csv,,,
pooled,extreme_os,ALL,4,4,tabfm_default,600,150,187,success,0.7474521398544312,validation split balanced accuracy,0.015164519001700683,9.729540487998747,0.786096256684492,0.747636815920398,0.8412698412698413,0.8833333333333333,0.6119402985074627,0.7653606965174129,0.821666396393252,0.5285500243122253,0.16909892219607148,/opt/tabr1_results/pooled/extreme_os/ALL/repeat_04_fold_04/tabfm_default/test_predictions.csv,,,
pooled,extreme_os,ALL,4,4,autogluon,600,150,187,success,0.7525671124458313,validation split balanced accuracy,5.956315335999534,0.05575741400025436,0.7005347593582888,0.6974502487562189,0.7522123893805309,0.7083333333333334,0.6865671641791045,0.7637437810945273,0.8098700293927477,0.5744824122927844,0.1776644626848114,/opt/tabr1_results/pooled/extreme_os/ALL/repeat_04_fold_04/autogluon/test_predictions.csv,,,
