endpoint,cancer,repeat,fold,model_name,delta_vs_rf
os_3yr,BRCA,0,0,logistic_regression,-0.26767676767676774
os_3yr,BRCA,0,0,catboost,-0.12525252525252517
os_3yr,BRCA,0,0,xgboost,0.011111111111111072
os_3yr,BRCA,0,0,lightgbm,-0.03434343434343434
os_3yr,BRCA,0,1,logistic_regression,-0.09343853820598014
os_3yr,BRCA,0,1,catboost,-0.07267441860465124
os_3yr,BRCA,0,1,xgboost,-0.07184385382059799
os_3yr,BRCA,0,1,lightgbm,-0.04692691029900331
os_3yr,BRCA,0,2,logistic_regression,0.1117424242424242
os_3yr,BRCA,0,2,catboost,0.008522727272727182
os_3yr,BRCA,0,2,xgboost,-0.0009469696969698349
os_3yr,BRCA,0,2,lightgbm,-0.03693181818181834
os_3yr,BRCA,0,3,logistic_regression,-0.12425595238095227
os_3yr,BRCA,0,3,catboost,-0.039434523809523725
os_3yr,BRCA,0,3,xgboost,0.021577380952381042
os_3yr,BRCA,0,3,lightgbm,0.02157738095238093
os_3yr,BRCA,0,4,logistic_regression,-0.054878048780487854
os_3yr,BRCA,0,4,catboost,-0.016260162601625994
os_3yr,BRCA,0,4,xgboost,0.04742547425474264
os_3yr,BRCA,0,4,lightgbm,0.020325203252032464
os_3yr,BRCA,1,0,logistic_regression,0.09893267651888349
os_3yr,BRCA,1,0,catboost,0.08045977011494254
os_3yr,BRCA,1,0,xgboost,0.052955665024630616
os_3yr,BRCA,1,0,lightgbm,0.004515599343185628
os_3yr,BRCA,1,1,logistic_regression,0.06039215686274524
os_3yr,BRCA,1,1,catboost,0.012941176470588234
os_3yr,BRCA,1,1,xgboost,0.01764705882352946
os_3yr,BRCA,1,1,lightgbm,-0.003529411764705781
os_3yr,BRCA,1,2,logistic_regression,-0.02860061287027582
os_3yr,BRCA,1,2,catboost,0.053115423901940684
os_3yr,BRCA,1,2,xgboost,0.02962206332992845
os_3yr,BRCA,1,2,lightgbm,0.09499489274770168
os_3yr,BRCA,1,3,logistic_regression,0.019647696476964627
os_3yr,BRCA,1,3,catboost,-0.07317073170731714
os_3yr,BRCA,1,3,xgboost,-0.012195121951219745
os_3yr,BRCA,1,3,lightgbm,-0.06436314363143647
os_3yr,BRCA,1,4,logistic_regression,-0.1061007957559682
os_3yr,BRCA,1,4,catboost,-0.12997347480106108
os_3yr,BRCA,1,4,xgboost,-0.13085764809902745
os_3yr,BRCA,1,4,lightgbm,-0.17418213969938118
os_3yr,BRCA,2,0,logistic_regression,0.08886618998978557
os_3yr,BRCA,2,0,catboost,-0.0663942798774258
os_3yr,BRCA,2,0,xgboost,-0.03728294177732372
os_3yr,BRCA,2,0,lightgbm,-0.0464759959141981
os_3yr,BRCA,2,1,logistic_regression,-0.07607843137254922
os_3yr,BRCA,2,1,catboost,0.003529411764705781
os_3yr,BRCA,2,1,xgboost,0.05333333333333323
os_3yr,BRCA,2,1,lightgbm,0.061960784313725425
os_3yr,BRCA,2,2,logistic_regression,-0.0944170771756978
os_3yr,BRCA,2,2,catboost,-0.019704433497536922
os_3yr,BRCA,2,2,xgboost,-0.07799671592775037
os_3yr,BRCA,2,2,lightgbm,-0.026272577996715896
os_3yr,BRCA,2,3,logistic_regression,-0.05100714749837554
os_3yr,BRCA,2,3,catboost,-0.05230669265756982
os_3yr,BRCA,2,3,xgboost,0.020467836257309968
os_3yr,BRCA,2,3,lightgbm,-0.0029239766081871066
os_3yr,BRCA,2,4,logistic_regression,0.024147727272727293
os_3yr,BRCA,2,4,catboost,-0.0875946969696969
os_3yr,BRCA,2,4,xgboost,-0.04403409090909083
os_3yr,BRCA,2,4,lightgbm,-0.045928030303030165
os_3yr,BRCA,3,0,logistic_regression,-0.13164251207729472
os_3yr,BRCA,3,0,catboost,-0.016908212560386437
os_3yr,BRCA,3,0,xgboost,-0.01449275362318836
os_3yr,BRCA,3,0,lightgbm,-0.007246376811594235
os_3yr,BRCA,3,1,logistic_regression,-0.025015069318866767
os_3yr,BRCA,3,1,catboost,0.021398432790837973
os_3yr,BRCA,3,1,xgboost,-0.007534659433393487
os_3yr,BRCA,3,1,lightgbm,0.01295961422543701
os_3yr,BRCA,3,2,logistic_regression,0.05570652173913043
os_3yr,BRCA,3,2,catboost,0.06521739130434773
os_3yr,BRCA,3,2,xgboost,0.07880434782608697
os_3yr,BRCA,3,2,lightgbm,0.03260869565217389
os_3yr,BRCA,3,3,logistic_regression,-0.022321428571428603
os_3yr,BRCA,3,3,catboost,0.07142857142857145
os_3yr,BRCA,3,3,xgboost,0.06398809523809529
os_3yr,BRCA,3,3,lightgbm,0.08407738095238088
os_3yr,BRCA,3,4,logistic_regression,-0.03189227498228209
os_3yr,BRCA,3,4,catboost,-0.04252303330970941
os_3yr,BRCA,3,4,xgboost,-0.1410347271438696
os_3yr,BRCA,3,4,lightgbm,-0.0744153082919915
os_3yr,BRCA,4,0,logistic_regression,-0.13115530303030298
os_3yr,BRCA,4,0,catboost,0.008049242424242542
os_3yr,BRCA,4,0,xgboost,-0.03835227272727271
os_3yr,BRCA,4,0,lightgbm,-0.09422348484848486
os_3yr,BRCA,4,1,logistic_regression,-0.04043645699614884
os_3yr,BRCA,4,1,catboost,-0.01347881899871628
os_3yr,BRCA,4,1,xgboost,0.08440308087291404
os_3yr,BRCA,4,1,lightgbm,0.05744544287548148
os_3yr,BRCA,4,2,logistic_regression,-0.06388888888888888
os_3yr,BRCA,4,2,catboost,-0.05944444444444452
os_3yr,BRCA,4,2,xgboost,-0.0050000000000000044
os_3yr,BRCA,4,2,lightgbm,-0.05611111111111111
os_3yr,BRCA,4,3,logistic_regression,-0.07019607843137265
os_3yr,BRCA,4,3,catboost,0.026274509803921542
os_3yr,BRCA,4,3,xgboost,0.05137254901960775
os_3yr,BRCA,4,3,lightgbm,0.07490196078431366
os_3yr,BRCA,4,4,logistic_regression,-0.08823529411764708
os_3yr,BRCA,4,4,catboost,0.009803921568627305
os_3yr,BRCA,4,4,xgboost,0.05137254901960775
os_3yr,BRCA,4,4,lightgbm,0.05137254901960775
os_3yr,ESCA,0,0,logistic_regression,0.0892857142857143
os_3yr,ESCA,0,0,catboost,-0.0892857142857143
os_3yr,ESCA,0,0,xgboost,-0.0535714285714286
os_3yr,ESCA,0,0,lightgbm,0.1071428571428572
os_3yr,ESCA,0,1,logistic_regression,-1.0
os_3yr,ESCA,0,1,catboost,0.0
os_3yr,ESCA,0,1,xgboost,-0.125
os_3yr,ESCA,0,1,lightgbm,-0.25
os_3yr,ESCA,0,2,logistic_regression,-0.28571428571428575
os_3yr,ESCA,0,2,catboost,-0.2619047619047619
os_3yr,ESCA,0,2,xgboost,-0.23809523809523814
os_3yr,ESCA,0,2,lightgbm,-0.1428571428571429
os_3yr,ESCA,0,3,logistic_regression,-0.09999999999999998
os_3yr,ESCA,0,3,catboost,-0.08333333333333337
os_3yr,ESCA,0,3,xgboost,-0.04999999999999999
os_3yr,ESCA,0,3,lightgbm,-0.08333333333333326
os_3yr,ESCA,0,4,logistic_regression,-0.008333333333333415
os_3yr,ESCA,0,4,catboost,0.04166666666666663
os_3yr,ESCA,0,4,xgboost,0.30833333333333324
os_3yr,ESCA,0,4,lightgbm,0.02499999999999991
os_3yr,ESCA,1,0,logistic_regression,-0.4519230769230771
os_3yr,ESCA,1,0,catboost,-0.04807692307692324
os_3yr,ESCA,1,0,xgboost,0.00961538461538447
os_3yr,ESCA,1,0,lightgbm,-0.1634615384615386
os_3yr,ESCA,1,1,logistic_regression,0.2666666666666667
os_3yr,ESCA,1,1,catboost,0.2
os_3yr,ESCA,1,1,xgboost,0.3111111111111111
os_3yr,ESCA,1,1,lightgbm,0.2888888888888889
os_3yr,ESCA,1,2,logistic_regression,-0.15476190476190477
os_3yr,ESCA,1,2,catboost,-0.10714285714285726
os_3yr,ESCA,1,2,xgboost,-0.10714285714285726
os_3yr,ESCA,1,2,lightgbm,-0.25000000000000006
os_3yr,ESCA,1,3,logistic_regression,-0.015151515151515083
os_3yr,ESCA,1,3,catboost,0.0
os_3yr,ESCA,1,3,xgboost,-0.09090909090909088
os_3yr,ESCA,1,3,lightgbm,-0.12121212121212122
os_3yr,ESCA,1,4,logistic_regression,0.13333333333333341
os_3yr,ESCA,1,4,catboost,-0.0333333333333333
os_3yr,ESCA,1,4,xgboost,0.1666666666666667
os_3yr,ESCA,1,4,lightgbm,0.2
os_3yr,ESCA,2,0,logistic_regression,-0.2678571428571429
os_3yr,ESCA,2,0,catboost,-0.08928571428571441
os_3yr,ESCA,2,0,xgboost,-0.03571428571428581
os_3yr,ESCA,2,0,lightgbm,-0.08928571428571441
os_3yr,ESCA,2,1,logistic_regression,-0.19047619047619047
os_3yr,ESCA,2,1,catboost,-0.04761904761904756
os_3yr,ESCA,2,1,xgboost,0.1428571428571429
os_3yr,ESCA,2,1,lightgbm,0.2380952380952382
os_3yr,ESCA,2,2,logistic_regression,0.2916666666666667
os_3yr,ESCA,2,2,catboost,0.1916666666666667
os_3yr,ESCA,2,2,xgboost,-0.008333333333333304
os_3yr,ESCA,2,2,lightgbm,-0.0916666666666667
os_3yr,ESCA,2,3,logistic_regression,0.08653846153846151
os_3yr,ESCA,2,3,catboost,0.04807692307692313
os_3yr,ESCA,2,3,xgboost,0.24038461538461547
os_3yr,ESCA,2,3,lightgbm,0.14423076923076922
os_3yr,ESCA,2,4,logistic_regression,0.10000000000000009
os_3yr,ESCA,2,4,catboost,-0.1
os_3yr,ESCA,2,4,xgboost,-0.1
os_3yr,ESCA,2,4,lightgbm,-0.1666666666666666
os_3yr,ESCA,3,0,logistic_regression,0.5357142857142857
os_3yr,ESCA,3,0,catboost,0.0535714285714286
os_3yr,ESCA,3,0,xgboost,0.2678571428571429
os_3yr,ESCA,3,0,lightgbm,0.1428571428571429
os_3yr,ESCA,3,1,logistic_regression,0.25
os_3yr,ESCA,3,1,catboost,-0.0625
os_3yr,ESCA,3,1,xgboost,0.0625
os_3yr,ESCA,3,1,lightgbm,0.125
os_3yr,ESCA,3,2,logistic_regression,-0.11904761904761901
os_3yr,ESCA,3,2,catboost,-0.19047619047619052
os_3yr,ESCA,3,2,xgboost,-0.16666666666666669
os_3yr,ESCA,3,2,lightgbm,-0.19047619047619052
os_3yr,ESCA,3,3,logistic_regression,-0.0757575757575758
os_3yr,ESCA,3,3,catboost,0.030303030303030387
os_3yr,ESCA,3,3,xgboost,0.030303030303030387
os_3yr,ESCA,3,3,lightgbm,0.0757575757575758
os_3yr,ESCA,3,4,logistic_regression,-0.038461538461538436
os_3yr,ESCA,3,4,catboost,0.05769230769230771
os_3yr,ESCA,3,4,xgboost,0.1923076923076924
os_3yr,ESCA,3,4,lightgbm,0.17307692307692313
os_3yr,ESCA,4,0,logistic_regression,0.2555555555555556
os_3yr,ESCA,4,0,catboost,0.14444444444444438
os_3yr,ESCA,4,0,xgboost,0.18888888888888883
os_3yr,ESCA,4,0,lightgbm,0.12222222222222218
os_3yr,ESCA,4,1,logistic_regression,0.09615384615384615
os_3yr,ESCA,4,1,catboost,0.019230769230769273
os_3yr,ESCA,4,1,xgboost,0.038461538461538436
os_3yr,ESCA,4,1,lightgbm,0.07692307692307687
os_3yr,ESCA,4,2,logistic_regression,0.3
os_3yr,ESCA,4,2,catboost,0.10000000000000003
os_3yr,ESCA,4,2,xgboost,0.13333333333333336
os_3yr,ESCA,4,2,lightgbm,0.13333333333333336
os_3yr,ESCA,4,3,logistic_regression,0.16666666666666669
os_3yr,ESCA,4,3,catboost,-0.047619047619047616
os_3yr,ESCA,4,3,xgboost,0.02380952380952378
os_3yr,ESCA,4,3,lightgbm,-0.023809523809523836
os_3yr,ESCA,4,4,logistic_regression,-0.1428571428571428
os_3yr,ESCA,4,4,catboost,-0.0714285714285714
os_3yr,ESCA,4,4,xgboost,-0.23809523809523808
os_3yr,ESCA,4,4,lightgbm,-0.2857142857142857
os_3yr,HNSCC,0,0,logistic_regression,-0.07523939808481539
os_3yr,HNSCC,0,0,catboost,0.06634746922024615
os_3yr,HNSCC,0,0,xgboost,0.08002735978112163
os_3yr,HNSCC,0,0,lightgbm,-0.0068399452804377425
os_3yr,HNSCC,0,1,logistic_regression,-0.05270270270270272
os_3yr,HNSCC,0,1,catboost,0.043243243243243246
os_3yr,HNSCC,0,1,xgboost,-0.0209459459459459
os_3yr,HNSCC,0,1,lightgbm,0.03581081081081072
os_3yr,HNSCC,0,2,logistic_regression,-0.06596209912536444
os_3yr,HNSCC,0,2,catboost,-0.01931486880466482
os_3yr,HNSCC,0,2,xgboost,-0.03753644314868809
os_3yr,HNSCC,0,2,lightgbm,-0.006195335276967917
os_3yr,HNSCC,0,3,logistic_regression,-0.10405405405405399
os_3yr,HNSCC,0,3,catboost,0.008108108108108247
os_3yr,HNSCC,0,3,xgboost,0.031081081081081208
os_3yr,HNSCC,0,3,lightgbm,-0.002027027027026951
os_3yr,HNSCC,0,4,logistic_regression,-0.19308943089430902
os_3yr,HNSCC,0,4,catboost,0.02777777777777779
os_3yr,HNSCC,0,4,xgboost,-0.011517615176151796
os_3yr,HNSCC,0,4,lightgbm,-0.010162601626016232
os_3yr,HNSCC,1,0,logistic_regression,0.033197831978319714
os_3yr,HNSCC,1,0,catboost,0.01490514905149054
os_3yr,HNSCC,1,0,xgboost,0.08265582655826553
os_3yr,HNSCC,1,0,lightgbm,0.08943089430894313
os_3yr,HNSCC,1,1,logistic_regression,-0.06429548563611487
os_3yr,HNSCC,1,1,catboost,-0.033515731874144916
os_3yr,HNSCC,1,1,xgboost,-0.06429548563611487
os_3yr,HNSCC,1,1,lightgbm,-0.012995896032831689
os_3yr,HNSCC,1,2,logistic_regression,-0.04573170731707332
os_3yr,HNSCC,1,2,catboost,0.023373983739837234
os_3yr,HNSCC,1,2,xgboost,0.013211382113821113
os_3yr,HNSCC,1,2,lightgbm,0.018631436314363037
os_3yr,HNSCC,1,3,logistic_regression,-0.135374149659864
os_3yr,HNSCC,1,3,catboost,0.008843537414966018
os_3yr,HNSCC,1,3,xgboost,-0.026530612244897944
os_3yr,HNSCC,1,3,lightgbm,-0.029251700680272053
os_3yr,HNSCC,1,4,logistic_regression,0.04548563611491108
os_3yr,HNSCC,1,4,catboost,-0.003077975376197084
os_3yr,HNSCC,1,4,xgboost,0.05642954856361149
os_3yr,HNSCC,1,4,lightgbm,0.024965800273597794
os_3yr,HNSCC,2,0,logistic_regression,-0.05836707152496623
os_3yr,HNSCC,2,0,catboost,0.019905533063427794
os_3yr,HNSCC,2,0,xgboost,0.02597840755735492
os_3yr,HNSCC,2,0,lightgbm,-0.011808367071524883
os_3yr,HNSCC,2,1,logistic_regression,-0.0696296296296296
os_3yr,HNSCC,2,1,catboost,-0.00592592592592589
os_3yr,HNSCC,2,1,xgboost,-0.013333333333333197
os_3yr,HNSCC,2,1,lightgbm,0.004444444444444473
os_3yr,HNSCC,2,2,logistic_regression,-0.07905405405405408
os_3yr,HNSCC,2,2,catboost,-0.0209459459459459
os_3yr,HNSCC,2,2,xgboost,-0.012837837837837873
os_3yr,HNSCC,2,2,lightgbm,0.0
os_3yr,HNSCC,2,3,logistic_regression,0.004048582995951455
os_3yr,HNSCC,2,3,catboost,-0.020242914979757054
os_3yr,HNSCC,2,3,xgboost,0.02429149797570862
os_3yr,HNSCC,2,3,lightgbm,-0.003373819163292713
os_3yr,HNSCC,2,4,logistic_regression,-0.06026170798898073
os_3yr,HNSCC,2,4,catboost,0.0030991735537189147
os_3yr,HNSCC,2,4,xgboost,-0.029269972451790638
os_3yr,HNSCC,2,4,lightgbm,-0.032713498622589654
os_3yr,HNSCC,3,0,logistic_regression,-0.08656609195402298
os_3yr,HNSCC,3,0,catboost,0.006824712643678121
os_3yr,HNSCC,3,0,xgboost,0.044899425287356354
os_3yr,HNSCC,3,0,lightgbm,0.0025143678160919336
os_3yr,HNSCC,3,1,logistic_regression,-0.09222972972972976
os_3yr,HNSCC,3,1,catboost,0.026013513513513553
os_3yr,HNSCC,3,1,xgboost,0.026013513513513553
os_3yr,HNSCC,3,1,lightgbm,0.051013513513513464
os_3yr,HNSCC,3,2,logistic_regression,0.020242914979756943
os_3yr,HNSCC,3,2,catboost,0.007422402159244279
os_3yr,HNSCC,3,2,xgboost,0.048582995951416796
os_3yr,HNSCC,3,2,lightgbm,0.037786774628879805
os_3yr,HNSCC,3,3,logistic_regression,-0.05224403927068727
os_3yr,HNSCC,3,3,catboost,0.028401122019635294
os_3yr,HNSCC,3,3,xgboost,0.015077138849929783
os_3yr,HNSCC,3,3,lightgbm,0.05154277699859744
os_3yr,HNSCC,3,4,logistic_regression,-0.04695945945945945
os_3yr,HNSCC,3,4,catboost,0.023310810810810878
os_3yr,HNSCC,3,4,xgboost,0.05033783783783774
os_3yr,HNSCC,3,4,lightgbm,0.020608108108108203
os_3yr,HNSCC,4,0,logistic_regression,-0.1282327586206896
os_3yr,HNSCC,4,0,catboost,0.07722701149425293
os_3yr,HNSCC,4,0,xgboost,0.10021551724137945
os_3yr,HNSCC,4,0,lightgbm,0.03484195402298851
os_3yr,HNSCC,4,1,logistic_regression,-0.010135135135135198
os_3yr,HNSCC,4,1,catboost,0.0209459459459459
os_3yr,HNSCC,4,1,xgboost,0.023648648648648574
os_3yr,HNSCC,4,1,lightgbm,0.03918918918918923
os_3yr,HNSCC,4,2,logistic_regression,0.03197278911564627
os_3yr,HNSCC,4,2,catboost,0.09523809523809523
os_3yr,HNSCC,4,2,xgboost,0.15374149659863945
os_3yr,HNSCC,4,2,lightgbm,0.14081632653061227
os_3yr,HNSCC,4,3,logistic_regression,-0.08603238866396767
os_3yr,HNSCC,4,3,catboost,-0.03812415654520929
os_3yr,HNSCC,4,3,xgboost,-0.05161943319838058
os_3yr,HNSCC,4,3,lightgbm,-0.0705128205128206
os_3yr,HNSCC,4,4,logistic_regression,0.11802721088435375
os_3yr,HNSCC,4,4,catboost,0.05544217687074826
os_3yr,HNSCC,4,4,xgboost,0.03911564625850339
os_3yr,HNSCC,4,4,lightgbm,0.04455782312925183
os_3yr,LSCC,0,0,logistic_regression,-0.07291666666666674
os_3yr,LSCC,0,0,catboost,0.02564102564102566
os_3yr,LSCC,0,0,xgboost,-0.007211538461538436
os_3yr,LSCC,0,0,lightgbm,-0.018429487179487225
os_3yr,LSCC,0,1,logistic_regression,-0.014308426073131986
os_3yr,LSCC,0,1,catboost,-0.03418124006359302
os_3yr,LSCC,0,1,xgboost,-0.06518282988871221
os_3yr,LSCC,0,1,lightgbm,-0.015898251192368706
os_3yr,LSCC,0,2,logistic_regression,-0.004385964912280604
os_3yr,LSCC,0,2,catboost,-0.01714513556618813
os_3yr,LSCC,0,2,xgboost,-0.005980861244019198
os_3yr,LSCC,0,2,lightgbm,-0.0011961722488038062
os_3yr,LSCC,0,3,logistic_regression,-0.13809523809523805
os_3yr,LSCC,0,3,catboost,0.01825396825396819
os_3yr,LSCC,0,3,xgboost,0.0087301587301587
os_3yr,LSCC,0,3,lightgbm,-0.02777777777777779
os_3yr,LSCC,0,4,logistic_regression,0.017857142857142794
os_3yr,LSCC,0,4,catboost,-0.01309523809523816
os_3yr,LSCC,0,4,xgboost,-0.0670634920634921
os_3yr,LSCC,0,4,lightgbm,-0.06468253968253973
os_3yr,LSCC,1,0,logistic_regression,-0.06825396825396834
os_3yr,LSCC,1,0,catboost,0.0031746031746031633
os_3yr,LSCC,1,0,xgboost,-0.08888888888888902
os_3yr,LSCC,1,0,lightgbm,-0.05238095238095253
os_3yr,LSCC,1,1,logistic_regression,-0.11923688394276621
os_3yr,LSCC,1,1,catboost,-0.043720190779014234
os_3yr,LSCC,1,1,xgboost,-0.05643879173290922
os_3yr,LSCC,1,1,lightgbm,-0.01828298887122415
os_3yr,LSCC,1,2,logistic_regression,0.001984126984126977
os_3yr,LSCC,1,2,catboost,0.00515873015873014
os_3yr,LSCC,1,2,xgboost,0.019444444444444486
os_3yr,LSCC,1,2,lightgbm,0.04166666666666674
os_3yr,LSCC,1,3,logistic_regression,-0.12799043062200965
os_3yr,LSCC,1,3,catboost,-0.04665071770334939
os_3yr,LSCC,1,3,xgboost,-0.06658692185007986
os_3yr,LSCC,1,3,lightgbm,-0.09051036682615632
os_3yr,LSCC,1,4,logistic_regression,-0.19951923076923073
os_3yr,LSCC,1,4,catboost,-0.027243589743589758
os_3yr,LSCC,1,4,xgboost,-0.050480769230769273
os_3yr,LSCC,1,4,lightgbm,-0.04246794871794868
os_3yr,LSCC,2,0,logistic_regression,0.016129032258064502
os_3yr,LSCC,2,0,catboost,-0.001612903225806428
os_3yr,LSCC,2,0,xgboost,-0.07580645161290323
os_3yr,LSCC,2,0,lightgbm,-0.031451612903225845
os_3yr,LSCC,2,1,logistic_regression,-0.04314516129032253
os_3yr,LSCC,2,1,catboost,0.014112903225806384
os_3yr,LSCC,2,1,xgboost,-0.007661290322580672
os_3yr,LSCC,2,1,lightgbm,0.021370967741935476
os_3yr,LSCC,2,2,logistic_regression,-0.046428571428571486
os_3yr,LSCC,2,2,catboost,-0.03055555555555567
os_3yr,LSCC,2,2,xgboost,-0.09087301587301588
os_3yr,LSCC,2,2,lightgbm,-0.11309523809523814
os_3yr,LSCC,2,3,logistic_regression,-0.20773524720893133
os_3yr,LSCC,2,3,catboost,-0.06499202551834116
os_3yr,LSCC,2,3,xgboost,-0.04346092503987231
os_3yr,LSCC,2,3,lightgbm,-0.09609250398724078
os_3yr,LSCC,2,4,logistic_regression,0.06048387096774188
os_3yr,LSCC,2,4,catboost,-0.048387096774193616
os_3yr,LSCC,2,4,xgboost,-0.013709677419354804
os_3yr,LSCC,2,4,lightgbm,0.0370967741935484
os_3yr,LSCC,3,0,logistic_regression,0.05087440381558028
os_3yr,LSCC,3,0,catboost,-0.031001589825119358
os_3yr,LSCC,3,0,xgboost,-0.040540540540540626
os_3yr,LSCC,3,0,lightgbm,-0.06279809220985705
os_3yr,LSCC,3,1,logistic_regression,0.0064102564102564985
os_3yr,LSCC,3,1,catboost,-0.04006410256410253
os_3yr,LSCC,3,1,xgboost,-0.03205128205128205
os_3yr,LSCC,3,1,lightgbm,0.02163461538461553
os_3yr,LSCC,3,2,logistic_regression,-0.11111111111111122
os_3yr,LSCC,3,2,catboost,-0.023809523809523947
os_3yr,LSCC,3,2,xgboost,-0.13492063492063494
os_3yr,LSCC,3,2,lightgbm,-0.10000000000000003
os_3yr,LSCC,3,3,logistic_regression,0.029647435897435903
os_3yr,LSCC,3,3,catboost,0.004807692307692402
os_3yr,LSCC,3,3,xgboost,-0.02163461538461542
os_3yr,LSCC,3,3,lightgbm,-0.021634615384615308
os_3yr,LSCC,3,4,logistic_regression,0.0071428571428571175
os_3yr,LSCC,3,4,catboost,-0.0031746031746032743
os_3yr,LSCC,3,4,xgboost,0.0007936507936507353
os_3yr,LSCC,3,4,lightgbm,-0.021428571428571463
os_3yr,LSCC,4,0,logistic_regression,-0.0808702791461412
os_3yr,LSCC,4,0,catboost,0.003694581280788145
os_3yr,LSCC,4,0,xgboost,0.04064039408866993
os_3yr,LSCC,4,0,lightgbm,0.04515599343185561
os_3yr,LSCC,4,1,logistic_regression,-0.08971291866028708
os_3yr,LSCC,4,1,catboost,-0.0011961722488038617
os_3yr,LSCC,4,1,xgboost,-0.05063795853269526
os_3yr,LSCC,4,1,lightgbm,-0.02591706539074956
os_3yr,LSCC,4,2,logistic_regression,-0.10167464114832542
os_3yr,LSCC,4,2,catboost,0.019537480063795742
os_3yr,LSCC,4,2,xgboost,-0.0346889952153111
os_3yr,LSCC,4,2,lightgbm,-0.05223285486443385
os_3yr,LSCC,4,3,logistic_regression,-0.08585055643879175
os_3yr,LSCC,4,3,catboost,0.0015898251192368873
os_3yr,LSCC,4,3,xgboost,-0.044515103338632844
os_3yr,LSCC,4,3,lightgbm,-0.09300476947535785
os_3yr,LSCC,4,4,logistic_regression,-0.10555555555555562
os_3yr,LSCC,4,4,catboost,-0.060317460317460436
os_3yr,LSCC,4,4,xgboost,-0.06190476190476191
os_3yr,LSCC,4,4,lightgbm,-0.06587301587301597
os_3yr,LUAD,0,0,logistic_regression,0.0014662756598240456
os_3yr,LUAD,0,0,catboost,0.06891495601173026
os_3yr,LUAD,0,0,xgboost,-0.01710654936461392
os_3yr,LUAD,0,0,lightgbm,0.004398826979472192
os_3yr,LUAD,0,1,logistic_regression,-0.035190615835777206
os_3yr,LUAD,0,1,catboost,-0.03421309872922779
os_3yr,LUAD,0,1,xgboost,-0.08602150537634407
os_3yr,LUAD,0,1,lightgbm,-0.09384164222873898
os_3yr,LUAD,0,2,logistic_regression,-0.029814271749755594
os_3yr,LUAD,0,2,catboost,0.037634408602150615
os_3yr,LUAD,0,2,xgboost,0.061094819159335456
os_3yr,LUAD,0,2,lightgbm,0.06011730205278598
os_3yr,LUAD,0,3,logistic_regression,-0.1819556451612903
os_3yr,LUAD,0,3,catboost,-0.04183467741935487
os_3yr,LUAD,0,3,xgboost,-0.03578629032258063
os_3yr,LUAD,0,3,lightgbm,-0.00252016129032262
os_3yr,LUAD,0,4,logistic_regression,0.08571428571428569
os_3yr,LUAD,0,4,catboost,0.04285714285714287
os_3yr,LUAD,0,4,xgboost,0.022448979591836615
os_3yr,LUAD,0,4,lightgbm,0.06734693877551018
os_3yr,LUAD,1,0,logistic_regression,-0.006862745098039302
os_3yr,LUAD,1,0,catboost,-0.04313725490196085
os_3yr,LUAD,1,0,xgboost,-0.06960784313725493
os_3yr,LUAD,1,0,lightgbm,-0.05784313725490203
os_3yr,LUAD,1,1,logistic_regression,-0.04334975369458127
os_3yr,LUAD,1,1,catboost,0.0049261083743842304
os_3yr,LUAD,1,1,xgboost,-0.07586206896551717
os_3yr,LUAD,1,1,lightgbm,-0.10344827586206895
os_3yr,LUAD,1,2,logistic_regression,0.096551724137931
os_3yr,LUAD,1,2,catboost,0.013793103448275779
os_3yr,LUAD,1,2,xgboost,-0.06896551724137928
os_3yr,LUAD,1,2,lightgbm,-0.04334975369458127
os_3yr,LUAD,1,3,logistic_regression,0.016315789473684283
os_3yr,LUAD,1,3,catboost,-0.017368421052631478
os_3yr,LUAD,1,3,xgboost,0.018421052631579005
os_3yr,LUAD,1,3,lightgbm,-0.02157894736842103
os_3yr,LUAD,1,4,logistic_regression,-0.06034482758620696
os_3yr,LUAD,1,4,catboost,0.033975659229208865
os_3yr,LUAD,1,4,xgboost,0.02687626774847862
os_3yr,LUAD,1,4,lightgbm,0.03093306288032449
os_3yr,LUAD,2,0,logistic_regression,0.21923828125
os_3yr,LUAD,2,0,catboost,0.02294921875
os_3yr,LUAD,2,0,xgboost,0.00537109375
os_3yr,LUAD,2,0,lightgbm,0.03564453125
os_3yr,LUAD,2,1,logistic_regression,0.041015625
os_3yr,LUAD,2,1,catboost,0.029296875
os_3yr,LUAD,2,1,xgboost,0.0400390625
os_3yr,LUAD,2,1,lightgbm,0.01953125
os_3yr,LUAD,2,2,logistic_regression,-0.03349753694581281
os_3yr,LUAD,2,2,catboost,0.02758620689655178
os_3yr,LUAD,2,2,xgboost,0.010837438423645374
os_3yr,LUAD,2,2,lightgbm,-0.004926108374384119
os_3yr,LUAD,2,3,logistic_regression,-0.1658215010141988
os_3yr,LUAD,2,3,catboost,-0.0015212981744420206
os_3yr,LUAD,2,3,xgboost,0.024847870182555742
os_3yr,LUAD,2,3,lightgbm,-0.025862068965517127
os_3yr,LUAD,2,4,logistic_regression,-0.08468559837728196
os_3yr,LUAD,2,4,catboost,-0.028904665314401612
os_3yr,LUAD,2,4,xgboost,-0.0005070993914807476
os_3yr,LUAD,2,4,lightgbm,-0.06947261663286008
os_3yr,LUAD,3,0,logistic_regression,0.013671875
os_3yr,LUAD,3,0,catboost,0.029296875
os_3yr,LUAD,3,0,xgboost,-0.013671875
os_3yr,LUAD,3,0,lightgbm,0.044921875
os_3yr,LUAD,3,1,logistic_regression,-0.1509803921568627
os_3yr,LUAD,3,1,catboost,-0.04999999999999999
os_3yr,LUAD,3,1,xgboost,-0.050980392156862675
os_3yr,LUAD,3,1,lightgbm,-0.10196078431372546
os_3yr,LUAD,3,2,logistic_regression,-0.19892473118279574
os_3yr,LUAD,3,2,catboost,-0.02590420332355814
os_3yr,LUAD,3,2,xgboost,-0.04936461388074287
os_3yr,LUAD,3,2,lightgbm,-0.027859237536656867
os_3yr,LUAD,3,3,logistic_regression,0.049395161290322565
os_3yr,LUAD,3,3,catboost,-0.034274193548387066
os_3yr,LUAD,3,3,xgboost,0.003024193548387122
os_3yr,LUAD,3,3,lightgbm,-0.04435483870967749
os_3yr,LUAD,3,4,logistic_regression,-0.07809330628803235
os_3yr,LUAD,3,4,catboost,-0.020283975659229125
os_3yr,LUAD,3,4,xgboost,-0.012170385395537497
os_3yr,LUAD,3,4,lightgbm,0.00608519269776886
os_3yr,LUAD,4,0,logistic_regression,-0.062051282051281964
os_3yr,LUAD,4,0,catboost,-0.021025641025640973
os_3yr,LUAD,4,0,xgboost,-0.01384615384615373
os_3yr,LUAD,4,0,lightgbm,-0.025128205128205128
os_3yr,LUAD,4,1,logistic_regression,0.1311224489795918
os_3yr,LUAD,4,1,catboost,0.023979591836734704
os_3yr,LUAD,4,1,xgboost,0.018877551020408112
os_3yr,LUAD,4,1,lightgbm,-0.004591836734693988
os_3yr,LUAD,4,2,logistic_regression,0.08779761904761912
os_3yr,LUAD,4,2,catboost,-0.02331349206349209
os_3yr,LUAD,4,2,xgboost,-0.02033730158730157
os_3yr,LUAD,4,2,lightgbm,0.02926587301587308
os_3yr,LUAD,4,3,logistic_regression,-0.12842105263157888
os_3yr,LUAD,4,3,catboost,-0.02631578947368418
os_3yr,LUAD,4,3,xgboost,-0.051578947368420947
os_3yr,LUAD,4,3,lightgbm,-0.11894736842105258
os_3yr,LUAD,4,4,logistic_regression,-0.0982142857142857
os_3yr,LUAD,4,4,catboost,-0.06646825396825384
os_3yr,LUAD,4,4,xgboost,-0.038690476190476164
os_3yr,LUAD,4,4,lightgbm,-0.05654761904761896
os_5yr,BRCA,0,0,logistic_regression,-0.13399621212121204
os_5yr,BRCA,0,0,catboost,-0.015624999999999889
os_5yr,BRCA,0,0,xgboost,-0.012784090909090717
os_5yr,BRCA,0,0,lightgbm,0.011837121212121327
os_5yr,BRCA,0,1,logistic_regression,0.12487100103199167
os_5yr,BRCA,0,1,catboost,0.03302373581011353
os_5yr,BRCA,0,1,xgboost,-0.08875128998968013
os_5yr,BRCA,0,1,lightgbm,-0.0794633642930857
os_5yr,BRCA,0,2,logistic_regression,-0.06965944272445823
os_5yr,BRCA,0,2,catboost,-0.01909184726522184
os_5yr,BRCA,0,2,xgboost,-0.02941176470588236
os_5yr,BRCA,0,2,lightgbm,-0.010835913312693402
os_5yr,BRCA,0,3,logistic_regression,-0.2364039955604883
os_5yr,BRCA,0,3,catboost,-0.00998890122086582
os_5yr,BRCA,0,3,xgboost,-0.007769145394006749
os_5yr,BRCA,0,3,lightgbm,-0.011098779134295356
os_5yr,BRCA,0,4,logistic_regression,-0.044836956521739246
os_5yr,BRCA,0,4,catboost,-0.10099637681159424
os_5yr,BRCA,0,4,xgboost,-0.17980072463768126
os_5yr,BRCA,0,4,lightgbm,-0.1743659420289856
os_5yr,BRCA,1,0,logistic_regression,-0.1012950971322849
os_5yr,BRCA,1,0,catboost,-0.01618871415356138
os_5yr,BRCA,1,0,xgboost,0.004162812210915856
os_5yr,BRCA,1,0,lightgbm,0.008788159111933536
os_5yr,BRCA,1,1,logistic_regression,0.04328523862375133
os_5yr,BRCA,1,1,catboost,-0.005549389567147567
os_5yr,BRCA,1,1,xgboost,-0.07325194228634857
os_5yr,BRCA,1,1,lightgbm,-0.0388457269700333
os_5yr,BRCA,1,2,logistic_regression,-0.15316315205327408
os_5yr,BRCA,1,2,catboost,0.04217536071032191
os_5yr,BRCA,1,2,xgboost,0.06326304106548286
os_5yr,BRCA,1,2,lightgbm,0.018867924528302105
os_5yr,BRCA,1,3,logistic_regression,0.006938020351526353
os_5yr,BRCA,1,3,catboost,-0.003237742830712209
os_5yr,BRCA,1,3,xgboost,-0.018963922294172098
os_5yr,BRCA,1,3,lightgbm,-0.062442183163737175
os_5yr,BRCA,1,4,logistic_regression,-0.08551992225461613
os_5yr,BRCA,1,4,catboost,-0.021379980563653977
os_5yr,BRCA,1,4,xgboost,0.008746355685131157
os_5yr,BRCA,1,4,lightgbm,-0.026239067055393583
os_5yr,BRCA,2,0,logistic_regression,-0.04470359572400384
os_5yr,BRCA,2,0,catboost,0.003401360544217802
os_5yr,BRCA,2,0,xgboost,0.030612244897959218
os_5yr,BRCA,2,0,lightgbm,0.03644314868804677
os_5yr,BRCA,2,1,logistic_regression,-0.01295097132284917
os_5yr,BRCA,2,1,catboost,-0.024976873265494914
os_5yr,BRCA,2,1,xgboost,-0.025901942645698506
os_5yr,BRCA,2,1,lightgbm,-0.09065679925994452
os_5yr,BRCA,2,2,logistic_regression,-0.16615067079463364
os_5yr,BRCA,2,2,catboost,-0.0722394220846233
os_5yr,BRCA,2,2,xgboost,-0.008255933952528327
os_5yr,BRCA,2,2,lightgbm,-0.029927760577915352
os_5yr,BRCA,2,3,logistic_regression,0.03576248313090424
os_5yr,BRCA,2,3,catboost,0.003373819163292824
os_5yr,BRCA,2,3,xgboost,0.010121457489878583
os_5yr,BRCA,2,3,lightgbm,0.012820512820512886
os_5yr,BRCA,2,4,logistic_regression,-0.012888888888888839
os_5yr,BRCA,2,4,catboost,-0.0377777777777778
os_5yr,BRCA,2,4,xgboost,0.03155555555555545
os_5yr,BRCA,2,4,lightgbm,0.04755555555555557
os_5yr,BRCA,3,0,logistic_regression,-0.13249999999999995
os_5yr,BRCA,3,0,catboost,-0.09850000000000003
os_5yr,BRCA,3,0,xgboost,-0.13649999999999995
os_5yr,BRCA,3,0,lightgbm,-0.09249999999999992
os_5yr,BRCA,3,1,logistic_regression,0.0636363636363636
os_5yr,BRCA,3,1,catboost,0.018787878787878798
os_5yr,BRCA,3,1,xgboost,-0.00666666666666671
os_5yr,BRCA,3,1,lightgbm,-0.00303030303030305
os_5yr,BRCA,3,2,logistic_regression,-0.12673450508788153
os_5yr,BRCA,3,2,catboost,-0.09158186864014806
os_5yr,BRCA,3,2,xgboost,-0.08233117483811292
os_5yr,BRCA,3,2,lightgbm,-0.07123034227567082
os_5yr,BRCA,3,3,logistic_regression,-0.07386363636363641
os_5yr,BRCA,3,3,catboost,0.04450757575757569
os_5yr,BRCA,3,3,xgboost,-0.002840909090909116
os_5yr,BRCA,3,3,lightgbm,-0.041666666666666685
os_5yr,BRCA,3,4,logistic_regression,-0.05053449951409128
os_5yr,BRCA,3,4,catboost,-0.007774538386783325
os_5yr,BRCA,3,4,xgboost,0.030126336248785246
os_5yr,BRCA,3,4,lightgbm,-0.029154518950437303
os_5yr,BRCA,4,0,logistic_regression,-0.0354713313896986
os_5yr,BRCA,4,0,catboost,-0.04518950437317781
os_5yr,BRCA,4,0,xgboost,-0.026724975704567555
os_5yr,BRCA,4,0,lightgbm,-0.030612244897959107
os_5yr,BRCA,4,1,logistic_regression,-0.08788159111933391
os_5yr,BRCA,4,1,catboost,-0.04070305272895458
os_5yr,BRCA,4,1,xgboost,-0.022201665124884307
os_5yr,BRCA,4,1,lightgbm,-0.024976873265494803
os_5yr,BRCA,4,2,logistic_regression,-0.16648168701442834
os_5yr,BRCA,4,2,catboost,-0.02219755826859049
os_5yr,BRCA,4,2,xgboost,0.006659267480577102
os_5yr,BRCA,4,2,lightgbm,-0.02219755826859049
os_5yr,BRCA,4,3,logistic_regression,-0.01599587203302366
os_5yr,BRCA,4,3,catboost,0.06553147574819407
os_5yr,BRCA,4,3,xgboost,0.0366357069143447
os_5yr,BRCA,4,3,lightgbm,0.020123839009287936
os_5yr,BRCA,4,4,logistic_regression,-0.0471331389698737
os_5yr,BRCA,4,4,catboost,0.008746355685131157
os_5yr,BRCA,4,4,xgboost,0.027210884353741416
os_5yr,BRCA,4,4,lightgbm,0.008746355685131268
os_5yr,HNSCC,0,0,logistic_regression,-0.0019342359767891004
os_5yr,HNSCC,0,0,catboost,-0.048355899419729065
os_5yr,HNSCC,0,0,xgboost,-0.07156673114119916
os_5yr,HNSCC,0,0,lightgbm,-0.04061895551257255
os_5yr,HNSCC,0,1,logistic_regression,-0.021739130434782483
os_5yr,HNSCC,0,1,catboost,-0.05533596837944654
os_5yr,HNSCC,0,1,xgboost,-0.04347826086956508
os_5yr,HNSCC,0,1,lightgbm,-0.019762845849802257
os_5yr,HNSCC,0,2,logistic_regression,-0.21571428571428558
os_5yr,HNSCC,0,2,catboost,0.030000000000000082
os_5yr,HNSCC,0,2,xgboost,0.01000000000000012
os_5yr,HNSCC,0,2,lightgbm,0.13000000000000012
os_5yr,HNSCC,0,3,logistic_regression,0.10462962962962963
os_5yr,HNSCC,0,3,catboost,0.06944444444444453
os_5yr,HNSCC,0,3,xgboost,0.006481481481481477
os_5yr,HNSCC,0,3,lightgbm,0.041666666666666574
os_5yr,HNSCC,0,4,logistic_regression,0.10839160839160844
os_5yr,HNSCC,0,4,catboost,0.005244755244755317
os_5yr,HNSCC,0,4,xgboost,0.045454545454545525
os_5yr,HNSCC,0,4,lightgbm,0.03321678321678323
os_5yr,HNSCC,1,0,logistic_regression,-0.15810276679841911
os_5yr,HNSCC,1,0,catboost,-0.06126482213438744
os_5yr,HNSCC,1,0,xgboost,-0.0039525691699605625
os_5yr,HNSCC,1,0,lightgbm,-0.007905138339921014
os_5yr,HNSCC,1,1,logistic_regression,0.0478723404255319
os_5yr,HNSCC,1,1,catboost,0.024468085106382986
os_5yr,HNSCC,1,1,xgboost,0.005319148936170304
os_5yr,HNSCC,1,1,lightgbm,0.01595744680851069
os_5yr,HNSCC,1,2,logistic_regression,-0.11875000000000002
os_5yr,HNSCC,1,2,catboost,0.01041666666666663
os_5yr,HNSCC,1,2,xgboost,0.02499999999999991
os_5yr,HNSCC,1,2,lightgbm,0.03541666666666665
os_5yr,HNSCC,1,3,logistic_regression,0.12765957446808512
os_5yr,HNSCC,1,3,catboost,0.03404255319148941
os_5yr,HNSCC,1,3,xgboost,0.07234042553191489
os_5yr,HNSCC,1,3,lightgbm,0.05531914893617029
os_5yr,HNSCC,1,4,logistic_regression,-0.14685314685314688
os_5yr,HNSCC,1,4,catboost,0.0
os_5yr,HNSCC,1,4,xgboost,0.022727272727272707
os_5yr,HNSCC,1,4,lightgbm,0.07867132867132864
os_5yr,HNSCC,2,0,logistic_regression,-0.17692307692307702
os_5yr,HNSCC,2,0,catboost,0.1051282051282052
os_5yr,HNSCC,2,0,xgboost,0.0008547008547008517
os_5yr,HNSCC,2,0,lightgbm,-0.01623931623931618
os_5yr,HNSCC,2,1,logistic_regression,0.08191489361702131
os_5yr,HNSCC,2,1,catboost,0.011702127659574457
os_5yr,HNSCC,2,1,xgboost,-0.007446808510638281
os_5yr,HNSCC,2,1,lightgbm,0.013829787234042601
os_5yr,HNSCC,2,2,logistic_regression,-0.0888888888888889
os_5yr,HNSCC,2,2,catboost,-0.012962962962963065
os_5yr,HNSCC,2,2,xgboost,0.024074074074074137
os_5yr,HNSCC,2,2,lightgbm,0.050000000000000044
os_5yr,HNSCC,2,3,logistic_regression,0.17234042553191486
os_5yr,HNSCC,2,3,catboost,0.017021276595744594
os_5yr,HNSCC,2,3,xgboost,0.02978723404255318
os_5yr,HNSCC,2,3,lightgbm,0.02127659574468077
os_5yr,HNSCC,2,4,logistic_regression,0.02546296296296302
os_5yr,HNSCC,2,4,catboost,-0.0671296296296297
os_5yr,HNSCC,2,4,xgboost,0.01157407407407407
os_5yr,HNSCC,2,4,lightgbm,0.07638888888888895
os_5yr,HNSCC,3,0,logistic_regression,-0.1705426356589147
os_5yr,HNSCC,3,0,catboost,-0.07751937984496127
os_5yr,HNSCC,3,0,xgboost,-0.12558139534883717
os_5yr,HNSCC,3,0,lightgbm,-0.06356589147286817
os_5yr,HNSCC,3,1,logistic_regression,-0.2755102040816328
os_5yr,HNSCC,3,1,catboost,-0.03316326530612257
os_5yr,HNSCC,3,1,xgboost,0.010204081632653073
os_5yr,HNSCC,3,1,lightgbm,-0.03571428571428581
os_5yr,HNSCC,3,2,logistic_regression,0.005319148936170137
os_5yr,HNSCC,3,2,catboost,0.06063829787234032
os_5yr,HNSCC,3,2,xgboost,0.08404255319148934
os_5yr,HNSCC,3,2,lightgbm,0.06914893617021278
os_5yr,HNSCC,3,3,logistic_regression,0.3125
os_5yr,HNSCC,3,3,catboost,0.059948979591836704
os_5yr,HNSCC,3,3,xgboost,0.1517857142857143
os_5yr,HNSCC,3,3,lightgbm,0.17219387755102045
os_5yr,HNSCC,3,4,logistic_regression,-0.09178321678321688
os_5yr,HNSCC,3,4,catboost,0.1127622377622377
os_5yr,HNSCC,3,4,xgboost,0.12849650349650343
os_5yr,HNSCC,3,4,lightgbm,-0.03583916083916083
os_5yr,HNSCC,4,0,logistic_regression,-0.060064935064935154
os_5yr,HNSCC,4,0,catboost,0.08279220779220775
os_5yr,HNSCC,4,0,xgboost,0.017857142857142794
os_5yr,HNSCC,4,0,lightgbm,0.030844155844155785
os_5yr,HNSCC,4,1,logistic_regression,0.06365740740740744
os_5yr,HNSCC,4,1,catboost,-0.0011574074074073848
os_5yr,HNSCC,4,1,xgboost,0.08217592592592604
os_5yr,HNSCC,4,1,lightgbm,0.0405092592592593
os_5yr,HNSCC,4,2,logistic_regression,0.16087962962962965
os_5yr,HNSCC,4,2,catboost,-0.06597222222222221
os_5yr,HNSCC,4,2,xgboost,0.024305555555555525
os_5yr,HNSCC,4,2,lightgbm,0.035879629629629595
os_5yr,HNSCC,4,3,logistic_regression,-0.2648936170212766
os_5yr,HNSCC,4,3,catboost,0.007446808510638281
os_5yr,HNSCC,4,3,xgboost,-0.037234042553191404
os_5yr,HNSCC,4,3,lightgbm,0.043617021276595835
os_5yr,HNSCC,4,4,logistic_regression,-0.030555555555555614
os_5yr,HNSCC,4,4,catboost,0.03425925925925932
os_5yr,HNSCC,4,4,xgboost,0.04351851851851851
os_5yr,HNSCC,4,4,lightgbm,0.054629629629629695
os_5yr,LSCC,0,0,logistic_regression,-0.14146341463414636
os_5yr,LSCC,0,0,catboost,-0.06341463414634141
os_5yr,LSCC,0,0,xgboost,0.014634146341463428
os_5yr,LSCC,0,0,lightgbm,0.052032520325203335
os_5yr,LSCC,0,1,logistic_regression,0.07698412698412704
os_5yr,LSCC,0,1,catboost,0.040476190476190554
os_5yr,LSCC,0,1,xgboost,-0.0087301587301587
os_5yr,LSCC,0,1,lightgbm,-0.003968253968253954
os_5yr,LSCC,0,2,logistic_regression,-0.12646198830409355
os_5yr,LSCC,0,2,catboost,-0.028508771929824483
os_5yr,LSCC,0,2,xgboost,-0.07529239766081863
os_5yr,LSCC,0,2,lightgbm,-0.08552631578947356
os_5yr,LSCC,0,3,logistic_regression,-0.1549707602339182
os_5yr,LSCC,0,3,catboost,-0.0014619883040934978
os_5yr,LSCC,0,3,xgboost,0.005847953216374213
os_5yr,LSCC,0,3,lightgbm,-0.05555555555555569
os_5yr,LSCC,0,4,logistic_regression,0.1460937499999999
os_5yr,LSCC,0,4,catboost,0.008593749999999845
os_5yr,LSCC,0,4,xgboost,0.003906249999999889
os_5yr,LSCC,0,4,lightgbm,-0.011718750000000111
os_5yr,LSCC,1,0,logistic_regression,0.051829268292683084
os_5yr,LSCC,1,0,catboost,-0.012195121951219412
os_5yr,LSCC,1,0,xgboost,-0.030487804878048697
os_5yr,LSCC,1,0,lightgbm,-0.024390243902438824
os_5yr,LSCC,1,1,logistic_regression,-0.09653092006033193
os_5yr,LSCC,1,1,catboost,-0.013574660633484337
os_5yr,LSCC,1,1,xgboost,-0.019607843137255054
os_5yr,LSCC,1,1,lightgbm,-0.09049773755656115
os_5yr,LSCC,1,2,logistic_regression,-0.1304687499999999
os_5yr,LSCC,1,2,catboost,0.024218750000000067
os_5yr,LSCC,1,2,xgboost,-0.06015624999999991
os_5yr,LSCC,1,2,lightgbm,-0.08046874999999998
os_5yr,LSCC,1,3,logistic_regression,-0.08124999999999993
os_5yr,LSCC,1,3,catboost,0.03125
os_5yr,LSCC,1,3,xgboost,0.03593750000000007
os_5yr,LSCC,1,3,lightgbm,0.04999999999999993
os_5yr,LSCC,1,4,logistic_regression,-0.0015082956259425684
os_5yr,LSCC,1,4,catboost,0.012066365007541546
os_5yr,LSCC,1,4,xgboost,0.013574660633484226
os_5yr,LSCC,1,4,lightgbm,0.052790346907994
os_5yr,LSCC,2,0,logistic_regression,-0.09438775510204084
os_5yr,LSCC,2,0,catboost,-0.0025510204081632404
os_5yr,LSCC,2,0,xgboost,0.14370748299319736
os_5yr,LSCC,2,0,lightgbm,0.1590136054421769
os_5yr,LSCC,2,1,logistic_regression,0.05193905817174527
os_5yr,LSCC,2,1,catboost,0.05332409972299168
os_5yr,LSCC,2,1,xgboost,-0.035318559556786755
os_5yr,LSCC,2,1,lightgbm,-0.0020775623268697307
os_5yr,LSCC,2,2,logistic_regression,0.15609756097560967
os_5yr,LSCC,2,2,catboost,0.006504065040650264
os_5yr,LSCC,2,2,xgboost,-0.02926829268292691
os_5yr,LSCC,2,2,lightgbm,-0.01626016260162605
os_5yr,LSCC,2,3,logistic_regression,0.05409356725146197
os_5yr,LSCC,2,3,catboost,-0.03654970760233922
os_5yr,LSCC,2,3,xgboost,-0.023391812865497075
os_5yr,LSCC,2,3,lightgbm,0.06725146198830412
os_5yr,LSCC,2,4,logistic_regression,0.22031250000000002
os_5yr,LSCC,2,4,catboost,0.020312500000000067
os_5yr,LSCC,2,4,xgboost,-0.1265624999999999
os_5yr,LSCC,2,4,lightgbm,-0.007812499999999889
os_5yr,LSCC,3,0,logistic_regression,-0.1424825174825175
os_5yr,LSCC,3,0,catboost,-0.01660839160839167
os_5yr,LSCC,3,0,xgboost,-0.025349650349650477
os_5yr,LSCC,3,0,lightgbm,-0.028846153846153855
os_5yr,LSCC,3,1,logistic_regression,-0.13229018492176398
os_5yr,LSCC,3,1,catboost,0.019914651493598834
os_5yr,LSCC,3,1,xgboost,-0.0256045519203415
os_5yr,LSCC,3,1,lightgbm,-0.06970128022759614
os_5yr,LSCC,3,2,logistic_regression,-0.017069701280227778
os_5yr,LSCC,3,2,catboost,-0.07965860597439545
os_5yr,LSCC,3,2,xgboost,-0.12091038406827892
os_5yr,LSCC,3,2,lightgbm,-0.11664295874822195
os_5yr,LSCC,3,3,logistic_regression,0.1404293381037568
os_5yr,LSCC,3,3,catboost,0.036672629695885584
os_5yr,LSCC,3,3,xgboost,-0.09570661896243288
os_5yr,LSCC,3,3,lightgbm,-0.04740608228980314
os_5yr,LSCC,3,4,logistic_regression,-0.05774853801169588
os_5yr,LSCC,3,4,catboost,-0.05043859649122795
os_5yr,LSCC,3,4,xgboost,0.008040935672514626
os_5yr,LSCC,3,4,lightgbm,0.003654970760233911
os_5yr,LSCC,4,0,logistic_regression,0.04166666666666663
os_5yr,LSCC,4,0,catboost,0.014455782312925103
os_5yr,LSCC,4,0,xgboost,0.005952380952380931
os_5yr,LSCC,4,0,lightgbm,0.0025510204081632404
os_5yr,LSCC,4,1,logistic_regression,-0.16406249999999994
os_5yr,LSCC,4,1,catboost,-0.01718749999999991
os_5yr,LSCC,4,1,xgboost,0.0031250000000000444
os_5yr,LSCC,4,1,lightgbm,-0.07499999999999984
os_5yr,LSCC,4,2,logistic_regression,0.0
os_5yr,LSCC,4,2,catboost,-0.09954751131221717
os_5yr,LSCC,4,2,xgboost,-0.12368024132730016
os_5yr,LSCC,4,2,lightgbm,0.0037707390648566985
os_5yr,LSCC,4,3,logistic_regression,-0.2339181286549708
os_5yr,LSCC,4,3,catboost,-0.014619883040935755
os_5yr,LSCC,4,3,xgboost,-0.020467836257309968
os_5yr,LSCC,4,3,lightgbm,-0.023391812865497186
os_5yr,LSCC,4,4,logistic_regression,0.16985294117647065
os_5yr,LSCC,4,4,catboost,0.05808823529411766
os_5yr,LSCC,4,4,xgboost,0.012500000000000067
os_5yr,LSCC,4,4,lightgbm,0.028676470588235414
os_5yr,LUAD,0,0,logistic_regression,-0.03968253968253971
os_5yr,LUAD,0,0,catboost,-0.059523809523809534
os_5yr,LUAD,0,0,xgboost,-0.05753968253968261
os_5yr,LUAD,0,0,lightgbm,-0.1031746031746032
os_5yr,LUAD,0,1,logistic_regression,-0.055681818181818166
os_5yr,LUAD,0,1,catboost,-0.02840909090909083
os_5yr,LUAD,0,1,xgboost,0.04431818181818181
os_5yr,LUAD,0,1,lightgbm,0.06931818181818183
os_5yr,LUAD,0,2,logistic_regression,0.053613053613053685
os_5yr,LUAD,0,2,catboost,-0.018648018648018627
os_5yr,LUAD,0,2,xgboost,0.07692307692307698
os_5yr,LUAD,0,2,lightgbm,0.03263403263403264
os_5yr,LUAD,0,3,logistic_regression,0.025641025641025716
os_5yr,LUAD,0,3,catboost,-0.07459207459207456
os_5yr,LUAD,0,3,xgboost,-0.018648018648018683
os_5yr,LUAD,0,3,lightgbm,-0.006993006993006978
os_5yr,LUAD,0,4,logistic_regression,-0.17499999999999993
os_5yr,LUAD,0,4,catboost,-0.04499999999999993
os_5yr,LUAD,0,4,xgboost,-0.18249999999999988
os_5yr,LUAD,0,4,lightgbm,-0.1974999999999999
os_5yr,LUAD,1,0,logistic_regression,-0.0741279069767442
os_5yr,LUAD,1,0,catboost,-0.021802325581395388
os_5yr,LUAD,1,0,xgboost,-0.04796511627906974
os_5yr,LUAD,1,0,lightgbm,-0.01017441860465118
os_5yr,LUAD,1,1,logistic_regression,-0.18503118503118504
os_5yr,LUAD,1,1,catboost,0.01039501039501034
os_5yr,LUAD,1,1,xgboost,0.14137214137214127
os_5yr,LUAD,1,1,lightgbm,0.12266112266112261
os_5yr,LUAD,1,2,logistic_regression,-0.04365079365079361
os_5yr,LUAD,1,2,catboost,0.01388888888888895
os_5yr,LUAD,1,2,xgboost,0.01388888888888895
os_5yr,LUAD,1,2,lightgbm,-0.025793650793650702
os_5yr,LUAD,1,3,logistic_regression,0.20000000000000012
os_5yr,LUAD,1,3,catboost,0.01000000000000012
os_5yr,LUAD,1,3,xgboost,0.027500000000000024
os_5yr,LUAD,1,3,lightgbm,1.1102230246251565e-16
os_5yr,LUAD,1,4,logistic_regression,0.07785087719298239
os_5yr,LUAD,1,4,catboost,-0.08004385964912286
os_5yr,LUAD,1,4,xgboost,0.04495614035087714
os_5yr,LUAD,1,4,lightgbm,0.06688596491228072
os_5yr,LUAD,2,0,logistic_regression,0.017615176151761558
os_5yr,LUAD,2,0,catboost,-0.07723577235772361
os_5yr,LUAD,2,0,xgboost,0.0582655826558266
os_5yr,LUAD,2,0,lightgbm,-0.028455284552845572
os_5yr,LUAD,2,1,logistic_regression,-0.022857142857142798
os_5yr,LUAD,2,1,catboost,-0.00952380952380949
os_5yr,LUAD,2,1,xgboost,0.12380952380952381
os_5yr,LUAD,2,1,lightgbm,0.1333333333333333
os_5yr,LUAD,2,2,logistic_regression,-0.13008130081300823
os_5yr,LUAD,2,2,catboost,0.04878048780487798
os_5yr,LUAD,2,2,xgboost,0.01897018970189701
os_5yr,LUAD,2,2,lightgbm,0.06233062330623296
os_5yr,LUAD,2,3,logistic_regression,-0.019512195121951237
os_5yr,LUAD,2,3,catboost,-0.014634146341463428
os_5yr,LUAD,2,3,xgboost,-0.10731707317073169
os_5yr,LUAD,2,3,lightgbm,-0.12439024390243902
os_5yr,LUAD,2,4,logistic_regression,-0.16170634920634924
os_5yr,LUAD,2,4,catboost,-0.0029761904761904656
os_5yr,LUAD,2,4,xgboost,-0.12003968253968245
os_5yr,LUAD,2,4,lightgbm,-0.07043650793650796
os_5yr,LUAD,3,0,logistic_regression,-0.04886363636363644
os_5yr,LUAD,3,0,catboost,0.060227272727272685
os_5yr,LUAD,3,0,xgboost,0.010227272727272751
os_5yr,LUAD,3,0,lightgbm,0.026136363636363624
os_5yr,LUAD,3,1,logistic_regression,0.09539473684210531
os_5yr,LUAD,3,1,catboost,-0.08004385964912286
os_5yr,LUAD,3,1,xgboost,-0.06250000000000006
os_5yr,LUAD,3,1,lightgbm,-0.05153508771929827
os_5yr,LUAD,3,2,logistic_regression,0.12125000000000002
os_5yr,LUAD,3,2,catboost,0.05874999999999997
os_5yr,LUAD,3,2,xgboost,0.03374999999999989
os_5yr,LUAD,3,2,lightgbm,0.07124999999999998
os_5yr,LUAD,3,3,logistic_regression,-0.0031185031185031464
os_5yr,LUAD,3,3,catboost,0.05509355509355507
os_5yr,LUAD,3,3,xgboost,0.038461538461538436
os_5yr,LUAD,3,3,lightgbm,0.08212058212058215
os_5yr,LUAD,3,4,logistic_regression,0.12587412587412594
os_5yr,LUAD,3,4,catboost,0.0699300699300699
os_5yr,LUAD,3,4,xgboost,0.11421911421911418
os_5yr,LUAD,3,4,lightgbm,0.16083916083916083
os_5yr,LUAD,4,0,logistic_regression,-0.10185185185185197
os_5yr,LUAD,4,0,catboost,-0.051587301587301626
os_5yr,LUAD,4,0,xgboost,-0.06746031746031744
os_5yr,LUAD,4,0,lightgbm,-0.09391534391534395
os_5yr,LUAD,4,1,logistic_regression,-0.015238095238095273
os_5yr,LUAD,4,1,catboost,0.02857142857142847
os_5yr,LUAD,4,1,xgboost,0.09523809523809512
os_5yr,LUAD,4,1,lightgbm,0.08380952380952378
os_5yr,LUAD,4,2,logistic_regression,0.1633771929824563
os_5yr,LUAD,4,2,catboost,0.023026315789473784
os_5yr,LUAD,4,2,xgboost,0.09100877192982465
os_5yr,LUAD,4,2,lightgbm,0.038377192982456176
os_5yr,LUAD,4,3,logistic_regression,-0.05481727574750839
os_5yr,LUAD,4,3,catboost,0.0016611295681062677
os_5yr,LUAD,4,3,xgboost,-0.05481727574750839
os_5yr,LUAD,4,3,lightgbm,-0.03488372093023262
os_5yr,LUAD,4,4,logistic_regression,0.01388888888888895
os_5yr,LUAD,4,4,catboost,0.015873015873015928
os_5yr,LUAD,4,4,xgboost,0.03571428571428581
os_5yr,LUAD,4,4,lightgbm,0.029761904761904767
extreme_os,BRCA,0,0,logistic_regression,-0.13846153846153864
extreme_os,BRCA,0,0,catboost,-0.09401709401709413
extreme_os,BRCA,0,0,xgboost,-0.17948717948717963
extreme_os,BRCA,0,0,lightgbm,-0.12991452991453006
extreme_os,BRCA,0,1,logistic_regression,-0.16239316239316237
extreme_os,BRCA,0,1,catboost,-0.023931623931623847
extreme_os,BRCA,0,1,xgboost,0.010256410256410331
extreme_os,BRCA,0,1,lightgbm,-0.008547008547008517
extreme_os,BRCA,0,2,logistic_regression,-0.17391304347826086
extreme_os,BRCA,0,2,catboost,-0.02717391304347838
extreme_os,BRCA,0,2,xgboost,0.03532608695652162
extreme_os,BRCA,0,2,lightgbm,0.005434782608695676
extreme_os,BRCA,0,3,logistic_regression,-0.1785714285714286
extreme_os,BRCA,0,3,catboost,0.010073260073260037
extreme_os,BRCA,0,3,xgboost,-0.028388278388278287
extreme_os,BRCA,0,3,lightgbm,0.0045787545787545625
extreme_os,BRCA,0,4,logistic_regression,-0.08823529411764724
extreme_os,BRCA,0,4,catboost,-0.061919504643963064
extreme_os,BRCA,0,4,xgboost,-0.16563467492260076
extreme_os,BRCA,0,4,lightgbm,-0.13157894736842124
extreme_os,BRCA,1,0,logistic_regression,-0.09703947368421056
extreme_os,BRCA,1,0,catboost,0.013157894736842035
extreme_os,BRCA,1,0,xgboost,0.02960526315789469
extreme_os,BRCA,1,0,lightgbm,0.05921052631578949
extreme_os,BRCA,1,1,logistic_regression,0.06696428571428575
extreme_os,BRCA,1,1,catboost,0.14375
extreme_os,BRCA,1,1,xgboost,0.11160714285714296
extreme_os,BRCA,1,1,lightgbm,0.06607142857142861
extreme_os,BRCA,1,2,logistic_regression,0.04979674796747968
extreme_os,BRCA,1,2,catboost,0.11890243902439035
extreme_os,BRCA,1,2,xgboost,0.12906504065040647
extreme_os,BRCA,1,2,lightgbm,0.03760162601626016
extreme_os,BRCA,1,3,logistic_regression,-0.3363821138211382
extreme_os,BRCA,1,3,catboost,-0.00101626016260159
extreme_os,BRCA,1,3,xgboost,0.025406504065040636
extreme_os,BRCA,1,3,lightgbm,-0.0030487804878047697
extreme_os,BRCA,1,4,logistic_regression,-0.17408585055643883
extreme_os,BRCA,1,4,catboost,0.03577106518282991
extreme_os,BRCA,1,4,xgboost,0.0007949125596184992
extreme_os,BRCA,1,4,lightgbm,-0.04689984101748812
extreme_os,BRCA,2,0,logistic_regression,0.023026315789473784
extreme_os,BRCA,2,0,catboost,0.11677631578947378
extreme_os,BRCA,2,0,xgboost,0.078125
extreme_os,BRCA,2,0,lightgbm,0.052631578947368585
extreme_os,BRCA,2,1,logistic_regression,-0.16858552631578966
extreme_os,BRCA,2,1,catboost,-0.05509868421052644
extreme_os,BRCA,2,1,xgboost,-0.09128289473684215
extreme_os,BRCA,2,1,lightgbm,-0.0452302631578948
extreme_os,BRCA,2,2,logistic_regression,-0.1444652908067542
extreme_os,BRCA,2,2,catboost,-0.0075046904315198
extreme_os,BRCA,2,2,xgboost,-0.09380863039399628
extreme_os,BRCA,2,2,lightgbm,-0.07129455909943716
extreme_os,BRCA,2,3,logistic_regression,-0.18255813953488387
extreme_os,BRCA,2,3,catboost,-0.04069767441860472
extreme_os,BRCA,2,3,xgboost,-0.02209302325581408
extreme_os,BRCA,2,3,lightgbm,0.0406976744186045
extreme_os,BRCA,2,4,logistic_regression,-0.09037162162162171
extreme_os,BRCA,2,4,catboost,-0.017736486486486513
extreme_os,BRCA,2,4,xgboost,-0.051520270270270285
extreme_os,BRCA,2,4,lightgbm,-0.07516891891891886
extreme_os,BRCA,3,0,logistic_regression,-0.1294642857142858
extreme_os,BRCA,3,0,catboost,0.002678571428571308
extreme_os,BRCA,3,0,xgboost,0.04107142857142854
extreme_os,BRCA,3,0,lightgbm,0.10892857142857137
extreme_os,BRCA,3,1,logistic_regression,0.20089285714285715
extreme_os,BRCA,3,1,catboost,0.0401785714285714
extreme_os,BRCA,3,1,xgboost,0.009821428571428592
extreme_os,BRCA,3,1,lightgbm,0.02946428571428572
extreme_os,BRCA,3,2,logistic_regression,-0.1654040404040405
extreme_os,BRCA,3,2,catboost,-0.05681818181818188
extreme_os,BRCA,3,2,xgboost,-0.21843434343434348
extreme_os,BRCA,3,2,lightgbm,-0.17045454545454547
extreme_os,BRCA,3,3,logistic_regression,-0.3800366300366299
extreme_os,BRCA,3,3,catboost,-0.14926739926739918
extreme_os,BRCA,3,3,xgboost,-0.1217948717948717
extreme_os,BRCA,3,3,lightgbm,-0.1071428571428572
extreme_os,BRCA,3,4,logistic_regression,-0.10882352941176471
extreme_os,BRCA,3,4,catboost,-0.0338235294117647
extreme_os,BRCA,3,4,xgboost,-0.07794117647058829
extreme_os,BRCA,3,4,lightgbm,-0.1191176470588235
extreme_os,BRCA,4,0,logistic_regression,-0.03895071542130368
extreme_os,BRCA,4,0,catboost,0.005564387917329161
extreme_os,BRCA,4,0,xgboost,0.0031796502384737746
extreme_os,BRCA,4,0,lightgbm,-0.03974562798092207
extreme_os,BRCA,4,1,logistic_regression,-0.02678571428571419
extreme_os,BRCA,4,1,catboost,0.1071428571428572
extreme_os,BRCA,4,1,xgboost,0.03928571428571437
extreme_os,BRCA,4,1,lightgbm,0.008928571428571508
extreme_os,BRCA,4,2,logistic_regression,-0.2511627906976744
extreme_os,BRCA,4,2,catboost,0.009302325581395321
extreme_os,BRCA,4,2,xgboost,-0.05581395348837204
extreme_os,BRCA,4,2,lightgbm,-0.08139534883720922
extreme_os,BRCA,4,3,logistic_regression,-0.009146341463414587
extreme_os,BRCA,4,3,catboost,0.043699186991869976
extreme_os,BRCA,4,3,xgboost,-0.0315040650406504
extreme_os,BRCA,4,3,lightgbm,0.05182926829268292
extreme_os,BRCA,4,4,logistic_regression,-0.1388888888888889
extreme_os,BRCA,4,4,catboost,-0.13271604938271597
extreme_os,BRCA,4,4,xgboost,-0.04475308641975306
extreme_os,BRCA,4,4,lightgbm,-0.06944444444444448
extreme_os,HNSCC,0,0,logistic_regression,0.05030487804878048
extreme_os,HNSCC,0,0,catboost,0.08993902439024393
extreme_os,HNSCC,0,0,xgboost,0.18445121951219512
extreme_os,HNSCC,0,0,lightgbm,0.09298780487804881
extreme_os,HNSCC,0,1,logistic_regression,-0.01744186046511631
extreme_os,HNSCC,0,1,catboost,-0.12209302325581395
extreme_os,HNSCC,0,1,xgboost,-0.14922480620155043
extreme_os,HNSCC,0,1,lightgbm,-0.13372093023255816
extreme_os,HNSCC,0,2,logistic_regression,-0.03201219512195125
extreme_os,HNSCC,0,2,catboost,0.05640243902439035
extreme_os,HNSCC,0,2,xgboost,0.038109756097561065
extreme_os,HNSCC,0,2,lightgbm,0.1417682926829268
extreme_os,HNSCC,0,3,logistic_regression,0.07142857142857151
extreme_os,HNSCC,0,3,catboost,0.06794425087108025
extreme_os,HNSCC,0,3,xgboost,0.07142857142857151
extreme_os,HNSCC,0,3,lightgbm,0.08536585365853666
extreme_os,HNSCC,0,4,logistic_regression,-0.06136363636363629
extreme_os,HNSCC,0,4,catboost,0.05681818181818188
extreme_os,HNSCC,0,4,xgboost,0.04318181818181821
extreme_os,HNSCC,0,4,lightgbm,0.07045454545454555
extreme_os,HNSCC,1,0,logistic_regression,-0.20972222222222225
extreme_os,HNSCC,1,0,catboost,-0.04583333333333328
extreme_os,HNSCC,1,0,xgboost,-0.012499999999999956
extreme_os,HNSCC,1,0,lightgbm,-0.12916666666666665
extreme_os,HNSCC,1,1,logistic_regression,-0.37015503875968986
extreme_os,HNSCC,1,1,catboost,-0.1375968992248061
extreme_os,HNSCC,1,1,xgboost,-0.10658914728682156
extreme_os,HNSCC,1,1,lightgbm,-0.12209302325581384
extreme_os,HNSCC,1,2,logistic_regression,-0.1527777777777778
extreme_os,HNSCC,1,2,catboost,0.04166666666666674
extreme_os,HNSCC,1,2,xgboost,-0.14722222222222214
extreme_os,HNSCC,1,2,lightgbm,-0.19166666666666665
extreme_os,HNSCC,1,3,logistic_regression,0.21590909090909094
extreme_os,HNSCC,1,3,catboost,0.11931818181818188
extreme_os,HNSCC,1,3,xgboost,0.11931818181818188
extreme_os,HNSCC,1,3,lightgbm,-0.022727272727272707
extreme_os,HNSCC,1,4,logistic_regression,-0.049043062200957
extreme_os,HNSCC,1,4,catboost,0.005980861244019087
extreme_os,HNSCC,1,4,xgboost,-0.04186602870813405
extreme_os,HNSCC,1,4,lightgbm,0.00837320574162681
extreme_os,HNSCC,2,0,logistic_regression,-0.08503401360544216
extreme_os,HNSCC,2,0,catboost,-0.010204081632653073
extreme_os,HNSCC,2,0,xgboost,0.017006802721088454
extreme_os,HNSCC,2,0,lightgbm,-0.09183673469387754
extreme_os,HNSCC,2,1,logistic_regression,0.06666666666666665
extreme_os,HNSCC,2,1,catboost,0.07499999999999996
extreme_os,HNSCC,2,1,xgboost,0.03888888888888886
extreme_os,HNSCC,2,1,lightgbm,-0.002777777777777879
extreme_os,HNSCC,2,2,logistic_regression,-0.09259259259259256
extreme_os,HNSCC,2,2,catboost,0.05555555555555547
extreme_os,HNSCC,2,2,xgboost,-0.07037037037037042
extreme_os,HNSCC,2,2,lightgbm,-0.062962962962963
extreme_os,HNSCC,2,3,logistic_regression,0.05232558139534882
extreme_os,HNSCC,2,3,catboost,0.07170542635658916
extreme_os,HNSCC,2,3,xgboost,0.04844961240310075
extreme_os,HNSCC,2,3,lightgbm,-0.11434108527131781
extreme_os,HNSCC,2,4,logistic_regression,-0.14722222222222214
extreme_os,HNSCC,2,4,catboost,0.04999999999999993
extreme_os,HNSCC,2,4,xgboost,0.06944444444444442
extreme_os,HNSCC,2,4,lightgbm,0.01388888888888895
extreme_os,HNSCC,3,0,logistic_regression,-0.015909090909090984
extreme_os,HNSCC,3,0,catboost,0.006818181818181834
extreme_os,HNSCC,3,0,xgboost,0.15681818181818175
extreme_os,HNSCC,3,0,lightgbm,0.12954545454545452
extreme_os,HNSCC,3,1,logistic_regression,-0.16860465116279066
extreme_os,HNSCC,3,1,catboost,-0.025193798449612337
extreme_os,HNSCC,3,1,xgboost,0.07170542635658927
extreme_os,HNSCC,3,1,lightgbm,0.029069767441860295
extreme_os,HNSCC,3,2,logistic_regression,-0.09930313588850181
extreme_os,HNSCC,3,2,catboost,-0.008710801393728262
extreme_os,HNSCC,3,2,xgboost,0.005226480836236891
extreme_os,HNSCC,3,2,lightgbm,0.012195121951219523
extreme_os,HNSCC,3,3,logistic_regression,-0.14329268292682917
extreme_os,HNSCC,3,3,catboost,0.07621951219512202
extreme_os,HNSCC,3,3,xgboost,0.07012195121951226
extreme_os,HNSCC,3,3,lightgbm,0.015243902439024404
extreme_os,HNSCC,3,4,logistic_regression,-0.19054878048780483
extreme_os,HNSCC,3,4,catboost,0.09298780487804881
extreme_os,HNSCC,3,4,xgboost,0.08384146341463417
extreme_os,HNSCC,3,4,lightgbm,0.1112804878048782
extreme_os,HNSCC,4,0,logistic_regression,-0.013605442176870652
extreme_os,HNSCC,4,0,catboost,-0.08163265306122447
extreme_os,HNSCC,4,0,xgboost,-0.14965986394557818
extreme_os,HNSCC,4,0,lightgbm,-0.1394557823129251
extreme_os,HNSCC,4,1,logistic_regression,-0.0852713178294574
extreme_os,HNSCC,4,1,catboost,-0.046511627906976716
extreme_os,HNSCC,4,1,xgboost,-0.003875968992248069
extreme_os,HNSCC,4,1,lightgbm,0.02713178294573637
extreme_os,HNSCC,4,2,logistic_regression,-0.08536585365853677
extreme_os,HNSCC,4,2,catboost,0.005226480836236891
extreme_os,HNSCC,4,2,xgboost,0.015679442508710673
extreme_os,HNSCC,4,2,lightgbm,0.033101045296167086
extreme_os,HNSCC,4,3,logistic_regression,-0.12244897959183665
extreme_os,HNSCC,4,3,catboost,0.08163265306122458
extreme_os,HNSCC,4,3,xgboost,0.006802721088435382
extreme_os,HNSCC,4,3,lightgbm,0.09863945578231292
extreme_os,HNSCC,4,4,logistic_regression,-0.0697278911564625
extreme_os,HNSCC,4,4,catboost,0.0731292517006803
extreme_os,HNSCC,4,4,xgboost,0.052721088435374264
extreme_os,HNSCC,4,4,lightgbm,-0.028911564625850206
extreme_os,LSCC,0,0,logistic_regression,-0.10026041666666663
extreme_os,LSCC,0,0,catboost,0.02734375
extreme_os,LSCC,0,0,xgboost,-0.09765625000000011
extreme_os,LSCC,0,0,lightgbm,-0.07421875
extreme_os,LSCC,0,1,logistic_regression,0.22005208333333326
extreme_os,LSCC,0,1,catboost,0.02734375
extreme_os,LSCC,0,1,xgboost,0.006510416666666574
extreme_os,LSCC,0,1,lightgbm,0.08984375
extreme_os,LSCC,0,2,logistic_regression,0.08179012345679004
extreme_os,LSCC,0,2,catboost,0.125
extreme_os,LSCC,0,2,xgboost,0.07870370370370361
extreme_os,LSCC,0,2,lightgbm,0.11265432098765427
extreme_os,LSCC,0,3,logistic_regression,0.09499999999999997
extreme_os,LSCC,0,3,catboost,0.07499999999999996
extreme_os,LSCC,0,3,xgboost,-0.08000000000000007
extreme_os,LSCC,0,3,lightgbm,-0.07500000000000007
extreme_os,LSCC,0,4,logistic_regression,0.017857142857142905
extreme_os,LSCC,0,4,catboost,0.005952380952380931
extreme_os,LSCC,0,4,xgboost,-0.09761904761904766
extreme_os,LSCC,0,4,lightgbm,-0.026190476190476097
extreme_os,LSCC,1,0,logistic_regression,-0.05714285714285716
extreme_os,LSCC,1,0,catboost,0.04285714285714293
extreme_os,LSCC,1,0,xgboost,-0.040000000000000036
extreme_os,LSCC,1,0,lightgbm,-0.08000000000000002
extreme_os,LSCC,1,1,logistic_regression,-0.11969111969111967
extreme_os,LSCC,1,1,catboost,-0.10424710424710426
extreme_os,LSCC,1,1,xgboost,-0.11969111969111978
extreme_os,LSCC,1,1,lightgbm,-0.07335907335907332
extreme_os,LSCC,1,2,logistic_regression,-0.006887052341597866
extreme_os,LSCC,1,2,catboost,-0.004132231404958664
extreme_os,LSCC,1,2,xgboost,-0.026170798898071668
extreme_os,LSCC,1,2,lightgbm,-0.03994490358126718
extreme_os,LSCC,1,3,logistic_regression,-0.03888888888888886
extreme_os,LSCC,1,3,catboost,-0.025555555555555554
extreme_os,LSCC,1,3,xgboost,-0.04333333333333339
extreme_os,LSCC,1,3,lightgbm,0.09000000000000008
extreme_os,LSCC,1,4,logistic_regression,0.20317460317460323
extreme_os,LSCC,1,4,catboost,0.031746031746031744
extreme_os,LSCC,1,4,xgboost,0.07301587301587298
extreme_os,LSCC,1,4,lightgbm,0.015873015873015817
extreme_os,LSCC,2,0,logistic_regression,-0.0808823529411764
extreme_os,LSCC,2,0,catboost,0.004411764705882337
extreme_os,LSCC,2,0,xgboost,-0.007352941176470562
extreme_os,LSCC,2,0,lightgbm,-0.016176470588235348
extreme_os,LSCC,2,1,logistic_regression,0.0338235294117647
extreme_os,LSCC,2,1,catboost,0.04264705882352959
extreme_os,LSCC,2,1,xgboost,0.004411764705882448
extreme_os,LSCC,2,1,lightgbm,0.004411764705882337
extreme_os,LSCC,2,2,logistic_regression,0.16666666666666652
extreme_os,LSCC,2,2,catboost,0.05238095238095242
extreme_os,LSCC,2,2,xgboost,0.03650793650793649
extreme_os,LSCC,2,2,lightgbm,0.061904761904761796
extreme_os,LSCC,2,3,logistic_regression,-0.058894230769230727
extreme_os,LSCC,2,3,catboost,0.046875
extreme_os,LSCC,2,3,xgboost,-0.10216346153846156
extreme_os,LSCC,2,3,lightgbm,-0.03966346153846145
extreme_os,LSCC,2,4,logistic_regression,0.011428571428571455
extreme_os,LSCC,2,4,catboost,0.05142857142857149
extreme_os,LSCC,2,4,xgboost,-0.05999999999999994
extreme_os,LSCC,2,4,lightgbm,-0.042857142857142816
extreme_os,LSCC,3,0,logistic_regression,-0.08677685950413216
extreme_os,LSCC,3,0,catboost,-0.02066115702479332
extreme_os,LSCC,3,0,xgboost,-0.152892561983471
extreme_os,LSCC,3,0,lightgbm,-0.10330578512396693
extreme_os,LSCC,3,1,logistic_regression,0.05555555555555547
extreme_os,LSCC,3,1,catboost,0.04545454545454547
extreme_os,LSCC,3,1,xgboost,0.09090909090909088
extreme_os,LSCC,3,1,lightgbm,0.11868686868686867
extreme_os,LSCC,3,2,logistic_regression,0.1660231660231659
extreme_os,LSCC,3,2,catboost,0.0926640926640927
extreme_os,LSCC,3,2,xgboost,0.04633204633204635
extreme_os,LSCC,3,2,lightgbm,-0.030888030888030937
extreme_os,LSCC,3,3,logistic_regression,-0.10421836228287851
extreme_os,LSCC,3,3,catboost,-0.042183622828784295
extreme_os,LSCC,3,3,xgboost,-0.1588089330024815
extreme_os,LSCC,3,3,lightgbm,-0.11910669975186117
extreme_os,LSCC,3,4,logistic_regression,0.2175925925925925
extreme_os,LSCC,3,4,catboost,0.09413580246913578
extreme_os,LSCC,3,4,xgboost,0.050925925925925986
extreme_os,LSCC,3,4,lightgbm,0.060185185185185175
extreme_os,LSCC,4,0,logistic_regression,-0.0190972222222221
extreme_os,LSCC,4,0,catboost,-0.015625
extreme_os,LSCC,4,0,xgboost,-0.09548611111111105
extreme_os,LSCC,4,0,lightgbm,-0.0815972222222221
extreme_os,LSCC,4,1,logistic_regression,0.055288461538461564
extreme_os,LSCC,4,1,catboost,0.014423076923076872
extreme_os,LSCC,4,1,xgboost,0.012019230769230838
extreme_os,LSCC,4,1,lightgbm,0.04326923076923084
extreme_os,LSCC,4,2,logistic_regression,-0.00651041666666663
extreme_os,LSCC,4,2,catboost,0.03515625
extreme_os,LSCC,4,2,xgboost,-0.03515625
extreme_os,LSCC,4,2,lightgbm,-0.05078125
extreme_os,LSCC,4,3,logistic_regression,-0.05785123966942152
extreme_os,LSCC,4,3,catboost,0.008264462809917439
extreme_os,LSCC,4,3,xgboost,-0.07438016528925617
extreme_os,LSCC,4,3,lightgbm,-0.1019283746556473
extreme_os,LSCC,4,4,logistic_regression,1.1102230246251565e-16
extreme_os,LSCC,4,4,catboost,-0.023648648648648463
extreme_os,LSCC,4,4,xgboost,-0.09121621621621612
extreme_os,LSCC,4,4,lightgbm,-0.016891891891891775
extreme_os,LUAD,0,0,logistic_regression,0.09090909090909094
extreme_os,LUAD,0,0,catboost,-0.024242424242424176
extreme_os,LUAD,0,0,xgboost,-0.009090909090909094
extreme_os,LUAD,0,0,lightgbm,-0.03939393939393937
extreme_os,LUAD,0,1,logistic_regression,-0.15079365079365087
extreme_os,LUAD,0,1,catboost,-0.015873015873015872
extreme_os,LUAD,0,1,xgboost,-0.013227513227513255
extreme_os,LUAD,0,1,lightgbm,-0.0185185185185186
extreme_os,LUAD,0,2,logistic_regression,-0.05882352941176472
extreme_os,LUAD,0,2,catboost,-0.024509803921568707
extreme_os,LUAD,0,2,xgboost,-0.11274509803921573
extreme_os,LUAD,0,2,lightgbm,-0.09313725490196079
extreme_os,LUAD,0,3,logistic_regression,-0.11363636363636365
extreme_os,LUAD,0,3,catboost,-0.030303030303030276
extreme_os,LUAD,0,3,xgboost,-0.05681818181818188
extreme_os,LUAD,0,3,lightgbm,-0.0037878787878787845
extreme_os,LUAD,0,4,logistic_regression,0.16666666666666669
extreme_os,LUAD,0,4,catboost,0.04978354978354976
extreme_os,LUAD,0,4,xgboost,-0.010822510822510789
extreme_os,LUAD,0,4,lightgbm,-0.06277056277056281
extreme_os,LUAD,1,0,logistic_regression,-0.046969696969697106
extreme_os,LUAD,1,0,catboost,-0.11363636363636365
extreme_os,LUAD,1,0,xgboost,-0.06515151515151524
extreme_os,LUAD,1,0,lightgbm,-0.05909090909090914
extreme_os,LUAD,1,1,logistic_regression,-0.1388888888888889
extreme_os,LUAD,1,1,catboost,-0.052083333333333315
extreme_os,LUAD,1,1,xgboost,0.04166666666666674
extreme_os,LUAD,1,1,lightgbm,0.04166666666666674
extreme_os,LUAD,1,2,logistic_regression,0.06932773109243706
extreme_os,LUAD,1,2,catboost,-0.060924369747899054
extreme_os,LUAD,1,2,xgboost,-0.0021008403361344463
extreme_os,LUAD,1,2,lightgbm,-0.09033613445378141
extreme_os,LUAD,1,3,logistic_regression,0.01948051948051943
extreme_os,LUAD,1,3,catboost,0.002164502164502091
extreme_os,LUAD,1,3,xgboost,-0.019480519480519598
extreme_os,LUAD,1,3,lightgbm,0.13203463203463206
extreme_os,LUAD,1,4,logistic_regression,0.13244047619047616
extreme_os,LUAD,1,4,catboost,0.06994047619047628
extreme_os,LUAD,1,4,xgboost,0.16220238095238093
extreme_os,LUAD,1,4,lightgbm,0.12053571428571419
extreme_os,LUAD,2,0,logistic_regression,-0.2121848739495799
extreme_os,LUAD,2,0,catboost,-0.15756302521008403
extreme_os,LUAD,2,0,xgboost,-0.027310924369747913
extreme_os,LUAD,2,0,lightgbm,0.07773109243697485
extreme_os,LUAD,2,1,logistic_regression,-0.045454545454545414
extreme_os,LUAD,2,1,catboost,-0.045454545454545414
extreme_os,LUAD,2,1,xgboost,0.054545454545454564
extreme_os,LUAD,2,1,lightgbm,0.06363636363636371
extreme_os,LUAD,2,2,logistic_regression,-0.03361344537815125
extreme_os,LUAD,2,2,catboost,-0.04201680672268904
extreme_os,LUAD,2,2,xgboost,-0.06722689075630262
extreme_os,LUAD,2,2,lightgbm,-0.04201680672268904
extreme_os,LUAD,2,3,logistic_regression,0.1520376175548589
extreme_os,LUAD,2,3,catboost,-0.061128526645768066
extreme_os,LUAD,2,3,xgboost,-0.12695924764890287
extreme_os,LUAD,2,3,lightgbm,-0.06426332288401265
extreme_os,LUAD,2,4,logistic_regression,0.19333333333333336
extreme_os,LUAD,2,4,catboost,0.046666666666666634
extreme_os,LUAD,2,4,xgboost,0.016666666666666607
extreme_os,LUAD,2,4,lightgbm,0.00666666666666671
extreme_os,LUAD,3,0,logistic_regression,-0.05161290322580642
extreme_os,LUAD,3,0,catboost,0.03870967741935483
extreme_os,LUAD,3,0,xgboost,0.18709677419354842
extreme_os,LUAD,3,0,lightgbm,0.09032258064516141
extreme_os,LUAD,3,1,logistic_regression,-0.05631868131868123
extreme_os,LUAD,3,1,catboost,-0.11950549450549441
extreme_os,LUAD,3,1,xgboost,-0.07829670329670324
extreme_os,LUAD,3,1,lightgbm,-0.05906593406593397
extreme_os,LUAD,3,2,logistic_regression,-0.09090909090909094
extreme_os,LUAD,3,2,catboost,-0.011363636363636465
extreme_os,LUAD,3,2,xgboost,-0.09090909090909094
extreme_os,LUAD,3,2,lightgbm,-0.12878787878787884
extreme_os,LUAD,3,3,logistic_regression,-0.08777429467084652
extreme_os,LUAD,3,3,catboost,-0.12539184952978066
extreme_os,LUAD,3,3,xgboost,-0.056426332288401326
extreme_os,LUAD,3,3,lightgbm,-0.025078369905956133
extreme_os,LUAD,3,4,logistic_regression,-0.25347222222222227
extreme_os,LUAD,3,4,catboost,-0.0590277777777779
extreme_os,LUAD,3,4,xgboost,-0.0590277777777779
extreme_os,LUAD,3,4,lightgbm,-0.07291666666666674
extreme_os,LUAD,4,0,logistic_regression,-0.2060606060606061
extreme_os,LUAD,4,0,catboost,0.048484848484848464
extreme_os,LUAD,4,0,xgboost,0.09393939393939388
extreme_os,LUAD,4,0,lightgbm,0.11515151515151523
extreme_os,LUAD,4,1,logistic_regression,0.07967032967032966
extreme_os,LUAD,4,1,catboost,-0.024725274725274693
extreme_os,LUAD,4,1,xgboost,0.035714285714285754
extreme_os,LUAD,4,1,lightgbm,0.002747252747252682
extreme_os,LUAD,4,2,logistic_regression,0.03598484848484851
extreme_os,LUAD,4,2,catboost,0.03977272727272729
extreme_os,LUAD,4,2,xgboost,-0.02083333333333337
extreme_os,LUAD,4,2,lightgbm,0.03977272727272729
extreme_os,LUAD,4,3,logistic_regression,0.07843137254901966
extreme_os,LUAD,4,3,catboost,0.053921568627451066
extreme_os,LUAD,4,3,xgboost,0.009803921568627472
extreme_os,LUAD,4,3,lightgbm,0.009803921568627472
extreme_os,LUAD,4,4,logistic_regression,0.0078125
extreme_os,LUAD,4,4,catboost,0.078125
extreme_os,LUAD,4,4,xgboost,0.14453125
extreme_os,LUAD,4,4,lightgbm,0.1328125
os_3yr,BRCA,0,0,tabpfn_v2,0.005050505050504972
os_3yr,BRCA,0,0,tabpfn_v2_5,-0.06262626262626259
os_3yr,BRCA,0,0,tabpfn_v2_6,-0.09696969696969704
os_3yr,BRCA,0,0,tabpfn_v3,-0.04343434343434349
os_3yr,BRCA,0,0,tabfm_default,-0.1646464646464647
os_3yr,BRCA,0,0,autogluon,0.015151515151515249
os_3yr,BRCA,0,1,tabpfn_v2,-0.018687707641195983
os_3yr,BRCA,0,1,tabpfn_v2_5,-0.029485049833887
os_3yr,BRCA,0,1,tabpfn_v2_6,0.03612956810631229
os_3yr,BRCA,0,1,tabpfn_v3,0.015365448504983337
os_3yr,BRCA,0,1,tabfm_default,0.004983388704318914
os_3yr,BRCA,0,1,autogluon,-0.1258305647840532
os_3yr,BRCA,0,2,tabpfn_v2,-0.029356060606060663
os_3yr,BRCA,0,2,tabpfn_v2_5,-0.03314393939393945
os_3yr,BRCA,0,2,tabpfn_v2_6,-0.05397727272727282
os_3yr,BRCA,0,2,tabpfn_v3,-0.04166666666666674
os_3yr,BRCA,0,2,tabfm_default,-0.12215909090909094
os_3yr,BRCA,0,2,autogluon,-0.05965909090909094
os_3yr,BRCA,0,3,tabpfn_v2,-0.09300595238095238
os_3yr,BRCA,0,3,tabpfn_v2_5,-0.06101190476190477
os_3yr,BRCA,0,3,tabpfn_v2_6,-0.0714285714285714
os_3yr,BRCA,0,3,tabpfn_v3,-0.027529761904761862
os_3yr,BRCA,0,3,tabfm_default,-0.12053571428571425
os_3yr,BRCA,0,3,autogluon,-0.13690476190476186
os_3yr,BRCA,0,4,tabpfn_v2,-0.00203252032520318
os_3yr,BRCA,0,4,tabpfn_v2_5,-0.01897018970189701
os_3yr,BRCA,0,4,tabpfn_v2_6,-0.013550135501354976
os_3yr,BRCA,0,4,tabpfn_v3,0.020325203252032464
os_3yr,BRCA,0,4,tabfm_default,0.035230352303523005
os_3yr,BRCA,0,4,autogluon,-0.0399728997289972
os_3yr,BRCA,1,0,tabpfn_v2,0.14326765188834156
os_3yr,BRCA,1,0,tabpfn_v2_5,0.1711822660098523
os_3yr,BRCA,1,0,tabpfn_v2_6,0.1522988505747127
os_3yr,BRCA,1,0,tabpfn_v3,0.1252052545155995
os_3yr,BRCA,1,0,tabfm_default,0.165024630541872
os_3yr,BRCA,1,0,autogluon,0.034482758620689724
os_3yr,BRCA,1,1,tabpfn_v2,0.16627450980392156
os_3yr,BRCA,1,1,tabpfn_v2_5,0.14666666666666672
os_3yr,BRCA,1,1,tabpfn_v2_6,0.04941176470588238
os_3yr,BRCA,1,1,tabpfn_v3,0.07215686274509803
os_3yr,BRCA,1,1,tabfm_default,0.07058823529411762
os_3yr,BRCA,1,1,autogluon,0.019215686274509758
os_3yr,BRCA,1,2,tabpfn_v2,-0.0561797752808989
os_3yr,BRCA,1,2,tabpfn_v2_5,-0.05822267620020438
os_3yr,BRCA,1,2,tabpfn_v2_6,-0.0337078651685393
os_3yr,BRCA,1,2,tabpfn_v3,-0.012257405515832542
os_3yr,BRCA,1,2,tabfm_default,-0.10163432073544432
os_3yr,BRCA,1,2,autogluon,-0.0674157303370787
os_3yr,BRCA,1,3,tabpfn_v2,-0.03455284552845539
os_3yr,BRCA,1,3,tabpfn_v2_5,-0.031165311653116645
os_3yr,BRCA,1,3,tabpfn_v2_6,-0.06165311653116534
os_3yr,BRCA,1,3,tabpfn_v3,-0.030487804878048808
os_3yr,BRCA,1,3,tabfm_default,-0.04369918699187003
os_3yr,BRCA,1,3,autogluon,0.009823848238482369
os_3yr,BRCA,1,4,tabpfn_v2,-0.15738284703801958
os_3yr,BRCA,1,4,tabpfn_v2_5,-0.13969938107869145
os_3yr,BRCA,1,4,tabpfn_v2_6,-0.11317418213969943
os_3yr,BRCA,1,4,tabpfn_v3,-0.11936339522546424
os_3yr,BRCA,1,4,tabfm_default,-0.09946949602122024
os_3yr,BRCA,1,4,autogluon,-0.13704686118479226
os_3yr,BRCA,2,0,tabpfn_v2,0.04902962206333006
os_3yr,BRCA,2,0,tabpfn_v2_5,0.09908069458631263
os_3yr,BRCA,2,0,tabpfn_v2_6,0.03268641470888667
os_3yr,BRCA,2,0,tabpfn_v3,0.13585291113381015
os_3yr,BRCA,2,0,tabfm_default,0.07711950970377945
os_3yr,BRCA,2,0,autogluon,0.03932584269662931
os_3yr,BRCA,2,1,tabpfn_v2,0.05725490196078409
os_3yr,BRCA,2,1,tabpfn_v2_5,0.06588235294117639
os_3yr,BRCA,2,1,tabpfn_v2_6,0.07372549019607844
os_3yr,BRCA,2,1,tabpfn_v3,0.061176470588235166
os_3yr,BRCA,2,1,tabfm_default,0.0725490196078431
os_3yr,BRCA,2,1,autogluon,-0.05137254901960797
os_3yr,BRCA,2,2,tabpfn_v2,-0.03037766830870281
os_3yr,BRCA,2,2,tabpfn_v2_5,-0.08866995073891637
os_3yr,BRCA,2,2,tabpfn_v2_6,-0.04597701149425293
os_3yr,BRCA,2,2,tabpfn_v3,-0.05336617405582922
os_3yr,BRCA,2,2,tabfm_default,-0.04761904761904756
os_3yr,BRCA,2,2,autogluon,-0.05829228243021345
os_3yr,BRCA,2,3,tabpfn_v2,0.006172839506172867
os_3yr,BRCA,2,3,tabpfn_v2_5,0.021117608836907054
os_3yr,BRCA,2,3,tabpfn_v2_6,-0.030214424951267027
os_3yr,BRCA,2,3,tabpfn_v3,-0.002274204028590021
os_3yr,BRCA,2,3,tabfm_default,0.08966861598440545
os_3yr,BRCA,2,3,autogluon,-0.09941520467836262
os_3yr,BRCA,2,4,tabpfn_v2,0.06297348484848486
os_3yr,BRCA,2,4,tabpfn_v2_5,-0.009943181818181768
os_3yr,BRCA,2,4,tabpfn_v2_6,-0.015625
os_3yr,BRCA,2,4,tabpfn_v3,-0.14914772727272718
os_3yr,BRCA,2,4,tabfm_default,-0.1325757575757575
os_3yr,BRCA,2,4,autogluon,0.026988636363636465
os_3yr,BRCA,3,0,tabpfn_v2,0.0036231884057971175
os_3yr,BRCA,3,0,tabpfn_v2_5,0.006038647342995196
os_3yr,BRCA,3,0,tabpfn_v2_6,0.006038647342995196
os_3yr,BRCA,3,0,tabpfn_v3,-0.03260869565217395
os_3yr,BRCA,3,0,tabfm_default,0.03019323671497587
os_3yr,BRCA,3,0,autogluon,-0.10748792270531393
os_3yr,BRCA,3,1,tabpfn_v2,0.08288125376732969
os_3yr,BRCA,3,1,tabpfn_v2_5,0.11543098251959016
os_3yr,BRCA,3,1,tabpfn_v2_6,0.07142857142857151
os_3yr,BRCA,3,1,tabpfn_v3,0.06720916214587114
os_3yr,BRCA,3,1,tabfm_default,0.09493670886075956
os_3yr,BRCA,3,1,autogluon,0.005726341169379201
os_3yr,BRCA,3,2,tabpfn_v2,0.07472826086956513
os_3yr,BRCA,3,2,tabpfn_v2_5,0.10597826086956513
os_3yr,BRCA,3,2,tabpfn_v2_6,0.008152173913043403
os_3yr,BRCA,3,2,tabpfn_v3,-0.025815217391304435
os_3yr,BRCA,3,2,tabfm_default,0.016304347826086973
os_3yr,BRCA,3,2,autogluon,0.10597826086956513
os_3yr,BRCA,3,3,tabpfn_v2,0.014136904761904656
os_3yr,BRCA,3,3,tabpfn_v2_5,-0.0037202380952380265
os_3yr,BRCA,3,3,tabpfn_v2_6,-0.03125
os_3yr,BRCA,3,3,tabpfn_v3,-0.04985119047619052
os_3yr,BRCA,3,3,tabfm_default,0.03422619047619052
os_3yr,BRCA,3,3,autogluon,-0.010788690476190521
os_3yr,BRCA,3,4,tabpfn_v2,-0.03756201275691007
os_3yr,BRCA,3,4,tabpfn_v2_5,0.01275690999291279
os_3yr,BRCA,3,4,tabpfn_v2_6,-0.009213323883770386
os_3yr,BRCA,3,4,tabpfn_v3,-0.05953224663359313
os_3yr,BRCA,3,4,tabfm_default,-0.09567682494684615
os_3yr,BRCA,3,4,autogluon,-0.06874557051736363
os_3yr,BRCA,4,0,tabpfn_v2,0.06297348484848486
os_3yr,BRCA,4,0,tabpfn_v2_5,0.11316287878787878
os_3yr,BRCA,4,0,tabpfn_v2_6,-0.029829545454545303
os_3yr,BRCA,4,0,tabpfn_v3,-0.0004734848484847509
os_3yr,BRCA,4,0,tabfm_default,-0.029356060606060552
os_3yr,BRCA,4,0,autogluon,-0.1761363636363636
os_3yr,BRCA,4,1,tabpfn_v2,0.11424903722721447
os_3yr,BRCA,4,1,tabpfn_v2_5,0.0776636713735559
os_3yr,BRCA,4,1,tabpfn_v2_6,0.08344030808729141
os_3yr,BRCA,4,1,tabpfn_v3,0.03337612323491668
os_3yr,BRCA,4,1,tabfm_default,-0.01283697047496779
os_3yr,BRCA,4,1,autogluon,0.08087291399229801
os_3yr,BRCA,4,2,tabpfn_v2,-0.04500000000000004
os_3yr,BRCA,4,2,tabpfn_v2_5,-0.0038888888888889417
os_3yr,BRCA,4,2,tabpfn_v2_6,-0.06166666666666665
os_3yr,BRCA,4,2,tabpfn_v3,-0.0038888888888889417
os_3yr,BRCA,4,2,tabfm_default,0.10499999999999998
os_3yr,BRCA,4,2,autogluon,0.057777777777777706
os_3yr,BRCA,4,3,tabpfn_v2,-0.08352941176470596
os_3yr,BRCA,4,3,tabpfn_v2_5,-0.03254901960784329
os_3yr,BRCA,4,3,tabpfn_v2_6,-0.01921568627450987
os_3yr,BRCA,4,3,tabpfn_v3,-0.06078431372549031
os_3yr,BRCA,4,3,tabfm_default,-0.02274509803921576
os_3yr,BRCA,4,3,autogluon,-0.023921568627450984
os_3yr,BRCA,4,4,tabpfn_v2,0.06705882352941173
os_3yr,BRCA,4,4,tabpfn_v2_5,0.04901960784313719
os_3yr,BRCA,4,4,tabpfn_v2_6,0.0607843137254902
os_3yr,BRCA,4,4,tabpfn_v3,-0.020000000000000018
os_3yr,BRCA,4,4,tabfm_default,-0.07372549019607844
os_3yr,BRCA,4,4,autogluon,-0.026274509803921542
os_3yr,ESCA,0,0,tabpfn_v2,-0.017857142857142905
os_3yr,ESCA,0,0,tabpfn_v2_5,0.017857142857142905
os_3yr,ESCA,0,0,tabpfn_v2_6,0.1250000000000001
os_3yr,ESCA,0,0,tabpfn_v3,-0.1071428571428571
os_3yr,ESCA,0,0,tabfm_default,0.4285714285714286
os_3yr,ESCA,0,0,autogluon,-0.0892857142857143
os_3yr,ESCA,0,1,tabpfn_v2,-0.3125
os_3yr,ESCA,0,1,tabpfn_v2_5,-0.25
os_3yr,ESCA,0,1,tabpfn_v2_6,-0.5
os_3yr,ESCA,0,1,tabpfn_v3,-0.3125
os_3yr,ESCA,0,1,tabfm_default,-0.1875
os_3yr,ESCA,0,1,autogluon,-0.46875
os_3yr,ESCA,0,2,tabpfn_v2,-0.16666666666666674
os_3yr,ESCA,0,2,tabpfn_v2_5,-0.1428571428571429
os_3yr,ESCA,0,2,tabpfn_v2_6,-0.19047619047619052
os_3yr,ESCA,0,2,tabpfn_v3,-0.2619047619047619
os_3yr,ESCA,0,2,tabfm_default,-0.30952380952380953
os_3yr,ESCA,0,2,autogluon,-0.28571428571428575
os_3yr,ESCA,0,3,tabpfn_v2,0.033333333333333326
os_3yr,ESCA,0,3,tabpfn_v2_5,-0.06666666666666671
os_3yr,ESCA,0,3,tabpfn_v2_6,0.13333333333333341
os_3yr,ESCA,0,3,tabpfn_v3,-0.03333333333333327
os_3yr,ESCA,0,3,tabfm_default,-0.14999999999999997
os_3yr,ESCA,0,3,autogluon,0.06666666666666676
os_3yr,ESCA,0,4,tabpfn_v2,0.22499999999999998
os_3yr,ESCA,0,4,tabpfn_v2_5,0.04166666666666663
os_3yr,ESCA,0,4,tabpfn_v2_6,0.20833333333333337
os_3yr,ESCA,0,4,tabpfn_v3,-0.041666666666666685
os_3yr,ESCA,0,4,tabfm_default,-0.025000000000000022
os_3yr,ESCA,0,4,autogluon,-0.041666666666666796
os_3yr,ESCA,1,0,tabpfn_v2,-0.2019230769230771
os_3yr,ESCA,1,0,tabpfn_v2_5,-0.24038461538461559
os_3yr,ESCA,1,0,tabpfn_v2_6,-0.2596153846153847
os_3yr,ESCA,1,0,tabpfn_v3,-0.18269230769230788
os_3yr,ESCA,1,0,tabfm_default,-0.04807692307692313
os_3yr,ESCA,1,0,autogluon,0.06730769230769229
os_3yr,ESCA,1,1,tabpfn_v2,0.3333333333333334
os_3yr,ESCA,1,1,tabpfn_v2_5,0.2666666666666667
os_3yr,ESCA,1,1,tabpfn_v2_6,0.2888888888888889
os_3yr,ESCA,1,1,tabpfn_v3,0.2222222222222222
os_3yr,ESCA,1,1,tabfm_default,0.24444444444444452
os_3yr,ESCA,1,1,autogluon,0.5777777777777778
os_3yr,ESCA,1,2,tabpfn_v2,-0.27380952380952384
os_3yr,ESCA,1,2,tabpfn_v2_5,-0.29761904761904767
os_3yr,ESCA,1,2,tabpfn_v2_6,-0.29761904761904767
os_3yr,ESCA,1,2,tabpfn_v3,-0.32142857142857156
os_3yr,ESCA,1,2,tabfm_default,-0.08333333333333337
os_3yr,ESCA,1,2,autogluon,-0.17857142857142866
os_3yr,ESCA,1,3,tabpfn_v2,-0.09090909090909088
os_3yr,ESCA,1,3,tabpfn_v2_5,-0.06060606060606061
os_3yr,ESCA,1,3,tabpfn_v2_6,-0.12121212121212122
os_3yr,ESCA,1,3,tabpfn_v3,-0.07575757575757569
os_3yr,ESCA,1,3,tabfm_default,-0.015151515151515083
os_3yr,ESCA,1,3,autogluon,0.030303030303030276
os_3yr,ESCA,1,4,tabpfn_v2,0.0
os_3yr,ESCA,1,4,tabpfn_v2_5,0.0
os_3yr,ESCA,1,4,tabpfn_v2_6,0.0
os_3yr,ESCA,1,4,tabpfn_v3,-0.0333333333333333
os_3yr,ESCA,1,4,tabfm_default,0.5333333333333334
os_3yr,ESCA,1,4,autogluon,0.1
os_3yr,ESCA,2,0,tabpfn_v2,-0.1250000000000001
os_3yr,ESCA,2,0,tabpfn_v2_5,-0.1428571428571429
os_3yr,ESCA,2,0,tabpfn_v2_6,0.0
os_3yr,ESCA,2,0,tabpfn_v3,0.0357142857142857
os_3yr,ESCA,2,0,tabfm_default,-0.1071428571428572
os_3yr,ESCA,2,0,autogluon,-0.2857142857142858
os_3yr,ESCA,2,1,tabpfn_v2,0.11904761904761912
os_3yr,ESCA,2,1,tabpfn_v2_5,-0.02380952380952378
os_3yr,ESCA,2,1,tabpfn_v2_6,0.0714285714285714
os_3yr,ESCA,2,1,tabpfn_v3,-0.07142857142857137
os_3yr,ESCA,2,1,tabfm_default,-0.02380952380952378
os_3yr,ESCA,2,1,autogluon,0.0
os_3yr,ESCA,2,2,tabpfn_v2,0.325
os_3yr,ESCA,2,2,tabpfn_v2_5,0.2916666666666668
os_3yr,ESCA,2,2,tabpfn_v2_6,0.20833333333333331
os_3yr,ESCA,2,2,tabpfn_v3,0.1416666666666666
os_3yr,ESCA,2,2,tabfm_default,0.05833333333333329
os_3yr,ESCA,2,2,autogluon,0.14166666666666672
os_3yr,ESCA,2,3,tabpfn_v2,0.5480769230769231
os_3yr,ESCA,2,3,tabpfn_v2_5,0.25961538461538464
os_3yr,ESCA,2,3,tabpfn_v2_6,0.5288461538461537
os_3yr,ESCA,2,3,tabpfn_v3,0.24038461538461536
os_3yr,ESCA,2,3,tabfm_default,-0.009615384615384581
os_3yr,ESCA,2,3,autogluon,-0.14423076923076927
os_3yr,ESCA,2,4,tabpfn_v2,0.1333333333333333
os_3yr,ESCA,2,4,tabpfn_v2_5,0.10000000000000009
os_3yr,ESCA,2,4,tabpfn_v2_6,0.0
os_3yr,ESCA,2,4,tabpfn_v3,0.13333333333333341
os_3yr,ESCA,2,4,tabfm_default,0.0
os_3yr,ESCA,2,4,autogluon,-0.0666666666666666
os_3yr,ESCA,3,0,tabpfn_v2,0.4107142857142857
os_3yr,ESCA,3,0,tabpfn_v2_5,0.2142857142857143
os_3yr,ESCA,3,0,tabpfn_v2_6,0.0357142857142857
os_3yr,ESCA,3,0,tabpfn_v3,0.2142857142857143
os_3yr,ESCA,3,0,tabfm_default,0.017857142857142794
os_3yr,ESCA,3,0,autogluon,0.2500000000000001
os_3yr,ESCA,3,1,tabpfn_v2,0.0
os_3yr,ESCA,3,1,tabpfn_v2_5,0.0
os_3yr,ESCA,3,1,tabpfn_v2_6,0.0
os_3yr,ESCA,3,1,tabpfn_v3,0.0
os_3yr,ESCA,3,1,tabfm_default,0.09375
os_3yr,ESCA,3,1,autogluon,-0.0625
os_3yr,ESCA,3,2,tabpfn_v2,-0.023809523809523725
os_3yr,ESCA,3,2,tabpfn_v2_5,0.04761904761904767
os_3yr,ESCA,3,2,tabpfn_v2_6,1.1102230246251565e-16
os_3yr,ESCA,3,2,tabpfn_v3,-0.2142857142857143
os_3yr,ESCA,3,2,tabfm_default,0.1428571428571429
os_3yr,ESCA,3,2,autogluon,-0.023809523809523725
os_3yr,ESCA,3,3,tabpfn_v2,-0.10606060606060602
os_3yr,ESCA,3,3,tabpfn_v2_5,-0.1212121212121211
os_3yr,ESCA,3,3,tabpfn_v2_6,-0.1515151515151515
os_3yr,ESCA,3,3,tabpfn_v3,-0.196969696969697
os_3yr,ESCA,3,3,tabfm_default,-0.015151515151515194
os_3yr,ESCA,3,3,autogluon,0.022727272727272707
os_3yr,ESCA,3,4,tabpfn_v2,0.11538461538461542
os_3yr,ESCA,3,4,tabpfn_v2_5,0.11538461538461542
os_3yr,ESCA,3,4,tabpfn_v2_6,0.17307692307692324
os_3yr,ESCA,3,4,tabpfn_v3,0.11538461538461542
os_3yr,ESCA,3,4,tabfm_default,-0.23076923076923078
os_3yr,ESCA,3,4,autogluon,-0.009615384615384581
os_3yr,ESCA,4,0,tabpfn_v2,0.18888888888888883
os_3yr,ESCA,4,0,tabpfn_v2_5,0.12222222222222218
os_3yr,ESCA,4,0,tabpfn_v2_6,-0.011111111111111183
os_3yr,ESCA,4,0,tabpfn_v3,-0.011111111111111183
os_3yr,ESCA,4,0,tabfm_default,0.14444444444444438
os_3yr,ESCA,4,0,autogluon,0.055555555555555525
os_3yr,ESCA,4,1,tabpfn_v2,0.21153846153846145
os_3yr,ESCA,4,1,tabpfn_v2_5,0.21153846153846145
os_3yr,ESCA,4,1,tabpfn_v2_6,0.07692307692307687
os_3yr,ESCA,4,1,tabpfn_v3,0.11538461538461531
os_3yr,ESCA,4,1,tabfm_default,0.16346153846153844
os_3yr,ESCA,4,1,autogluon,-0.05769230769230782
os_3yr,ESCA,4,2,tabpfn_v2,0.23333333333333334
os_3yr,ESCA,4,2,tabpfn_v2_5,0.24999999999999994
os_3yr,ESCA,4,2,tabpfn_v2_6,0.25000000000000006
os_3yr,ESCA,4,2,tabpfn_v3,0.3000000000000001
os_3yr,ESCA,4,2,tabfm_default,0.2666666666666668
os_3yr,ESCA,4,2,autogluon,0.1750000000000001
os_3yr,ESCA,4,3,tabpfn_v2,0.02380952380952378
os_3yr,ESCA,4,3,tabpfn_v2_5,0.02380952380952378
os_3yr,ESCA,4,3,tabpfn_v2_6,-0.19047619047619052
os_3yr,ESCA,4,3,tabpfn_v3,0.09523809523809518
os_3yr,ESCA,4,3,tabfm_default,0.04761904761904773
os_3yr,ESCA,4,3,autogluon,0.04761904761904773
os_3yr,ESCA,4,4,tabpfn_v2,0.023809523809523947
os_3yr,ESCA,4,4,tabpfn_v2_5,-0.16666666666666669
os_3yr,ESCA,4,4,tabpfn_v2_6,0.19047619047619058
os_3yr,ESCA,4,4,tabpfn_v3,-0.11904761904761901
os_3yr,ESCA,4,4,tabfm_default,-0.08333333333333331
os_3yr,ESCA,4,4,autogluon,-0.1428571428571428
os_3yr,HNSCC,0,0,tabpfn_v2,0.09986320109439117
os_3yr,HNSCC,0,0,tabpfn_v2_5,0.15047879616963056
os_3yr,HNSCC,0,0,tabpfn_v2_6,0.1210670314637482
os_3yr,HNSCC,0,0,tabpfn_v3,0.06908344733242133
os_3yr,HNSCC,0,0,tabfm_default,0.019493844049247477
os_3yr,HNSCC,0,0,autogluon,0.0971272229822161
os_3yr,HNSCC,0,1,tabpfn_v2,0.0763513513513513
os_3yr,HNSCC,0,1,tabpfn_v2_5,0.00540540540540535
os_3yr,HNSCC,0,1,tabpfn_v2_6,0.04527027027027031
os_3yr,HNSCC,0,1,tabpfn_v3,0.018918918918918948
os_3yr,HNSCC,0,1,tabfm_default,0.009459459459459474
os_3yr,HNSCC,0,1,autogluon,-0.050000000000000044
os_3yr,HNSCC,0,2,tabpfn_v2,-0.028790087463556824
os_3yr,HNSCC,0,2,tabpfn_v2_5,-0.017128279883381947
os_3yr,HNSCC,0,2,tabpfn_v2_6,-0.031705539358600654
os_3yr,HNSCC,0,2,tabpfn_v3,-0.009110787172011636
os_3yr,HNSCC,0,2,tabfm_default,0.041909620991253616
os_3yr,HNSCC,0,2,autogluon,-0.09657434402332365
os_3yr,HNSCC,0,3,tabpfn_v2,-0.05135135135135127
os_3yr,HNSCC,0,3,tabpfn_v2_5,-0.03581081081081072
os_3yr,HNSCC,0,3,tabpfn_v2_6,-0.043243243243243135
os_3yr,HNSCC,0,3,tabpfn_v3,-0.010135135135134976
os_3yr,HNSCC,0,3,tabfm_default,-0.051013513513513464
os_3yr,HNSCC,0,3,autogluon,0.047972972972973094
os_3yr,HNSCC,0,4,tabpfn_v2,-0.029132791327913243
os_3yr,HNSCC,0,4,tabpfn_v2_5,-0.030487804878048808
os_3yr,HNSCC,0,4,tabpfn_v2_6,-0.003387533875338744
os_3yr,HNSCC,0,4,tabpfn_v3,-0.04336043360433606
os_3yr,HNSCC,0,4,tabfm_default,-0.03895663956639561
os_3yr,HNSCC,0,4,autogluon,0.018292682926829285
os_3yr,HNSCC,1,0,tabpfn_v2,0.011517615176151796
os_3yr,HNSCC,1,0,tabpfn_v2_5,0.029132791327913243
os_3yr,HNSCC,1,0,tabpfn_v2_6,0.02981029810298097
os_3yr,HNSCC,1,0,tabpfn_v3,0.008130081300813052
os_3yr,HNSCC,1,0,tabfm_default,-0.031165311653116534
os_3yr,HNSCC,1,0,autogluon,0.010162601626016232
os_3yr,HNSCC,1,1,tabpfn_v2,-0.0239398084815321
os_3yr,HNSCC,1,1,tabpfn_v2_5,-0.02188782489740082
os_3yr,HNSCC,1,1,tabpfn_v2_6,-0.05471956224350205
os_3yr,HNSCC,1,1,tabpfn_v3,-0.004103967168262668
os_3yr,HNSCC,1,1,tabfm_default,0.018809849521203903
os_3yr,HNSCC,1,1,autogluon,-0.06976744186046513
os_3yr,HNSCC,1,2,tabpfn_v2,-0.03353658536585369
os_3yr,HNSCC,1,2,tabpfn_v2_5,0.011856368563685549
os_3yr,HNSCC,1,2,tabpfn_v2_6,-0.02066395663956644
os_3yr,HNSCC,1,2,tabpfn_v3,0.009146341463414531
os_3yr,HNSCC,1,2,tabfm_default,-0.138888888888889
os_3yr,HNSCC,1,2,autogluon,-0.005081300813008172
os_3yr,HNSCC,1,3,tabpfn_v2,-0.05306122448979589
os_3yr,HNSCC,1,3,tabpfn_v2_5,0.003401360544217802
os_3yr,HNSCC,1,3,tabpfn_v2_6,-0.0312925170068028
os_3yr,HNSCC,1,3,tabpfn_v3,-0.0435374149659864
os_3yr,HNSCC,1,3,tabfm_default,-0.04693877551020409
os_3yr,HNSCC,1,3,autogluon,-0.1394557823129251
os_3yr,HNSCC,1,4,tabpfn_v2,0.009917920656634716
os_3yr,HNSCC,1,4,tabpfn_v2_5,0.007181942544459585
os_3yr,HNSCC,1,4,tabpfn_v2_6,0.007865937072503382
os_3yr,HNSCC,1,4,tabpfn_v3,0.009917920656634716
os_3yr,HNSCC,1,4,tabfm_default,0.014021887824897383
os_3yr,HNSCC,1,4,autogluon,0.027701778385772813
os_3yr,HNSCC,2,0,tabpfn_v2,0.06646423751686903
os_3yr,HNSCC,2,0,tabpfn_v2_5,-0.03407557354925783
os_3yr,HNSCC,2,0,tabpfn_v2_6,-0.007759784075573539
os_3yr,HNSCC,2,0,tabpfn_v3,-0.06848852901484481
os_3yr,HNSCC,2,0,tabfm_default,-0.07287449392712542
os_3yr,HNSCC,2,0,autogluon,0.01551956815114719
os_3yr,HNSCC,2,1,tabpfn_v2,-0.051851851851851816
os_3yr,HNSCC,2,1,tabpfn_v2_5,-0.052592592592592635
os_3yr,HNSCC,2,1,tabpfn_v2_6,-0.001481481481481528
os_3yr,HNSCC,2,1,tabpfn_v3,-0.08370370370370372
os_3yr,HNSCC,2,1,tabfm_default,-0.03851851851851851
os_3yr,HNSCC,2,1,autogluon,0.017037037037037073
os_3yr,HNSCC,2,2,tabpfn_v2,-0.06756756756756754
os_3yr,HNSCC,2,2,tabpfn_v2_5,-0.02770270270270281
os_3yr,HNSCC,2,2,tabpfn_v2_6,-0.03716216216216217
os_3yr,HNSCC,2,2,tabpfn_v3,-0.046621621621621645
os_3yr,HNSCC,2,2,tabfm_default,-0.0415540540540541
os_3yr,HNSCC,2,2,autogluon,-0.02297297297297296
os_3yr,HNSCC,2,3,tabpfn_v2,-0.05060728744939258
os_3yr,HNSCC,2,3,tabpfn_v2_5,-0.0026990553306340814
os_3yr,HNSCC,2,3,tabpfn_v2_6,-0.045209176788124084
os_3yr,HNSCC,2,3,tabpfn_v3,-0.037112010796221284
os_3yr,HNSCC,2,3,tabfm_default,-0.056005398110661186
os_3yr,HNSCC,2,3,autogluon,-0.028340080971659853
os_3yr,HNSCC,2,4,tabpfn_v2,-0.0898760330578513
os_3yr,HNSCC,2,4,tabpfn_v2_5,-0.05061983471074383
os_3yr,HNSCC,2,4,tabpfn_v2_6,-0.08436639118457301
os_3yr,HNSCC,2,4,tabpfn_v3,-0.10365013774104681
os_3yr,HNSCC,2,4,tabfm_default,-0.05785123966942163
os_3yr,HNSCC,2,4,autogluon,-0.013429752066115741
os_3yr,HNSCC,3,0,tabpfn_v2,-0.06429597701149425
os_3yr,HNSCC,3,0,tabpfn_v2_5,-0.0880028735632184
os_3yr,HNSCC,3,0,tabpfn_v2_6,-0.06788793103448276
os_3yr,HNSCC,3,0,tabpfn_v3,-0.06501436781609204
os_3yr,HNSCC,3,0,tabfm_default,-0.105962643678161
os_3yr,HNSCC,3,0,autogluon,-0.09662356321839088
os_3yr,HNSCC,3,1,tabpfn_v2,0.03817567567567559
os_3yr,HNSCC,3,1,tabpfn_v2_5,0.029391891891891953
os_3yr,HNSCC,3,1,tabpfn_v2_6,0.0023648648648648685
os_3yr,HNSCC,3,1,tabpfn_v3,0.022635135135135154
os_3yr,HNSCC,3,1,tabfm_default,-0.019932432432432368
os_3yr,HNSCC,3,1,autogluon,0.05675675675675673
os_3yr,HNSCC,3,2,tabpfn_v2,-0.04520917678812414
os_3yr,HNSCC,3,2,tabpfn_v2_5,0.0026990553306341925
os_3yr,HNSCC,3,2,tabpfn_v2_6,-0.026990553306342813
os_3yr,HNSCC,3,2,tabpfn_v3,-0.0013495276653172628
os_3yr,HNSCC,3,2,tabfm_default,0.04082321187584337
os_3yr,HNSCC,3,2,autogluon,0.04183535762483126
os_3yr,HNSCC,3,3,tabpfn_v2,0.03681626928471249
os_3yr,HNSCC,3,3,tabpfn_v2_5,0.015077138849929783
os_3yr,HNSCC,3,3,tabpfn_v2_6,0.014375876577840008
os_3yr,HNSCC,3,3,tabpfn_v3,0.0024544179523140475
os_3yr,HNSCC,3,3,tabfm_default,-0.018934081346423604
os_3yr,HNSCC,3,3,autogluon,-0.03330995792426372
os_3yr,HNSCC,3,4,tabpfn_v2,0.03074324324324329
os_3yr,HNSCC,3,4,tabpfn_v2_5,0.06790540540540546
os_3yr,HNSCC,3,4,tabpfn_v2_6,0.05709459459459465
os_3yr,HNSCC,3,4,tabpfn_v3,0.013851351351351404
os_3yr,HNSCC,3,4,tabfm_default,0.04189189189189191
os_3yr,HNSCC,3,4,autogluon,-0.05371621621621614
os_3yr,HNSCC,4,0,tabpfn_v2,-0.03340517241379315
os_3yr,HNSCC,4,0,tabpfn_v2_5,0.011135057471264309
os_3yr,HNSCC,4,0,tabpfn_v2_6,0.06429597701149437
os_3yr,HNSCC,4,0,tabpfn_v3,-0.016163793103448287
os_3yr,HNSCC,4,0,tabfm_default,-0.019037356321838894
os_3yr,HNSCC,4,0,autogluon,-0.024066091954022872
os_3yr,HNSCC,4,1,tabpfn_v2,-0.0006756756756756133
os_3yr,HNSCC,4,1,tabpfn_v2_5,0.030405405405405372
os_3yr,HNSCC,4,1,tabpfn_v2_6,0.048986486486486513
os_3yr,HNSCC,4,1,tabpfn_v3,0.08445945945945943
os_3yr,HNSCC,4,1,tabfm_default,-0.07195945945945936
os_3yr,HNSCC,4,1,autogluon,0.06891891891891899
os_3yr,HNSCC,4,2,tabpfn_v2,0.12789115646258498
os_3yr,HNSCC,4,2,tabpfn_v2_5,0.12517006802721087
os_3yr,HNSCC,4,2,tabpfn_v2_6,0.1115646258503401
os_3yr,HNSCC,4,2,tabpfn_v3,0.09047619047619038
os_3yr,HNSCC,4,2,tabfm_default,0.09183673469387754
os_3yr,HNSCC,4,2,autogluon,0.12789115646258498
os_3yr,HNSCC,4,3,tabpfn_v2,-0.06511470985155199
os_3yr,HNSCC,4,3,tabpfn_v2_5,-0.06646423751686914
os_3yr,HNSCC,4,3,tabpfn_v2_6,-0.08468286099865052
os_3yr,HNSCC,4,3,tabpfn_v3,-0.061740890688259165
os_3yr,HNSCC,4,3,tabfm_default,-0.07152496626180838
os_3yr,HNSCC,4,3,autogluon,-0.027327935222672184
os_3yr,HNSCC,4,4,tabpfn_v2,0.059523809523809534
os_3yr,HNSCC,4,4,tabpfn_v2_5,0.11394557823129259
os_3yr,HNSCC,4,4,tabpfn_v2_6,0.07040816326530619
os_3yr,HNSCC,4,4,tabpfn_v3,0.07312925170068041
os_3yr,HNSCC,4,4,tabfm_default,0.13809523809523816
os_3yr,HNSCC,4,4,autogluon,0.012585034013605445
os_3yr,LSCC,0,0,tabpfn_v2,0.03605769230769229
os_3yr,LSCC,0,0,tabpfn_v2_5,0.05288461538461531
os_3yr,LSCC,0,0,tabpfn_v2_6,0.04487179487179482
os_3yr,LSCC,0,0,tabpfn_v3,0.06169871794871784
os_3yr,LSCC,0,0,tabfm_default,0.023237179487179516
os_3yr,LSCC,0,0,autogluon,0.06330128205128205
os_3yr,LSCC,0,1,tabpfn_v2,0.030206677265500914
os_3yr,LSCC,0,1,tabpfn_v2_5,0.027027027027027084
os_3yr,LSCC,0,1,tabpfn_v2_6,0.014308426073131986
os_3yr,LSCC,0,1,tabpfn_v3,-0.027027027027026918
os_3yr,LSCC,0,1,tabfm_default,0.018282988871224204
os_3yr,LSCC,0,1,autogluon,-0.08585055643879169
os_3yr,LSCC,0,2,tabpfn_v2,0.03708133971291866
os_3yr,LSCC,0,2,tabpfn_v2_5,0.07057416267942601
os_3yr,LSCC,0,2,tabpfn_v2_6,-0.00039872408293450956
os_3yr,LSCC,0,2,tabpfn_v3,0.006778309409888383
os_3yr,LSCC,0,2,tabfm_default,0.04266347687400324
os_3yr,LSCC,0,2,autogluon,0.021531100478469012
os_3yr,LSCC,0,3,tabpfn_v2,0.030952380952380842
os_3yr,LSCC,0,3,tabpfn_v2_5,0.025396825396825418
os_3yr,LSCC,0,3,tabpfn_v2_6,-0.016666666666666607
os_3yr,LSCC,0,3,tabpfn_v3,0.024603174603174627
os_3yr,LSCC,0,3,tabfm_default,0.006746031746031722
os_3yr,LSCC,0,3,autogluon,-0.06666666666666654
os_3yr,LSCC,0,4,tabpfn_v2,0.0011904761904760752
os_3yr,LSCC,0,4,tabpfn_v2_5,0.020238095238095277
os_3yr,LSCC,0,4,tabpfn_v2_6,0.0162698412698411
os_3yr,LSCC,0,4,tabpfn_v3,0.017063492063492003
os_3yr,LSCC,0,4,tabfm_default,0.032539682539682535
os_3yr,LSCC,0,4,autogluon,-0.04325396825396832
os_3yr,LSCC,1,0,tabpfn_v2,-0.021428571428571574
os_3yr,LSCC,1,0,tabpfn_v2_5,-0.023015873015873156
os_3yr,LSCC,1,0,tabpfn_v2_6,0.02857142857142858
os_3yr,LSCC,1,0,tabpfn_v3,0.01904761904761898
os_3yr,LSCC,1,0,tabfm_default,0.029761904761904656
os_3yr,LSCC,1,0,autogluon,-0.03412698412698423
os_3yr,LSCC,1,1,tabpfn_v2,-0.062003179650238494
os_3yr,LSCC,1,1,tabpfn_v2_5,-0.08982511923688397
os_3yr,LSCC,1,1,tabpfn_v2_6,-0.060413354531001495
os_3yr,LSCC,1,1,tabpfn_v3,-0.06995230524642293
os_3yr,LSCC,1,1,tabfm_default,-0.1089030206677265
os_3yr,LSCC,1,1,autogluon,-0.054054054054053946
os_3yr,LSCC,1,2,tabpfn_v2,0.020238095238095277
os_3yr,LSCC,1,2,tabpfn_v2_5,-0.001984126984127088
os_3yr,LSCC,1,2,tabpfn_v2_6,-0.0011904761904761862
os_3yr,LSCC,1,2,tabpfn_v3,-0.0011904761904761862
os_3yr,LSCC,1,2,tabfm_default,0.029365079365079372
os_3yr,LSCC,1,2,autogluon,0.0035714285714285587
os_3yr,LSCC,1,3,tabpfn_v2,-0.026714513556618913
os_3yr,LSCC,1,3,tabpfn_v2_5,-0.04106858054226492
os_3yr,LSCC,1,3,tabpfn_v2_6,-0.07456140350877194
os_3yr,LSCC,1,3,tabpfn_v3,-0.021132376395534336
os_3yr,LSCC,1,3,tabfm_default,0.026714513556618802
os_3yr,LSCC,1,3,autogluon,-0.00837320574162681
os_3yr,LSCC,1,4,tabpfn_v2,-0.055288461538461564
os_3yr,LSCC,1,4,tabpfn_v2_5,-0.0608974358974359
os_3yr,LSCC,1,4,tabpfn_v2_6,-0.029647435897435903
os_3yr,LSCC,1,4,tabpfn_v3,-0.04647435897435892
os_3yr,LSCC,1,4,tabfm_default,-0.029647435897435903
os_3yr,LSCC,1,4,autogluon,-0.0032051282051281937
os_3yr,LSCC,2,0,tabpfn_v2,0.003225806451612967
os_3yr,LSCC,2,0,tabpfn_v2_5,0.005645161290322553
os_3yr,LSCC,2,0,tabpfn_v2_6,0.004838709677419284
os_3yr,LSCC,2,0,tabpfn_v3,0.0185483870967742
os_3yr,LSCC,2,0,tabfm_default,-0.004838709677419395
os_3yr,LSCC,2,0,autogluon,-0.00887096774193552
os_3yr,LSCC,2,1,tabpfn_v2,0.00040322580645169026
os_3yr,LSCC,2,1,tabpfn_v2_5,-0.01814516129032251
os_3yr,LSCC,2,1,tabpfn_v2_6,-0.021370967741935365
os_3yr,LSCC,2,1,tabpfn_v3,0.024596774193548443
os_3yr,LSCC,2,1,tabfm_default,-0.004435483870967705
os_3yr,LSCC,2,1,autogluon,-0.06169354838709673
os_3yr,LSCC,2,2,tabpfn_v2,-0.00436507936507935
os_3yr,LSCC,2,2,tabpfn_v2_5,-0.021031746031746068
os_3yr,LSCC,2,2,tabpfn_v2_6,-0.028968253968254087
os_3yr,LSCC,2,2,tabpfn_v3,-0.009126984126984095
os_3yr,LSCC,2,2,tabfm_default,0.04523809523809508
os_3yr,LSCC,2,2,autogluon,-0.020238095238095277
os_3yr,LSCC,2,3,tabpfn_v2,-0.037878787878787734
os_3yr,LSCC,2,3,tabpfn_v2_5,-0.11842105263157887
os_3yr,LSCC,2,3,tabpfn_v2_6,0.03947368421052633
os_3yr,LSCC,2,3,tabpfn_v3,-0.05781499202551832
os_3yr,LSCC,2,3,tabfm_default,-0.06937799043062187
os_3yr,LSCC,2,3,autogluon,0.009968102073365293
os_3yr,LSCC,2,4,tabpfn_v2,0.03387096774193554
os_3yr,LSCC,2,4,tabpfn_v2_5,-0.025000000000000022
os_3yr,LSCC,2,4,tabpfn_v2_6,-0.04354838709677422
os_3yr,LSCC,2,4,tabpfn_v3,-0.03629032258064524
os_3yr,LSCC,2,4,tabfm_default,0.00040322580645157924
os_3yr,LSCC,2,4,autogluon,-0.016129032258064557
os_3yr,LSCC,3,0,tabpfn_v2,-0.007154213036566048
os_3yr,LSCC,3,0,tabpfn_v2_5,-0.0007949125596184992
os_3yr,LSCC,3,0,tabpfn_v2_6,0.0015898251192367763
os_3yr,LSCC,3,0,tabpfn_v3,0.05087440381558017
os_3yr,LSCC,3,0,tabfm_default,0.003577106518283024
os_3yr,LSCC,3,0,autogluon,-0.04133545310015907
os_3yr,LSCC,3,1,tabpfn_v2,0.018429487179487225
os_3yr,LSCC,3,1,tabpfn_v2_5,0.05689102564102566
os_3yr,LSCC,3,1,tabpfn_v2_6,0.08493589743589758
os_3yr,LSCC,3,1,tabpfn_v3,0.07852564102564108
os_3yr,LSCC,3,1,tabfm_default,0.02083333333333337
os_3yr,LSCC,3,1,autogluon,0.023637820512820595
os_3yr,LSCC,3,2,tabpfn_v2,-0.04761904761904773
os_3yr,LSCC,3,2,tabpfn_v2_5,-0.05317460317460332
os_3yr,LSCC,3,2,tabpfn_v2_6,-0.01904761904761909
os_3yr,LSCC,3,2,tabpfn_v3,-0.04603174603174609
os_3yr,LSCC,3,2,tabfm_default,-0.04325396825396832
os_3yr,LSCC,3,2,autogluon,-0.22619047619047622
os_3yr,LSCC,3,3,tabpfn_v2,-0.011217948717948678
os_3yr,LSCC,3,3,tabpfn_v2_5,0.04166666666666663
os_3yr,LSCC,3,3,tabpfn_v2_6,-0.028044871794871806
os_3yr,LSCC,3,3,tabpfn_v3,-0.011217948717948678
os_3yr,LSCC,3,3,tabfm_default,0.018830128205128194
os_3yr,LSCC,3,3,autogluon,0.0689102564102565
os_3yr,LSCC,3,4,tabpfn_v2,0.03253968253968259
os_3yr,LSCC,3,4,tabpfn_v2_5,0.046825396825396826
os_3yr,LSCC,3,4,tabpfn_v2_6,0.05158730158730157
os_3yr,LSCC,3,4,tabpfn_v3,0.019841269841269937
os_3yr,LSCC,3,4,tabfm_default,-0.016269841269841268
os_3yr,LSCC,3,4,autogluon,-0.046428571428571486
os_3yr,LSCC,4,0,tabpfn_v2,-0.02832512315270941
os_3yr,LSCC,4,0,tabpfn_v2_5,-0.06609195402298851
os_3yr,LSCC,4,0,tabpfn_v2_6,-0.08579638752052543
os_3yr,LSCC,4,0,tabpfn_v3,-0.03735632183908044
os_3yr,LSCC,4,0,tabfm_default,-0.006978653530377632
os_3yr,LSCC,4,0,autogluon,-0.029146141215106725
os_3yr,LSCC,4,1,tabpfn_v2,0.014752791068580517
os_3yr,LSCC,4,1,tabpfn_v2_5,0.029505582137161146
os_3yr,LSCC,4,1,tabpfn_v2_6,0.02432216905901119
os_3yr,LSCC,4,1,tabpfn_v3,0.045055821371610905
os_3yr,LSCC,4,1,tabfm_default,0.02392344497607657
os_3yr,LSCC,4,1,autogluon,0.0011961722488038617
os_3yr,LSCC,4,2,tabpfn_v2,0.04186602870813394
os_3yr,LSCC,4,2,tabpfn_v2_5,0.0051834130781498455
os_3yr,LSCC,4,2,tabpfn_v2_6,0.023524720893141948
os_3yr,LSCC,4,2,tabpfn_v3,0.037081339712918604
os_3yr,LSCC,4,2,tabfm_default,0.006379585326953707
os_3yr,LSCC,4,2,autogluon,0.04744816586921852
os_3yr,LSCC,4,3,tabpfn_v2,-0.0015898251192368873
os_3yr,LSCC,4,3,tabpfn_v2_5,0.00556438791732905
os_3yr,LSCC,4,3,tabpfn_v2_6,-0.019872813990461147
os_3yr,LSCC,4,3,tabpfn_v3,-0.021462639109697923
os_3yr,LSCC,4,3,tabfm_default,0.0
os_3yr,LSCC,4,3,autogluon,-0.011128775834658211
os_3yr,LSCC,4,4,tabpfn_v2,-0.09920634920634919
os_3yr,LSCC,4,4,tabpfn_v2_5,-0.09523809523809534
os_3yr,LSCC,4,4,tabpfn_v2_6,-0.12222222222222234
os_3yr,LSCC,4,4,tabpfn_v3,-0.07063492063492072
os_3yr,LSCC,4,4,tabfm_default,-0.07539682539682546
os_3yr,LSCC,4,4,autogluon,-0.11904761904761907
os_3yr,LUAD,0,0,tabpfn_v2,0.07380254154447702
os_3yr,LUAD,0,0,tabpfn_v2_5,0.04447702834799605
os_3yr,LUAD,0,0,tabpfn_v2_6,0.08064516129032256
os_3yr,LUAD,0,0,tabpfn_v3,-0.01808406647116323
os_3yr,LUAD,0,0,tabfm_default,0.04398826979472137
os_3yr,LUAD,0,0,autogluon,0.12316715542522
os_3yr,LUAD,0,1,tabpfn_v2,-0.046920821114369515
os_3yr,LUAD,0,1,tabpfn_v2_5,-0.11143695014662758
os_3yr,LUAD,0,1,tabpfn_v2_6,-0.0840664711632454
os_3yr,LUAD,0,1,tabpfn_v3,-0.09970674486803521
os_3yr,LUAD,0,1,tabfm_default,0.007331378299120228
os_3yr,LUAD,0,1,autogluon,-0.09286412512218961
os_3yr,LUAD,0,2,tabpfn_v2,0.03861192570869998
os_3yr,LUAD,0,2,tabpfn_v2_5,0.008308895405669592
os_3yr,LUAD,0,2,tabpfn_v2_6,0.02346041055718484
os_3yr,LUAD,0,2,tabpfn_v3,-0.0014662756598239346
os_3yr,LUAD,0,2,tabfm_default,-0.017595307917888436
os_3yr,LUAD,0,2,autogluon,-0.02883675464320623
os_3yr,LUAD,0,3,tabpfn_v2,-0.16179435483870963
os_3yr,LUAD,0,3,tabpfn_v2_5,-0.14465725806451613
os_3yr,LUAD,0,3,tabpfn_v2_6,-0.14768145161290314
os_3yr,LUAD,0,3,tabpfn_v3,-0.18699596774193555
os_3yr,LUAD,0,3,tabfm_default,-0.22177419354838712
os_3yr,LUAD,0,3,autogluon,-0.050907258064516125
os_3yr,LUAD,0,4,tabpfn_v2,0.015306122448979498
os_3yr,LUAD,0,4,tabpfn_v2_5,0.04183673469387755
os_3yr,LUAD,0,4,tabpfn_v2_6,0.06632653061224486
os_3yr,LUAD,0,4,tabpfn_v3,0.07142857142857134
os_3yr,LUAD,0,4,tabfm_default,0.1341836734693877
os_3yr,LUAD,0,4,autogluon,0.08622448979591829
os_3yr,LUAD,1,0,tabpfn_v2,-0.05588235294117655
os_3yr,LUAD,1,0,tabpfn_v2_5,-0.06568627450980397
os_3yr,LUAD,1,0,tabpfn_v2_6,-0.005882352941176561
os_3yr,LUAD,1,0,tabpfn_v3,-0.06862745098039225
os_3yr,LUAD,1,0,tabfm_default,-0.06323529411764717
os_3yr,LUAD,1,0,autogluon,-0.09803921568627466
os_3yr,LUAD,1,1,tabpfn_v2,-0.003940886699507373
os_3yr,LUAD,1,1,tabpfn_v2_5,-0.025615763546798065
os_3yr,LUAD,1,1,tabpfn_v2_6,-0.00886699507389166
os_3yr,LUAD,1,1,tabpfn_v3,0.010837438423645374
os_3yr,LUAD,1,1,tabfm_default,0.08177339901477831
os_3yr,LUAD,1,1,autogluon,-0.0009852216748769127
os_3yr,LUAD,1,2,tabpfn_v2,-0.035467980295566526
os_3yr,LUAD,1,2,tabpfn_v2_5,-0.040394088669950756
os_3yr,LUAD,1,2,tabpfn_v2_6,-0.07684729064039408
os_3yr,LUAD,1,2,tabpfn_v3,-0.0315270935960591
os_3yr,LUAD,1,2,tabfm_default,-0.08965517241379306
os_3yr,LUAD,1,2,autogluon,-0.0482758620689655
os_3yr,LUAD,1,3,tabpfn_v2,-0.07947368421052625
os_3yr,LUAD,1,3,tabpfn_v2_5,-0.07105263157894737
os_3yr,LUAD,1,3,tabpfn_v2_6,-0.037368421052631606
os_3yr,LUAD,1,3,tabpfn_v3,-0.04894736842105252
os_3yr,LUAD,1,3,tabfm_default,-0.10210526315789481
os_3yr,LUAD,1,3,autogluon,-0.0557894736842105
os_3yr,LUAD,1,4,tabpfn_v2,-0.06338742393509134
os_3yr,LUAD,1,4,tabpfn_v2_5,-0.17393509127789047
os_3yr,LUAD,1,4,tabpfn_v2_6,-0.04107505070993911
os_3yr,LUAD,1,4,tabpfn_v3,-0.06440162271805283
os_3yr,LUAD,1,4,tabfm_default,-0.032454361054766845
os_3yr,LUAD,1,4,autogluon,-0.04766734279918872
os_3yr,LUAD,2,0,tabpfn_v2,0.13330078125
os_3yr,LUAD,2,0,tabpfn_v2_5,0.08642578125
os_3yr,LUAD,2,0,tabpfn_v2_6,0.05712890625
os_3yr,LUAD,2,0,tabpfn_v3,0.06884765625
os_3yr,LUAD,2,0,tabfm_default,0.1162109375
os_3yr,LUAD,2,0,autogluon,0.05712890625
os_3yr,LUAD,2,1,tabpfn_v2,0.046875
os_3yr,LUAD,2,1,tabpfn_v2_5,0.0205078125
os_3yr,LUAD,2,1,tabpfn_v2_6,0.0791015625
os_3yr,LUAD,2,1,tabpfn_v3,0.0263671875
os_3yr,LUAD,2,1,tabfm_default,-0.0615234375
os_3yr,LUAD,2,1,autogluon,0.02197265625
os_3yr,LUAD,2,2,tabpfn_v2,-0.04827586206896545
os_3yr,LUAD,2,2,tabpfn_v2_5,-0.05763546798029551
os_3yr,LUAD,2,2,tabpfn_v2_6,-0.024630541871921208
os_3yr,LUAD,2,2,tabpfn_v3,-0.005911330049261032
os_3yr,LUAD,2,2,tabfm_default,-0.021674876847290525
os_3yr,LUAD,2,2,autogluon,-0.007881773399014746
os_3yr,LUAD,2,3,tabpfn_v2,-0.10699797160243407
os_3yr,LUAD,2,3,tabpfn_v2_5,-0.05223123732251522
os_3yr,LUAD,2,3,tabpfn_v2_6,-0.0907707910750506
os_3yr,LUAD,2,3,tabpfn_v3,-0.12626774847870192
os_3yr,LUAD,2,3,tabfm_default,-0.1886409736308317
os_3yr,LUAD,2,3,autogluon,-0.0598377281947261
os_3yr,LUAD,2,4,tabpfn_v2,-0.06237322515212973
os_3yr,LUAD,2,4,tabpfn_v2_5,-0.04513184584178487
os_3yr,LUAD,2,4,tabpfn_v2_6,-0.03448275862068961
os_3yr,LUAD,2,4,tabpfn_v3,-0.05121703853955373
os_3yr,LUAD,2,4,tabfm_default,-0.0917849898580122
os_3yr,LUAD,2,4,autogluon,-0.09127789046653145
os_3yr,LUAD,3,0,tabpfn_v2,-0.0107421875
os_3yr,LUAD,3,0,tabpfn_v2_5,-0.0361328125
os_3yr,LUAD,3,0,tabpfn_v2_6,-0.015625
os_3yr,LUAD,3,0,tabpfn_v3,0.0068359375
os_3yr,LUAD,3,0,tabfm_default,-0.0009765625
os_3yr,LUAD,3,0,autogluon,-0.02587890625
os_3yr,LUAD,3,1,tabpfn_v2,0.015686274509803977
os_3yr,LUAD,3,1,tabpfn_v2_5,-0.002941176470588225
os_3yr,LUAD,3,1,tabpfn_v2_6,-0.014705882352941124
os_3yr,LUAD,3,1,tabpfn_v3,-0.07156862745098047
os_3yr,LUAD,3,1,tabfm_default,-0.1063725490196078
os_3yr,LUAD,3,1,autogluon,-0.11078431372549019
os_3yr,LUAD,3,2,tabpfn_v2,-0.09628543499511244
os_3yr,LUAD,3,2,tabpfn_v2_5,-0.14467253176930595
os_3yr,LUAD,3,2,tabpfn_v2_6,-0.12463343108504399
os_3yr,LUAD,3,2,tabpfn_v3,-0.1832844574780058
os_3yr,LUAD,3,2,tabfm_default,-0.23118279569892475
os_3yr,LUAD,3,2,autogluon,-0.07184750733137824
os_3yr,LUAD,3,3,tabpfn_v2,0.057459677419354815
os_3yr,LUAD,3,3,tabpfn_v2_5,0.039314516129032306
os_3yr,LUAD,3,3,tabpfn_v2_6,0.026209677419354926
os_3yr,LUAD,3,3,tabpfn_v3,-0.021169354838709686
os_3yr,LUAD,3,3,tabfm_default,0.07207661290322581
os_3yr,LUAD,3,3,autogluon,0.05040322580645157
os_3yr,LUAD,3,4,tabpfn_v2,-0.08215010141987822
os_3yr,LUAD,3,4,tabpfn_v2_5,-0.0365111561866126
os_3yr,LUAD,3,4,tabpfn_v2_6,-0.08519269776876259
os_3yr,LUAD,3,4,tabpfn_v3,0.0010141987829614951
os_3yr,LUAD,3,4,tabfm_default,-0.007099391480730133
os_3yr,LUAD,3,4,autogluon,-0.1085192697768762
os_3yr,LUAD,4,0,tabpfn_v2,-0.0692307692307692
os_3yr,LUAD,4,0,tabpfn_v2_5,-0.09589743589743582
os_3yr,LUAD,4,0,tabpfn_v2_6,-0.03230769230769226
os_3yr,LUAD,4,0,tabpfn_v3,-0.07333333333333336
os_3yr,LUAD,4,0,tabfm_default,-0.02410256410256406
os_3yr,LUAD,4,0,autogluon,-0.10358974358974354
os_3yr,LUAD,4,1,tabpfn_v2,0.10867346938775513
os_3yr,LUAD,4,1,tabpfn_v2_5,0.09846938775510194
os_3yr,LUAD,4,1,tabpfn_v2_6,0.03928571428571426
os_3yr,LUAD,4,1,tabpfn_v3,0.018877551020408223
os_3yr,LUAD,4,1,tabfm_default,0.04285714285714293
os_3yr,LUAD,4,1,autogluon,-0.0005102040816327702
os_3yr,LUAD,4,2,tabpfn_v2,-0.10565476190476197
os_3yr,LUAD,4,2,tabpfn_v2_5,-0.07787698412698418
os_3yr,LUAD,4,2,tabpfn_v2_6,-0.05009920634920639
os_3yr,LUAD,4,2,tabpfn_v3,-0.09077380952380948
os_3yr,LUAD,4,2,tabfm_default,-0.0798611111111111
os_3yr,LUAD,4,2,autogluon,0.028769841269841334
os_3yr,LUAD,4,3,tabpfn_v2,0.04210526315789476
os_3yr,LUAD,4,3,tabpfn_v2_5,0.047368421052631615
os_3yr,LUAD,4,3,tabpfn_v2_6,0.06315789473684219
os_3yr,LUAD,4,3,tabpfn_v3,0.026315789473684403
os_3yr,LUAD,4,3,tabfm_default,-0.03157894736842104
os_3yr,LUAD,4,3,autogluon,-0.0742105263157894
os_3yr,LUAD,4,4,tabpfn_v2,-0.07936507936507942
os_3yr,LUAD,4,4,tabpfn_v2_5,-0.1071428571428571
os_3yr,LUAD,4,4,tabpfn_v2_6,-0.0625
os_3yr,LUAD,4,4,tabpfn_v3,-0.09523809523809523
os_3yr,LUAD,4,4,tabfm_default,0.0024801587301587213
os_3yr,LUAD,4,4,autogluon,-0.04365079365079361
os_5yr,BRCA,0,0,tabpfn_v2,-0.04403409090909072
os_5yr,BRCA,0,0,tabpfn_v2_5,-0.06202651515151503
os_5yr,BRCA,0,0,tabpfn_v2_6,-0.04214015151515138
os_5yr,BRCA,0,0,tabpfn_v3,-0.0923295454545453
os_5yr,BRCA,0,0,tabfm_default,-0.04166666666666652
os_5yr,BRCA,0,0,autogluon,-0.07481060606060602
os_5yr,BRCA,0,1,tabpfn_v2,-0.013415892672858698
os_5yr,BRCA,0,1,tabpfn_v2_5,0.03199174406604732
os_5yr,BRCA,0,1,tabpfn_v2_6,-0.009287925696594423
os_5yr,BRCA,0,1,tabpfn_v3,-0.01031991744066052
os_5yr,BRCA,0,1,tabfm_default,0.0485036119711042
os_5yr,BRCA,0,1,autogluon,-0.0794633642930857
os_5yr,BRCA,0,2,tabpfn_v2,-0.028379772961816263
os_5yr,BRCA,0,2,tabpfn_v2_5,-0.06759545923632615
os_5yr,BRCA,0,2,tabpfn_v2_6,-0.027347781217750278
os_5yr,BRCA,0,2,tabpfn_v3,-0.04489164086687303
os_5yr,BRCA,0,2,tabfm_default,-0.10165118679050567
os_5yr,BRCA,0,2,autogluon,-0.09855521155830754
os_5yr,BRCA,0,3,tabpfn_v2,-0.05660377358490565
os_5yr,BRCA,0,3,tabpfn_v2_5,-0.006659267480577213
os_5yr,BRCA,0,3,tabpfn_v2_6,-0.039955604883462836
os_5yr,BRCA,0,3,tabpfn_v3,0.017758046614872347
os_5yr,BRCA,0,3,tabfm_default,-0.0776914539400666
os_5yr,BRCA,0,3,autogluon,-0.1182019977802442
os_5yr,BRCA,0,4,tabpfn_v2,-0.07744565217391308
os_5yr,BRCA,0,4,tabpfn_v2_5,-0.019474637681159424
os_5yr,BRCA,0,4,tabpfn_v2_6,-0.08016304347826098
os_5yr,BRCA,0,4,tabpfn_v3,-0.08740942028985521
os_5yr,BRCA,0,4,tabfm_default,-0.12047101449275366
os_5yr,BRCA,0,4,autogluon,-0.01902173913043481
os_5yr,BRCA,1,0,tabpfn_v2,-0.07076780758556889
os_5yr,BRCA,1,0,tabpfn_v2_5,-0.06706753006475474
os_5yr,BRCA,1,0,tabpfn_v2_6,-0.03376503237742823
os_5yr,BRCA,1,0,tabpfn_v3,-0.0901942645698427
os_5yr,BRCA,1,0,tabfm_default,-0.08926919518963916
os_5yr,BRCA,1,0,autogluon,-0.09389454209065673
os_5yr,BRCA,1,1,tabpfn_v2,-0.0532741398446171
os_5yr,BRCA,1,1,tabpfn_v2_5,0.01664816870144281
os_5yr,BRCA,1,1,tabpfn_v2_6,-0.014428412874583851
os_5yr,BRCA,1,1,tabpfn_v3,0.013318534961154316
os_5yr,BRCA,1,1,tabfm_default,0.047724750277469474
os_5yr,BRCA,1,1,autogluon,0.04605993340732517
os_5yr,BRCA,1,2,tabpfn_v2,0.07880133185349614
os_5yr,BRCA,1,2,tabpfn_v2_5,0.05549389567147622
os_5yr,BRCA,1,2,tabpfn_v2_6,0.03662597114317434
os_5yr,BRCA,1,2,tabpfn_v3,0.012208657047724891
os_5yr,BRCA,1,2,tabfm_default,-0.00721420643729187
os_5yr,BRCA,1,2,autogluon,0.06326304106548286
os_5yr,BRCA,1,3,tabpfn_v2,0.008788159111933536
os_5yr,BRCA,1,3,tabpfn_v2_5,-0.006012950971322706
os_5yr,BRCA,1,3,tabpfn_v2_6,0.010638297872340496
os_5yr,BRCA,1,3,tabpfn_v3,0.0023126734505087843
os_5yr,BRCA,1,3,tabfm_default,0.09713228492136916
os_5yr,BRCA,1,3,autogluon,0.024976873265494803
os_5yr,BRCA,1,4,tabpfn_v2,-0.09329446064139935
os_5yr,BRCA,1,4,tabpfn_v2_5,-0.06025267249757038
os_5yr,BRCA,1,4,tabpfn_v2_6,-0.0777453838678328
os_5yr,BRCA,1,4,tabpfn_v3,-0.011661807580174877
os_5yr,BRCA,1,4,tabfm_default,-0.10641399416909614
os_5yr,BRCA,1,4,autogluon,-0.03838678328474232
os_5yr,BRCA,2,0,tabpfn_v2,-0.06122448979591827
os_5yr,BRCA,2,0,tabpfn_v2_5,-0.01943634596695809
os_5yr,BRCA,2,0,tabpfn_v2_6,0.00291545189504383
os_5yr,BRCA,2,0,tabpfn_v3,0.0
os_5yr,BRCA,2,0,tabfm_default,-0.010689990281826933
os_5yr,BRCA,2,0,autogluon,0.02137998056365409
os_5yr,BRCA,2,1,tabpfn_v2,-0.05272895467160038
os_5yr,BRCA,2,1,tabpfn_v2_5,0.007400555041628176
os_5yr,BRCA,2,1,tabpfn_v2_6,-0.0314523589269195
os_5yr,BRCA,2,1,tabpfn_v3,-0.04810360777058281
os_5yr,BRCA,2,1,tabfm_default,-0.05689176688251618
os_5yr,BRCA,2,1,autogluon,0.09204440333024977
os_5yr,BRCA,2,2,tabpfn_v2,-0.14860681114551083
os_5yr,BRCA,2,2,tabpfn_v2_5,-0.10423116615067074
os_5yr,BRCA,2,2,tabpfn_v2_6,-0.0619195046439629
os_5yr,BRCA,2,2,tabpfn_v3,-0.11971104231166152
os_5yr,BRCA,2,2,tabfm_default,-0.13880288957688341
os_5yr,BRCA,2,2,autogluon,-0.3023735810113519
os_5yr,BRCA,2,3,tabpfn_v2,0.029014844804318596
os_5yr,BRCA,2,3,tabpfn_v2_5,0.00877192982456143
os_5yr,BRCA,2,3,tabpfn_v2_6,0.04925775978407565
os_5yr,BRCA,2,3,tabpfn_v3,-0.03711201079622117
os_5yr,BRCA,2,3,tabfm_default,0.04993252361673417
os_5yr,BRCA,2,3,autogluon,-0.05870445344129549
os_5yr,BRCA,2,4,tabpfn_v2,0.04755555555555557
os_5yr,BRCA,2,4,tabpfn_v2_5,-0.0013333333333334085
os_5yr,BRCA,2,4,tabpfn_v2_6,-0.008444444444444366
os_5yr,BRCA,2,4,tabpfn_v3,0.010222222222222244
os_5yr,BRCA,2,4,tabfm_default,0.014666666666666606
os_5yr,BRCA,2,4,autogluon,0.07777777777777783
os_5yr,BRCA,3,0,tabpfn_v2,-0.17649999999999993
os_5yr,BRCA,3,0,tabpfn_v2_5,-0.0704999999999999
os_5yr,BRCA,3,0,tabpfn_v2_6,-0.11149999999999993
os_5yr,BRCA,3,0,tabpfn_v3,-0.08350000000000002
os_5yr,BRCA,3,0,tabfm_default,-0.058499999999999996
os_5yr,BRCA,3,0,autogluon,-0.20150000000000007
os_5yr,BRCA,3,1,tabpfn_v2,0.044242424242424305
os_5yr,BRCA,3,1,tabpfn_v2_5,0.0696969696969697
os_5yr,BRCA,3,1,tabpfn_v2_6,0.045454545454545414
os_5yr,BRCA,3,1,tabpfn_v3,0.015151515151515027
os_5yr,BRCA,3,1,tabfm_default,0.029090909090909056
os_5yr,BRCA,3,1,autogluon,-0.08424242424242423
os_5yr,BRCA,3,2,tabpfn_v2,-0.10730804810360772
os_5yr,BRCA,3,2,tabpfn_v2_5,-0.10268270120259027
os_5yr,BRCA,3,2,tabpfn_v2_6,-0.08603145235892684
os_5yr,BRCA,3,2,tabpfn_v3,-0.1313598519888992
os_5yr,BRCA,3,2,tabfm_default,-0.0874190564292322
os_5yr,BRCA,3,2,autogluon,-0.1776133209990749
os_5yr,BRCA,3,3,tabpfn_v2,-0.004734848484848508
os_5yr,BRCA,3,3,tabpfn_v2_5,-0.012310606060606077
os_5yr,BRCA,3,3,tabpfn_v2_6,0.07102272727272729
os_5yr,BRCA,3,3,tabpfn_v3,-0.016098484848484917
os_5yr,BRCA,3,3,tabfm_default,0.06770833333333337
os_5yr,BRCA,3,3,autogluon,-0.06534090909090912
os_5yr,BRCA,3,4,tabpfn_v2,-0.06608357628765793
os_5yr,BRCA,3,4,tabpfn_v2_5,-0.05344995140913511
os_5yr,BRCA,3,4,tabpfn_v2_6,-0.13702623906705547
os_5yr,BRCA,3,4,tabpfn_v3,-0.10301263362487856
os_5yr,BRCA,3,4,tabfm_default,-0.09815354713313906
os_5yr,BRCA,3,4,autogluon,-0.12293488824101073
os_5yr,BRCA,4,0,tabpfn_v2,-0.17055393586005824
os_5yr,BRCA,4,0,tabpfn_v2_5,-0.15208940719144792
os_5yr,BRCA,4,0,tabpfn_v2_6,-0.10349854227405242
os_5yr,BRCA,4,0,tabpfn_v3,-0.14528668610301254
os_5yr,BRCA,4,0,tabfm_default,-0.06122448979591821
os_5yr,BRCA,4,0,autogluon,0.0004859086491739717
os_5yr,BRCA,4,1,tabpfn_v2,0.016651248843663313
os_5yr,BRCA,4,1,tabpfn_v2_5,0.012025901942645745
os_5yr,BRCA,4,1,tabpfn_v2_6,-0.03237742830712298
os_5yr,BRCA,4,1,tabpfn_v3,0.029602220166512594
os_5yr,BRCA,4,1,tabfm_default,-0.0037002775208140326
os_5yr,BRCA,4,1,autogluon,-0.11378353376503236
os_5yr,BRCA,4,2,tabpfn_v2,0.023307436182020025
os_5yr,BRCA,4,2,tabpfn_v2_5,0.004439511653718031
os_5yr,BRCA,4,2,tabpfn_v2_6,-0.13762486126526075
os_5yr,BRCA,4,2,tabpfn_v3,-0.13984461709211993
os_5yr,BRCA,4,2,tabfm_default,-0.052164261931187506
os_5yr,BRCA,4,2,autogluon,-0.15649278579356274
os_5yr,BRCA,4,3,tabpfn_v2,-0.018059855521155854
os_5yr,BRCA,4,3,tabpfn_v2_5,0.00877192982456143
os_5yr,BRCA,4,3,tabpfn_v2_6,0.10061919504643968
os_5yr,BRCA,4,3,tabpfn_v3,0.035603715170278605
os_5yr,BRCA,4,3,tabfm_default,0.09133126934984526
os_5yr,BRCA,4,3,autogluon,-0.027347781217750167
os_5yr,BRCA,4,4,tabpfn_v2,0.004859086491739495
os_5yr,BRCA,4,4,tabpfn_v2_5,-0.022351797862002032
os_5yr,BRCA,4,4,tabpfn_v2_6,0.03790087463556846
os_5yr,BRCA,4,4,tabpfn_v3,-0.029154518950437303
os_5yr,BRCA,4,4,tabfm_default,-0.07531584062196306
os_5yr,BRCA,4,4,autogluon,-0.05344995140913511
os_5yr,HNSCC,0,0,tabpfn_v2,-0.15087040618955505
os_5yr,HNSCC,0,0,tabpfn_v2_5,-0.15473887814313336
os_5yr,HNSCC,0,0,tabpfn_v2_6,-0.1266924564796904
os_5yr,HNSCC,0,0,tabpfn_v3,-0.17408123791102514
os_5yr,HNSCC,0,0,tabfm_default,-0.13056092843326883
os_5yr,HNSCC,0,0,autogluon,-0.06963249516441006
os_5yr,HNSCC,0,1,tabpfn_v2,-0.01778656126482203
os_5yr,HNSCC,0,1,tabpfn_v2_5,-0.029644268774703497
os_5yr,HNSCC,0,1,tabpfn_v2_6,0.0039525691699604515
os_5yr,HNSCC,0,1,tabpfn_v3,-0.045454545454545414
os_5yr,HNSCC,0,1,tabfm_default,-0.02766798418972327
os_5yr,HNSCC,0,1,autogluon,-0.14525691699604742
os_5yr,HNSCC,0,2,tabpfn_v2,-0.0014285714285713902
os_5yr,HNSCC,0,2,tabpfn_v2_5,-0.06714285714285712
os_5yr,HNSCC,0,2,tabpfn_v2_6,0.047142857142857264
os_5yr,HNSCC,0,2,tabpfn_v3,0.07000000000000006
os_5yr,HNSCC,0,2,tabfm_default,0.017142857142857182
os_5yr,HNSCC,0,2,autogluon,0.03571428571428581
os_5yr,HNSCC,0,3,tabpfn_v2,0.12314814814814823
os_5yr,HNSCC,0,3,tabpfn_v2_5,0.1435185185185185
os_5yr,HNSCC,0,3,tabpfn_v2_6,0.10277777777777786
os_5yr,HNSCC,0,3,tabpfn_v3,0.16574074074074074
os_5yr,HNSCC,0,3,tabfm_default,0.15648148148148155
os_5yr,HNSCC,0,3,autogluon,0.02962962962962956
os_5yr,HNSCC,0,4,tabpfn_v2,0.07342657342657344
os_5yr,HNSCC,0,4,tabpfn_v2_5,0.03321678321678334
os_5yr,HNSCC,0,4,tabpfn_v2_6,0.02622377622377625
os_5yr,HNSCC,0,4,tabpfn_v3,0.12937062937062938
os_5yr,HNSCC,0,4,tabfm_default,0.16433566433566438
os_5yr,HNSCC,0,4,autogluon,0.1372377622377623
os_5yr,HNSCC,1,0,tabpfn_v2,0.009881422924901129
os_5yr,HNSCC,1,0,tabpfn_v2_5,0.019762845849802257
os_5yr,HNSCC,1,0,tabpfn_v2_6,-0.021739130434782705
os_5yr,HNSCC,1,0,tabpfn_v3,0.05533596837944654
os_5yr,HNSCC,1,0,tabfm_default,0.05039525691699598
os_5yr,HNSCC,1,0,autogluon,-0.0019762845849803368
os_5yr,HNSCC,1,1,tabpfn_v2,0.032978723404255395
os_5yr,HNSCC,1,1,tabpfn_v2_5,0.0734042553191489
os_5yr,HNSCC,1,1,tabpfn_v2_6,0.030851063829787195
os_5yr,HNSCC,1,1,tabpfn_v3,0.12872340425531925
os_5yr,HNSCC,1,1,tabfm_default,0.07340425531914901
os_5yr,HNSCC,1,1,autogluon,0.1265957446808511
os_5yr,HNSCC,1,2,tabpfn_v2,-0.07083333333333347
os_5yr,HNSCC,1,2,tabpfn_v2_5,-0.10833333333333334
os_5yr,HNSCC,1,2,tabpfn_v2_6,-0.03958333333333336
os_5yr,HNSCC,1,2,tabpfn_v3,-0.06666666666666676
os_5yr,HNSCC,1,2,tabfm_default,0.006249999999999978
os_5yr,HNSCC,1,2,autogluon,0.18020833333333341
os_5yr,HNSCC,1,3,tabpfn_v2,0.0702127659574468
os_5yr,HNSCC,1,3,tabpfn_v2_5,0.0808510638297873
os_5yr,HNSCC,1,3,tabpfn_v2_6,0.1765957446808512
os_5yr,HNSCC,1,3,tabpfn_v3,0.0361702127659575
os_5yr,HNSCC,1,3,tabfm_default,0.2414893617021278
os_5yr,HNSCC,1,3,autogluon,0.05531914893617029
os_5yr,HNSCC,1,4,tabpfn_v2,-0.11888111888111896
os_5yr,HNSCC,1,4,tabpfn_v2_5,-0.09965034965034969
os_5yr,HNSCC,1,4,tabpfn_v2_6,-0.11888111888111885
os_5yr,HNSCC,1,4,tabpfn_v3,-0.0786713286713287
os_5yr,HNSCC,1,4,tabfm_default,-0.08216783216783219
os_5yr,HNSCC,1,4,autogluon,0.09527972027972031
os_5yr,HNSCC,2,0,tabpfn_v2,0.057264957264957284
os_5yr,HNSCC,2,0,tabpfn_v2_5,-0.021367521367521403
os_5yr,HNSCC,2,0,tabpfn_v2_6,0.011111111111111072
os_5yr,HNSCC,2,0,tabpfn_v3,0.017948717948717996
os_5yr,HNSCC,2,0,tabfm_default,0.10256410256410264
os_5yr,HNSCC,2,0,autogluon,-0.09914529914529902
os_5yr,HNSCC,2,1,tabpfn_v2,-0.03936170212765944
os_5yr,HNSCC,2,1,tabpfn_v2_5,0.007446808510638503
os_5yr,HNSCC,2,1,tabpfn_v2_6,-0.12021276595744679
os_5yr,HNSCC,2,1,tabpfn_v3,0.043617021276595835
os_5yr,HNSCC,2,1,tabfm_default,0.03191489361702127
os_5yr,HNSCC,2,1,autogluon,-0.1744680851063829
os_5yr,HNSCC,2,2,tabpfn_v2,-0.03518518518518521
os_5yr,HNSCC,2,2,tabpfn_v2_5,-0.05740740740740735
os_5yr,HNSCC,2,2,tabpfn_v2_6,-0.03888888888888897
os_5yr,HNSCC,2,2,tabpfn_v3,-0.0185185185185186
os_5yr,HNSCC,2,2,tabfm_default,0.0537037037037037
os_5yr,HNSCC,2,2,autogluon,0.07314814814814818
os_5yr,HNSCC,2,3,tabpfn_v2,0.11063829787234036
os_5yr,HNSCC,2,3,tabpfn_v2_5,0.1127659574468085
os_5yr,HNSCC,2,3,tabpfn_v2_6,0.1063829787234043
os_5yr,HNSCC,2,3,tabpfn_v3,0.05957446808510647
os_5yr,HNSCC,2,3,tabfm_default,0.05638297872340425
os_5yr,HNSCC,2,3,autogluon,0.02978723404255318
os_5yr,HNSCC,2,4,tabpfn_v2,0.05555555555555558
os_5yr,HNSCC,2,4,tabpfn_v2_5,0.05787037037037035
os_5yr,HNSCC,2,4,tabpfn_v2_6,0.07870370370370372
os_5yr,HNSCC,2,4,tabpfn_v3,0.13888888888888895
os_5yr,HNSCC,2,4,tabfm_default,0.12962962962962965
os_5yr,HNSCC,2,4,autogluon,0.1435185185185186
os_5yr,HNSCC,3,0,tabpfn_v2,0.06201550387596899
os_5yr,HNSCC,3,0,tabpfn_v2_5,-0.03410852713178292
os_5yr,HNSCC,3,0,tabpfn_v2_6,-0.03255813953488362
os_5yr,HNSCC,3,0,tabpfn_v3,0.032558139534883734
os_5yr,HNSCC,3,0,tabfm_default,0.04883720930232571
os_5yr,HNSCC,3,0,autogluon,-0.07131782945736442
os_5yr,HNSCC,3,1,tabpfn_v2,-0.13775510204081637
os_5yr,HNSCC,3,1,tabpfn_v2_5,-0.056122448979591844
os_5yr,HNSCC,3,1,tabpfn_v2_6,0.0025510204081632404
os_5yr,HNSCC,3,1,tabpfn_v3,-0.1428571428571429
os_5yr,HNSCC,3,1,tabfm_default,-0.16836734693877559
os_5yr,HNSCC,3,1,autogluon,0.061224489795918324
os_5yr,HNSCC,3,2,tabpfn_v2,0.10531914893617023
os_5yr,HNSCC,3,2,tabpfn_v2_5,0.009574468085106314
os_5yr,HNSCC,3,2,tabpfn_v2_6,0.07340425531914885
os_5yr,HNSCC,3,2,tabpfn_v3,0.14787234042553188
os_5yr,HNSCC,3,2,tabfm_default,0.1265957446808511
os_5yr,HNSCC,3,2,autogluon,0.1436170212765957
os_5yr,HNSCC,3,3,tabpfn_v2,0.1466836734693877
os_5yr,HNSCC,3,3,tabpfn_v2_5,0.0420918367346938
os_5yr,HNSCC,3,3,tabpfn_v2_6,-0.044642857142857206
os_5yr,HNSCC,3,3,tabpfn_v3,0.0803571428571429
os_5yr,HNSCC,3,3,tabfm_default,0.18877551020408168
os_5yr,HNSCC,3,3,autogluon,0.16198979591836737
os_5yr,HNSCC,3,4,tabpfn_v2,0.07430069930069916
os_5yr,HNSCC,3,4,tabpfn_v2_5,0.08479020979020968
os_5yr,HNSCC,3,4,tabpfn_v2_6,-0.002622377622377714
os_5yr,HNSCC,3,4,tabpfn_v3,0.062062937062937085
os_5yr,HNSCC,3,4,tabfm_default,0.08479020979020979
os_5yr,HNSCC,3,4,autogluon,0.04283216783216781
os_5yr,HNSCC,4,0,tabpfn_v2,0.014610389610389518
os_5yr,HNSCC,4,0,tabpfn_v2_5,0.06006493506493504
os_5yr,HNSCC,4,0,tabpfn_v2_6,0.11525974025974017
os_5yr,HNSCC,4,0,tabpfn_v3,-0.01461038961038963
os_5yr,HNSCC,4,0,tabfm_default,-0.0892857142857143
os_5yr,HNSCC,4,0,autogluon,-0.10551948051948057
os_5yr,HNSCC,4,1,tabpfn_v2,0.1400462962962964
os_5yr,HNSCC,4,1,tabpfn_v2_5,-0.0011574074074073848
os_5yr,HNSCC,4,1,tabpfn_v2_6,0.008101851851851916
os_5yr,HNSCC,4,1,tabpfn_v3,-0.04050925925925919
os_5yr,HNSCC,4,1,tabfm_default,0.11226851851851849
os_5yr,HNSCC,4,1,autogluon,0.04166666666666674
os_5yr,HNSCC,4,2,tabpfn_v2,0.04745370370370361
os_5yr,HNSCC,4,2,tabpfn_v2_5,0.10763888888888884
os_5yr,HNSCC,4,2,tabpfn_v2_6,-0.03125
os_5yr,HNSCC,4,2,tabpfn_v3,0.010416666666666685
os_5yr,HNSCC,4,2,tabfm_default,0.04050925925925919
os_5yr,HNSCC,4,2,autogluon,0.054398148148148084
os_5yr,HNSCC,4,3,tabpfn_v2,-0.12872340425531914
os_5yr,HNSCC,4,3,tabpfn_v2_5,-0.14787234042553188
os_5yr,HNSCC,4,3,tabpfn_v2_6,-0.0617021276595745
os_5yr,HNSCC,4,3,tabpfn_v3,-0.04999999999999993
os_5yr,HNSCC,4,3,tabfm_default,-0.038297872340425365
os_5yr,HNSCC,4,3,autogluon,-0.23936170212765961
os_5yr,HNSCC,4,4,tabpfn_v2,-0.01018518518518513
os_5yr,HNSCC,4,4,tabpfn_v2_5,-0.0527777777777777
os_5yr,HNSCC,4,4,tabpfn_v2_6,-0.02499999999999991
os_5yr,HNSCC,4,4,tabpfn_v3,-0.01944444444444443
os_5yr,HNSCC,4,4,tabfm_default,0.04351851851851862
os_5yr,HNSCC,4,4,autogluon,-0.008333333333333304
os_5yr,LSCC,0,0,tabpfn_v2,0.003252032520325243
os_5yr,LSCC,0,0,tabpfn_v2_5,0.013008130081300862
os_5yr,LSCC,0,0,tabpfn_v2_6,-0.03252032520325199
os_5yr,LSCC,0,0,tabpfn_v3,0.10731707317073169
os_5yr,LSCC,0,0,tabfm_default,0.05772357723577237
os_5yr,LSCC,0,0,autogluon,0.08211382113821142
os_5yr,LSCC,0,1,tabpfn_v2,0.11984126984126997
os_5yr,LSCC,0,1,tabpfn_v2_5,0.10238095238095246
os_5yr,LSCC,0,1,tabpfn_v2_6,0.07698412698412704
os_5yr,LSCC,0,1,tabpfn_v3,0.10396825396825393
os_5yr,LSCC,0,1,tabfm_default,-0.004761904761904745
os_5yr,LSCC,0,1,autogluon,0.04841269841269846
os_5yr,LSCC,0,2,tabpfn_v2,0.018274853801169666
os_5yr,LSCC,0,2,tabpfn_v2_5,-0.009502923976608124
os_5yr,LSCC,0,2,tabpfn_v2_6,-0.07675438596491213
os_5yr,LSCC,0,2,tabpfn_v3,-0.003654970760233911
os_5yr,LSCC,0,2,tabfm_default,-0.008040935672514515
os_5yr,LSCC,0,2,autogluon,-0.1242690058479532
os_5yr,LSCC,0,3,tabpfn_v2,-0.11403508771929838
os_5yr,LSCC,0,3,tabpfn_v2_5,-0.06578947368421062
os_5yr,LSCC,0,3,tabpfn_v2_6,-0.12280701754385981
os_5yr,LSCC,0,3,tabpfn_v3,-0.07163742690058472
os_5yr,LSCC,0,3,tabfm_default,-0.09795321637426901
os_5yr,LSCC,0,3,autogluon,0.052631578947368474
os_5yr,LSCC,0,4,tabpfn_v2,0.05078125
os_5yr,LSCC,0,4,tabpfn_v2_5,0.09609374999999987
os_5yr,LSCC,0,4,tabpfn_v2_6,0.06328124999999996
os_5yr,LSCC,0,4,tabpfn_v3,0.08671874999999984
os_5yr,LSCC,0,4,tabfm_default,0.09375
os_5yr,LSCC,0,4,autogluon,0.03359374999999998
os_5yr,LSCC,1,0,tabpfn_v2,0.04268292682926833
os_5yr,LSCC,1,0,tabpfn_v2_5,-0.007621951219512035
os_5yr,LSCC,1,0,tabpfn_v2_6,0.09908536585365868
os_5yr,LSCC,1,0,tabpfn_v3,0.038109756097561176
os_5yr,LSCC,1,0,tabfm_default,-0.0289634146341462
os_5yr,LSCC,1,0,autogluon,0.07012195121951237
os_5yr,LSCC,1,1,tabpfn_v2,0.02564102564102555
os_5yr,LSCC,1,1,tabpfn_v2_5,-0.0015082956259427904
os_5yr,LSCC,1,1,tabpfn_v2_6,-0.06787330316742096
os_5yr,LSCC,1,1,tabpfn_v3,-1.1102230246251565e-16
os_5yr,LSCC,1,1,tabfm_default,-0.010558069381598867
os_5yr,LSCC,1,1,autogluon,-0.005279034690799489
os_5yr,LSCC,1,2,tabpfn_v2,0.061718750000000044
os_5yr,LSCC,1,2,tabpfn_v2_5,0.08515625000000004
os_5yr,LSCC,1,2,tabpfn_v2_6,0.038281250000000044
os_5yr,LSCC,1,2,tabpfn_v3,0.016406250000000178
os_5yr,LSCC,1,2,tabfm_default,-0.06796874999999991
os_5yr,LSCC,1,2,autogluon,-0.1617187499999999
os_5yr,LSCC,1,3,tabpfn_v2,0.0031250000000000444
os_5yr,LSCC,1,3,tabpfn_v2_5,0.04375000000000007
os_5yr,LSCC,1,3,tabpfn_v2_6,-0.06406249999999997
os_5yr,LSCC,1,3,tabpfn_v3,0.07187500000000002
os_5yr,LSCC,1,3,tabfm_default,0.07656250000000009
os_5yr,LSCC,1,3,autogluon,0.07031250000000011
os_5yr,LSCC,1,4,tabpfn_v2,0.05429864253393679
os_5yr,LSCC,1,4,tabpfn_v2_5,0.0754147812971343
os_5yr,LSCC,1,4,tabpfn_v2_6,0.10708898944193068
os_5yr,LSCC,1,4,tabpfn_v3,0.0603318250377074
os_5yr,LSCC,1,4,tabfm_default,0.05429864253393668
os_5yr,LSCC,1,4,autogluon,0.012066365007541546
os_5yr,LSCC,2,0,tabpfn_v2,-0.004251700680272141
os_5yr,LSCC,2,0,tabpfn_v2_5,-0.007653061224489721
os_5yr,LSCC,2,0,tabpfn_v2_6,0.058673469387755195
os_5yr,LSCC,2,0,tabpfn_v3,0.04506802721088443
os_5yr,LSCC,2,0,tabfm_default,-0.005102040816326481
os_5yr,LSCC,2,0,autogluon,-0.06717687074829931
os_5yr,LSCC,2,1,tabpfn_v2,0.11149584487534636
os_5yr,LSCC,2,1,tabpfn_v2_5,0.07132963988919672
os_5yr,LSCC,2,1,tabpfn_v2_6,0.07963988919667597
os_5yr,LSCC,2,1,tabpfn_v3,0.1031855955678671
os_5yr,LSCC,2,1,tabfm_default,0.09141274238227148
os_5yr,LSCC,2,1,autogluon,0.07963988919667597
os_5yr,LSCC,2,2,tabpfn_v2,0.08780487804878045
os_5yr,LSCC,2,2,tabpfn_v2_5,0.14634146341463405
os_5yr,LSCC,2,2,tabpfn_v2_6,0.15934959349593492
os_5yr,LSCC,2,2,tabpfn_v3,0.14146341463414636
os_5yr,LSCC,2,2,tabfm_default,0.0747967479674796
os_5yr,LSCC,2,2,autogluon,0.06341463414634141
os_5yr,LSCC,2,3,tabpfn_v2,0.17690058479532167
os_5yr,LSCC,2,3,tabpfn_v2_5,0.11549707602339176
os_5yr,LSCC,2,3,tabpfn_v2_6,0.20906432748538017
os_5yr,LSCC,2,3,tabpfn_v3,0.16520467836257313
os_5yr,LSCC,2,3,tabfm_default,0.05701754385964908
os_5yr,LSCC,2,3,autogluon,-0.05847953216374263
os_5yr,LSCC,2,4,tabpfn_v2,0.07812500000000011
os_5yr,LSCC,2,4,tabpfn_v2_5,0.014062500000000089
os_5yr,LSCC,2,4,tabpfn_v2_6,0.020312500000000067
os_5yr,LSCC,2,4,tabpfn_v3,0.0015625000000000777
os_5yr,LSCC,2,4,tabfm_default,-0.0007812500000000111
os_5yr,LSCC,2,4,autogluon,0.08281250000000018
os_5yr,LSCC,3,0,tabpfn_v2,-0.08479020979020979
os_5yr,LSCC,3,0,tabpfn_v2_5,-0.08304195804195807
os_5yr,LSCC,3,0,tabpfn_v2_6,-0.02360139860139865
os_5yr,LSCC,3,0,tabpfn_v3,-0.014860139860139898
os_5yr,LSCC,3,0,tabfm_default,-0.090909090909091
os_5yr,LSCC,3,0,autogluon,0.08566433566433562
os_5yr,LSCC,3,1,tabpfn_v2,0.008534850640113834
os_5yr,LSCC,3,1,tabpfn_v2_5,-0.00711237553342825
os_5yr,LSCC,3,1,tabpfn_v2_6,0.014224751066856167
os_5yr,LSCC,3,1,tabpfn_v3,0.011379800853485
os_5yr,LSCC,3,1,tabfm_default,-0.01849217638691336
os_5yr,LSCC,3,1,autogluon,-0.04267425320056906
os_5yr,LSCC,3,2,tabpfn_v2,-0.022759601706970112
os_5yr,LSCC,3,2,tabpfn_v2_5,0.056899004267425335
os_5yr,LSCC,3,2,tabpfn_v2_6,0.03982930298719778
os_5yr,LSCC,3,2,tabpfn_v3,0.03982930298719767
os_5yr,LSCC,3,2,tabfm_default,-0.0256045519203415
os_5yr,LSCC,3,2,autogluon,-0.07823613086770986
os_5yr,LSCC,3,3,tabpfn_v2,0.12254025044722727
os_5yr,LSCC,3,3,tabpfn_v2_5,0.18157423971377462
os_5yr,LSCC,3,3,tabpfn_v2_6,0.11359570661896246
os_5yr,LSCC,3,3,tabpfn_v3,0.14221824686940976
os_5yr,LSCC,3,3,tabfm_default,0.07245080500894474
os_5yr,LSCC,3,3,autogluon,-0.016994633273702986
os_5yr,LSCC,3,4,tabpfn_v2,-0.003654970760233911
os_5yr,LSCC,3,4,tabpfn_v2_5,-0.08114035087719285
os_5yr,LSCC,3,4,tabpfn_v2_6,0.02266081871345027
os_5yr,LSCC,3,4,tabpfn_v3,-0.08552631578947367
os_5yr,LSCC,3,4,tabfm_default,0.027046783625730986
os_5yr,LSCC,3,4,autogluon,-0.011695906432748537
os_5yr,LSCC,4,0,tabpfn_v2,0.017857142857142794
os_5yr,LSCC,4,0,tabpfn_v2_5,0.014455782312925103
os_5yr,LSCC,4,0,tabpfn_v2_6,-0.009353741496598622
os_5yr,LSCC,4,0,tabpfn_v3,0.07568027210884354
os_5yr,LSCC,4,0,tabfm_default,0.058673469387755195
os_5yr,LSCC,4,0,autogluon,0.060374149659863874
os_5yr,LSCC,4,1,tabpfn_v2,-0.043749999999999956
os_5yr,LSCC,4,1,tabpfn_v2_5,0.0031250000000000444
os_5yr,LSCC,4,1,tabpfn_v2_6,0.10625000000000007
os_5yr,LSCC,4,1,tabpfn_v3,-0.029687499999999978
os_5yr,LSCC,4,1,tabfm_default,-0.014843749999999933
os_5yr,LSCC,4,1,autogluon,0.010156250000000089
os_5yr,LSCC,4,2,tabpfn_v2,-0.046757164404223284
os_5yr,LSCC,4,2,tabpfn_v2_5,0.03167420814479638
os_5yr,LSCC,4,2,tabpfn_v2_6,-0.019607843137254943
os_5yr,LSCC,4,2,tabpfn_v3,-0.037707390648567096
os_5yr,LSCC,4,2,tabfm_default,-0.05731523378582204
os_5yr,LSCC,4,2,autogluon,-0.09502262443438908
os_5yr,LSCC,4,3,tabpfn_v2,-0.013157894736842146
os_5yr,LSCC,4,3,tabpfn_v2_5,-0.01023391812865504
os_5yr,LSCC,4,3,tabpfn_v2_6,-0.03801169590643283
os_5yr,LSCC,4,3,tabpfn_v3,-0.05847953216374269
os_5yr,LSCC,4,3,tabfm_default,-0.011695906432748537
os_5yr,LSCC,4,3,autogluon,0.010233918128654929
os_5yr,LSCC,4,4,tabpfn_v2,0.07573529411764712
os_5yr,LSCC,4,4,tabpfn_v2_5,0.12573529411764717
os_5yr,LSCC,4,4,tabpfn_v2_6,0.06985294117647056
os_5yr,LSCC,4,4,tabpfn_v3,0.11691176470588238
os_5yr,LSCC,4,4,tabfm_default,0.06470588235294117
os_5yr,LSCC,4,4,autogluon,0.047794117647058876
os_5yr,LUAD,0,0,tabpfn_v2,-0.07936507936507942
os_5yr,LUAD,0,0,tabpfn_v2_5,-0.09325396825396831
os_5yr,LUAD,0,0,tabpfn_v2_6,-0.11309523809523814
os_5yr,LUAD,0,0,tabpfn_v3,-0.13690476190476192
os_5yr,LUAD,0,0,tabfm_default,-0.013888888888888895
os_5yr,LUAD,0,0,autogluon,-0.018849206349206393
os_5yr,LUAD,0,1,tabpfn_v2,-0.03295454545454546
os_5yr,LUAD,0,1,tabpfn_v2_5,-0.062499999999999944
os_5yr,LUAD,0,1,tabpfn_v2_6,-0.11022727272727278
os_5yr,LUAD,0,1,tabpfn_v3,-0.05568181818181828
os_5yr,LUAD,0,1,tabfm_default,-0.005681818181818121
os_5yr,LUAD,0,1,autogluon,-0.026136363636363624
os_5yr,LUAD,0,2,tabpfn_v2,0.046620046620046596
os_5yr,LUAD,0,2,tabpfn_v2_5,0.1398601398601399
os_5yr,LUAD,0,2,tabpfn_v2_6,0.037296037296037254
os_5yr,LUAD,0,2,tabpfn_v3,0.11421911421911424
os_5yr,LUAD,0,2,tabfm_default,-0.026806526806526842
os_5yr,LUAD,0,2,autogluon,0.0
os_5yr,LUAD,0,3,tabpfn_v2,0.034965034965035
os_5yr,LUAD,0,3,tabpfn_v2_5,-0.009324009324009397
os_5yr,LUAD,0,3,tabpfn_v2_6,-0.011655011655011704
os_5yr,LUAD,0,3,tabpfn_v3,0.05594405594405594
os_5yr,LUAD,0,3,tabfm_default,0.08974358974358976
os_5yr,LUAD,0,3,autogluon,-0.04428904428904429
os_5yr,LUAD,0,4,tabpfn_v2,-0.020000000000000018
os_5yr,LUAD,0,4,tabpfn_v2_5,-0.04999999999999993
os_5yr,LUAD,0,4,tabpfn_v2_6,-0.14249999999999996
os_5yr,LUAD,0,4,tabpfn_v3,0.015000000000000013
os_5yr,LUAD,0,4,tabfm_default,-0.09374999999999989
os_5yr,LUAD,0,4,autogluon,-0.15749999999999997
os_5yr,LUAD,1,0,tabpfn_v2,-0.12354651162790703
os_5yr,LUAD,1,0,tabpfn_v2_5,-0.09447674418604651
os_5yr,LUAD,1,0,tabpfn_v2_6,-0.021802325581395388
os_5yr,LUAD,1,0,tabpfn_v3,-0.0828488372093023
os_5yr,LUAD,1,0,tabfm_default,-0.0450581395348838
os_5yr,LUAD,1,0,autogluon,-0.04651162790697683
os_5yr,LUAD,1,1,tabpfn_v2,-0.09355509355509362
os_5yr,LUAD,1,1,tabpfn_v2_5,-0.05613305613305619
os_5yr,LUAD,1,1,tabpfn_v2_6,-0.008316008316008316
os_5yr,LUAD,1,1,tabpfn_v3,-0.07692307692307698
os_5yr,LUAD,1,1,tabfm_default,-0.0997920997920998
os_5yr,LUAD,1,1,autogluon,0.09563409563409553
os_5yr,LUAD,1,2,tabpfn_v2,-0.00595238095238082
os_5yr,LUAD,1,2,tabpfn_v2_5,-0.021825396825396748
os_5yr,LUAD,1,2,tabpfn_v2_6,-0.04960317460317454
os_5yr,LUAD,1,2,tabpfn_v3,-0.0357142857142857
os_5yr,LUAD,1,2,tabfm_default,0.06746031746031744
os_5yr,LUAD,1,2,autogluon,0.06746031746031755
os_5yr,LUAD,1,3,tabpfn_v2,0.09750000000000014
os_5yr,LUAD,1,3,tabpfn_v2_5,0.08000000000000002
os_5yr,LUAD,1,3,tabpfn_v2_6,0.16750000000000015
os_5yr,LUAD,1,3,tabpfn_v3,0.15750000000000014
os_5yr,LUAD,1,3,tabfm_default,0.0625
os_5yr,LUAD,1,3,autogluon,0.13250000000000012
os_5yr,LUAD,1,4,tabpfn_v2,-0.11293859649122817
os_5yr,LUAD,1,4,tabpfn_v2_5,0.012061403508771829
os_5yr,LUAD,1,4,tabpfn_v2_6,-0.0910087719298246
os_5yr,LUAD,1,4,tabpfn_v3,-0.0054824561403509775
os_5yr,LUAD,1,4,tabfm_default,-0.0274122807017545
os_5yr,LUAD,1,4,autogluon,0.0975877192982455
os_5yr,LUAD,2,0,tabpfn_v2,0.02574525745257461
os_5yr,LUAD,2,0,tabpfn_v2_5,-0.00406504065040636
os_5yr,LUAD,2,0,tabpfn_v2_6,0.03929539295392959
os_5yr,LUAD,2,0,tabpfn_v3,-0.012195121951219579
os_5yr,LUAD,2,0,tabfm_default,-0.008130081300813108
os_5yr,LUAD,2,0,autogluon,0.10433604336043367
os_5yr,LUAD,2,1,tabpfn_v2,-0.05142857142857138
os_5yr,LUAD,2,1,tabpfn_v2_5,-0.07047619047619047
os_5yr,LUAD,2,1,tabpfn_v2_6,-0.09714285714285709
os_5yr,LUAD,2,1,tabpfn_v3,-0.015238095238095273
os_5yr,LUAD,2,1,tabfm_default,-0.11999999999999994
os_5yr,LUAD,2,1,autogluon,-0.08285714285714285
os_5yr,LUAD,2,2,tabpfn_v2,0.016260162601625994
os_5yr,LUAD,2,2,tabpfn_v2_5,0.07588075880758793
os_5yr,LUAD,2,2,tabpfn_v2_6,0.08943089430894302
os_5yr,LUAD,2,2,tabpfn_v3,0.11382113821138207
os_5yr,LUAD,2,2,tabfm_default,0.01897018970189701
os_5yr,LUAD,2,2,autogluon,-0.08672086720867211
os_5yr,LUAD,2,3,tabpfn_v2,-0.21707317073170734
os_5yr,LUAD,2,3,tabpfn_v2_5,-0.04146341463414638
os_5yr,LUAD,2,3,tabpfn_v2_6,-0.11463414634146352
os_5yr,LUAD,2,3,tabpfn_v3,-0.03658536585365857
os_5yr,LUAD,2,3,tabfm_default,-0.0060975609756097615
os_5yr,LUAD,2,3,autogluon,0.08048780487804885
os_5yr,LUAD,2,4,tabpfn_v2,-0.16765873015873017
os_5yr,LUAD,2,4,tabpfn_v2_5,-0.12400793650793657
os_5yr,LUAD,2,4,tabpfn_v2_6,-0.05059523809523814
os_5yr,LUAD,2,4,tabpfn_v3,-0.22519841269841268
os_5yr,LUAD,2,4,tabfm_default,-0.01388888888888884
os_5yr,LUAD,2,4,autogluon,-0.10813492063492064
os_5yr,LUAD,3,0,tabpfn_v2,0.007954545454545436
os_5yr,LUAD,3,0,tabpfn_v2_5,0.01477272727272727
os_5yr,LUAD,3,0,tabpfn_v2_6,-0.14659090909090916
os_5yr,LUAD,3,0,tabpfn_v3,0.1079545454545453
os_5yr,LUAD,3,0,tabfm_default,-0.17159090909090913
os_5yr,LUAD,3,0,autogluon,0.04886363636363633
os_5yr,LUAD,3,1,tabpfn_v2,0.07785087719298245
os_5yr,LUAD,3,1,tabpfn_v2_5,0.03618421052631571
os_5yr,LUAD,3,1,tabpfn_v2_6,-0.12828947368421056
os_5yr,LUAD,3,1,tabpfn_v3,-0.11951754385964924
os_5yr,LUAD,3,1,tabfm_default,-0.16337719298245612
os_5yr,LUAD,3,1,autogluon,-0.12390350877192985
os_5yr,LUAD,3,2,tabpfn_v2,0.06624999999999998
os_5yr,LUAD,3,2,tabpfn_v2_5,0.06874999999999998
os_5yr,LUAD,3,2,tabpfn_v2_6,0.05624999999999997
os_5yr,LUAD,3,2,tabpfn_v3,0.036250000000000004
os_5yr,LUAD,3,2,tabfm_default,0.06499999999999989
os_5yr,LUAD,3,2,autogluon,0.07624999999999998
os_5yr,LUAD,3,3,tabpfn_v2,0.07588357588357586
os_5yr,LUAD,3,3,tabpfn_v2_5,0.007276507276507305
os_5yr,LUAD,3,3,tabpfn_v2_6,-0.03846153846153855
os_5yr,LUAD,3,3,tabpfn_v3,0.0634095634095635
os_5yr,LUAD,3,3,tabfm_default,0.10498960498960497
os_5yr,LUAD,3,3,autogluon,0.05925155925155923
os_5yr,LUAD,3,4,tabpfn_v2,0.1048951048951049
os_5yr,LUAD,3,4,tabpfn_v2_5,0.10023310023310028
os_5yr,LUAD,3,4,tabpfn_v2_6,0.02097902097902099
os_5yr,LUAD,3,4,tabpfn_v3,0.06060606060606061
os_5yr,LUAD,3,4,tabfm_default,0.07925407925407918
os_5yr,LUAD,3,4,autogluon,0.19347319347319347
os_5yr,LUAD,4,0,tabpfn_v2,-0.12301587301587302
os_5yr,LUAD,4,0,tabpfn_v2_5,-0.041005291005291045
os_5yr,LUAD,4,0,tabpfn_v2_6,-0.09126984126984139
os_5yr,LUAD,4,0,tabpfn_v3,-0.030423280423280463
os_5yr,LUAD,4,0,tabfm_default,-0.07010582010582012
os_5yr,LUAD,4,0,autogluon,-0.12566137566137564
os_5yr,LUAD,4,1,tabpfn_v2,-0.1504761904761906
os_5yr,LUAD,4,1,tabpfn_v2_5,-0.08000000000000007
os_5yr,LUAD,4,1,tabpfn_v2_6,-0.011428571428571455
os_5yr,LUAD,4,1,tabpfn_v3,0.01904761904761898
os_5yr,LUAD,4,1,tabfm_default,-0.027619047619047654
os_5yr,LUAD,4,1,autogluon,-0.07238095238095249
os_5yr,LUAD,4,2,tabpfn_v2,0.1041666666666668
os_5yr,LUAD,4,2,tabpfn_v2_5,0.11293859649122823
os_5yr,LUAD,4,2,tabpfn_v2_6,0.06907894736842107
os_5yr,LUAD,4,2,tabpfn_v3,0.04714912280701761
os_5yr,LUAD,4,2,tabfm_default,0.06907894736842118
os_5yr,LUAD,4,2,autogluon,0.1337719298245615
os_5yr,LUAD,4,3,tabpfn_v2,0.03488372093023251
os_5yr,LUAD,4,3,tabpfn_v2_5,0.07475083056478393
os_5yr,LUAD,4,3,tabpfn_v2_6,-0.0016611295681063787
os_5yr,LUAD,4,3,tabpfn_v3,0.03156146179401986
os_5yr,LUAD,4,3,tabfm_default,-0.048172757475083094
os_5yr,LUAD,4,3,autogluon,0.011627906976744207
os_5yr,LUAD,4,4,tabpfn_v2,-0.011904761904761862
os_5yr,LUAD,4,4,tabpfn_v2_5,0.051587301587301626
os_5yr,LUAD,4,4,tabpfn_v2_6,0.029761904761904878
os_5yr,LUAD,4,4,tabpfn_v3,0.031746031746031855
os_5yr,LUAD,4,4,tabfm_default,0.06150793650793651
os_5yr,LUAD,4,4,autogluon,0.20436507936507942
extreme_os,BRCA,0,0,tabpfn_v2,0.011965811965811812
extreme_os,BRCA,0,0,tabpfn_v2_5,0.05470085470085462
extreme_os,BRCA,0,0,tabpfn_v2_6,0.08034188034188017
extreme_os,BRCA,0,0,tabpfn_v3,-1.1102230246251565e-16
extreme_os,BRCA,0,0,tabfm_default,-0.013675213675213738
extreme_os,BRCA,0,0,autogluon,-0.07692307692307698
extreme_os,BRCA,0,1,tabpfn_v2,0.005128205128205221
extreme_os,BRCA,0,1,tabpfn_v2_5,-0.008547008547008517
extreme_os,BRCA,0,1,tabpfn_v2_6,0.10598290598290605
extreme_os,BRCA,0,1,tabpfn_v3,-0.06153846153846154
extreme_os,BRCA,0,1,tabfm_default,-0.03760683760683747
extreme_os,BRCA,0,1,autogluon,-0.04444444444444429
extreme_os,BRCA,0,2,tabpfn_v2,-0.11956521739130438
extreme_os,BRCA,0,2,tabpfn_v2_5,0.010869565217391242
extreme_os,BRCA,0,2,tabpfn_v2_6,0.024456521739130377
extreme_os,BRCA,0,2,tabpfn_v3,-0.06793478260869568
extreme_os,BRCA,0,2,tabfm_default,-0.05163043478260876
extreme_os,BRCA,0,2,autogluon,-0.040760869565217406
extreme_os,BRCA,0,3,tabpfn_v2,-0.043040293040293
extreme_os,BRCA,0,3,tabpfn_v2_5,0.0045787545787546735
extreme_os,BRCA,0,3,tabpfn_v2_6,0.03571428571428581
extreme_os,BRCA,0,3,tabpfn_v3,0.022893772893772812
extreme_os,BRCA,0,3,tabfm_default,-0.05494505494505497
extreme_os,BRCA,0,3,autogluon,-0.021062271062270987
extreme_os,BRCA,0,4,tabpfn_v2,-0.05727554179566585
extreme_os,BRCA,0,4,tabpfn_v2_5,-0.04334365325077416
extreme_os,BRCA,0,4,tabpfn_v2_6,-0.09287925696594446
extreme_os,BRCA,0,4,tabpfn_v3,-0.04179566563467507
extreme_os,BRCA,0,4,tabfm_default,0.034055727554179405
extreme_os,BRCA,0,4,autogluon,-0.13157894736842124
extreme_os,BRCA,1,0,tabpfn_v2,0.016447368421052544
extreme_os,BRCA,1,0,tabpfn_v2_5,0.009868421052631526
extreme_os,BRCA,1,0,tabpfn_v2_6,-0.004934210526315819
extreme_os,BRCA,1,0,tabpfn_v3,0.03453947368421051
extreme_os,BRCA,1,0,tabfm_default,-0.00164473684210531
extreme_os,BRCA,1,0,autogluon,0.019736842105263164
extreme_os,BRCA,1,1,tabpfn_v2,0.18482142857142864
extreme_os,BRCA,1,1,tabpfn_v2_5,0.19375000000000003
extreme_os,BRCA,1,1,tabpfn_v2_6,0.22232142857142861
extreme_os,BRCA,1,1,tabpfn_v3,0.22946428571428573
extreme_os,BRCA,1,1,tabfm_default,0.14285714285714285
extreme_os,BRCA,1,1,autogluon,0.19196428571428575
extreme_os,BRCA,1,2,tabpfn_v2,0.04776422764227639
extreme_os,BRCA,1,2,tabpfn_v2_5,0.04776422764227645
extreme_os,BRCA,1,2,tabpfn_v2_6,0.08028455284552849
extreme_os,BRCA,1,2,tabpfn_v3,0.009146341463414587
extreme_os,BRCA,1,2,tabfm_default,0.023373983739837456
extreme_os,BRCA,1,2,autogluon,0.12093495934959353
extreme_os,BRCA,1,3,tabpfn_v2,-0.04776422764227639
extreme_os,BRCA,1,3,tabpfn_v2_5,0.017276422764227695
extreme_os,BRCA,1,3,tabpfn_v2_6,0.023373983739837456
extreme_os,BRCA,1,3,tabpfn_v3,-0.04166666666666663
extreme_os,BRCA,1,3,tabfm_default,0.0030487804878048808
extreme_os,BRCA,1,3,autogluon,0.05792682926829262
extreme_os,BRCA,1,4,tabpfn_v2,0.06915739268680443
extreme_os,BRCA,1,4,tabpfn_v2_5,0.10095389507154207
extreme_os,BRCA,1,4,tabpfn_v2_6,0.13116057233704292
extreme_os,BRCA,1,4,tabpfn_v3,0.09300476947535774
extreme_os,BRCA,1,4,tabfm_default,0.010333863275039823
extreme_os,BRCA,1,4,autogluon,-0.09936406995230523
extreme_os,BRCA,2,0,tabpfn_v2,0.16776315789473684
extreme_os,BRCA,2,0,tabpfn_v2_5,0.20065789473684204
extreme_os,BRCA,2,0,tabpfn_v2_6,0.29276315789473695
extreme_os,BRCA,2,0,tabpfn_v3,0.16776315789473695
extreme_os,BRCA,2,0,tabfm_default,0.10526315789473695
extreme_os,BRCA,2,0,autogluon,0.03453947368421062
extreme_os,BRCA,2,1,tabpfn_v2,-0.06496710526315808
extreme_os,BRCA,2,1,tabpfn_v2_5,-0.05838815789473695
extreme_os,BRCA,2,1,tabpfn_v2_6,-0.05345394736842113
extreme_os,BRCA,2,1,tabpfn_v3,-0.0435855263157896
extreme_os,BRCA,2,1,tabfm_default,-0.0419407894736844
extreme_os,BRCA,2,1,autogluon,-0.17680921052631593
extreme_os,BRCA,2,2,tabpfn_v2,0.054409005628517804
extreme_os,BRCA,2,2,tabpfn_v2_5,0.022514071294559068
extreme_os,BRCA,2,2,tabpfn_v2_6,-0.06566604127579734
extreme_os,BRCA,2,2,tabpfn_v3,-0.02063789868667909
extreme_os,BRCA,2,2,tabfm_default,-0.015009380863039379
extreme_os,BRCA,2,2,autogluon,0.009380863039399667
extreme_os,BRCA,2,3,tabpfn_v2,0.0011627906976743319
extreme_os,BRCA,2,3,tabpfn_v2_5,0.008139534883720878
extreme_os,BRCA,2,3,tabpfn_v2_6,0.019767441860464974
extreme_os,BRCA,2,3,tabpfn_v3,-0.045348837209302495
extreme_os,BRCA,2,3,tabfm_default,0.04767441860465105
extreme_os,BRCA,2,3,autogluon,-0.11279069767441874
extreme_os,BRCA,2,4,tabpfn_v2,0.007601351351351315
extreme_os,BRCA,2,4,tabpfn_v2_5,0.026182432432432345
extreme_os,BRCA,2,4,tabpfn_v2_6,0.021114864864864913
extreme_os,BRCA,2,4,tabpfn_v3,0.014358108108108114
extreme_os,BRCA,2,4,tabfm_default,0.0244932432432432
extreme_os,BRCA,2,4,autogluon,-0.12246621621621617
extreme_os,BRCA,3,0,tabpfn_v2,0.1276785714285713
extreme_os,BRCA,3,0,tabpfn_v2_5,0.09196428571428561
extreme_os,BRCA,3,0,tabpfn_v2_6,0.1455357142857142
extreme_os,BRCA,3,0,tabpfn_v3,0.09553571428571428
extreme_os,BRCA,3,0,tabfm_default,0.008928571428571286
extreme_os,BRCA,3,0,autogluon,0.12142857142857133
extreme_os,BRCA,3,1,tabpfn_v2,0.11875000000000008
extreme_os,BRCA,3,1,tabpfn_v2_5,0.11696428571428569
extreme_os,BRCA,3,1,tabpfn_v2_6,0.06517857142857136
extreme_os,BRCA,3,1,tabpfn_v3,0.09375000000000006
extreme_os,BRCA,3,1,tabfm_default,0.14910714285714283
extreme_os,BRCA,3,1,autogluon,0.02946428571428572
extreme_os,BRCA,3,2,tabpfn_v2,-0.13257575757575757
extreme_os,BRCA,3,2,tabpfn_v2_5,-0.03661616161616166
extreme_os,BRCA,3,2,tabpfn_v2_6,-0.07196969696969696
extreme_os,BRCA,3,2,tabpfn_v3,-0.016414141414141437
extreme_os,BRCA,3,2,tabfm_default,0.0
extreme_os,BRCA,3,2,autogluon,-0.18560606060606066
extreme_os,BRCA,3,3,tabpfn_v2,-0.02472527472527475
extreme_os,BRCA,3,3,tabpfn_v2_5,-0.008241758241758212
extreme_os,BRCA,3,3,tabpfn_v2_6,-0.1217948717948717
extreme_os,BRCA,3,3,tabpfn_v3,-0.13095238095238082
extreme_os,BRCA,3,3,tabfm_default,-0.03937728937728946
extreme_os,BRCA,3,3,autogluon,-0.22619047619047622
extreme_os,BRCA,3,4,tabpfn_v2,-0.07794117647058829
extreme_os,BRCA,3,4,tabpfn_v2_5,-0.04852941176470582
extreme_os,BRCA,3,4,tabpfn_v2_6,0.02352941176470591
extreme_os,BRCA,3,4,tabpfn_v3,0.007352941176470562
extreme_os,BRCA,3,4,tabfm_default,0.0007352941176470562
extreme_os,BRCA,3,4,autogluon,-0.13382352941176473
extreme_os,BRCA,4,0,tabpfn_v2,0.08187599364069953
extreme_os,BRCA,4,0,tabpfn_v2_5,0.037360890302066796
extreme_os,BRCA,4,0,tabpfn_v2_6,0.054848966613672556
extreme_os,BRCA,4,0,tabpfn_v3,-0.02305246422893481
extreme_os,BRCA,4,0,tabfm_default,0.04610492845786962
extreme_os,BRCA,4,0,autogluon,0.02384737678855331
extreme_os,BRCA,4,1,tabpfn_v2,0.15535714285714297
extreme_os,BRCA,4,1,tabpfn_v2_5,0.1625000000000001
extreme_os,BRCA,4,1,tabpfn_v2_6,0.1339285714285715
extreme_os,BRCA,4,1,tabpfn_v3,0.14642857142857157
extreme_os,BRCA,4,1,tabfm_default,0.17946428571428585
extreme_os,BRCA,4,1,autogluon,-0.044642857142856984
extreme_os,BRCA,4,2,tabpfn_v2,-0.07906976744186034
extreme_os,BRCA,4,2,tabpfn_v2_5,-0.09302325581395343
extreme_os,BRCA,4,2,tabpfn_v2_6,0.006976744186046546
extreme_os,BRCA,4,2,tabpfn_v3,-0.0720930232558139
extreme_os,BRCA,4,2,tabfm_default,-0.03837209302325573
extreme_os,BRCA,4,2,autogluon,-0.06744186046511613
extreme_os,BRCA,4,3,tabpfn_v2,0.03353658536585363
extreme_os,BRCA,4,3,tabpfn_v2_5,0.10873983739837406
extreme_os,BRCA,4,3,tabpfn_v2_6,0.10670731707317077
extreme_os,BRCA,4,3,tabpfn_v3,0.00101626016260159
extreme_os,BRCA,4,3,tabfm_default,0.039634146341463394
extreme_os,BRCA,4,3,autogluon,0.1493902439024391
extreme_os,BRCA,4,4,tabpfn_v2,-0.06635802469135799
extreme_os,BRCA,4,4,tabpfn_v2_5,-0.043209876543209735
extreme_os,BRCA,4,4,tabpfn_v2_6,-0.05555555555555547
extreme_os,BRCA,4,4,tabpfn_v3,-0.09413580246913567
extreme_os,BRCA,4,4,tabfm_default,-0.09336419753086417
extreme_os,BRCA,4,4,autogluon,-0.10956790123456789
extreme_os,HNSCC,0,0,tabpfn_v2,0.07469512195121952
extreme_os,HNSCC,0,0,tabpfn_v2_5,0.06859756097560976
extreme_os,HNSCC,0,0,tabpfn_v2_6,0.12957317073170727
extreme_os,HNSCC,0,0,tabpfn_v3,0.05335365853658536
extreme_os,HNSCC,0,0,tabfm_default,0.03201219512195119
extreme_os,HNSCC,0,0,autogluon,0.09298780487804881
extreme_os,HNSCC,0,1,tabpfn_v2,-0.0019379844961241455
extreme_os,HNSCC,0,1,tabpfn_v2_5,-0.032945736434108586
extreme_os,HNSCC,0,1,tabpfn_v2_6,-0.07170542635658927
extreme_os,HNSCC,0,1,tabpfn_v3,-0.07170542635658916
extreme_os,HNSCC,0,1,tabfm_default,-0.04263565891472876
extreme_os,HNSCC,0,1,autogluon,-0.1763565891472869
extreme_os,HNSCC,0,2,tabpfn_v2,0.0807926829268294
extreme_os,HNSCC,0,2,tabpfn_v2_5,0.08993902439024393
extreme_os,HNSCC,0,2,tabpfn_v2_6,0.14481707317073178
extreme_os,HNSCC,0,2,tabpfn_v3,0.11128048780487809
extreme_os,HNSCC,0,2,tabfm_default,0.22408536585365857
extreme_os,HNSCC,0,2,autogluon,-0.030487804878048752
extreme_os,HNSCC,0,3,tabpfn_v2,0.0017421602787457413
extreme_os,HNSCC,0,3,tabpfn_v2_5,0.0435540069686412
extreme_os,HNSCC,0,3,tabpfn_v2_6,0.03658536585365868
extreme_os,HNSCC,0,3,tabpfn_v3,-0.019163763066202044
extreme_os,HNSCC,0,3,tabfm_default,0.0818815331010454
extreme_os,HNSCC,0,3,autogluon,0.03658536585365868
extreme_os,HNSCC,0,4,tabpfn_v2,0.04772727272727273
extreme_os,HNSCC,0,4,tabpfn_v2_5,0.0613636363636364
extreme_os,HNSCC,0,4,tabpfn_v2_6,0.12045454545454559
extreme_os,HNSCC,0,4,tabpfn_v3,0.0795454545454547
extreme_os,HNSCC,0,4,tabfm_default,0.11136363636363644
extreme_os,HNSCC,0,4,autogluon,0.17500000000000004
extreme_os,HNSCC,1,0,tabpfn_v2,-0.07083333333333341
extreme_os,HNSCC,1,0,tabpfn_v2_5,-0.07361111111111107
extreme_os,HNSCC,1,0,tabpfn_v2_6,-0.029166666666666674
extreme_os,HNSCC,1,0,tabpfn_v3,-0.026388888888888906
extreme_os,HNSCC,1,0,tabfm_default,-0.0986111111111111
extreme_os,HNSCC,1,0,autogluon,0.04861111111111105
extreme_os,HNSCC,1,1,tabpfn_v2,-0.1259689922480619
extreme_os,HNSCC,1,1,tabpfn_v2_5,-0.06395348837209291
extreme_os,HNSCC,1,1,tabpfn_v2_6,-0.07558139534883712
extreme_os,HNSCC,1,1,tabpfn_v3,0.01744186046511631
extreme_os,HNSCC,1,1,tabfm_default,-0.06201550387596899
extreme_os,HNSCC,1,1,autogluon,-0.14922480620155032
extreme_os,HNSCC,1,2,tabpfn_v2,0.06388888888888888
extreme_os,HNSCC,1,2,tabpfn_v2_5,0.019444444444444486
extreme_os,HNSCC,1,2,tabpfn_v2_6,0.047222222222222276
extreme_os,HNSCC,1,2,tabpfn_v3,0.13055555555555565
extreme_os,HNSCC,1,2,tabfm_default,-0.05277777777777781
extreme_os,HNSCC,1,2,autogluon,0.10277777777777786
extreme_os,HNSCC,1,3,tabpfn_v2,0.11931818181818188
extreme_os,HNSCC,1,3,tabpfn_v2_5,0.18181818181818188
extreme_os,HNSCC,1,3,tabpfn_v2_6,0.13068181818181812
extreme_os,HNSCC,1,3,tabpfn_v3,0.07954545454545459
extreme_os,HNSCC,1,3,tabfm_default,0.12784090909090917
extreme_os,HNSCC,1,3,autogluon,0.045454545454545414
extreme_os,HNSCC,1,4,tabpfn_v2,0.08253588516746413
extreme_os,HNSCC,1,4,tabpfn_v2_5,0.02511961722488032
extreme_os,HNSCC,1,4,tabpfn_v2_6,0.11124401913875592
extreme_os,HNSCC,1,4,tabpfn_v3,0.10167464114832536
extreme_os,HNSCC,1,4,tabfm_default,0.00837320574162681
extreme_os,HNSCC,1,4,autogluon,0.07296650717703346
extreme_os,HNSCC,2,0,tabpfn_v2,0.020408163265306145
extreme_os,HNSCC,2,0,tabpfn_v2_5,0.0374149659863946
extreme_os,HNSCC,2,0,tabpfn_v2_6,0.05442176870748294
extreme_os,HNSCC,2,0,tabpfn_v3,0.05102040816326536
extreme_os,HNSCC,2,0,tabfm_default,-0.03231292517006801
extreme_os,HNSCC,2,0,autogluon,0.09183673469387743
extreme_os,HNSCC,2,1,tabpfn_v2,0.12222222222222223
extreme_os,HNSCC,2,1,tabpfn_v2_5,0.06388888888888888
extreme_os,HNSCC,2,1,tabpfn_v2_6,0.1416666666666666
extreme_os,HNSCC,2,1,tabpfn_v3,0.08333333333333326
extreme_os,HNSCC,2,1,tabfm_default,0.03472222222222221
extreme_os,HNSCC,2,1,autogluon,0.07499999999999996
extreme_os,HNSCC,2,2,tabpfn_v2,0.033333333333333215
extreme_os,HNSCC,2,2,tabpfn_v2_5,0.025925925925925797
extreme_os,HNSCC,2,2,tabpfn_v2_6,0.0037037037037036535
extreme_os,HNSCC,2,2,tabpfn_v3,-0.011111111111111072
extreme_os,HNSCC,2,2,tabfm_default,0.06296296296296289
extreme_os,HNSCC,2,2,autogluon,-0.062962962962963
extreme_os,HNSCC,2,3,tabpfn_v2,0.009689922480620172
extreme_os,HNSCC,2,3,tabpfn_v2_5,0.04844961240310086
extreme_os,HNSCC,2,3,tabpfn_v2_6,0.0910852713178294
extreme_os,HNSCC,2,3,tabpfn_v3,0.04069767441860472
extreme_os,HNSCC,2,3,tabfm_default,0.10465116279069753
extreme_os,HNSCC,2,3,autogluon,0.14534883720930225
extreme_os,HNSCC,2,4,tabpfn_v2,0.08333333333333337
extreme_os,HNSCC,2,4,tabpfn_v2_5,0.061111111111111116
extreme_os,HNSCC,2,4,tabpfn_v2_6,0.05833333333333324
extreme_os,HNSCC,2,4,tabpfn_v3,0.08611111111111114
extreme_os,HNSCC,2,4,tabfm_default,0.05972222222222212
extreme_os,HNSCC,2,4,autogluon,-0.09027777777777779
extreme_os,HNSCC,3,0,tabpfn_v2,-0.011363636363636465
extreme_os,HNSCC,3,0,tabpfn_v2_5,-0.0840909090909091
extreme_os,HNSCC,3,0,tabpfn_v2_6,0.02954545454545454
extreme_os,HNSCC,3,0,tabpfn_v3,-0.03409090909090917
extreme_os,HNSCC,3,0,tabfm_default,-0.05454545454545462
extreme_os,HNSCC,3,0,autogluon,0.1477272727272727
extreme_os,HNSCC,3,1,tabpfn_v2,-0.06395348837209303
extreme_os,HNSCC,3,1,tabpfn_v2_5,-0.0678294573643411
extreme_os,HNSCC,3,1,tabpfn_v2_6,-0.032945736434108475
extreme_os,HNSCC,3,1,tabpfn_v3,-0.01744186046511631
extreme_os,HNSCC,3,1,tabfm_default,-0.021317829457364268
extreme_os,HNSCC,3,1,autogluon,0.0910852713178294
extreme_os,HNSCC,3,2,tabpfn_v2,0.07491289198606266
extreme_os,HNSCC,3,2,tabpfn_v2_5,0.10278745644599296
extreme_os,HNSCC,3,2,tabpfn_v2_6,0.08188153310104529
extreme_os,HNSCC,3,2,tabpfn_v3,0.11324041811846686
extreme_os,HNSCC,3,2,tabfm_default,0.14459930313588854
extreme_os,HNSCC,3,2,autogluon,0.0017421602787456303
extreme_os,HNSCC,3,3,tabpfn_v2,0.027439024390243927
extreme_os,HNSCC,3,3,tabpfn_v2_5,0.04268292682926833
extreme_os,HNSCC,3,3,tabpfn_v2_6,0.060975609756097615
extreme_os,HNSCC,3,3,tabpfn_v3,0.060975609756097615
extreme_os,HNSCC,3,3,tabfm_default,0.03201219512195119
extreme_os,HNSCC,3,3,autogluon,-0.07012195121951215
extreme_os,HNSCC,3,4,tabpfn_v2,0.08993902439024393
extreme_os,HNSCC,3,4,tabpfn_v2_5,0.11737804878048774
extreme_os,HNSCC,3,4,tabpfn_v2_6,0.11432926829268297
extreme_os,HNSCC,3,4,tabpfn_v3,0.12957317073170738
extreme_os,HNSCC,3,4,tabfm_default,0.044207317073170826
extreme_os,HNSCC,3,4,autogluon,-0.12957317073170727
extreme_os,HNSCC,4,0,tabpfn_v2,-0.19047619047619047
extreme_os,HNSCC,4,0,tabpfn_v2_5,-0.217687074829932
extreme_os,HNSCC,4,0,tabpfn_v2_6,-0.0646258503401359
extreme_os,HNSCC,4,0,tabpfn_v3,-0.20068027210884354
extreme_os,HNSCC,4,0,tabfm_default,-0.2108843537414966
extreme_os,HNSCC,4,0,autogluon,-0.09183673469387754
extreme_os,HNSCC,4,1,tabpfn_v2,-0.015503875968992276
extreme_os,HNSCC,4,1,tabpfn_v2_5,-0.06589147286821706
extreme_os,HNSCC,4,1,tabpfn_v2_6,-0.06201550387596899
extreme_os,HNSCC,4,1,tabpfn_v3,-0.03875968992248069
extreme_os,HNSCC,4,1,tabfm_default,-0.015503875968992276
extreme_os,HNSCC,4,1,autogluon,-0.015503875968992276
extreme_os,HNSCC,4,2,tabpfn_v2,-0.054006968641115094
extreme_os,HNSCC,4,2,tabpfn_v2_5,-0.07491289198606277
extreme_os,HNSCC,4,2,tabpfn_v2_6,-0.054006968641115094
extreme_os,HNSCC,4,2,tabpfn_v3,0.012195121951219412
extreme_os,HNSCC,4,2,tabfm_default,0.026132404181184565
extreme_os,HNSCC,4,2,autogluon,-0.012195121951219523
extreme_os,HNSCC,4,3,tabpfn_v2,0.20068027210884365
extreme_os,HNSCC,4,3,tabpfn_v2_5,0.054421768707483054
extreme_os,HNSCC,4,3,tabpfn_v2_6,0.04761904761904767
extreme_os,HNSCC,4,3,tabpfn_v3,0.07823129251700689
extreme_os,HNSCC,4,3,tabfm_default,0.08163265306122458
extreme_os,HNSCC,4,3,autogluon,0.09183673469387765
extreme_os,HNSCC,4,4,tabpfn_v2,0.14795918367346939
extreme_os,HNSCC,4,4,tabpfn_v2_5,0.04931972789115657
extreme_os,HNSCC,4,4,tabpfn_v2_6,0.1071428571428572
extreme_os,HNSCC,4,4,tabpfn_v3,0.1139455782312927
extreme_os,HNSCC,4,4,tabfm_default,0.059523809523809645
extreme_os,HNSCC,4,4,autogluon,0.059523809523809645
extreme_os,LSCC,0,0,tabpfn_v2,0.05598958333333326
extreme_os,LSCC,0,0,tabpfn_v2_5,0.06901041666666663
extreme_os,LSCC,0,0,tabpfn_v2_6,0.05078125
extreme_os,LSCC,0,0,tabpfn_v3,0.04817708333333337
extreme_os,LSCC,0,0,tabfm_default,0.011718749999999889
extreme_os,LSCC,0,0,autogluon,0.00911458333333337
extreme_os,LSCC,0,1,tabpfn_v2,0.06380208333333326
extreme_os,LSCC,0,1,tabpfn_v2_5,0.08463541666666663
extreme_os,LSCC,0,1,tabpfn_v2_6,0.04296875
extreme_os,LSCC,0,1,tabpfn_v3,0.08463541666666674
extreme_os,LSCC,0,1,tabfm_default,0.08723958333333337
extreme_os,LSCC,0,1,autogluon,-0.024739583333333426
extreme_os,LSCC,0,2,tabpfn_v2,0.08487654320987648
extreme_os,LSCC,0,2,tabpfn_v2_5,0.02314814814814814
extreme_os,LSCC,0,2,tabpfn_v2_6,0.03240740740740744
extreme_os,LSCC,0,2,tabpfn_v3,0.03549382716049376
extreme_os,LSCC,0,2,tabfm_default,0.03240740740740744
extreme_os,LSCC,0,2,autogluon,0.08487654320987659
extreme_os,LSCC,0,3,tabpfn_v2,0.16999999999999993
extreme_os,LSCC,0,3,tabpfn_v2_5,0.20999999999999996
extreme_os,LSCC,0,3,tabpfn_v2_6,0.07999999999999996
extreme_os,LSCC,0,3,tabpfn_v3,0.1349999999999999
extreme_os,LSCC,0,3,tabfm_default,0.2024999999999999
extreme_os,LSCC,0,3,autogluon,0.1349999999999999
extreme_os,LSCC,0,4,tabpfn_v2,0.04880952380952386
extreme_os,LSCC,0,4,tabpfn_v2_5,0.06547619047619047
extreme_os,LSCC,0,4,tabpfn_v2_6,0.07976190476190481
extreme_os,LSCC,0,4,tabpfn_v3,0.11309523809523803
extreme_os,LSCC,0,4,tabfm_default,-0.11547619047619045
extreme_os,LSCC,0,4,autogluon,-0.03452380952380951
extreme_os,LSCC,1,0,tabpfn_v2,-0.0485714285714286
extreme_os,LSCC,1,0,tabpfn_v2_5,-0.04571428571428571
extreme_os,LSCC,1,0,tabpfn_v2_6,-0.14571428571428569
extreme_os,LSCC,1,0,tabpfn_v3,-0.10285714285714287
extreme_os,LSCC,1,0,tabfm_default,-0.09999999999999998
extreme_os,LSCC,1,0,autogluon,-0.13714285714285712
extreme_os,LSCC,1,1,tabpfn_v2,-0.13899613899613905
extreme_os,LSCC,1,1,tabpfn_v2_5,-0.13899613899613905
extreme_os,LSCC,1,1,tabpfn_v2_6,-0.019305019305019377
extreme_os,LSCC,1,1,tabpfn_v3,-0.10038610038610041
extreme_os,LSCC,1,1,tabfm_default,-0.021235521235521193
extreme_os,LSCC,1,1,autogluon,0.0038610038610038533
extreme_os,LSCC,1,2,tabpfn_v2,0.06198347107438018
extreme_os,LSCC,1,2,tabpfn_v2_5,-0.026170798898071668
extreme_os,LSCC,1,2,tabpfn_v2_6,-0.009641873278236957
extreme_os,LSCC,1,2,tabpfn_v3,-0.009641873278236957
extreme_os,LSCC,1,2,tabfm_default,-0.0055096418732781816
extreme_os,LSCC,1,2,autogluon,0.0013774104683196287
extreme_os,LSCC,1,3,tabpfn_v2,-0.025555555555555554
extreme_os,LSCC,1,3,tabpfn_v2_5,0.050000000000000044
extreme_os,LSCC,1,3,tabpfn_v2_6,-0.007777777777777772
extreme_os,LSCC,1,3,tabpfn_v3,0.05222222222222228
extreme_os,LSCC,1,3,tabfm_default,0.13777777777777778
extreme_os,LSCC,1,3,autogluon,0.04777777777777781
extreme_os,LSCC,1,4,tabpfn_v2,0.21904761904761905
extreme_os,LSCC,1,4,tabpfn_v2_5,0.2952380952380953
extreme_os,LSCC,1,4,tabpfn_v2_6,0.19047619047619047
extreme_os,LSCC,1,4,tabpfn_v3,0.29206349206349214
extreme_os,LSCC,1,4,tabfm_default,0.16666666666666663
extreme_os,LSCC,1,4,autogluon,0.18095238095238098
extreme_os,LSCC,2,0,tabpfn_v2,-0.03676470588235281
extreme_os,LSCC,2,0,tabpfn_v2_5,0.019117647058823573
extreme_os,LSCC,2,0,tabpfn_v2_6,0.05441176470588238
extreme_os,LSCC,2,0,tabpfn_v3,0.06617647058823539
extreme_os,LSCC,2,0,tabfm_default,0.013235294117647123
extreme_os,LSCC,2,0,autogluon,-0.11911764705882344
extreme_os,LSCC,2,1,tabpfn_v2,0.04852941176470593
extreme_os,LSCC,2,1,tabpfn_v2_5,0.027941176470588358
extreme_os,LSCC,2,1,tabpfn_v2_6,-0.013235294117647012
extreme_os,LSCC,2,1,tabpfn_v3,0.0779411764705884
extreme_os,LSCC,2,1,tabfm_default,-0.0117647058823529
extreme_os,LSCC,2,1,autogluon,0.06323529411764717
extreme_os,LSCC,2,2,tabpfn_v2,0.0968253968253967
extreme_os,LSCC,2,2,tabpfn_v2_5,0.09365079365079365
extreme_os,LSCC,2,2,tabpfn_v2_6,0.061904761904761796
extreme_os,LSCC,2,2,tabpfn_v3,0.03333333333333327
extreme_os,LSCC,2,2,tabfm_default,0.1063492063492063
extreme_os,LSCC,2,2,autogluon,0.0015873015873015817
extreme_os,LSCC,2,3,tabpfn_v2,0.0012019230769231282
extreme_os,LSCC,2,3,tabpfn_v2_5,-0.046875
extreme_os,LSCC,2,3,tabpfn_v2_6,0.0012019230769230171
extreme_os,LSCC,2,3,tabpfn_v3,0.049278846153846145
extreme_os,LSCC,2,3,tabfm_default,-0.07331730769230771
extreme_os,LSCC,2,3,autogluon,-0.05649038461538458
extreme_os,LSCC,2,4,tabpfn_v2,0.06000000000000005
extreme_os,LSCC,2,4,tabpfn_v2_5,0.04285714285714293
extreme_os,LSCC,2,4,tabpfn_v2_6,0.06857142857142873
extreme_os,LSCC,2,4,tabpfn_v3,0.10000000000000009
extreme_os,LSCC,2,4,tabfm_default,0.11285714285714299
extreme_os,LSCC,2,4,autogluon,0.04571428571428582
extreme_os,LSCC,3,0,tabpfn_v2,-0.05096418732782371
extreme_os,LSCC,3,0,tabpfn_v2_5,-0.14462809917355368
extreme_os,LSCC,3,0,tabpfn_v2_6,-0.05647382920110189
extreme_os,LSCC,3,0,tabpfn_v3,-0.050964187327823596
extreme_os,LSCC,3,0,tabfm_default,-0.11157024793388426
extreme_os,LSCC,3,0,autogluon,-0.02892561983471076
extreme_os,LSCC,3,1,tabpfn_v2,0.03535353535353536
extreme_os,LSCC,3,1,tabpfn_v2_5,-1.1102230246251565e-16
extreme_os,LSCC,3,1,tabpfn_v2_6,0.13131313131313127
extreme_os,LSCC,3,1,tabpfn_v3,-0.01010101010101011
extreme_os,LSCC,3,1,tabfm_default,0.08838383838383829
extreme_os,LSCC,3,1,autogluon,0.03535353535353536
extreme_os,LSCC,3,2,tabpfn_v2,0.038610038610038644
extreme_os,LSCC,3,2,tabpfn_v2_5,0.13127413127413123
extreme_os,LSCC,3,2,tabpfn_v2_6,0.06563706563706562
extreme_os,LSCC,3,2,tabpfn_v3,0.10810810810810811
extreme_os,LSCC,3,2,tabfm_default,0.16023166023166013
extreme_os,LSCC,3,2,autogluon,-0.038610038610038644
extreme_os,LSCC,3,3,tabpfn_v2,0.03225806451612889
extreme_os,LSCC,3,3,tabpfn_v2_5,-0.00496277915632759
extreme_os,LSCC,3,3,tabpfn_v2_6,0.07692307692307687
extreme_os,LSCC,3,3,tabpfn_v3,0.004962779156327479
extreme_os,LSCC,3,3,tabfm_default,0.06451612903225801
extreme_os,LSCC,3,3,autogluon,-0.1786600496277917
extreme_os,LSCC,3,4,tabpfn_v2,0.1774691358024691
extreme_os,LSCC,3,4,tabpfn_v2_5,0.1404320987654321
extreme_os,LSCC,3,4,tabpfn_v2_6,0.03549382716049376
extreme_os,LSCC,3,4,tabpfn_v3,0.15277777777777773
extreme_os,LSCC,3,4,tabfm_default,0.18981481481481483
extreme_os,LSCC,3,4,autogluon,0.14660493827160498
extreme_os,LSCC,4,0,tabpfn_v2,-0.03645833333333326
extreme_os,LSCC,4,0,tabpfn_v2_5,-0.03993055555555558
extreme_os,LSCC,4,0,tabpfn_v2_6,-0.15104166666666663
extreme_os,LSCC,4,0,tabpfn_v3,-0.02951388888888884
extreme_os,LSCC,4,0,tabfm_default,-0.02430555555555547
extreme_os,LSCC,4,0,autogluon,-0.09895833333333326
extreme_os,LSCC,4,1,tabpfn_v2,0.038461538461538436
extreme_os,LSCC,4,1,tabpfn_v2_5,0.06490384615384626
extreme_os,LSCC,4,1,tabpfn_v2_6,0.03605769230769229
extreme_os,LSCC,4,1,tabpfn_v3,0.17067307692307698
extreme_os,LSCC,4,1,tabfm_default,0.18509615384615385
extreme_os,LSCC,4,1,autogluon,-0.009615384615384581
extreme_os,LSCC,4,2,tabpfn_v2,0.06640625
extreme_os,LSCC,4,2,tabpfn_v2_5,0.10026041666666674
extreme_os,LSCC,4,2,tabpfn_v2_6,0.13932291666666674
extreme_os,LSCC,4,2,tabpfn_v3,0.04817708333333337
extreme_os,LSCC,4,2,tabfm_default,0.16536458333333326
extreme_os,LSCC,4,2,autogluon,-0.05859375
extreme_os,LSCC,4,3,tabpfn_v2,-0.07713498622589532
extreme_os,LSCC,4,3,tabpfn_v2_5,-0.12396694214876036
extreme_os,LSCC,4,3,tabpfn_v2_6,-0.05509641873278226
extreme_os,LSCC,4,3,tabpfn_v3,-0.04132231404958675
extreme_os,LSCC,4,3,tabfm_default,-0.02203856749311295
extreme_os,LSCC,4,3,autogluon,-0.024793388429751984
extreme_os,LSCC,4,4,tabpfn_v2,-0.12162162162162149
extreme_os,LSCC,4,4,tabpfn_v2_5,-0.04391891891891875
extreme_os,LSCC,4,4,tabpfn_v2_6,-0.010135135135135087
extreme_os,LSCC,4,4,tabpfn_v3,0.03716216216216228
extreme_os,LSCC,4,4,tabfm_default,-0.1233108108108108
extreme_os,LSCC,4,4,autogluon,-0.08445945945945943
extreme_os,LUAD,0,0,tabpfn_v2,0.06666666666666676
extreme_os,LUAD,0,0,tabpfn_v2_5,0.07272727272727275
extreme_os,LUAD,0,0,tabpfn_v2_6,0.09090909090909094
extreme_os,LUAD,0,0,tabpfn_v3,0.11515151515151523
extreme_os,LUAD,0,0,tabfm_default,0.05606060606060603
extreme_os,LUAD,0,0,autogluon,0.0121212121212122
extreme_os,LUAD,0,1,tabpfn_v2,-0.12433862433862436
extreme_os,LUAD,0,1,tabpfn_v2_5,-0.09259259259259267
extreme_os,LUAD,0,1,tabpfn_v2_6,0.0026455026455026176
extreme_os,LUAD,0,1,tabpfn_v3,-0.1402116402116403
extreme_os,LUAD,0,1,tabfm_default,-0.12301587301587308
extreme_os,LUAD,0,1,autogluon,-0.06878306878306878
extreme_os,LUAD,0,2,tabpfn_v2,-0.009803921568627416
extreme_os,LUAD,0,2,tabpfn_v2_5,-0.06372549019607843
extreme_os,LUAD,0,2,tabpfn_v2_6,0.039215686274509776
extreme_os,LUAD,0,2,tabpfn_v3,0.03921568627450989
extreme_os,LUAD,0,2,tabfm_default,-0.2549019607843137
extreme_os,LUAD,0,2,autogluon,-0.004901960784313708
extreme_os,LUAD,0,3,tabpfn_v2,-0.06060606060606066
extreme_os,LUAD,0,3,tabpfn_v2_5,-0.015151515151515138
extreme_os,LUAD,0,3,tabpfn_v2_6,-0.03409090909090917
extreme_os,LUAD,0,3,tabpfn_v3,-0.030303030303030276
extreme_os,LUAD,0,3,tabfm_default,-0.032196969696969724
extreme_os,LUAD,0,3,autogluon,0.10795454545454541
extreme_os,LUAD,0,4,tabpfn_v2,-0.0021645021645022022
extreme_os,LUAD,0,4,tabpfn_v2_5,0.006493506493506385
extreme_os,LUAD,0,4,tabpfn_v2_6,-0.019480519480519543
extreme_os,LUAD,0,4,tabpfn_v3,0.041125541125541176
extreme_os,LUAD,0,4,tabfm_default,0.02380952380952378
extreme_os,LUAD,0,4,autogluon,0.06493506493506496
extreme_os,LUAD,1,0,tabpfn_v2,-0.11363636363636365
extreme_os,LUAD,1,0,tabpfn_v2_5,-0.16212121212121217
extreme_os,LUAD,1,0,tabpfn_v2_6,-0.013636363636363669
extreme_os,LUAD,1,0,tabpfn_v3,-0.10454545454545466
extreme_os,LUAD,1,0,tabfm_default,-0.10454545454545466
extreme_os,LUAD,1,0,autogluon,-0.17727272727272736
extreme_os,LUAD,1,1,tabpfn_v2,-0.0798611111111111
extreme_os,LUAD,1,1,tabpfn_v2_5,-0.09375
extreme_os,LUAD,1,1,tabpfn_v2_6,-0.03472222222222221
extreme_os,LUAD,1,1,tabpfn_v3,-0.1597222222222222
extreme_os,LUAD,1,1,tabfm_default,-0.00868055555555558
extreme_os,LUAD,1,1,autogluon,-0.0625
extreme_os,LUAD,1,2,tabpfn_v2,0.08613445378151263
extreme_os,LUAD,1,2,tabpfn_v2_5,0.027310924369747913
extreme_os,LUAD,1,2,tabpfn_v2_6,0.044117647058823484
extreme_os,LUAD,1,2,tabpfn_v3,0.0021008403361345573
extreme_os,LUAD,1,2,tabfm_default,0.02310924369747913
extreme_os,LUAD,1,2,autogluon,-0.06512605042016795
extreme_os,LUAD,1,3,tabpfn_v2,0.010822510822510734
extreme_os,LUAD,1,3,tabpfn_v2_5,0.023809523809523725
extreme_os,LUAD,1,3,tabpfn_v2_6,0.015151515151515138
extreme_os,LUAD,1,3,tabpfn_v3,0.01948051948051943
extreme_os,LUAD,1,3,tabfm_default,0.021645021645021523
extreme_os,LUAD,1,3,autogluon,-0.11904761904761918
extreme_os,LUAD,1,4,tabpfn_v2,0.03720238095238093
extreme_os,LUAD,1,4,tabpfn_v2_5,0.1651785714285714
extreme_os,LUAD,1,4,tabpfn_v2_6,0.1160714285714286
extreme_os,LUAD,1,4,tabpfn_v3,0.15327380952380953
extreme_os,LUAD,1,4,tabfm_default,0.17559523809523814
extreme_os,LUAD,1,4,autogluon,0.0848214285714286
extreme_os,LUAD,2,0,tabpfn_v2,-0.11554621848739499
extreme_os,LUAD,2,0,tabpfn_v2_5,-0.1785714285714286
extreme_os,LUAD,2,0,tabpfn_v2_6,-0.22058823529411764
extreme_os,LUAD,2,0,tabpfn_v3,-0.1407563025210084
extreme_os,LUAD,2,0,tabfm_default,-0.0378151260504202
extreme_os,LUAD,2,0,autogluon,-0.05672268907563022
extreme_os,LUAD,2,1,tabpfn_v2,0.051515151515151514
extreme_os,LUAD,2,1,tabpfn_v2_5,0.045454545454545525
extreme_os,LUAD,2,1,tabpfn_v2_6,-0.12121212121212122
extreme_os,LUAD,2,1,tabpfn_v3,0.024242424242424288
extreme_os,LUAD,2,1,tabfm_default,-0.025757575757575757
extreme_os,LUAD,2,1,autogluon,-0.006060606060605989
extreme_os,LUAD,2,2,tabpfn_v2,-0.01680672268907568
extreme_os,LUAD,2,2,tabpfn_v2_5,0.02941176470588236
extreme_os,LUAD,2,2,tabpfn_v2_6,-0.02941176470588236
extreme_os,LUAD,2,2,tabpfn_v3,0.0630252100840335
extreme_os,LUAD,2,2,tabfm_default,-0.1113445378151261
extreme_os,LUAD,2,2,autogluon,-0.037815126050420145
extreme_os,LUAD,2,3,tabpfn_v2,-0.08934169278996873
extreme_os,LUAD,2,3,tabpfn_v2_5,-0.09247648902821326
extreme_os,LUAD,2,3,tabpfn_v2_6,-0.15203761755485906
extreme_os,LUAD,2,3,tabpfn_v3,-0.09561128526645785
extreme_os,LUAD,2,3,tabfm_default,-0.11442006269592486
extreme_os,LUAD,2,3,autogluon,-0.017241379310344973
extreme_os,LUAD,2,4,tabpfn_v2,0.053333333333333344
extreme_os,LUAD,2,4,tabpfn_v2_5,0.06333333333333335
extreme_os,LUAD,2,4,tabpfn_v2_6,0.0
extreme_os,LUAD,2,4,tabpfn_v3,0.026666666666666616
extreme_os,LUAD,2,4,tabfm_default,0.04166666666666674
extreme_os,LUAD,2,4,autogluon,0.21166666666666667
extreme_os,LUAD,3,0,tabpfn_v2,0.01935483870967747
extreme_os,LUAD,3,0,tabpfn_v2_5,0.012903225806451535
extreme_os,LUAD,3,0,tabpfn_v2_6,0.029032258064516148
extreme_os,LUAD,3,0,tabpfn_v3,-0.006451612903225712
extreme_os,LUAD,3,0,tabfm_default,-0.022580645161290325
extreme_os,LUAD,3,0,autogluon,0.01935483870967747
extreme_os,LUAD,3,1,tabpfn_v2,-0.06456043956043944
extreme_os,LUAD,3,1,tabpfn_v2_5,-0.07829670329670324
extreme_os,LUAD,3,1,tabpfn_v2_6,-0.16620879120879123
extreme_os,LUAD,3,1,tabpfn_v3,-0.07829670329670324
extreme_os,LUAD,3,1,tabfm_default,-0.03159340659340648
extreme_os,LUAD,3,1,autogluon,-0.09478021978021967
extreme_os,LUAD,3,2,tabpfn_v2,0.07196969696969702
extreme_os,LUAD,3,2,tabpfn_v2_5,-0.015151515151515138
extreme_os,LUAD,3,2,tabpfn_v2_6,0.09469696969696961
extreme_os,LUAD,3,2,tabpfn_v3,0.015151515151515138
extreme_os,LUAD,3,2,tabfm_default,0.10227272727272729
extreme_os,LUAD,3,2,autogluon,-0.11363636363636376
extreme_os,LUAD,3,3,tabpfn_v2,-0.15987460815047033
extreme_os,LUAD,3,3,tabpfn_v2_5,-0.08777429467084652
extreme_os,LUAD,3,3,tabpfn_v2_6,-0.09404388714733558
extreme_os,LUAD,3,3,tabpfn_v3,-0.25391849529780575
extreme_os,LUAD,3,3,tabfm_default,-0.24137931034482774
extreme_os,LUAD,3,3,autogluon,-0.30721003134796254
extreme_os,LUAD,3,4,tabpfn_v2,-0.1840277777777778
extreme_os,LUAD,3,4,tabpfn_v2_5,-0.05902777777777779
extreme_os,LUAD,3,4,tabpfn_v2_6,-0.26041666666666674
extreme_os,LUAD,3,4,tabpfn_v3,-0.32986111111111116
extreme_os,LUAD,3,4,tabfm_default,0.00694444444444442
extreme_os,LUAD,3,4,autogluon,0.00347222222222221
extreme_os,LUAD,4,0,tabpfn_v2,-0.018181818181818188
extreme_os,LUAD,4,0,tabpfn_v2_5,0.015151515151515249
extreme_os,LUAD,4,0,tabpfn_v2_6,-0.08484848484848484
extreme_os,LUAD,4,0,tabpfn_v3,-0.051515151515151514
extreme_os,LUAD,4,0,tabfm_default,-0.08181818181818179
extreme_os,LUAD,4,0,autogluon,-0.013636363636363669
extreme_os,LUAD,4,1,tabpfn_v2,0.021978021978021955
extreme_os,LUAD,4,1,tabpfn_v2_5,0.024725274725274693
extreme_os,LUAD,4,1,tabpfn_v2_6,0.019230769230769218
extreme_os,LUAD,4,1,tabpfn_v3,-0.008241758241758268
extreme_os,LUAD,4,1,tabfm_default,0.0013736263736264243
extreme_os,LUAD,4,1,autogluon,0.05219780219780218
extreme_os,LUAD,4,2,tabpfn_v2,-0.005681818181818121
extreme_os,LUAD,4,2,tabpfn_v2_5,0.058712121212121215
extreme_os,LUAD,4,2,tabpfn_v2_6,-0.03977272727272729
extreme_os,LUAD,4,2,tabpfn_v3,0.0625
extreme_os,LUAD,4,2,tabfm_default,-0.017045454545454586
extreme_os,LUAD,4,2,autogluon,0.09280303030303028
extreme_os,LUAD,4,3,tabpfn_v2,0.1225490196078432
extreme_os,LUAD,4,3,tabpfn_v2_5,0.15196078431372556
extreme_os,LUAD,4,3,tabpfn_v2_6,0.12745098039215697
extreme_os,LUAD,4,3,tabpfn_v3,0.18137254901960798
extreme_os,LUAD,4,3,tabfm_default,0.13725490196078438
extreme_os,LUAD,4,3,autogluon,0.18137254901960786
extreme_os,LUAD,4,4,tabpfn_v2,0.01171875
extreme_os,LUAD,4,4,tabpfn_v2_5,0.0234375
extreme_os,LUAD,4,4,tabpfn_v2_6,-0.05859375
extreme_os,LUAD,4,4,tabpfn_v3,-0.03125
extreme_os,LUAD,4,4,tabfm_default,-0.0390625
extreme_os,LUAD,4,4,autogluon,0.1796875
