scope,endpoint,cancer,repeat,fold,model_name,n_train,n_validation,n_test,status,threshold,threshold_source,fit_time_s,predict_time_s,accuracy,balanced_accuracy,f1,sensitivity,specificity,roc_auc,pr_auc,log_loss,brier,prediction_path
per_cancer,os_3yr,BRCA,0,0,logistic_regression,320,80,101,success,0.15568552742014435,validation split balanced accuracy,0.032270491999952355,0.004535309002676513,0.6732673267326733,0.4575757575757575,0.10810810810810811,0.18181818181818182,0.7333333333333333,0.37272727272727274,0.09541792774957047,0.5366709420754285,0.10866733464352822,/home/prime/Documents/g3/tab-r1/paper/tables/source_data/full_fold_models/per_cancer/os_3yr/BRCA/repeat_00_fold_00/logistic_regression/test_predictions.csv
per_cancer,os_3yr,BRCA,0,0,random_forest,320,80,101,success,0.12,validation split balanced accuracy,0.35377541900015785,0.07615140299822087,0.5148514851485149,0.5681818181818181,0.2222222222222222,0.6363636363636364,0.5,0.6404040404040404,0.3588714716655893,0.3382171062461071,0.09101441144114412,/home/prime/Documents/g3/tab-r1/paper/tables/source_data/full_fold_models/per_cancer/os_3yr/BRCA/repeat_00_fold_00/random_forest/test_predictions.csv
per_cancer,os_3yr,BRCA,0,0,catboost,320,80,101,success,0.13064506243290047,validation split balanced accuracy,2.175368330998026,0.006066661997465417,0.8118811881188119,0.6151515151515152,0.2962962962962963,0.36363636363636365,0.8666666666666667,0.5151515151515152,0.2764340617474581,0.34150365177170766,0.09120656903952885,/home/prime/Documents/g3/tab-r1/paper/tables/source_data/full_fold_models/per_cancer/os_3yr/BRCA/repeat_00_fold_00/catboost/test_predictions.csv
per_cancer,os_3yr,BRCA,0,0,xgboost,320,80,101,success,0.01987290568649769,validation split balanced accuracy,0.4955637690000003,0.007040492000669474,0.45544554455445546,0.5348484848484849,0.2028985507246377,0.6363636363636364,0.43333333333333335,0.6515151515151515,0.4056156451188222,0.37202361214876106,0.09042135778762235,/home/prime/Documents/g3/tab-r1/paper/tables/source_data/full_fold_models/per_cancer/os_3yr/BRCA/repeat_00_fold_00/xgboost/test_predictions.csv
per_cancer,os_3yr,BRCA,0,0,lightgbm,320,80,101,success,0.004215080286468849,validation split balanced accuracy,0.1281624350012862,0.007816813998942962,0.6633663366336634,0.6116161616161616,0.2608695652173913,0.5454545454545454,0.6777777777777778,0.6060606060606061,0.2901797031566825,0.6181151110038623,0.09693300514862646,/home/prime/Documents/g3/tab-r1/paper/tables/source_data/full_fold_models/per_cancer/os_3yr/BRCA/repeat_00_fold_00/lightgbm/test_predictions.csv
per_cancer,os_3yr,BRCA,0,1,logistic_regression,320,81,100,success,0.09774671148728,validation split balanced accuracy,0.011299062996840803,0.003974949999246746,0.37,0.48421926910299007,0.2222222222222222,0.6428571428571429,0.32558139534883723,0.45930232558139533,0.13785635035674262,0.4758708187646391,0.14171999872165278,/home/prime/Documents/g3/tab-r1/paper/tables/source_data/full_fold_models/per_cancer/os_3yr/BRCA/repeat_00_fold_01/logistic_regression/test_predictions.csv
per_cancer,os_3yr,BRCA,0,1,random_forest,320,81,100,success,0.23666666666666666,validation split balanced accuracy,0.35355267400154844,0.07794938500228454,0.75,0.49584717607973416,0.13793103448275862,0.14285714285714285,0.8488372093023255,0.5527408637873754,0.17130903815415177,0.5497435266008749,0.1266176646666671,/home/prime/Documents/g3/tab-r1/paper/tables/source_data/full_fold_models/per_cancer/os_3yr/BRCA/repeat_00_fold_01/random_forest/test_predictions.csv
per_cancer,os_3yr,BRCA,0,1,catboost,320,81,100,success,0.04275984654227532,validation split balanced accuracy,1.9902417460034485,0.005864867998752743,0.24,0.5581395348837209,0.2692307692307692,1.0,0.11627906976744186,0.48006644518272423,0.13829146874810883,0.44675404915882405,0.12870455863836278,/home/prime/Documents/g3/tab-r1/paper/tables/source_data/full_fold_models/per_cancer/os_3yr/BRCA/repeat_00_fold_01/catboost/test_predictions.csv
per_cancer,os_3yr,BRCA,0,1,xgboost,320,81,100,success,0.13491040468215942,validation split balanced accuracy,0.2018650220015843,0.0055403580008714925,0.76,0.4418604651162791,0.0,0.0,0.8837209302325582,0.4808970099667774,0.13523073466636293,0.6208841730835575,0.14303456039713208,/home/prime/Documents/g3/tab-r1/paper/tables/source_data/full_fold_models/per_cancer/os_3yr/BRCA/repeat_00_fold_01/xgboost/test_predictions.csv
per_cancer,os_3yr,BRCA,0,1,lightgbm,320,81,100,success,0.10088025472871512,validation split balanced accuracy,0.10336992000156897,0.006518085003335727,0.82,0.47674418604651164,0.0,0.0,0.9534883720930233,0.5058139534883721,0.15226709954195383,1.0130291922249512,0.1476112475713156,/home/prime/Documents/g3/tab-r1/paper/tables/source_data/full_fold_models/per_cancer/os_3yr/BRCA/repeat_00_fold_01/lightgbm/test_predictions.csv
per_cancer,os_3yr,BRCA,0,2,logistic_regression,320,81,100,success,0.0695630331543955,validation split balanced accuracy,0.011543459000677103,0.004122870999708539,0.31,0.5,0.20689655172413793,0.75,0.25,0.6761363636363636,0.23892621378248186,0.34974573029895917,0.1037330757297025,/home/prime/Documents/g3/tab-r1/paper/tables/source_data/full_fold_models/per_cancer/os_3yr/BRCA/repeat_00_fold_02/logistic_regression/test_predictions.csv
per_cancer,os_3yr,BRCA,0,2,random_forest,320,81,100,success,0.08333333333333333,validation split balanced accuracy,0.3493320150009822,0.07354026800021529,0.39,0.4734848484848485,0.18666666666666668,0.5833333333333334,0.36363636363636365,0.5643939393939394,0.16419009324193207,0.37476886749555693,0.10747577777777799,/home/prime/Documents/g3/tab-r1/paper/tables/source_data/full_fold_models/per_cancer/os_3yr/BRCA/repeat_00_fold_02/random_forest/test_predictions.csv
per_cancer,os_3yr,BRCA,0,2,catboost,320,81,100,success,0.07166718745811848,validation split balanced accuracy,2.0676689139982045,0.005772070999228163,0.53,0.553030303030303,0.22950819672131148,0.5833333333333334,0.5227272727272727,0.5729166666666666,0.2121580428216584,0.370008466156827,0.10543703615900332,/home/prime/Documents/g3/tab-r1/paper/tables/source_data/full_fold_models/per_cancer/os_3yr/BRCA/repeat_00_fold_02/catboost/test_predictions.csv
per_cancer,os_3yr,BRCA,0,2,xgboost,320,81,100,success,0.00807036180049181,validation split balanced accuracy,0.2127191559993662,0.006608427000173833,0.35,0.5946969696969697,0.25287356321839083,0.9166666666666666,0.2727272727272727,0.5634469696969696,0.22120719178082188,0.4690284104620253,0.1094545228401115,/home/prime/Documents/g3/tab-r1/paper/tables/source_data/full_fold_models/per_cancer/os_3yr/BRCA/repeat_00_fold_02/xgboost/test_predictions.csv
per_cancer,os_3yr,BRCA,0,2,lightgbm,320,81,100,success,0.0006899962003032855,validation split balanced accuracy,0.09802512600072077,0.006921814998349873,0.46,0.5492424242424242,0.22857142857142856,0.6666666666666666,0.4318181818181818,0.5274621212121211,0.15556354068432238,0.7987654333833178,0.11680863249340107,/home/prime/Documents/g3/tab-r1/paper/tables/source_data/full_fold_models/per_cancer/os_3yr/BRCA/repeat_00_fold_02/lightgbm/test_predictions.csv
per_cancer,os_3yr,BRCA,0,3,logistic_regression,320,81,100,success,0.21666119443358817,validation split balanced accuracy,0.01081893599985051,0.0041753110017452855,0.8,0.5267857142857143,0.16666666666666666,0.125,0.9285714285714286,0.4657738095238096,0.17260810609171678,0.5122063847284803,0.15314990248625354,/home/prime/Documents/g3/tab-r1/paper/tables/source_data/full_fold_models/per_cancer/os_3yr/BRCA/repeat_00_fold_03/logistic_regression/test_predictions.csv
per_cancer,os_3yr,BRCA,0,3,random_forest,320,81,100,success,0.09,validation split balanced accuracy,0.3459946229995694,0.07687364099911065,0.45,0.5714285714285714,0.3037974683544304,0.75,0.39285714285714285,0.5900297619047619,0.2070830638337411,0.45193100869743835,0.13839022222222222,/home/prime/Documents/g3/tab-r1/paper/tables/source_data/full_fold_models/per_cancer/os_3yr/BRCA/repeat_00_fold_03/random_forest/test_predictions.csv
per_cancer,os_3yr,BRCA,0,3,catboost,320,81,100,success,0.07803286315940973,validation split balanced accuracy,1.8386396770001738,0.0059128899993083905,0.47,0.5074404761904762,0.2535211267605634,0.5625,0.4523809523809524,0.5505952380952381,0.20495245958184502,0.46900311681290113,0.13992222182261352,/home/prime/Documents/g3/tab-r1/paper/tables/source_data/full_fold_models/per_cancer/os_3yr/BRCA/repeat_00_fold_03/catboost/test_predictions.csv
per_cancer,os_3yr,BRCA,0,3,xgboost,320,81,100,success,0.011866023764014244,validation split balanced accuracy,0.20042883100177278,0.006614088000787888,0.53,0.6190476190476191,0.3380281690140845,0.75,0.4880952380952381,0.6116071428571429,0.23653083856130971,0.6314042163562152,0.1510499923777897,/home/prime/Documents/g3/tab-r1/paper/tables/source_data/full_fold_models/per_cancer/os_3yr/BRCA/repeat_00_fold_03/xgboost/test_predictions.csv
per_cancer,os_3yr,BRCA,0,3,lightgbm,320,81,100,success,5.304921609037406e-05,validation split balanced accuracy,0.09345766499973251,0.006780785999580985,0.23,0.5416666666666666,0.29357798165137616,1.0,0.08333333333333333,0.6116071428571428,0.26106251684943327,0.9247039983257815,0.1499044172135661,/home/prime/Documents/g3/tab-r1/paper/tables/source_data/full_fold_models/per_cancer/os_3yr/BRCA/repeat_00_fold_03/lightgbm/test_predictions.csv
per_cancer,os_3yr,BRCA,0,4,logistic_regression,320,81,100,success,0.09335584262198736,validation split balanced accuracy,0.010979964001307962,0.003955713000323158,0.54,0.5460704607046071,0.30303030303030304,0.5555555555555556,0.5365853658536586,0.5575880758807588,0.2426719535884044,0.5738542320782086,0.15415917826248077,/home/prime/Documents/g3/tab-r1/paper/tables/source_data/full_fold_models/per_cancer/os_3yr/BRCA/repeat_00_fold_04/logistic_regression/test_predictions.csv
per_cancer,os_3yr,BRCA,0,4,random_forest,320,81,100,success,0.13333333333333333,validation split balanced accuracy,0.3544928590017662,0.07515482999951928,0.55,0.5521680216802168,0.3076923076923077,0.5555555555555556,0.5487804878048781,0.6124661246612466,0.3122807377079291,0.4695255316387527,0.14458655555555563,/home/prime/Documents/g3/tab-r1/paper/tables/source_data/full_fold_models/per_cancer/os_3yr/BRCA/repeat_00_fold_04/random_forest/test_predictions.csv
per_cancer,os_3yr,BRCA,0,4,catboost,320,81,100,success,0.04601434414088112,validation split balanced accuracy,2.5867795510021097,0.005809913000121014,0.42,0.6029810298102981,0.35555555555555557,0.8888888888888888,0.3170731707317073,0.5962059620596206,0.2846557094089618,0.5183273054854675,0.15487520029559393,/home/prime/Documents/g3/tab-r1/paper/tables/source_data/full_fold_models/per_cancer/os_3yr/BRCA/repeat_00_fold_04/catboost/test_predictions.csv
per_cancer,os_3yr,BRCA,0,4,xgboost,320,81,100,success,0.084815114736557,validation split balanced accuracy,0.21931117200074368,0.006558712000696687,0.71,0.5846883468834688,0.32558139534883723,0.3888888888888889,0.7804878048780488,0.6598915989159893,0.3383557043019422,0.5888946293303908,0.15651029860496002,/home/prime/Documents/g3/tab-r1/paper/tables/source_data/full_fold_models/per_cancer/os_3yr/BRCA/repeat_00_fold_04/xgboost/test_predictions.csv
per_cancer,os_3yr,BRCA,0,4,lightgbm,320,81,100,success,0.0240388978522231,validation split balanced accuracy,0.09035404000314884,0.006673331001366023,0.73,0.5101626016260162,0.18181818181818182,0.16666666666666666,0.8536585365853658,0.6327913279132791,0.3350770163379868,1.0256616264189948,0.16546243577947436,/home/prime/Documents/g3/tab-r1/paper/tables/source_data/full_fold_models/per_cancer/os_3yr/BRCA/repeat_00_fold_04/lightgbm/test_predictions.csv
per_cancer,os_3yr,BRCA,1,0,logistic_regression,320,80,101,success,0.1910467809834514,validation split balanced accuracy,0.01176462200237438,0.004859638997004367,0.6633663366336634,0.47495894909688013,0.15,0.21428571428571427,0.735632183908046,0.5369458128078818,0.2240263258964172,0.42939606489734466,0.12111759496845752,/home/prime/Documents/g3/tab-r1/paper/tables/source_data/full_fold_models/per_cancer/os_3yr/BRCA/repeat_01_fold_00/logistic_regression/test_predictions.csv
per_cancer,os_3yr,BRCA,1,0,random_forest,320,80,101,success,0.16333333333333333,validation split balanced accuracy,0.3496424869990733,0.07426333799958229,0.6039603960396039,0.44047619047619047,0.13043478260869565,0.21428571428571427,0.6666666666666666,0.43801313628899835,0.12634991973437876,0.5810965043058707,0.13218085610561084,/home/prime/Documents/g3/tab-r1/paper/tables/source_data/full_fold_models/per_cancer/os_3yr/BRCA/repeat_01_fold_00/random_forest/test_predictions.csv
per_cancer,os_3yr,BRCA,1,0,catboost,320,80,101,success,0.10979382406862077,validation split balanced accuracy,2.2492260740000347,0.0058314030029578134,0.7128712871287128,0.5336617405582923,0.21621621621621623,0.2857142857142857,0.7816091954022989,0.5184729064039408,0.16050495681239543,0.4377780606470473,0.12502624422148853,/home/prime/Documents/g3/tab-r1/paper/tables/source_data/full_fold_models/per_cancer/os_3yr/BRCA/repeat_01_fold_00/catboost/test_predictions.csv
per_cancer,os_3yr,BRCA,1,0,xgboost,320,80,101,success,0.052567820996046066,validation split balanced accuracy,0.21411324699874967,0.006501512998511316,0.6534653465346535,0.46921182266009853,0.14634146341463414,0.21428571428571427,0.7241379310344828,0.49096880131362897,0.15235319661932184,0.5856908887090203,0.1376607097570366,/home/prime/Documents/g3/tab-r1/paper/tables/source_data/full_fold_models/per_cancer/os_3yr/BRCA/repeat_01_fold_00/xgboost/test_predictions.csv
per_cancer,os_3yr,BRCA,1,0,lightgbm,320,80,101,success,3.387228499138859e-05,validation split balanced accuracy,0.09089525300078094,0.005870327997399727,0.16831683168316833,0.4872742200328407,0.23636363636363636,0.9285714285714286,0.04597701149425287,0.4425287356321839,0.1416516217323834,0.9454813537336068,0.137644924326614,/home/prime/Documents/g3/tab-r1/paper/tables/source_data/full_fold_models/per_cancer/os_3yr/BRCA/repeat_01_fold_00/lightgbm/test_predictions.csv
per_cancer,os_3yr,BRCA,1,1,logistic_regression,321,80,100,success,0.08714321345844303,validation split balanced accuracy,0.011675901998387417,0.004905756999505684,0.4,0.5372549019607843,0.2682926829268293,0.7333333333333333,0.3411764705882353,0.5905882352941177,0.252775317471072,0.5014696798091618,0.13086892433303898,/home/prime/Documents/g3/tab-r1/paper/tables/source_data/full_fold_models/per_cancer/os_3yr/BRCA/repeat_01_fold_01/logistic_regression/test_predictions.csv
per_cancer,os_3yr,BRCA,1,1,random_forest,321,80,100,success,0.1,validation split balanced accuracy,0.35411686099905637,0.07434559499961324,0.39,0.503921568627451,0.24691358024691357,0.6666666666666666,0.3411764705882353,0.5301960784313725,0.3044289414982819,0.566398344548144,0.12788622022222243,/home/prime/Documents/g3/tab-r1/paper/tables/source_data/full_fold_models/per_cancer/os_3yr/BRCA/repeat_01_fold_01/random_forest/test_predictions.csv
per_cancer,os_3yr,BRCA,1,1,catboost,321,80,100,success,0.07142478003337623,validation split balanced accuracy,1.343072111998481,0.005967934001091635,0.47,0.5235294117647059,0.2535211267605634,0.6,0.4470588235294118,0.5431372549019607,0.2845931733860729,0.4457821707728636,0.12769928609559988,/home/prime/Documents/g3/tab-r1/paper/tables/source_data/full_fold_models/per_cancer/os_3yr/BRCA/repeat_01_fold_01/catboost/test_predictions.csv
per_cancer,os_3yr,BRCA,1,1,xgboost,321,80,100,success,0.0027248647529631853,validation split balanced accuracy,0.17354914000316057,0.006591594999918016,0.19,0.49607843137254903,0.25688073394495414,0.9333333333333333,0.058823529411764705,0.547843137254902,0.30491765745054883,0.5759682812220961,0.12919507247930287,/home/prime/Documents/g3/tab-r1/paper/tables/source_data/full_fold_models/per_cancer/os_3yr/BRCA/repeat_01_fold_01/xgboost/test_predictions.csv
per_cancer,os_3yr,BRCA,1,1,lightgbm,321,80,100,success,0.00147757756571564,validation split balanced accuracy,0.07729717999973218,0.005712316000426654,0.5,0.48627450980392156,0.21875,0.4666666666666667,0.5058823529411764,0.5266666666666667,0.25986316228447387,0.9133538240824887,0.13625995681861672,/home/prime/Documents/g3/tab-r1/paper/tables/source_data/full_fold_models/per_cancer/os_3yr/BRCA/repeat_01_fold_01/lightgbm/test_predictions.csv
per_cancer,os_3yr,BRCA,1,2,logistic_regression,320,81,100,success,0.12216254705036515,validation split balanced accuracy,0.011103449000074761,0.004007321000244701,0.46,0.5771195097037793,0.22857142857142856,0.7272727272727273,0.42696629213483145,0.6608784473953013,0.22431122350884442,0.35606897138682664,0.09949435527454772,/home/prime/Documents/g3/tab-r1/paper/tables/source_data/full_fold_models/per_cancer/os_3yr/BRCA/repeat_01_fold_02/logistic_regression/test_predictions.csv
per_cancer,os_3yr,BRCA,1,2,random_forest,320,81,100,success,0.18333333333333332,validation split balanced accuracy,0.3534102109988453,0.07788228700155742,0.61,0.6613891726251278,0.2909090909090909,0.7272727272727273,0.5955056179775281,0.6894790602655771,0.2544501578095306,0.3431803189044825,0.09839933333333331,/home/prime/Documents/g3/tab-r1/paper/tables/source_data/full_fold_models/per_cancer/os_3yr/BRCA/repeat_01_fold_02/random_forest/test_predictions.csv
per_cancer,os_3yr,BRCA,1,2,catboost,320,81,100,success,0.150159750685868,validation split balanced accuracy,2.0726851020008326,0.0056174950004788116,0.75,0.6205311542390194,0.2857142857142857,0.45454545454545453,0.7865168539325843,0.7425944841675178,0.2978823432288474,0.31807305712129597,0.0916397986823391,/home/prime/Documents/g3/tab-r1/paper/tables/source_data/full_fold_models/per_cancer/os_3yr/BRCA/repeat_01_fold_02/catboost/test_predictions.csv
per_cancer,os_3yr,BRCA,1,2,xgboost,320,81,100,success,0.04231216385960579,validation split balanced accuracy,0.22141766300046584,0.005741712000599364,0.62,0.6670071501532175,0.2962962962962963,0.7272727272727273,0.6067415730337079,0.7191011235955056,0.26588352852341335,0.35172852623434087,0.09942119566467403,/home/prime/Documents/g3/tab-r1/paper/tables/source_data/full_fold_models/per_cancer/os_3yr/BRCA/repeat_01_fold_02/xgboost/test_predictions.csv
per_cancer,os_3yr,BRCA,1,2,lightgbm,320,81,100,success,0.016077826050788377,validation split balanced accuracy,0.0864903530018637,0.006541849998029647,0.73,0.6491317671092951,0.3076923076923077,0.5454545454545454,0.7528089887640449,0.7844739530132788,0.34920392880325835,0.42438100505375126,0.09870756462474088,/home/prime/Documents/g3/tab-r1/paper/tables/source_data/full_fold_models/per_cancer/os_3yr/BRCA/repeat_01_fold_02/lightgbm/test_predictions.csv
per_cancer,os_3yr,BRCA,1,3,logistic_regression,320,81,100,success,0.005561322178861709,validation split balanced accuracy,0.011251371000980726,0.003994546998001169,0.21,0.49661246612466126,0.3008849557522124,0.9444444444444444,0.04878048780487805,0.6355013550135501,0.24710452518595025,0.5089272016381493,0.15324690807525027,/home/prime/Documents/g3/tab-r1/paper/tables/source_data/full_fold_models/per_cancer/os_3yr/BRCA/repeat_01_fold_03/logistic_regression/test_predictions.csv
per_cancer,os_3yr,BRCA,1,3,random_forest,320,81,100,success,0.28,validation split balanced accuracy,0.35389166199820465,0.0786979739968956,0.76,0.4850948509485095,0.07692307692307693,0.05555555555555555,0.9146341463414634,0.6158536585365855,0.23034755415695185,0.48745561072203286,0.15223122222222263,/home/prime/Documents/g3/tab-r1/paper/tables/source_data/full_fold_models/per_cancer/os_3yr/BRCA/repeat_01_fold_03/random_forest/test_predictions.csv
per_cancer,os_3yr,BRCA,1,3,catboost,320,81,100,success,0.07849410081623379,validation split balanced accuracy,2.311473108999053,0.005844118000823073,0.5,0.5433604336043361,0.3055555555555556,0.6111111111111112,0.47560975609756095,0.5426829268292683,0.20987123665257004,0.5241123265252223,0.15754538970987877,/home/prime/Documents/g3/tab-r1/paper/tables/source_data/full_fold_models/per_cancer/os_3yr/BRCA/repeat_01_fold_03/catboost/test_predictions.csv
per_cancer,os_3yr,BRCA,1,3,xgboost,320,81,100,success,0.07787581533193588,validation split balanced accuracy,0.20242998100002296,0.005839008001203183,0.76,0.5718157181571816,0.29411764705882354,0.2777777777777778,0.8658536585365854,0.6036585365853657,0.2535858759489381,0.6564407042389542,0.16593899909499035,/home/prime/Documents/g3/tab-r1/paper/tables/source_data/full_fold_models/per_cancer/os_3yr/BRCA/repeat_01_fold_03/xgboost/test_predictions.csv
per_cancer,os_3yr,BRCA,1,3,lightgbm,320,81,100,success,0.0004216886111901464,validation split balanced accuracy,0.08612986400112277,0.006128812001406914,0.41,0.5752032520325203,0.33707865168539325,0.8333333333333334,0.3170731707317073,0.551490514905149,0.20525818714100857,1.1535561551684526,0.18357754563304993,/home/prime/Documents/g3/tab-r1/paper/tables/source_data/full_fold_models/per_cancer/os_3yr/BRCA/repeat_01_fold_03/lightgbm/test_predictions.csv
per_cancer,os_3yr,BRCA,1,4,logistic_regression,321,80,100,success,0.0695588992606126,validation split balanced accuracy,0.010707833997003036,0.003955092000978766,0.32,0.5437665782493368,0.24444444444444444,0.8461538461538461,0.2413793103448276,0.5225464190981433,0.21891286148870057,0.42452673103240796,0.11762118513137321,/home/prime/Documents/g3/tab-r1/paper/tables/source_data/full_fold_models/per_cancer/os_3yr/BRCA/repeat_01_fold_04/logistic_regression/test_predictions.csv
per_cancer,os_3yr,BRCA,1,4,random_forest,321,80,100,success,0.09333333333333334,validation split balanced accuracy,0.34188787199673243,0.07639071900121053,0.29,0.4610963748894783,0.20224719101123595,0.6923076923076923,0.22988505747126436,0.6286472148541115,0.24605878382121313,0.3800667570041974,0.11244044444444466,/home/prime/Documents/g3/tab-r1/paper/tables/source_data/full_fold_models/per_cancer/os_3yr/BRCA/repeat_01_fold_04/random_forest/test_predictions.csv
per_cancer,os_3yr,BRCA,1,4,catboost,321,80,100,success,0.10497694138952401,validation split balanced accuracy,1.9497126349997416,0.005781277999631129,0.62,0.519893899204244,0.20833333333333334,0.38461538461538464,0.6551724137931034,0.4986737400530504,0.1599566082421289,0.4043412828969115,0.11592744805858626,/home/prime/Documents/g3/tab-r1/paper/tables/source_data/full_fold_models/per_cancer/os_3yr/BRCA/repeat_01_fold_04/catboost/test_predictions.csv
per_cancer,os_3yr,BRCA,1,4,xgboost,321,80,100,success,0.1010710746049881,validation split balanced accuracy,0.17194864399789367,0.005845179999596439,0.74,0.4907161803713528,0.13333333333333333,0.15384615384615385,0.8275862068965517,0.497789566755084,0.1383792477707324,0.5301520919382247,0.13132747970077538,/home/prime/Documents/g3/tab-r1/paper/tables/source_data/full_fold_models/per_cancer/os_3yr/BRCA/repeat_01_fold_04/xgboost/test_predictions.csv
per_cancer,os_3yr,BRCA,1,4,lightgbm,321,80,100,success,0.14354667097001358,validation split balanced accuracy,0.07367789000272751,0.0059852269987459294,0.81,0.49823165340406717,0.09523809523809523,0.07692307692307693,0.9195402298850575,0.4544650751547303,0.15776505237707988,0.9124719675787516,0.13980876931245376,/home/prime/Documents/g3/tab-r1/paper/tables/source_data/full_fold_models/per_cancer/os_3yr/BRCA/repeat_01_fold_04/lightgbm/test_predictions.csv
per_cancer,os_3yr,BRCA,2,0,logistic_regression,320,81,100,success,0.13471594097217218,validation split balanced accuracy,0.011475368999526836,0.003943239000363974,0.62,0.5474974463738509,0.20833333333333334,0.45454545454545453,0.6404494382022472,0.5607763023493361,0.16057124607461737,0.40427981550655284,0.10967688633224962,/home/prime/Documents/g3/tab-r1/paper/tables/source_data/full_fold_models/per_cancer/os_3yr/BRCA/repeat_02_fold_00/logistic_regression/test_predictions.csv
per_cancer,os_3yr,BRCA,2,0,random_forest,320,81,100,success,0.25,validation split balanced accuracy,0.3500870469979418,0.07494404799945187,0.81,0.534729315628192,0.17391304347826086,0.18181818181818182,0.8876404494382022,0.47191011235955055,0.1534628577351716,0.5109917686775506,0.10608844244444475,/home/prime/Documents/g3/tab-r1/paper/tables/source_data/full_fold_models/per_cancer/os_3yr/BRCA/repeat_02_fold_00/random_forest/test_predictions.csv
per_cancer,os_3yr,BRCA,2,0,catboost,320,81,100,success,0.11042238480784441,validation split balanced accuracy,2.133112613999401,0.0059800369999720715,0.63,0.43360572012257403,0.0975609756097561,0.18181818181818182,0.6853932584269663,0.4055158324821247,0.13251727104565197,0.3778077232724039,0.1020272091379751,/home/prime/Documents/g3/tab-r1/paper/tables/source_data/full_fold_models/per_cancer/os_3yr/BRCA/repeat_02_fold_00/catboost/test_predictions.csv
per_cancer,os_3yr,BRCA,2,0,xgboost,320,81,100,success,0.07984749972820282,validation split balanced accuracy,0.2031133559976297,0.005731082001148025,0.71,0.5183861082737486,0.17142857142857143,0.2727272727272727,0.7640449438202247,0.4346271705822268,0.14980199243645964,0.5010522244272206,0.11190416237705017,/home/prime/Documents/g3/tab-r1/paper/tables/source_data/full_fold_models/per_cancer/os_3yr/BRCA/repeat_02_fold_00/xgboost/test_predictions.csv
per_cancer,os_3yr,BRCA,2,0,lightgbm,320,81,100,success,0.0036324927806418504,validation split balanced accuracy,0.07879557100022794,0.006162475001474377,0.48,0.46884576098059244,0.16129032258064516,0.45454545454545453,0.48314606741573035,0.4254341164453524,0.10849268737523823,0.7651993712673302,0.11892374074436214,/home/prime/Documents/g3/tab-r1/paper/tables/source_data/full_fold_models/per_cancer/os_3yr/BRCA/repeat_02_fold_00/lightgbm/test_predictions.csv
per_cancer,os_3yr,BRCA,2,1,logistic_regression,321,80,100,success,0.16566303549331543,validation split balanced accuracy,0.011505978000059258,0.004478451002796646,0.68,0.4549019607843137,0.1111111111111111,0.13333333333333333,0.7764705882352941,0.4776470588235293,0.1461026456316632,0.4963026006659181,0.14116761803605518,/home/prime/Documents/g3/tab-r1/paper/tables/source_data/full_fold_models/per_cancer/os_3yr/BRCA/repeat_02_fold_01/logistic_regression/test_predictions.csv
per_cancer,os_3yr,BRCA,2,1,random_forest,321,80,100,success,0.15,validation split balanced accuracy,0.3508891479978047,0.0733701530007238,0.58,0.588235294117647,0.3,0.6,0.5764705882352941,0.5537254901960785,0.18992378968226237,0.5658474446209903,0.1305427757777781,/home/prime/Documents/g3/tab-r1/paper/tables/source_data/full_fold_models/per_cancer/os_3yr/BRCA/repeat_02_fold_01/random_forest/test_predictions.csv
per_cancer,os_3yr,BRCA,2,1,catboost,321,80,100,success,0.09502841938900683,validation split balanced accuracy,1.543230835999566,0.005849327997566434,0.66,0.5529411764705883,0.2608695652173913,0.4,0.7058823529411765,0.5572549019607843,0.1945091084031176,0.45914655537213117,0.13188599415864488,/home/prime/Documents/g3/tab-r1/paper/tables/source_data/full_fold_models/per_cancer/os_3yr/BRCA/repeat_02_fold_01/catboost/test_predictions.csv
per_cancer,os_3yr,BRCA,2,1,xgboost,321,80,100,success,0.11719115078449249,validation split balanced accuracy,0.17067807900093612,0.005677539997122949,0.81,0.5588235294117647,0.24,0.2,0.9176470588235294,0.6070588235294118,0.24165416653843802,0.5729507678372076,0.1420274935273277,/home/prime/Documents/g3/tab-r1/paper/tables/source_data/full_fold_models/per_cancer/os_3yr/BRCA/repeat_02_fold_01/xgboost/test_predictions.csv
per_cancer,os_3yr,BRCA,2,1,lightgbm,321,80,100,success,0.0033485858948756222,validation split balanced accuracy,0.0863270600020769,0.006561146001331508,0.65,0.6019607843137255,0.3137254901960784,0.5333333333333333,0.6705882352941176,0.615686274509804,0.2814495248953711,0.8481989870038931,0.14252168890107,/home/prime/Documents/g3/tab-r1/paper/tables/source_data/full_fold_models/per_cancer/os_3yr/BRCA/repeat_02_fold_01/lightgbm/test_predictions.csv
per_cancer,os_3yr,BRCA,2,2,logistic_regression,320,80,101,success,0.06638159782863305,validation split balanced accuracy,0.011184383001818787,0.004038410999783082,0.3465346534653465,0.5307881773399015,0.25,0.7857142857142857,0.27586206896551724,0.5279146141215108,0.1856280414967489,0.4259695002966968,0.12486846893393831,/home/prime/Documents/g3/tab-r1/paper/tables/source_data/full_fold_models/per_cancer/os_3yr/BRCA/repeat_02_fold_02/logistic_regression/test_predictions.csv
per_cancer,os_3yr,BRCA,2,2,random_forest,320,80,101,success,0.3233333333333333,validation split balanced accuracy,0.34792424799888977,0.07399998500113725,0.8415841584158416,0.4885057471264368,0.0,0.0,0.9770114942528736,0.6223316912972086,0.19068262464503494,0.39487328148110296,0.11970781078107844,/home/prime/Documents/g3/tab-r1/paper/tables/source_data/full_fold_models/per_cancer/os_3yr/BRCA/repeat_02_fold_02/random_forest/test_predictions.csv
per_cancer,os_3yr,BRCA,2,2,catboost,320,80,101,success,0.18008628203814894,validation split balanced accuracy,2.0467811039998196,0.006064738998247776,0.8613861386138614,0.5899014778325123,0.3,0.21428571428571427,0.9655172413793104,0.6026272577996716,0.3279895069673465,0.39985933838901894,0.1176992431563765,/home/prime/Documents/g3/tab-r1/paper/tables/source_data/full_fold_models/per_cancer/os_3yr/BRCA/repeat_02_fold_02/catboost/test_predictions.csv
per_cancer,os_3yr,BRCA,2,2,xgboost,320,80,101,success,0.007242076098918915,validation split balanced accuracy,0.21822176199930254,0.006587366999156075,0.31683168316831684,0.5435139573070608,0.25806451612903225,0.8571428571428571,0.22988505747126436,0.5443349753694582,0.19581682354232438,0.5453899338346774,0.12898261236409403,/home/prime/Documents/g3/tab-r1/paper/tables/source_data/full_fold_models/per_cancer/os_3yr/BRCA/repeat_02_fold_02/xgboost/test_predictions.csv
per_cancer,os_3yr,BRCA,2,2,lightgbm,320,80,101,success,0.0005019168088043589,validation split balanced accuracy,0.09097679800106562,0.006216608999238815,0.46534653465346537,0.5997536945812808,0.2894736842105263,0.7857142857142857,0.41379310344827586,0.5960591133004927,0.22530955541611813,0.8478803506451035,0.13132989533716038,/home/prime/Documents/g3/tab-r1/paper/tables/source_data/full_fold_models/per_cancer/os_3yr/BRCA/repeat_02_fold_02/lightgbm/test_predictions.csv
per_cancer,os_3yr,BRCA,2,3,logistic_regression,320,81,100,success,0.07958688947095614,validation split balanced accuracy,0.011351002001902089,0.004015937000076519,0.42,0.5412605588044184,0.32558139534883723,0.7368421052631579,0.345679012345679,0.5958414554905783,0.2888301210694235,0.5282496544023035,0.15892622237429732,/home/prime/Documents/g3/tab-r1/paper/tables/source_data/full_fold_models/per_cancer/os_3yr/BRCA/repeat_02_fold_03/logistic_regression/test_predictions.csv
per_cancer,os_3yr,BRCA,2,3,random_forest,320,81,100,success,0.23333333333333334,validation split balanced accuracy,0.3504976210024324,0.07504343800246716,0.74,0.5776478232618583,0.3157894736842105,0.3157894736842105,0.8395061728395061,0.6468486029889539,0.2867355355622174,0.4830386914644844,0.1533800000000002,/home/prime/Documents/g3/tab-r1/paper/tables/source_data/full_fold_models/per_cancer/os_3yr/BRCA/repeat_02_fold_03/random_forest/test_predictions.csv
per_cancer,os_3yr,BRCA,2,3,catboost,320,81,100,success,0.18424746145556622,validation split balanced accuracy,2.238904988000286,0.005912779000937007,0.76,0.4892787524366472,0.07692307692307693,0.05263157894736842,0.9259259259259259,0.594541910331384,0.23813103353109238,0.5346069929550932,0.1639098024379659,/home/prime/Documents/g3/tab-r1/paper/tables/source_data/full_fold_models/per_cancer/os_3yr/BRCA/repeat_02_fold_03/catboost/test_predictions.csv
per_cancer,os_3yr,BRCA,2,3,xgboost,320,81,100,success,0.041928645223379135,validation split balanced accuracy,0.21287059600217617,0.0065060019987868145,0.65,0.6026640675763483,0.36363636363636365,0.5263157894736842,0.6790123456790124,0.6673164392462638,0.2845909325196908,0.6184459054230284,0.17203885457219698,/home/prime/Documents/g3/tab-r1/paper/tables/source_data/full_fold_models/per_cancer/os_3yr/BRCA/repeat_02_fold_03/xgboost/test_predictions.csv
per_cancer,os_3yr,BRCA,2,3,lightgbm,320,81,100,success,0.001755921567005434,validation split balanced accuracy,0.08636092500091763,0.005837685999722453,0.56,0.6075373619233269,0.37142857142857144,0.6842105263157895,0.5308641975308642,0.6439246263807668,0.2762420823900198,1.0322644077531715,0.1833123909098857,/home/prime/Documents/g3/tab-r1/paper/tables/source_data/full_fold_models/per_cancer/os_3yr/BRCA/repeat_02_fold_03/lightgbm/test_predictions.csv
per_cancer,os_3yr,BRCA,2,4,logistic_regression,320,81,100,success,0.2045175256306444,validation split balanced accuracy,0.010555182001553476,0.003940333001082763,0.79,0.5568181818181819,0.2222222222222222,0.25,0.8636363636363636,0.584280303030303,0.1774805714187233,0.3845061715857434,0.10838418550019117,/home/prime/Documents/g3/tab-r1/paper/tables/source_data/full_fold_models/per_cancer/os_3yr/BRCA/repeat_02_fold_04/logistic_regression/test_predictions.csv
per_cancer,os_3yr,BRCA,2,4,random_forest,320,81,100,success,0.11,validation split balanced accuracy,0.34374040900002,0.07471657400310505,0.4,0.5151515151515151,0.21052631578947367,0.6666666666666666,0.36363636363636365,0.5601325757575757,0.24433920314576457,0.3663673245016975,0.10530933333333334,/home/prime/Documents/g3/tab-r1/paper/tables/source_data/full_fold_models/per_cancer/os_3yr/BRCA/repeat_02_fold_04/random_forest/test_predictions.csv
per_cancer,os_3yr,BRCA,2,4,catboost,320,81,100,success,0.10585228951349654,validation split balanced accuracy,1.8776202730005025,0.005768582999735372,0.59,0.47916666666666663,0.16326530612244897,0.3333333333333333,0.625,0.4725378787878788,0.1498848639884372,0.37962556159240174,0.10752197349271747,/home/prime/Documents/g3/tab-r1/paper/tables/source_data/full_fold_models/per_cancer/os_3yr/BRCA/repeat_02_fold_04/catboost/test_predictions.csv
per_cancer,os_3yr,BRCA,2,4,xgboost,320,81,100,success,0.06177747994661331,validation split balanced accuracy,0.2031729499976791,0.005717025000194553,0.76,0.5397727272727273,0.2,0.25,0.8295454545454546,0.5160984848484849,0.1399897259846387,0.4935621574102144,0.11638302324489752,/home/prime/Documents/g3/tab-r1/paper/tables/source_data/full_fold_models/per_cancer/os_3yr/BRCA/repeat_02_fold_04/xgboost/test_predictions.csv
per_cancer,os_3yr,BRCA,2,4,lightgbm,320,81,100,success,0.0067930893963159735,validation split balanced accuracy,0.09188025299954461,0.006949759001145139,0.71,0.5113636363636364,0.17142857142857143,0.25,0.7727272727272727,0.5142045454545455,0.2579149628062319,0.7598433538318949,0.11298570906306125,/home/prime/Documents/g3/tab-r1/paper/tables/source_data/full_fold_models/per_cancer/os_3yr/BRCA/repeat_02_fold_04/lightgbm/test_predictions.csv
per_cancer,os_3yr,BRCA,3,0,logistic_regression,320,80,101,success,0.17360398470413632,validation split balanced accuracy,0.0116799399984302,0.004737865998322377,0.6237623762376238,0.44263285024154586,0.09523809523809523,0.2222222222222222,0.6630434782608695,0.5289855072463767,0.09968649106613854,0.3352227203451551,0.09478108520075476,/home/prime/Documents/g3/tab-r1/paper/tables/source_data/full_fold_models/per_cancer/os_3yr/BRCA/repeat_03_fold_00/logistic_regression/test_predictions.csv
per_cancer,os_3yr,BRCA,3,0,random_forest,320,80,101,success,0.16666666666666666,validation split balanced accuracy,0.3474899379980343,0.07422945299913408,0.6534653465346535,0.6594202898550725,0.2553191489361702,0.6666666666666666,0.6521739130434783,0.6606280193236714,0.2662448657516201,0.3063432550020166,0.08299174917491758,/home/prime/Documents/g3/tab-r1/paper/tables/source_data/full_fold_models/per_cancer/os_3yr/BRCA/repeat_03_fold_00/random_forest/test_predictions.csv
per_cancer,os_3yr,BRCA,3,0,catboost,320,80,101,success,0.06183508634988901,validation split balanced accuracy,2.44052529399778,0.005838987999595702,0.36633663366336633,0.5519323671497585,0.1794871794871795,0.7777777777777778,0.32608695652173914,0.643719806763285,0.28305548407544456,0.2840859241304922,0.07581831267851856,/home/prime/Documents/g3/tab-r1/paper/tables/source_data/full_fold_models/per_cancer/os_3yr/BRCA/repeat_03_fold_00/catboost/test_predictions.csv
per_cancer,os_3yr,BRCA,3,0,xgboost,320,80,101,success,0.01079708430916071,validation split balanced accuracy,0.22154800199859892,0.005702967999241082,0.2871287128712871,0.5585748792270531,0.18181818181818182,0.8888888888888888,0.22826086956521738,0.6461352657004831,0.2145189819723554,0.31738968264029194,0.08086722829322478,/home/prime/Documents/g3/tab-r1/paper/tables/source_data/full_fold_models/per_cancer/os_3yr/BRCA/repeat_03_fold_00/xgboost/test_predictions.csv
per_cancer,os_3yr,BRCA,3,0,lightgbm,320,80,101,success,0.003076308706181114,validation split balanced accuracy,0.09823155900085112,0.006919301002199063,0.6039603960396039,0.6322463768115942,0.23076923076923078,0.6666666666666666,0.5978260869565217,0.6533816425120772,0.31627725968521986,0.4268740106698584,0.0757018056309367,/home/prime/Documents/g3/tab-r1/paper/tables/source_data/full_fold_models/per_cancer/os_3yr/BRCA/repeat_03_fold_00/lightgbm/test_predictions.csv
per_cancer,os_3yr,BRCA,3,1,logistic_regression,321,80,100,success,0.1172138713173372,validation split balanced accuracy,0.011341925001033815,0.005130033998284489,0.59,0.5657022302591923,0.3492063492063492,0.5238095238095238,0.6075949367088608,0.5485232067510548,0.32021949771385155,0.6885330374766211,0.1763908216669584,/home/prime/Documents/g3/tab-r1/paper/tables/source_data/full_fold_models/per_cancer/os_3yr/BRCA/repeat_03_fold_01/logistic_regression/test_predictions.csv
per_cancer,os_3yr,BRCA,3,1,random_forest,321,80,100,success,0.1,validation split balanced accuracy,0.3455410370006575,0.07592391800062614,0.43,0.5343580470162749,0.3448275862068966,0.7142857142857143,0.35443037974683544,0.5735382760699216,0.2576450184859623,0.6793271797644904,0.17274455355555562,/home/prime/Documents/g3/tab-r1/paper/tables/source_data/full_fold_models/per_cancer/os_3yr/BRCA/repeat_03_fold_01/random_forest/test_predictions.csv
per_cancer,os_3yr,BRCA,3,1,catboost,321,80,100,success,0.06397822977391884,validation split balanced accuracy,1.7040738770010648,0.005921174997638445,0.44,0.5581675708257987,0.36363636363636365,0.7619047619047619,0.35443037974683544,0.5949367088607596,0.2919742050816295,0.5903432764268601,0.1784278735052737,/home/prime/Documents/g3/tab-r1/paper/tables/source_data/full_fold_models/per_cancer/os_3yr/BRCA/repeat_03_fold_01/catboost/test_predictions.csv
per_cancer,os_3yr,BRCA,3,1,xgboost,321,80,100,success,0.00686251325532794,validation split balanced accuracy,0.1886138329973619,0.0066184060015075374,0.33,0.5060277275467149,0.33663366336633666,0.8095238095238095,0.20253164556962025,0.5660036166365281,0.24956930760534252,0.7972384050603906,0.19437444937861278,/home/prime/Documents/g3/tab-r1/paper/tables/source_data/full_fold_models/per_cancer/os_3yr/BRCA/repeat_03_fold_01/xgboost/test_predictions.csv
per_cancer,os_3yr,BRCA,3,1,lightgbm,321,80,100,success,0.001594977291599196,validation split balanced accuracy,0.0938383110005816,0.006803539999964414,0.53,0.5452079566003616,0.3380281690140845,0.5714285714285714,0.5189873417721519,0.5864978902953586,0.30777955993305756,1.2197213026125149,0.20184926284165777,/home/prime/Documents/g3/tab-r1/paper/tables/source_data/full_fold_models/per_cancer/os_3yr/BRCA/repeat_03_fold_01/lightgbm/test_predictions.csv
per_cancer,os_3yr,BRCA,3,2,logistic_regression,320,81,100,success,0.2607013278115753,validation split balanced accuracy,0.010537378999288194,0.004091602000698913,0.87,0.5298913043478262,0.13333333333333333,0.125,0.9347826086956522,0.5421195652173914,0.1111805848042782,0.33706849885821194,0.08440577650243755,/home/prime/Documents/g3/tab-r1/paper/tables/source_data/full_fold_models/per_cancer/os_3yr/BRCA/repeat_03_fold_02/logistic_regression/test_predictions.csv
per_cancer,os_3yr,BRCA,3,2,random_forest,320,81,100,success,0.20333333333333334,validation split balanced accuracy,0.3486954899999546,0.08213610899838386,0.65,0.5244565217391304,0.14634146341463414,0.375,0.6739130434782609,0.4864130434782609,0.11918421955249402,0.3316368902546641,0.08950933333333333,/home/prime/Documents/g3/tab-r1/paper/tables/source_data/full_fold_models/per_cancer/os_3yr/BRCA/repeat_03_fold_02/random_forest/test_predictions.csv
per_cancer,os_3yr,BRCA,3,2,catboost,320,81,100,success,0.11320502168472756,validation split balanced accuracy,1.851359683998453,0.005826644999615382,0.56,0.47554347826086957,0.12,0.375,0.5760869565217391,0.5516304347826086,0.10770183724762969,0.3005075782752508,0.08134847528764355,/home/prime/Documents/g3/tab-r1/paper/tables/source_data/full_fold_models/per_cancer/os_3yr/BRCA/repeat_03_fold_02/catboost/test_predictions.csv
per_cancer,os_3yr,BRCA,3,2,xgboost,320,81,100,success,0.018166033551096916,validation split balanced accuracy,0.19526128399957088,0.005762803000834538,0.36,0.5380434782608696,0.15789473684210525,0.75,0.32608695652173914,0.5652173913043479,0.13715301272478725,0.3465533775802943,0.08929299694061714,/home/prime/Documents/g3/tab-r1/paper/tables/source_data/full_fold_models/per_cancer/os_3yr/BRCA/repeat_03_fold_02/xgboost/test_predictions.csv
per_cancer,os_3yr,BRCA,3,2,lightgbm,320,81,100,success,0.0018875025407211795,validation split balanced accuracy,0.08929416599858087,0.006697135999274906,0.35,0.47554347826086957,0.13333333333333333,0.625,0.32608695652173914,0.5190217391304348,0.1236717887336874,0.520886325985922,0.09968936913641054,/home/prime/Documents/g3/tab-r1/paper/tables/source_data/full_fold_models/per_cancer/os_3yr/BRCA/repeat_03_fold_02/lightgbm/test_predictions.csv
per_cancer,os_3yr,BRCA,3,3,logistic_regression,321,80,100,success,0.07177453336824619,validation split balanced accuracy,0.012250299001607345,0.004421952999109635,0.41,0.47172619047619047,0.23376623376623376,0.5625,0.38095238095238093,0.447172619047619,0.14668978141157307,0.5481557490238659,0.14946626368973326,/home/prime/Documents/g3/tab-r1/paper/tables/source_data/full_fold_models/per_cancer/os_3yr/BRCA/repeat_03_fold_03/logistic_regression/test_predictions.csv
per_cancer,os_3yr,BRCA,3,3,random_forest,321,80,100,success,0.11333333333333333,validation split balanced accuracy,0.35570675599956303,0.07716304399946239,0.43,0.5595238095238095,0.2962962962962963,0.75,0.36904761904761907,0.4694940476190476,0.15727124522878755,0.4806037170087473,0.14492444444444444,/home/prime/Documents/g3/tab-r1/paper/tables/source_data/full_fold_models/per_cancer/os_3yr/BRCA/repeat_03_fold_03/random_forest/test_predictions.csv
per_cancer,os_3yr,BRCA,3,3,catboost,321,80,100,success,0.09573110021501963,validation split balanced accuracy,2.481881572999555,0.005747633997088997,0.61,0.5401785714285714,0.2641509433962264,0.4375,0.6428571428571429,0.5409226190476191,0.1687045976575673,0.4783036640028188,0.14219566777753345,/home/prime/Documents/g3/tab-r1/paper/tables/source_data/full_fold_models/per_cancer/os_3yr/BRCA/repeat_03_fold_03/catboost/test_predictions.csv
per_cancer,os_3yr,BRCA,3,3,xgboost,321,80,100,success,0.20662528276443481,validation split balanced accuracy,0.22715818399956333,0.005651900999509962,0.83,0.49404761904761907,0.0,0.0,0.9880952380952381,0.5334821428571429,0.19988112281847772,0.6096689385961556,0.14991577865687425,/home/prime/Documents/g3/tab-r1/paper/tables/source_data/full_fold_models/per_cancer/os_3yr/BRCA/repeat_03_fold_03/xgboost/test_predictions.csv
per_cancer,os_3yr,BRCA,3,3,lightgbm,321,80,100,success,0.01273061563818842,validation split balanced accuracy,0.0888580329992692,0.006080458999349503,0.73,0.5104166666666667,0.18181818181818182,0.1875,0.8333333333333334,0.5535714285714285,0.1858090618512144,1.0224108379376649,0.1601525159359073,/home/prime/Documents/g3/tab-r1/paper/tables/source_data/full_fold_models/per_cancer/os_3yr/BRCA/repeat_03_fold_03/lightgbm/test_predictions.csv
per_cancer,os_3yr,BRCA,3,4,logistic_regression,320,81,100,success,0.06344071063776528,validation split balanced accuracy,0.011009249999915482,0.003962997001508484,0.46,0.5811481218993622,0.325,0.7647058823529411,0.39759036144578314,0.5804394046775336,0.21876673481889197,0.5141288589220528,0.15487465650226484,/home/prime/Documents/g3/tab-r1/paper/tables/source_data/full_fold_models/per_cancer/os_3yr/BRCA/repeat_03_fold_04/logistic_regression/test_predictions.csv
per_cancer,os_3yr,BRCA,3,4,random_forest,320,81,100,success,0.16,validation split balanced accuracy,0.3459679629995662,0.07521201000054134,0.7,0.5152374202693125,0.21052631578947367,0.23529411764705882,0.7951807228915663,0.6123316796598157,0.2283268887335293,0.45502063867787934,0.14180855555555585,/home/prime/Documents/g3/tab-r1/paper/tables/source_data/full_fold_models/per_cancer/os_3yr/BRCA/repeat_03_fold_04/random_forest/test_predictions.csv
per_cancer,os_3yr,BRCA,3,4,catboost,320,81,100,success,0.06269744687234545,validation split balanced accuracy,2.1356535049999366,0.00625889000002644,0.42,0.5336640680368533,0.2926829268292683,0.7058823529411765,0.3614457831325301,0.5698086463501063,0.2021487158592601,0.5060422987367461,0.149857055507302,/home/prime/Documents/g3/tab-r1/paper/tables/source_data/full_fold_models/per_cancer/os_3yr/BRCA/repeat_03_fold_04/catboost/test_predictions.csv
per_cancer,os_3yr,BRCA,3,4,xgboost,320,81,100,success,0.3254757523536682,validation split balanced accuracy,0.21271653100120602,0.006613547000597464,0.82,0.4939759036144578,0.0,0.0,0.9879518072289156,0.4712969525159461,0.16425096371676523,0.7265893661247566,0.16599723235901429,/home/prime/Documents/g3/tab-r1/paper/tables/source_data/full_fold_models/per_cancer/os_3yr/BRCA/repeat_03_fold_04/xgboost/test_predictions.csv
per_cancer,os_3yr,BRCA,3,4,lightgbm,320,81,100,success,0.31214616901510467,validation split balanced accuracy,0.09177562400145689,0.006940421000763308,0.82,0.4939759036144578,0.0,0.0,0.9879518072289156,0.5379163713678242,0.209634499078128,1.1441641130819915,0.16818577457665795,/home/prime/Documents/g3/tab-r1/paper/tables/source_data/full_fold_models/per_cancer/os_3yr/BRCA/repeat_03_fold_04/lightgbm/test_predictions.csv
per_cancer,os_3yr,BRCA,4,0,logistic_regression,320,81,100,success,0.11262664155768815,validation split balanced accuracy,0.010809759001858765,0.004087614997843048,0.49,0.45833333333333337,0.16393442622950818,0.4166666666666667,0.5,0.4412878787878788,0.113720617101704,0.4417051115059952,0.11935230287215218,/home/prime/Documents/g3/tab-r1/paper/tables/source_data/full_fold_models/per_cancer/os_3yr/BRCA/repeat_04_fold_00/logistic_regression/test_predictions.csv
per_cancer,os_3yr,BRCA,4,0,random_forest,320,81,100,success,0.10333333333333333,validation split balanced accuracy,0.3514039710025827,0.07877158500195947,0.4,0.5511363636363636,0.23076923076923078,0.75,0.3522727272727273,0.5724431818181818,0.23850682460414385,0.3761147888056785,0.10680111111111122,/home/prime/Documents/g3/tab-r1/paper/tables/source_data/full_fold_models/per_cancer/os_3yr/BRCA/repeat_04_fold_00/random_forest/test_predictions.csv
per_cancer,os_3yr,BRCA,4,0,catboost,320,81,100,success,0.10470046215208718,validation split balanced accuracy,2.123104976002651,0.0058940140006598085,0.57,0.5397727272727273,0.21818181818181817,0.5,0.5795454545454546,0.5804924242424243,0.23332788633346413,0.3579732775529638,0.10131257280387204,/home/prime/Documents/g3/tab-r1/paper/tables/source_data/full_fold_models/per_cancer/os_3yr/BRCA/repeat_04_fold_00/catboost/test_predictions.csv
per_cancer,os_3yr,BRCA,4,0,xgboost,320,81,100,success,0.03675057366490364,validation split balanced accuracy,0.22227934900001856,0.006576877000043169,0.54,0.5227272727272727,0.20689655172413793,0.5,0.5454545454545454,0.5340909090909091,0.1766769427439304,0.46898485566291326,0.11552529881538484,/home/prime/Documents/g3/tab-r1/paper/tables/source_data/full_fold_models/per_cancer/os_3yr/BRCA/repeat_04_fold_00/xgboost/test_predictions.csv
per_cancer,os_3yr,BRCA,4,0,lightgbm,320,81,100,success,0.006216876086085314,validation split balanced accuracy,0.09497262700097053,0.0067288770005689,0.56,0.46212121212121215,0.15384615384615385,0.3333333333333333,0.5909090909090909,0.47821969696969696,0.1993428399783636,0.7931301859505315,0.1302403641588822,/home/prime/Documents/g3/tab-r1/paper/tables/source_data/full_fold_models/per_cancer/os_3yr/BRCA/repeat_04_fold_00/lightgbm/test_predictions.csv
per_cancer,os_3yr,BRCA,4,1,logistic_regression,320,80,101,success,0.11278532174217706,validation split balanced accuracy,0.011379777002730407,0.003994766997493571,0.5643564356435643,0.48908857509627723,0.2413793103448276,0.3684210526315789,0.6097560975609756,0.5301668806161746,0.26316163498479295,0.5236754316935386,0.15625449082212095,/home/prime/Documents/g3/tab-r1/paper/tables/source_data/full_fold_models/per_cancer/os_3yr/BRCA/repeat_04_fold_01/logistic_regression/test_predictions.csv
per_cancer,os_3yr,BRCA,4,1,random_forest,320,80,101,success,0.11666666666666667,validation split balanced accuracy,0.3459411110015935,0.07741653799894266,0.49504950495049505,0.5879332477535302,0.35443037974683544,0.7368421052631579,0.43902439024390244,0.5706033376123234,0.22338422270617714,0.6351568257849759,0.1587079188118814,/home/prime/Documents/g3/tab-r1/paper/tables/source_data/full_fold_models/per_cancer/os_3yr/BRCA/repeat_04_fold_01/random_forest/test_predictions.csv
per_cancer,os_3yr,BRCA,4,1,catboost,320,80,101,success,0.03822136567334455,validation split balanced accuracy,1.7173342959977163,0.005759556999691995,0.2079207920792079,0.5121951219512195,0.3220338983050847,1.0,0.024390243902439025,0.5571245186136071,0.21279808962133914,0.548247122295056,0.1653007103334461,/home/prime/Documents/g3/tab-r1/paper/tables/source_data/full_fold_models/per_cancer/os_3yr/BRCA/repeat_04_fold_01/catboost/test_predictions.csv
per_cancer,os_3yr,BRCA,4,1,xgboost,320,80,101,success,0.012179880402982235,validation split balanced accuracy,0.17635220200099866,0.00651859599747695,0.44554455445544555,0.5776636713735559,0.3488372093023256,0.7894736842105263,0.36585365853658536,0.6550064184852374,0.26617839763505824,0.6991553598629423,0.18113305934708307,/home/prime/Documents/g3/tab-r1/paper/tables/source_data/full_fold_models/per_cancer/os_3yr/BRCA/repeat_04_fold_01/xgboost/test_predictions.csv
per_cancer,os_3yr,BRCA,4,1,lightgbm,320,80,101,success,0.00047281361324157236,validation split balanced accuracy,0.09445176300141611,0.006856119998701615,0.504950495049505,0.5738125802310655,0.34210526315789475,0.6842105263157895,0.4634146341463415,0.6280487804878049,0.2535898635011894,1.167521559685472,0.20497239660296765,/home/prime/Documents/g3/tab-r1/paper/tables/source_data/full_fold_models/per_cancer/os_3yr/BRCA/repeat_04_fold_01/lightgbm/test_predictions.csv
per_cancer,os_3yr,BRCA,4,2,logistic_regression,321,80,100,success,0.09977034305161982,validation split balanced accuracy,0.011186728999746265,0.004072486000950448,0.49,0.5388888888888889,0.19047619047619047,0.6,0.4777777777777778,0.5066666666666667,0.1026324548358239,0.35534364193720547,0.10263793228166897,/home/prime/Documents/g3/tab-r1/paper/tables/source_data/full_fold_models/per_cancer/os_3yr/BRCA/repeat_04_fold_02/logistic_regression/test_predictions.csv
per_cancer,os_3yr,BRCA,4,2,random_forest,321,80,100,success,0.15,validation split balanced accuracy,0.3526245010034472,0.07355047699820716,0.49,0.49444444444444446,0.16393442622950818,0.5,0.4888888888888889,0.5705555555555556,0.1759678347883776,0.3368426591827228,0.09373377777777789,/home/prime/Documents/g3/tab-r1/paper/tables/source_data/full_fold_models/per_cancer/os_3yr/BRCA/repeat_04_fold_02/random_forest/test_predictions.csv
per_cancer,os_3yr,BRCA,4,2,catboost,321,80,100,success,0.09573967146425513,validation split balanced accuracy,2.27805042700129,0.005877751998923486,0.45,0.4722222222222222,0.15384615384615385,0.5,0.4444444444444444,0.5111111111111111,0.18765607908920653,0.3355037875013697,0.09135562041915234,/home/prime/Documents/g3/tab-r1/paper/tables/source_data/full_fold_models/per_cancer/os_3yr/BRCA/repeat_04_fold_02/catboost/test_predictions.csv
per_cancer,os_3yr,BRCA,4,2,xgboost,321,80,100,success,0.031231768429279327,validation split balanced accuracy,0.21551439199902234,0.006583559999853605,0.45,0.5611111111111111,0.2028985507246377,0.7,0.4222222222222222,0.5655555555555556,0.19126917245497985,0.3780727362053537,0.0937877877239216,/home/prime/Documents/g3/tab-r1/paper/tables/source_data/full_fold_models/per_cancer/os_3yr/BRCA/repeat_04_fold_02/xgboost/test_predictions.csv
per_cancer,os_3yr,BRCA,4,2,lightgbm,321,80,100,success,0.016472771690675313,validation split balanced accuracy,0.0788156889975653,0.006707636999635724,0.67,0.55,0.1951219512195122,0.4,0.7,0.5144444444444445,0.13769005859772332,0.5551581401464492,0.09739032274077872,/home/prime/Documents/g3/tab-r1/paper/tables/source_data/full_fold_models/per_cancer/os_3yr/BRCA/repeat_04_fold_02/lightgbm/test_predictions.csv
per_cancer,os_3yr,BRCA,4,3,logistic_regression,321,80,100,success,0.035603127057698025,validation split balanced accuracy,0.011520476000441704,0.004110488000151236,0.28,0.5490196078431373,0.28,0.9333333333333333,0.16470588235294117,0.548235294117647,0.234140363565841,0.45061729387444366,0.13095644351046704,/home/prime/Documents/g3/tab-r1/paper/tables/source_data/full_fold_models/per_cancer/os_3yr/BRCA/repeat_04_fold_03/logistic_regression/test_predictions.csv
per_cancer,os_3yr,BRCA,4,3,random_forest,321,80,100,success,0.10666666666666667,validation split balanced accuracy,0.35210657300194725,0.07813177400021232,0.52,0.580392156862745,0.29411764705882354,0.6666666666666666,0.49411764705882355,0.6184313725490197,0.231045774803544,0.4204048614708216,0.1254835555555558,/home/prime/Documents/g3/tab-r1/paper/tables/source_data/full_fold_models/per_cancer/os_3yr/BRCA/repeat_04_fold_03/random_forest/test_predictions.csv
per_cancer,os_3yr,BRCA,4,3,catboost,321,80,100,success,0.0900401690890458,validation split balanced accuracy,2.3529114160010067,0.005867111998668406,0.69,0.6254901960784314,0.3404255319148936,0.5333333333333333,0.7176470588235294,0.6447058823529412,0.2848670113610221,0.43175797052774995,0.12867681595984037,/home/prime/Documents/g3/tab-r1/paper/tables/source_data/full_fold_models/per_cancer/os_3yr/BRCA/repeat_04_fold_03/catboost/test_predictions.csv
per_cancer,os_3yr,BRCA,4,3,xgboost,321,80,100,success,0.07873130589723587,validation split balanced accuracy,0.22478463199877297,0.0058584049984347075,0.76,0.5294117647058824,0.2,0.2,0.8588235294117647,0.6698039215686274,0.2827952046869718,0.5276395145955537,0.136422599810447,/home/prime/Documents/g3/tab-r1/paper/tables/source_data/full_fold_models/per_cancer/os_3yr/BRCA/repeat_04_fold_03/xgboost/test_predictions.csv
per_cancer,os_3yr,BRCA,4,3,lightgbm,321,80,100,success,0.001478044997442047,validation split balanced accuracy,0.09083081999779097,0.007087612000759691,0.56,0.6313725490196078,0.3333333333333333,0.7333333333333333,0.5294117647058824,0.6933333333333334,0.26718291613334305,0.7896490134081583,0.1449939075727219,/home/prime/Documents/g3/tab-r1/paper/tables/source_data/full_fold_models/per_cancer/os_3yr/BRCA/repeat_04_fold_03/lightgbm/test_predictions.csv
per_cancer,os_3yr,BRCA,4,4,logistic_regression,321,80,100,success,0.30660633317632086,validation split balanced accuracy,0.011119329999928595,0.003997332001745235,0.8,0.47058823529411764,0.0,0.0,0.9411764705882353,0.5050980392156863,0.16526484065028207,0.5507977547101113,0.14993063727193795,/home/prime/Documents/g3/tab-r1/paper/tables/source_data/full_fold_models/per_cancer/os_3yr/BRCA/repeat_04_fold_04/logistic_regression/test_predictions.csv
per_cancer,os_3yr,BRCA,4,4,random_forest,321,80,100,success,0.11333333333333333,validation split balanced accuracy,0.35163580299922614,0.07470979999925476,0.44,0.5607843137254902,0.28205128205128205,0.7333333333333333,0.38823529411764707,0.5933333333333334,0.2123561503632097,0.4198944308783513,0.12739522222222244,/home/prime/Documents/g3/tab-r1/paper/tables/source_data/full_fold_models/per_cancer/os_3yr/BRCA/repeat_04_fold_04/random_forest/test_predictions.csv
per_cancer,os_3yr,BRCA,4,4,catboost,321,80,100,success,0.2060896458478759,validation split balanced accuracy,2.1494808649986226,0.006010806002450408,0.84,0.49411764705882355,0.0,0.0,0.9882352941176471,0.6031372549019607,0.2514937695116722,0.4414200865561525,0.1315433393030771,/home/prime/Documents/g3/tab-r1/paper/tables/source_data/full_fold_models/per_cancer/os_3yr/BRCA/repeat_04_fold_04/catboost/test_predictions.csv
per_cancer,os_3yr,BRCA,4,4,xgboost,321,80,100,success,0.4599803388118744,validation split balanced accuracy,0.1985926350025693,0.00615668400132563,0.84,0.49411764705882355,0.0,0.0,0.9882352941176471,0.6447058823529411,0.25707198819953414,0.549777332321034,0.13993320064293843,/home/prime/Documents/g3/tab-r1/paper/tables/source_data/full_fold_models/per_cancer/os_3yr/BRCA/repeat_04_fold_04/xgboost/test_predictions.csv
per_cancer,os_3yr,BRCA,4,4,lightgbm,321,80,100,success,0.045028223746056806,validation split balanced accuracy,0.09382522699888796,0.006564733997947769,0.86,0.615686274509804,0.36363636363636365,0.26666666666666666,0.9647058823529412,0.6447058823529411,0.3858870402968415,0.873331270270947,0.13430660560279342,/home/prime/Documents/g3/tab-r1/paper/tables/source_data/full_fold_models/per_cancer/os_3yr/BRCA/repeat_04_fold_04/lightgbm/test_predictions.csv
per_cancer,os_3yr,ESCA,0,0,logistic_regression,54,14,18,success,0.9422060460701909,validation split balanced accuracy,0.00818053900002269,0.003960230998927727,0.5,0.5892857142857143,0.5714285714285714,0.42857142857142855,0.75,0.5357142857142857,0.8419979821765535,0.6396740774672647,0.19454547865065572,/home/prime/Documents/g3/tab-r1/paper/tables/source_data/full_fold_models/per_cancer/os_3yr/ESCA/repeat_00_fold_00/logistic_regression/test_predictions.csv
per_cancer,os_3yr,ESCA,0,0,random_forest,54,14,18,success,0.7733333333333333,validation split balanced accuracy,0.3386084310004662,0.06395496699769865,0.6666666666666666,0.42857142857142855,0.8,0.8571428571428571,0.0,0.4464285714285714,0.7553100494276965,0.5676649355285498,0.18316604938271605,/home/prime/Documents/g3/tab-r1/paper/tables/source_data/full_fold_models/per_cancer/os_3yr/ESCA/repeat_00_fold_00/random_forest/test_predictions.csv
per_cancer,os_3yr,ESCA,0,0,catboost,54,14,18,success,0.8807512038771447,validation split balanced accuracy,1.0206746409967309,0.005434226000943454,0.3888888888888889,0.5178571428571428,0.42105263157894735,0.2857142857142857,0.75,0.3571428571428571,0.7268646852680466,0.5855470218480163,0.18721493134463396,/home/prime/Documents/g3/tab-r1/paper/tables/source_data/full_fold_models/per_cancer/os_3yr/ESCA/repeat_00_fold_00/catboost/test_predictions.csv
per_cancer,os_3yr,ESCA,0,0,xgboost,54,14,18,success,0.9858265519142151,validation split balanced accuracy,0.04994029900262831,0.005806144999951357,0.2777777777777778,0.5357142857142857,0.13333333333333333,0.07142857142857142,1.0,0.3928571428571428,0.7928685227004555,0.7546121136581423,0.21934389562760734,/home/prime/Documents/g3/tab-r1/paper/tables/source_data/full_fold_models/per_cancer/os_3yr/ESCA/repeat_00_fold_00/xgboost/test_predictions.csv
per_cancer,os_3yr,ESCA,0,0,lightgbm,54,14,18,success,0.10490888331550381,validation split balanced accuracy,0.019277896997664357,0.005580254000960849,0.7777777777777778,0.5,0.875,1.0,0.0,0.5535714285714286,0.8765943207119677,0.7236296340038885,0.2354519202081372,/home/prime/Documents/g3/tab-r1/paper/tables/source_data/full_fold_models/per_cancer/os_3yr/ESCA/repeat_00_fold_00/lightgbm/test_predictions.csv
per_cancer,os_3yr,ESCA,0,1,logistic_regression,55,14,17,success,0.8629407370602884,validation split balanced accuracy,0.008512201999110403,0.004581305998726748,0.17647058823529413,0.09375,0.3,0.1875,0.0,0.0,0.8475279673349525,0.35402520213697364,0.09013825798592162,/home/prime/Documents/g3/tab-r1/paper/tables/source_data/full_fold_models/per_cancer/os_3yr/ESCA/repeat_00_fold_01/logistic_regression/test_predictions.csv
per_cancer,os_3yr,ESCA,0,1,random_forest,55,14,17,success,0.8533333333333334,validation split balanced accuracy,0.3285761269980867,0.0769748049970076,0.11764705882352941,0.53125,0.11764705882352941,0.0625,1.0,1.0,1.0,0.2890765305828912,0.06686209150326797,/home/prime/Documents/g3/tab-r1/paper/tables/source_data/full_fold_models/per_cancer/os_3yr/ESCA/repeat_00_fold_01/random_forest/test_predictions.csv
per_cancer,os_3yr,ESCA,0,1,catboost,55,14,17,success,0.8420175734233328,validation split balanced accuracy,1.148399462002999,0.00562479899963364,0.17647058823529413,0.5625,0.2222222222222222,0.125,1.0,1.0,1.0,0.2914476883245845,0.0700703804321804,/home/prime/Documents/g3/tab-r1/paper/tables/source_data/full_fold_models/per_cancer/os_3yr/ESCA/repeat_00_fold_01/catboost/test_predictions.csv
per_cancer,os_3yr,ESCA,0,1,xgboost,55,14,17,success,0.9421766996383667,validation split balanced accuracy,0.05999738999889814,0.005932125997787807,0.29411764705882354,0.625,0.4,0.25,1.0,0.875,0.9924172794117647,0.2347263764761269,0.06552763667970479,/home/prime/Documents/g3/tab-r1/paper/tables/source_data/full_fold_models/per_cancer/os_3yr/ESCA/repeat_00_fold_01/xgboost/test_predictions.csv
per_cancer,os_3yr,ESCA,0,1,lightgbm,55,14,17,success,0.5239379051812609,validation split balanced accuracy,0.019881199001247296,0.0058370850019855425,0.9411764705882353,0.5,0.9696969696969697,1.0,0.0,0.75,0.9837863270308124,0.2570320965448186,0.06932545925526921,/home/prime/Documents/g3/tab-r1/paper/tables/source_data/full_fold_models/per_cancer/os_3yr/ESCA/repeat_00_fold_01/lightgbm/test_predictions.csv
per_cancer,os_3yr,ESCA,0,2,logistic_regression,55,14,17,success,0.8112250421238881,validation split balanced accuracy,0.00853737000215915,0.003840592999040382,0.5882352941176471,0.48809523809523814,0.72,0.6428571428571429,0.3333333333333333,0.38095238095238104,0.7621717684742895,0.5269591579528761,0.15855923981288705,/home/prime/Documents/g3/tab-r1/paper/tables/source_data/full_fold_models/per_cancer/os_3yr/ESCA/repeat_00_fold_02/logistic_regression/test_predictions.csv
per_cancer,os_3yr,ESCA,0,2,random_forest,55,14,17,success,0.8366666666666667,validation split balanced accuracy,0.3369676080001227,0.07580399899961776,0.4117647058823529,0.6428571428571428,0.4444444444444444,0.2857142857142857,1.0,0.6666666666666667,0.9112797041893679,0.45076274429900764,0.14123660130718954,/home/prime/Documents/g3/tab-r1/paper/tables/source_data/full_fold_models/per_cancer/os_3yr/ESCA/repeat_00_fold_02/random_forest/test_predictions.csv
per_cancer,os_3yr,ESCA,0,2,catboost,55,14,17,success,0.7447071958952707,validation split balanced accuracy,1.2409582399995998,0.005456478000269271,0.7647058823529411,0.5952380952380952,0.8571428571428571,0.8571428571428571,0.3333333333333333,0.4047619047619048,0.8109812922838133,0.47533962401796037,0.14741533814864113,/home/prime/Documents/g3/tab-r1/paper/tables/source_data/full_fold_models/per_cancer/os_3yr/ESCA/repeat_00_fold_02/catboost/test_predictions.csv
per_cancer,os_3yr,ESCA,0,2,xgboost,55,14,17,success,0.8759408593177795,validation split balanced accuracy,0.05971638400296797,0.005694441999366973,0.6470588235294118,0.5238095238095238,0.7692307692307693,0.7142857142857143,0.3333333333333333,0.4285714285714286,0.8146577628720486,0.6192418947944734,0.14732219634045887,/home/prime/Documents/g3/tab-r1/paper/tables/source_data/full_fold_models/per_cancer/os_3yr/ESCA/repeat_00_fold_02/xgboost/test_predictions.csv
per_cancer,os_3yr,ESCA,0,2,lightgbm,55,14,17,success,0.6741957379343377,validation split balanced accuracy,0.01973841600192827,0.005551810001634294,0.7647058823529411,0.5952380952380952,0.8571428571428571,0.8571428571428571,0.3333333333333333,0.5238095238095238,0.8612564023278309,0.6927767792273151,0.18354368490822484,/home/prime/Documents/g3/tab-r1/paper/tables/source_data/full_fold_models/per_cancer/os_3yr/ESCA/repeat_00_fold_02/lightgbm/test_predictions.csv
per_cancer,os_3yr,ESCA,0,3,logistic_regression,55,14,17,success,0.4815303787289664,validation split balanced accuracy,0.008300787998450687,0.0037813889975950588,0.7058823529411765,0.5,0.8275862068965517,1.0,0.0,0.3833333333333333,0.639492451992452,0.8061424619240785,0.24235132000922366,/home/prime/Documents/g3/tab-r1/paper/tables/source_data/full_fold_models/per_cancer/os_3yr/ESCA/repeat_00_fold_03/logistic_regression/test_predictions.csv
per_cancer,os_3yr,ESCA,0,3,random_forest,55,14,17,success,0.62,validation split balanced accuracy,0.3467392340025981,0.07628636099980213,0.7058823529411765,0.5,0.8275862068965517,1.0,0.0,0.48333333333333334,0.6885975135975135,0.6477134877582117,0.2153640522875817,/home/prime/Documents/g3/tab-r1/paper/tables/source_data/full_fold_models/per_cancer/os_3yr/ESCA/repeat_00_fold_03/random_forest/test_predictions.csv
per_cancer,os_3yr,ESCA,0,3,catboost,55,14,17,success,0.707765771814656,validation split balanced accuracy,1.0644566230002965,0.00623441299831029,0.7647058823529411,0.6,0.8571428571428571,1.0,0.2,0.39999999999999997,0.7130043567543568,0.6364503475541228,0.21674586965107745,/home/prime/Documents/g3/tab-r1/paper/tables/source_data/full_fold_models/per_cancer/os_3yr/ESCA/repeat_00_fold_03/catboost/test_predictions.csv
per_cancer,os_3yr,ESCA,0,3,xgboost,55,14,17,success,0.5439836978912354,validation split balanced accuracy,0.05861348800317501,0.005280361001496203,0.7058823529411765,0.5,0.8275862068965517,1.0,0.0,0.43333333333333335,0.7245808045440398,0.9442530462503832,0.2695786575377202,/home/prime/Documents/g3/tab-r1/paper/tables/source_data/full_fold_models/per_cancer/os_3yr/ESCA/repeat_00_fold_03/xgboost/test_predictions.csv
per_cancer,os_3yr,ESCA,0,3,lightgbm,55,14,17,success,0.24358959420231882,validation split balanced accuracy,0.019149331001244718,0.006028099000104703,0.7058823529411765,0.5,0.8275862068965517,1.0,0.0,0.4,0.721328038791274,0.9690796611260413,0.28549222751405096,/home/prime/Documents/g3/tab-r1/paper/tables/source_data/full_fold_models/per_cancer/os_3yr/ESCA/repeat_00_fold_03/lightgbm/test_predictions.csv
per_cancer,os_3yr,ESCA,0,4,logistic_regression,55,14,17,success,0.8949383133502165,validation split balanced accuracy,0.00840935599990189,0.004520380996837048,0.5294117647058824,0.43333333333333335,0.6666666666666666,0.6666666666666666,0.2,0.4833333333333333,0.7806076480708833,0.7779589266678048,0.25026746715822284,/home/prime/Documents/g3/tab-r1/paper/tables/source_data/full_fold_models/per_cancer/os_3yr/ESCA/repeat_00_fold_04/logistic_regression/test_predictions.csv
per_cancer,os_3yr,ESCA,0,4,random_forest,55,14,17,success,0.8833333333333333,validation split balanced accuracy,0.346803356998862,0.0738611699998728,0.29411764705882354,0.325,0.3333333333333333,0.25,0.4,0.4916666666666667,0.7309527890410243,0.699940310516907,0.2304718954248366,/home/prime/Documents/g3/tab-r1/paper/tables/source_data/full_fold_models/per_cancer/os_3yr/ESCA/repeat_00_fold_04/random_forest/test_predictions.csv
per_cancer,os_3yr,ESCA,0,4,catboost,55,14,17,success,0.8058221948597041,validation split balanced accuracy,1.2554119460000948,0.005665366999892285,0.7058823529411765,0.6166666666666667,0.8,0.8333333333333334,0.4,0.5333333333333333,0.7733139001521355,0.6558425209990949,0.22200604085514342,/home/prime/Documents/g3/tab-r1/paper/tables/source_data/full_fold_models/per_cancer/os_3yr/ESCA/repeat_00_fold_04/catboost/test_predictions.csv
per_cancer,os_3yr,ESCA,0,4,xgboost,55,14,17,success,0.8594297766685486,validation split balanced accuracy,0.05764392700075405,0.005629158000374446,0.8235294117647058,0.7583333333333333,0.88,0.9166666666666666,0.6,0.7999999999999999,0.9151799045181398,0.7322749680568269,0.23646120116605934,/home/prime/Documents/g3/tab-r1/paper/tables/source_data/full_fold_models/per_cancer/os_3yr/ESCA/repeat_00_fold_04/xgboost/test_predictions.csv
per_cancer,os_3yr,ESCA,0,4,lightgbm,55,14,17,success,0.901670483518731,validation split balanced accuracy,0.01965253199887229,0.005589142001554137,0.7058823529411765,0.6166666666666667,0.8,0.8333333333333334,0.4,0.5166666666666666,0.7411768786768786,0.8469878759509525,0.2192062574554733,/home/prime/Documents/g3/tab-r1/paper/tables/source_data/full_fold_models/per_cancer/os_3yr/ESCA/repeat_00_fold_04/lightgbm/test_predictions.csv
per_cancer,os_3yr,ESCA,1,0,logistic_regression,55,14,17,success,0.9335611327942794,validation split balanced accuracy,0.008552057999622775,0.004536001000815304,0.11764705882352941,0.25,0.0,0.0,0.5,0.13461538461538464,0.6221096023132222,0.7381734572100049,0.22527770035002057,/home/prime/Documents/g3/tab-r1/paper/tables/source_data/full_fold_models/per_cancer/os_3yr/ESCA/repeat_01_fold_00/logistic_regression/test_predictions.csv
per_cancer,os_3yr,ESCA,1,0,random_forest,55,14,17,success,0.7033333333333334,validation split balanced accuracy,0.351851554998575,0.07729454600121244,0.7647058823529411,0.5,0.8666666666666667,1.0,0.0,0.5865384615384617,0.8364627705125443,0.5333366288566149,0.1763392156862745,/home/prime/Documents/g3/tab-r1/paper/tables/source_data/full_fold_models/per_cancer/os_3yr/ESCA/repeat_01_fold_00/random_forest/test_predictions.csv
per_cancer,os_3yr,ESCA,1,0,catboost,55,14,17,success,0.7496289722113479,validation split balanced accuracy,1.0146051129995612,0.005453132002003258,0.6470588235294118,0.4230769230769231,0.7857142857142857,0.8461538461538461,0.0,0.5384615384615384,0.8296055251937604,0.5586058567821027,0.18447429014114625,/home/prime/Documents/g3/tab-r1/paper/tables/source_data/full_fold_models/per_cancer/os_3yr/ESCA/repeat_01_fold_00/catboost/test_predictions.csv
per_cancer,os_3yr,ESCA,1,0,xgboost,55,14,17,success,0.8135138750076294,validation split balanced accuracy,0.058137348998570815,0.005314886999258306,0.7058823529411765,0.5480769230769231,0.8148148148148148,0.8461538461538461,0.25,0.5961538461538461,0.8401392411007795,0.6263232421067265,0.17899938858718112,/home/prime/Documents/g3/tab-r1/paper/tables/source_data/full_fold_models/per_cancer/os_3yr/ESCA/repeat_01_fold_00/xgboost/test_predictions.csv
per_cancer,os_3yr,ESCA,1,0,lightgbm,55,14,17,success,0.9867433512076036,validation split balanced accuracy,0.019346406999829924,0.005520599999726983,0.29411764705882354,0.4519230769230769,0.25,0.15384615384615385,0.75,0.4230769230769231,0.7829135419633158,0.8724037507436457,0.23096847254011638,/home/prime/Documents/g3/tab-r1/paper/tables/source_data/full_fold_models/per_cancer/os_3yr/ESCA/repeat_01_fold_00/lightgbm/test_predictions.csv
per_cancer,os_3yr,ESCA,1,1,logistic_regression,54,14,18,success,0.9224053224185524,validation split balanced accuracy,0.008518875001755077,0.0038050250004744157,0.5,0.3,0.6666666666666666,0.6,0.0,0.3111111111111111,0.8188691972515502,0.5306274278572146,0.15266827491988672,/home/prime/Documents/g3/tab-r1/paper/tables/source_data/full_fold_models/per_cancer/os_3yr/ESCA/repeat_01_fold_01/logistic_regression/test_predictions.csv
per_cancer,os_3yr,ESCA,1,1,random_forest,54,14,18,success,0.6566666666666666,validation split balanced accuracy,0.3296489849999489,0.0806670550009585,0.7222222222222222,0.43333333333333335,0.8387096774193549,0.8666666666666667,0.0,0.044444444444444446,0.6834387018210548,0.6453305845396582,0.18342530864197532,/home/prime/Documents/g3/tab-r1/paper/tables/source_data/full_fold_models/per_cancer/os_3yr/ESCA/repeat_01_fold_01/random_forest/test_predictions.csv
per_cancer,os_3yr,ESCA,1,1,catboost,54,14,18,success,0.9031337591511575,validation split balanced accuracy,1.2449558629996318,0.0055687319982098415,0.05555555555555555,0.16666666666666666,0.0,0.0,0.3333333333333333,0.24444444444444446,0.7272730156553686,0.5233892241073304,0.15524277338656875,/home/prime/Documents/g3/tab-r1/paper/tables/source_data/full_fold_models/per_cancer/os_3yr/ESCA/repeat_01_fold_01/catboost/test_predictions.csv
per_cancer,os_3yr,ESCA,1,1,xgboost,54,14,18,success,0.9937669038772583,validation split balanced accuracy,0.055182157000672305,0.005677249002474127,0.16666666666666666,0.36666666666666664,0.11764705882352941,0.06666666666666667,0.6666666666666666,0.35555555555555557,0.7525041080923434,0.6640393911958548,0.13734688433029932,/home/prime/Documents/g3/tab-r1/paper/tables/source_data/full_fold_models/per_cancer/os_3yr/ESCA/repeat_01_fold_01/xgboost/test_predictions.csv
per_cancer,os_3yr,ESCA,1,1,lightgbm,54,14,18,success,0.8661738214422825,validation split balanced accuracy,0.019675075000122888,0.005626844002108555,0.6111111111111112,0.5,0.7407407407407407,0.6666666666666666,0.3333333333333333,0.33333333333333337,0.7413929969812323,0.8420624810958581,0.15546555221602137,/home/prime/Documents/g3/tab-r1/paper/tables/source_data/full_fold_models/per_cancer/os_3yr/ESCA/repeat_01_fold_01/lightgbm/test_predictions.csv
per_cancer,os_3yr,ESCA,1,2,logistic_regression,55,14,17,success,0.9519296058829753,validation split balanced accuracy,0.00811473299836507,0.003829991997918114,0.11764705882352941,0.3333333333333333,0.0,0.0,0.6666666666666666,0.3571428571428572,0.7432291914434772,0.5617422712454886,0.16080913273184935,/home/prime/Documents/g3/tab-r1/paper/tables/source_data/full_fold_models/per_cancer/os_3yr/ESCA/repeat_01_fold_02/logistic_regression/test_predictions.csv
per_cancer,os_3yr,ESCA,1,2,random_forest,55,14,17,success,0.76,validation split balanced accuracy,0.33731637399978354,0.07387195000046631,0.7058823529411765,0.5595238095238095,0.8148148148148148,0.7857142857142857,0.3333333333333333,0.511904761904762,0.837837868247532,0.4836327083149991,0.15158823529411766,/home/prime/Documents/g3/tab-r1/paper/tables/source_data/full_fold_models/per_cancer/os_3yr/ESCA/repeat_01_fold_02/random_forest/test_predictions.csv
per_cancer,os_3yr,ESCA,1,2,catboost,55,14,17,success,0.7971789986882306,validation split balanced accuracy,1.2100240090003354,0.005447600997285917,0.5294117647058824,0.32142857142857145,0.6923076923076923,0.6428571428571429,0.0,0.40476190476190477,0.8136642244310311,0.49697368705783185,0.15628739135527137,/home/prime/Documents/g3/tab-r1/paper/tables/source_data/full_fold_models/per_cancer/os_3yr/ESCA/repeat_01_fold_02/catboost/test_predictions.csv
per_cancer,os_3yr,ESCA,1,2,xgboost,55,14,17,success,0.9112000465393066,validation split balanced accuracy,0.05991485299819033,0.0058403709990670905,0.4117647058823529,0.25,0.5833333333333334,0.5,0.0,0.40476190476190477,0.8589564322232389,0.6626368946422058,0.17881063672634834,/home/prime/Documents/g3/tab-r1/paper/tables/source_data/full_fold_models/per_cancer/os_3yr/ESCA/repeat_01_fold_02/xgboost/test_predictions.csv
per_cancer,os_3yr,ESCA,1,2,lightgbm,55,14,17,success,0.7831383654345965,validation split balanced accuracy,0.016493620998517144,0.0049385189995518886,0.5294117647058824,0.32142857142857145,0.6923076923076923,0.6428571428571429,0.0,0.2619047619047619,0.7840698109080462,0.6537883986009865,0.1859494826899661,/home/prime/Documents/g3/tab-r1/paper/tables/source_data/full_fold_models/per_cancer/os_3yr/ESCA/repeat_01_fold_02/lightgbm/test_predictions.csv
per_cancer,os_3yr,ESCA,1,3,logistic_regression,55,14,17,success,0.9119597148914628,validation split balanced accuracy,0.008362546999705955,0.0038127499974507373,0.47058823529411764,0.4772727272727273,0.5263157894736842,0.45454545454545453,0.5,0.4090909090909091,0.6857223881288053,0.9599202450826632,0.30851906248847927,/home/prime/Documents/g3/tab-r1/paper/tables/source_data/full_fold_models/per_cancer/os_3yr/ESCA/repeat_01_fold_03/logistic_regression/test_predictions.csv
per_cancer,os_3yr,ESCA,1,3,random_forest,55,14,17,success,0.8933333333333333,validation split balanced accuracy,0.32931506800014176,0.07780849600021611,0.4117647058823529,0.5454545454545454,0.16666666666666666,0.09090909090909091,1.0,0.42424242424242425,0.666066286654522,0.7818336845033095,0.27149542483660133,/home/prime/Documents/g3/tab-r1/paper/tables/source_data/full_fold_models/per_cancer/os_3yr/ESCA/repeat_01_fold_03/random_forest/test_predictions.csv
per_cancer,os_3yr,ESCA,1,3,catboost,55,14,17,success,0.8790207374968579,validation split balanced accuracy,1.2895433109988517,0.00545656800022698,0.29411764705882354,0.4166666666666667,0.0,0.0,0.8333333333333334,0.4242424242424242,0.6423157947222118,0.7617802632703703,0.2656603625620958,/home/prime/Documents/g3/tab-r1/paper/tables/source_data/full_fold_models/per_cancer/os_3yr/ESCA/repeat_01_fold_03/catboost/test_predictions.csv
per_cancer,os_3yr,ESCA,1,3,xgboost,55,14,17,success,0.16864636540412903,validation split balanced accuracy,0.05854606899811188,0.005988934997731121,0.6470588235294118,0.5,0.7857142857142857,1.0,0.0,0.33333333333333337,0.5799420573484745,1.164908455620921,0.32360419657599676,/home/prime/Documents/g3/tab-r1/paper/tables/source_data/full_fold_models/per_cancer/os_3yr/ESCA/repeat_01_fold_03/xgboost/test_predictions.csv
per_cancer,os_3yr,ESCA,1,3,lightgbm,55,14,17,success,0.07327578214095576,validation split balanced accuracy,0.01746362300036708,0.00502891200085287,0.6470588235294118,0.5,0.7857142857142857,1.0,0.0,0.303030303030303,0.571125116713352,1.3818248032279745,0.374016999098337,/home/prime/Documents/g3/tab-r1/paper/tables/source_data/full_fold_models/per_cancer/os_3yr/ESCA/repeat_01_fold_03/lightgbm/test_predictions.csv
per_cancer,os_3yr,ESCA,1,4,logistic_regression,55,14,17,success,0.9647154009402475,validation split balanced accuracy,0.008224723998864647,0.0038396109994209837,0.11764705882352941,0.5,0.0,0.0,1.0,0.2,0.8458374414256767,0.4448907246429232,0.13311393575856567,/home/prime/Documents/g3/tab-r1/paper/tables/source_data/full_fold_models/per_cancer/os_3yr/ESCA/repeat_01_fold_04/logistic_regression/test_predictions.csv
per_cancer,os_3yr,ESCA,1,4,random_forest,55,14,17,success,0.7833333333333333,validation split balanced accuracy,0.3307043500026339,0.07796652800243464,0.17647058823529413,0.1,0.3,0.2,0.0,0.06666666666666667,0.7643478199360553,0.49657103072196496,0.15148235294117646,/home/prime/Documents/g3/tab-r1/paper/tables/source_data/full_fold_models/per_cancer/os_3yr/ESCA/repeat_01_fold_04/random_forest/test_predictions.csv
per_cancer,os_3yr,ESCA,1,4,catboost,55,14,17,success,0.7628873647864469,validation split balanced accuracy,1.2443890599970473,0.005430076998891309,0.5294117647058824,0.3,0.6923076923076923,0.6,0.0,0.03333333333333333,0.7525041080923434,0.45158416752078095,0.13285968364387918,/home/prime/Documents/g3/tab-r1/paper/tables/source_data/full_fold_models/per_cancer/os_3yr/ESCA/repeat_01_fold_04/catboost/test_predictions.csv
per_cancer,os_3yr,ESCA,1,4,xgboost,55,14,17,success,0.6959611177444458,validation split balanced accuracy,0.060596905001148116,0.0057742139979382046,0.7647058823529411,0.43333333333333335,0.8666666666666667,0.8666666666666667,0.0,0.23333333333333334,0.80406495465319,0.5951704184407907,0.16971741516916317,/home/prime/Documents/g3/tab-r1/paper/tables/source_data/full_fold_models/per_cancer/os_3yr/ESCA/repeat_01_fold_04/xgboost/test_predictions.csv
per_cancer,os_3yr,ESCA,1,4,lightgbm,55,14,17,success,0.6882348295949844,validation split balanced accuracy,0.018974577000335557,0.005502374999196036,0.7058823529411765,0.4,0.8275862068965517,0.8,0.0,0.26666666666666666,0.8626628382510735,0.7129745072946462,0.20200247830856352,/home/prime/Documents/g3/tab-r1/paper/tables/source_data/full_fold_models/per_cancer/os_3yr/ESCA/repeat_01_fold_04/lightgbm/test_predictions.csv
per_cancer,os_3yr,ESCA,2,0,logistic_regression,54,14,18,success,0.8527529399974205,validation split balanced accuracy,0.008718877001228975,0.004588990999764064,0.5,0.4107142857142857,0.64,0.5714285714285714,0.25,0.3392857142857143,0.6956780147956618,0.713251024249235,0.2056063222804058,/home/prime/Documents/g3/tab-r1/paper/tables/source_data/full_fold_models/per_cancer/os_3yr/ESCA/repeat_02_fold_00/logistic_regression/test_predictions.csv
per_cancer,os_3yr,ESCA,2,0,random_forest,54,14,18,success,0.7,validation split balanced accuracy,0.3522610469990468,0.07664770100018359,0.7777777777777778,0.5,0.875,1.0,0.0,0.6071428571428572,0.823756402327831,0.5289383314654498,0.1707456790123457,/home/prime/Documents/g3/tab-r1/paper/tables/source_data/full_fold_models/per_cancer/os_3yr/ESCA/repeat_02_fold_00/random_forest/test_predictions.csv
per_cancer,os_3yr,ESCA,2,0,catboost,54,14,18,success,0.8236705358783839,validation split balanced accuracy,1.2274238589998276,0.005507254998519784,0.5555555555555556,0.44642857142857145,0.6923076923076923,0.6428571428571429,0.25,0.5178571428571428,0.7990667187620968,0.5500592861034932,0.17796595957887285,/home/prime/Documents/g3/tab-r1/paper/tables/source_data/full_fold_models/per_cancer/os_3yr/ESCA/repeat_02_fold_00/catboost/test_predictions.csv
per_cancer,os_3yr,ESCA,2,0,xgboost,54,14,18,success,0.9960427284240723,validation split balanced accuracy,0.05844285199782462,0.005887240000447491,0.2222222222222222,0.5,0.0,0.0,1.0,0.5714285714285714,0.8126452912167199,0.7397015833517351,0.20481790331305408,/home/prime/Documents/g3/tab-r1/paper/tables/source_data/full_fold_models/per_cancer/os_3yr/ESCA/repeat_02_fold_00/xgboost/test_predictions.csv
per_cancer,os_3yr,ESCA,2,0,lightgbm,54,14,18,success,0.38302206130310346,validation split balanced accuracy,0.016174039999896195,0.005062616000941489,0.7222222222222222,0.4642857142857143,0.8387096774193549,0.9285714285714286,0.0,0.5178571428571428,0.8196082687154116,0.6575524936827981,0.18672986784244738,/home/prime/Documents/g3/tab-r1/paper/tables/source_data/full_fold_models/per_cancer/os_3yr/ESCA/repeat_02_fold_00/lightgbm/test_predictions.csv
per_cancer,os_3yr,ESCA,2,1,logistic_regression,55,14,17,success,0.7609708326641277,validation split balanced accuracy,0.008960066999861738,0.004621674001100473,0.35294117647058826,0.21428571428571427,0.5217391304347826,0.42857142857142855,0.0,0.11904761904761905,0.6998577927674566,0.6311097307535232,0.19704837352368076,/home/prime/Documents/g3/tab-r1/paper/tables/source_data/full_fold_models/per_cancer/os_3yr/ESCA/repeat_02_fold_01/logistic_regression/test_predictions.csv
per_cancer,os_3yr,ESCA,2,1,random_forest,55,14,17,success,0.7866666666666666,validation split balanced accuracy,0.3458412399995723,0.06833915700190119,0.4117647058823529,0.5119047619047619,0.5,0.35714285714285715,0.6666666666666666,0.30952380952380953,0.7609405592073659,0.5261610222616453,0.16660915032679738,/home/prime/Documents/g3/tab-r1/paper/tables/source_data/full_fold_models/per_cancer/os_3yr/ESCA/repeat_02_fold_01/random_forest/test_predictions.csv
per_cancer,os_3yr,ESCA,2,1,catboost,55,14,17,success,0.7724605482605431,validation split balanced accuracy,1.09897321400058,0.00549930899796891,0.47058823529411764,0.2857142857142857,0.64,0.5714285714285714,0.0,0.2619047619047619,0.7709745728128081,0.5179175470348738,0.16403458672148574,/home/prime/Documents/g3/tab-r1/paper/tables/source_data/full_fold_models/per_cancer/os_3yr/ESCA/repeat_02_fold_01/catboost/test_predictions.csv
per_cancer,os_3yr,ESCA,2,1,xgboost,55,14,17,success,0.929172694683075,validation split balanced accuracy,0.060400260001188144,0.005785967001429526,0.35294117647058826,0.34523809523809523,0.47619047619047616,0.35714285714285715,0.3333333333333333,0.45238095238095244,0.8595978542932324,0.5653524029000548,0.16828837547764158,/home/prime/Documents/g3/tab-r1/paper/tables/source_data/full_fold_models/per_cancer/os_3yr/ESCA/repeat_02_fold_01/xgboost/test_predictions.csv
per_cancer,os_3yr,ESCA,2,1,lightgbm,55,14,17,success,0.9071292142771198,validation split balanced accuracy,0.016477109002153156,0.004990148001525085,0.4117647058823529,0.5119047619047619,0.5,0.35714285714285715,0.6666666666666666,0.5476190476190477,0.8937147294815362,0.5246047058396435,0.16620771348177293,/home/prime/Documents/g3/tab-r1/paper/tables/source_data/full_fold_models/per_cancer/os_3yr/ESCA/repeat_02_fold_01/lightgbm/test_predictions.csv
per_cancer,os_3yr,ESCA,2,2,logistic_regression,55,14,17,success,0.8652833655736971,validation split balanced accuracy,0.008923917997890385,0.003783773998293327,0.5882352941176471,0.5333333333333333,0.6956521739130435,0.6666666666666666,0.4,0.6,0.78244671994672,0.6870208555572911,0.2192258842829193,/home/prime/Documents/g3/tab-r1/paper/tables/source_data/full_fold_models/per_cancer/os_3yr/ESCA/repeat_02_fold_02/logistic_regression/test_predictions.csv
per_cancer,os_3yr,ESCA,2,2,random_forest,55,14,17,success,0.8233333333333334,validation split balanced accuracy,0.3360167229984654,0.07584828400285915,0.23529411764705882,0.3416666666666667,0.13333333333333333,0.08333333333333333,0.6,0.30833333333333335,0.6063575313575312,0.667389455576939,0.22388888888888892,/home/prime/Documents/g3/tab-r1/paper/tables/source_data/full_fold_models/per_cancer/os_3yr/ESCA/repeat_02_fold_02/random_forest/test_predictions.csv
per_cancer,os_3yr,ESCA,2,2,catboost,55,14,17,success,0.8135560686910501,validation split balanced accuracy,1.0794830119994003,0.005834769999637501,0.5294117647058824,0.4916666666666667,0.6363636363636364,0.5833333333333334,0.4,0.5,0.7337364024864025,0.6261297508342785,0.2134779940914438,/home/prime/Documents/g3/tab-r1/paper/tables/source_data/full_fold_models/per_cancer/os_3yr/ESCA/repeat_02_fold_02/catboost/test_predictions.csv
per_cancer,os_3yr,ESCA,2,2,xgboost,55,14,17,success,0.9286863207817078,validation split balanced accuracy,0.06187504600165994,0.005828257999382913,0.35294117647058826,0.3666666666666667,0.42105263157894735,0.3333333333333333,0.4,0.3,0.6762266124398477,0.9270191999201423,0.27448549035725234,/home/prime/Documents/g3/tab-r1/paper/tables/source_data/full_fold_models/per_cancer/os_3yr/ESCA/repeat_02_fold_02/xgboost/test_predictions.csv
per_cancer,os_3yr,ESCA,2,2,lightgbm,55,14,17,success,0.9468883616620613,validation split balanced accuracy,0.01758741899902816,0.006712575999699766,0.35294117647058826,0.425,0.35294117647058826,0.25,0.6,0.21666666666666665,0.5964316388948743,1.068185208933924,0.29785979531048973,/home/prime/Documents/g3/tab-r1/paper/tables/source_data/full_fold_models/per_cancer/os_3yr/ESCA/repeat_02_fold_02/lightgbm/test_predictions.csv
per_cancer,os_3yr,ESCA,2,3,logistic_regression,55,14,17,success,0.8898994308134754,validation split balanced accuracy,0.008792997999989893,0.004558422999252798,0.5882352941176471,0.47115384615384615,0.72,0.6923076923076923,0.25,0.38461538461538464,0.6932088022585761,0.8144025219240756,0.21172346966922315,/home/prime/Documents/g3/tab-r1/paper/tables/source_data/full_fold_models/per_cancer/os_3yr/ESCA/repeat_02_fold_03/logistic_regression/test_predictions.csv
per_cancer,os_3yr,ESCA,2,3,random_forest,55,14,17,success,0.8233333333333334,validation split balanced accuracy,0.3503860680029902,0.07731342099941685,0.35294117647058826,0.3173076923076923,0.47619047619047616,0.38461538461538464,0.25,0.29807692307692313,0.7309763765646119,0.6036264845174232,0.1975875816993464,/home/prime/Documents/g3/tab-r1/paper/tables/source_data/full_fold_models/per_cancer/os_3yr/ESCA/repeat_02_fold_03/random_forest/test_predictions.csv
per_cancer,os_3yr,ESCA,2,3,catboost,55,14,17,success,0.8900929802082143,validation split balanced accuracy,1.210533741999825,0.005518646001291927,0.29411764705882354,0.5384615384615384,0.14285714285714285,0.07692307692307693,1.0,0.3461538461538462,0.7314483404981142,0.5834159034287714,0.19072692927842091,/home/prime/Documents/g3/tab-r1/paper/tables/source_data/full_fold_models/per_cancer/os_3yr/ESCA/repeat_02_fold_03/catboost/test_predictions.csv
per_cancer,os_3yr,ESCA,2,3,xgboost,55,14,17,success,0.7081884145736694,validation split balanced accuracy,0.055683623999357224,0.005304587997670751,0.7647058823529411,0.5,0.8666666666666667,1.0,0.0,0.5384615384615385,0.8507706848204586,0.7533527082582809,0.21404494410518346,/home/prime/Documents/g3/tab-r1/paper/tables/source_data/full_fold_models/per_cancer/os_3yr/ESCA/repeat_02_fold_03/xgboost/test_predictions.csv
per_cancer,os_3yr,ESCA,2,3,lightgbm,55,14,17,success,0.9982753021488027,validation split balanced accuracy,0.02001177700003609,0.005884394999156939,0.23529411764705882,0.5,0.0,0.0,1.0,0.4423076923076923,0.8021443111940849,0.7517552400927283,0.2171180260262659,/home/prime/Documents/g3/tab-r1/paper/tables/source_data/full_fold_models/per_cancer/os_3yr/ESCA/repeat_02_fold_03/lightgbm/test_predictions.csv
per_cancer,os_3yr,ESCA,2,4,logistic_regression,55,14,17,success,0.6879819834383276,validation split balanced accuracy,0.008668440998008009,0.0045345379985519685,0.8235294117647058,0.4666666666666667,0.9032258064516129,0.9333333333333333,0.0,0.3666666666666667,0.8896205102087456,0.39916102067556253,0.1181318726554836,/home/prime/Documents/g3/tab-r1/paper/tables/source_data/full_fold_models/per_cancer/os_3yr/ESCA/repeat_02_fold_04/logistic_regression/test_predictions.csv
per_cancer,os_3yr,ESCA,2,4,random_forest,55,14,17,success,0.6833333333333333,validation split balanced accuracy,0.3520704629991087,0.07794652000302449,0.47058823529411764,0.26666666666666666,0.64,0.5333333333333333,0.0,0.26666666666666666,0.8537739493621846,0.5204902088100016,0.16420065359477123,/home/prime/Documents/g3/tab-r1/paper/tables/source_data/full_fold_models/per_cancer/os_3yr/ESCA/repeat_02_fold_04/random_forest/test_predictions.csv
per_cancer,os_3yr,ESCA,2,4,catboost,55,14,17,success,0.7434204368569962,validation split balanced accuracy,1.1101684889981698,0.005598839001322631,0.47058823529411764,0.26666666666666666,0.64,0.5333333333333333,0.0,0.16666666666666669,0.82917077475901,0.5281591850234442,0.16228445970704075,/home/prime/Documents/g3/tab-r1/paper/tables/source_data/full_fold_models/per_cancer/os_3yr/ESCA/repeat_02_fold_04/catboost/test_predictions.csv
per_cancer,os_3yr,ESCA,2,4,xgboost,55,14,17,success,0.8677222728729248,validation split balanced accuracy,0.049675553000270156,0.00470358099846635,0.29411764705882354,0.16666666666666666,0.45454545454545453,0.3333333333333333,0.0,0.16666666666666669,0.82917077475901,0.8087614426681727,0.22488214840205417,/home/prime/Documents/g3/tab-r1/paper/tables/source_data/full_fold_models/per_cancer/os_3yr/ESCA/repeat_02_fold_04/xgboost/test_predictions.csv
per_cancer,os_3yr,ESCA,2,4,lightgbm,55,14,17,success,0.9308772469476847,validation split balanced accuracy,0.01752202500210842,0.005233582000073511,0.35294117647058826,0.2,0.5217391304347826,0.4,0.0,0.1,0.7969485525367879,0.8763217129465389,0.226629284424062,/home/prime/Documents/g3/tab-r1/paper/tables/source_data/full_fold_models/per_cancer/os_3yr/ESCA/repeat_02_fold_04/lightgbm/test_predictions.csv
per_cancer,os_3yr,ESCA,3,0,logistic_regression,54,14,18,success,0.9317649977484961,validation split balanced accuracy,0.008247316000051796,0.0037709199968958274,0.6111111111111112,0.75,0.6666666666666666,0.5,1.0,0.8928571428571428,0.9746031746031745,0.5273114341348699,0.17884263932797265,/home/prime/Documents/g3/tab-r1/paper/tables/source_data/full_fold_models/per_cancer/os_3yr/ESCA/repeat_03_fold_00/logistic_regression/test_predictions.csv
per_cancer,os_3yr,ESCA,3,0,random_forest,54,14,18,success,0.73,validation split balanced accuracy,0.3289714720012853,0.07593454900052166,0.7777777777777778,0.5892857142857143,0.8666666666666667,0.9285714285714286,0.25,0.35714285714285715,0.7069156158967083,0.5577644654952572,0.17731543209876544,/home/prime/Documents/g3/tab-r1/paper/tables/source_data/full_fold_models/per_cancer/os_3yr/ESCA/repeat_03_fold_00/random_forest/test_predictions.csv
per_cancer,os_3yr,ESCA,3,0,catboost,54,14,18,success,0.7693341087946101,validation split balanced accuracy,1.0914047440019203,0.00563763399986783,0.7222222222222222,0.4642857142857143,0.8387096774193549,0.9285714285714286,0.0,0.41071428571428575,0.7194382006882006,0.5528189453527478,0.18001519793966095,/home/prime/Documents/g3/tab-r1/paper/tables/source_data/full_fold_models/per_cancer/os_3yr/ESCA/repeat_03_fold_00/catboost/test_predictions.csv
per_cancer,os_3yr,ESCA,3,0,xgboost,54,14,18,success,0.8736616969108582,validation split balanced accuracy,0.051539782998588635,0.004789415001141606,0.7222222222222222,0.5535714285714286,0.8275862068965517,0.8571428571428571,0.25,0.625,0.8385194987085742,0.6435916765877239,0.1958382697743131,/home/prime/Documents/g3/tab-r1/paper/tables/source_data/full_fold_models/per_cancer/os_3yr/ESCA/repeat_03_fold_00/xgboost/test_predictions.csv
per_cancer,os_3yr,ESCA,3,0,lightgbm,54,14,18,success,0.973990449670537,validation split balanced accuracy,0.016541511999093927,0.005097441997349961,0.2222222222222222,0.5,0.0,0.0,1.0,0.5,0.7927773440378483,0.6000641382654752,0.18892561590866153,/home/prime/Documents/g3/tab-r1/paper/tables/source_data/full_fold_models/per_cancer/os_3yr/ESCA/repeat_03_fold_00/lightgbm/test_predictions.csv
per_cancer,os_3yr,ESCA,3,1,logistic_regression,55,14,17,success,0.9248172131229235,validation split balanced accuracy,0.012448917997971876,0.004591185999743175,0.35294117647058826,0.1875,0.5217391304347826,0.375,0.0,0.3125,0.9381529673349526,0.25912344338334053,0.0633232482782565,/home/prime/Documents/g3/tab-r1/paper/tables/source_data/full_fold_models/per_cancer/os_3yr/ESCA/repeat_03_fold_01/logistic_regression/test_predictions.csv
per_cancer,os_3yr,ESCA,3,1,random_forest,55,14,17,success,0.7733333333333333,validation split balanced accuracy,0.3510530919993471,0.08152530200095498,0.5882352941176471,0.3125,0.7407407407407407,0.625,0.0,0.0625,0.8806087754157608,0.3552602074627734,0.0931986928104575,/home/prime/Documents/g3/tab-r1/paper/tables/source_data/full_fold_models/per_cancer/os_3yr/ESCA/repeat_03_fold_01/random_forest/test_predictions.csv
per_cancer,os_3yr,ESCA,3,1,catboost,55,14,17,success,0.8110725331686851,validation split balanced accuracy,1.0659376309995423,0.005725462000555126,0.23529411764705882,0.125,0.38095238095238093,0.25,0.0,0.0,0.8475279673349525,0.38231066447904805,0.1034314086823402,/home/prime/Documents/g3/tab-r1/paper/tables/source_data/full_fold_models/per_cancer/os_3yr/ESCA/repeat_03_fold_01/catboost/test_predictions.csv
per_cancer,os_3yr,ESCA,3,1,xgboost,55,14,17,success,0.9623790979385376,validation split balanced accuracy,0.05226904499795637,0.005132799000421073,0.17647058823529413,0.5625,0.2222222222222222,0.125,1.0,0.125,0.899611300668286,0.5360769141630363,0.17432194355401112,/home/prime/Documents/g3/tab-r1/paper/tables/source_data/full_fold_models/per_cancer/os_3yr/ESCA/repeat_03_fold_01/xgboost/test_predictions.csv
per_cancer,os_3yr,ESCA,3,1,lightgbm,55,14,17,success,0.8999421236996219,validation split balanced accuracy,0.019378228000277886,0.005966230997728417,0.17647058823529413,0.09375,0.3,0.1875,0.0,0.1875,0.915236300668286,0.4963040398157478,0.1540084300037959,/home/prime/Documents/g3/tab-r1/paper/tables/source_data/full_fold_models/per_cancer/os_3yr/ESCA/repeat_03_fold_01/lightgbm/test_predictions.csv
per_cancer,os_3yr,ESCA,3,2,logistic_regression,55,14,17,success,0.8963108691815309,validation split balanced accuracy,0.008064628000283847,0.0046099520004645456,0.47058823529411764,0.5476190476190476,0.5714285714285714,0.42857142857142855,0.6666666666666666,0.45238095238095244,0.8626721609389676,0.5243991666264879,0.16392530549904633,/home/prime/Documents/g3/tab-r1/paper/tables/source_data/full_fold_models/per_cancer/os_3yr/ESCA/repeat_03_fold_02/logistic_regression/test_predictions.csv
per_cancer,os_3yr,ESCA,3,2,random_forest,55,14,17,success,0.7766666666666666,validation split balanced accuracy,0.34982695000144304,0.07657510200078832,0.5294117647058824,0.45238095238095233,0.6666666666666666,0.5714285714285714,0.3333333333333333,0.5714285714285714,0.8758539079967652,0.46078864055033236,0.14278039215686275,/home/prime/Documents/g3/tab-r1/paper/tables/source_data/full_fold_models/per_cancer/os_3yr/ESCA/repeat_03_fold_02/random_forest/test_predictions.csv
per_cancer,os_3yr,ESCA,3,2,catboost,55,14,17,success,0.8646857432225901,validation split balanced accuracy,1.1286467379977694,0.005501482999534346,0.23529411764705882,0.5357142857142857,0.13333333333333333,0.07142857142857142,1.0,0.38095238095238093,0.8358632555586337,0.4795184906211053,0.15009965615533244,/home/prime/Documents/g3/tab-r1/paper/tables/source_data/full_fold_models/per_cancer/os_3yr/ESCA/repeat_03_fold_02/catboost/test_predictions.csv
per_cancer,os_3yr,ESCA,3,2,xgboost,55,14,17,success,0.7781932950019836,validation split balanced accuracy,0.059460094998939894,0.005889955002203351,0.6470588235294118,0.39285714285714285,0.7857142857142857,0.7857142857142857,0.0,0.40476190476190477,0.8232687072497997,0.6488179470774426,0.18498593326470636,/home/prime/Documents/g3/tab-r1/paper/tables/source_data/full_fold_models/per_cancer/os_3yr/ESCA/repeat_03_fold_02/xgboost/test_predictions.csv
per_cancer,os_3yr,ESCA,3,2,lightgbm,55,14,17,success,0.7315113880359636,validation split balanced accuracy,0.01932551699792384,0.005913540997426026,0.5882352941176471,0.35714285714285715,0.7407407407407407,0.7142857142857143,0.0,0.38095238095238093,0.8416455684838038,0.6083514626423209,0.19418164867755897,/home/prime/Documents/g3/tab-r1/paper/tables/source_data/full_fold_models/per_cancer/os_3yr/ESCA/repeat_03_fold_02/lightgbm/test_predictions.csv
per_cancer,os_3yr,ESCA,3,3,logistic_regression,55,14,17,success,0.9443936795747767,validation split balanced accuracy,0.008443370999884792,0.0038431579996540677,0.23529411764705882,0.3333333333333333,0.0,0.0,0.6666666666666666,0.34848484848484845,0.5655841929906101,0.9574134382621433,0.30126610023982553,/home/prime/Documents/g3/tab-r1/paper/tables/source_data/full_fold_models/per_cancer/os_3yr/ESCA/repeat_03_fold_03/logistic_regression/test_predictions.csv
per_cancer,os_3yr,ESCA,3,3,random_forest,55,14,17,success,0.91,validation split balanced accuracy,0.33832058099869755,0.07698819999859552,0.35294117647058826,0.5,0.0,0.0,1.0,0.42424242424242425,0.6108798064680419,0.7759392805199001,0.26901307189542484,/home/prime/Documents/g3/tab-r1/paper/tables/source_data/full_fold_models/per_cancer/os_3yr/ESCA/repeat_03_fold_03/random_forest/test_predictions.csv
per_cancer,os_3yr,ESCA,3,3,catboost,55,14,17,success,0.8369765167455784,validation split balanced accuracy,1.299171615002706,0.005579463002504781,0.5294117647058824,0.48484848484848486,0.6363636363636364,0.6363636363636364,0.3333333333333333,0.4545454545454546,0.6308023082087253,0.775370373281362,0.26727293626790294,/home/prime/Documents/g3/tab-r1/paper/tables/source_data/full_fold_models/per_cancer/os_3yr/ESCA/repeat_03_fold_03/catboost/test_predictions.csv
per_cancer,os_3yr,ESCA,3,3,xgboost,55,14,17,success,0.9950171113014221,validation split balanced accuracy,0.05601051800113055,0.005860598997969646,0.35294117647058826,0.5,0.0,0.0,1.0,0.4545454545454546,0.6728844684727038,1.2221123448428917,0.32027397023447185,/home/prime/Documents/g3/tab-r1/paper/tables/source_data/full_fold_models/per_cancer/os_3yr/ESCA/repeat_03_fold_03/xgboost/test_predictions.csv
per_cancer,os_3yr,ESCA,3,3,lightgbm,55,14,17,success,0.9959658061043033,validation split balanced accuracy,0.020822065001993906,0.006217301001015585,0.4117647058823529,0.5454545454545454,0.16666666666666666,0.09090909090909091,1.0,0.5,0.7046118320182492,1.181314341980935,0.2940743105207392,/home/prime/Documents/g3/tab-r1/paper/tables/source_data/full_fold_models/per_cancer/os_3yr/ESCA/repeat_03_fold_03/lightgbm/test_predictions.csv
per_cancer,os_3yr,ESCA,3,4,logistic_regression,55,14,17,success,0.8628883894690916,validation split balanced accuracy,0.008843865001836093,0.004706566000095336,0.7058823529411765,0.46153846153846156,0.8275862068965517,0.9230769230769231,0.0,0.5384615384615384,0.8269944610442348,0.6577865414025951,0.2029836861928391,/home/prime/Documents/g3/tab-r1/paper/tables/source_data/full_fold_models/per_cancer/os_3yr/ESCA/repeat_03_fold_04/logistic_regression/test_predictions.csv
per_cancer,os_3yr,ESCA,3,4,random_forest,55,14,17,success,0.7033333333333334,validation split balanced accuracy,0.3321800079975219,0.05415624799934449,0.7647058823529411,0.5865384615384616,0.8571428571428571,0.9230769230769231,0.25,0.5769230769230769,0.786548174048174,0.5763727283804465,0.17938300653594771,/home/prime/Documents/g3/tab-r1/paper/tables/source_data/full_fold_models/per_cancer/os_3yr/ESCA/repeat_03_fold_04/random_forest/test_predictions.csv
per_cancer,os_3yr,ESCA,3,4,catboost,55,14,17,success,0.9296408538674222,validation split balanced accuracy,1.2974142289967858,0.005494951001310255,0.17647058823529413,0.375,0.0,0.0,0.75,0.6346153846153846,0.7971553019629942,0.5411900590825178,0.1727254543308076,/home/prime/Documents/g3/tab-r1/paper/tables/source_data/full_fold_models/per_cancer/os_3yr/ESCA/repeat_03_fold_04/catboost/test_predictions.csv
per_cancer,os_3yr,ESCA,3,4,xgboost,55,14,17,success,0.9919737577438354,validation split balanced accuracy,0.051782757000182755,0.005731782999646384,0.23529411764705882,0.41346153846153844,0.13333333333333333,0.07692307692307693,0.75,0.7692307692307693,0.8652644364182824,0.5498062601465981,0.14058121124828643,/home/prime/Documents/g3/tab-r1/paper/tables/source_data/full_fold_models/per_cancer/os_3yr/ESCA/repeat_03_fold_04/xgboost/test_predictions.csv
per_cancer,os_3yr,ESCA,3,4,lightgbm,55,14,17,success,0.9998976430609551,validation split balanced accuracy,0.018116167997504817,0.005639568000333384,0.23529411764705882,0.5,0.0,0.0,1.0,0.75,0.8605025316563777,0.6376301072891015,0.12743536000702196,/home/prime/Documents/g3/tab-r1/paper/tables/source_data/full_fold_models/per_cancer/os_3yr/ESCA/repeat_03_fold_04/lightgbm/test_predictions.csv
per_cancer,os_3yr,ESCA,4,0,logistic_regression,54,14,18,success,0.8782219419988629,validation split balanced accuracy,0.00861831500151311,0.0038139520002005156,0.4444444444444444,0.5333333333333333,0.5454545454545454,0.4,0.6666666666666666,0.6000000000000001,0.8915041548865078,0.4545219843762269,0.14128440191103037,/home/prime/Documents/g3/tab-r1/paper/tables/source_data/full_fold_models/per_cancer/os_3yr/ESCA/repeat_04_fold_00/logistic_regression/test_predictions.csv
per_cancer,os_3yr,ESCA,4,0,random_forest,54,14,18,success,0.7266666666666667,validation split balanced accuracy,0.3324462759992457,0.07503446000191616,0.7222222222222222,0.43333333333333335,0.8387096774193549,0.8666666666666667,0.0,0.3444444444444445,0.8055815589639118,0.5051586246062193,0.16041358024691357,/home/prime/Documents/g3/tab-r1/paper/tables/source_data/full_fold_models/per_cancer/os_3yr/ESCA/repeat_04_fold_00/random_forest/test_predictions.csv
per_cancer,os_3yr,ESCA,4,0,catboost,54,14,18,success,0.7939554292469716,validation split balanced accuracy,1.0522493060016131,0.005700072997569805,0.6666666666666666,0.5333333333333333,0.7857142857142857,0.7333333333333333,0.3333333333333333,0.4888888888888889,0.8680931214754743,0.47294893137819394,0.1474736019074426,/home/prime/Documents/g3/tab-r1/paper/tables/source_data/full_fold_models/per_cancer/os_3yr/ESCA/repeat_04_fold_00/catboost/test_predictions.csv
per_cancer,os_3yr,ESCA,4,0,xgboost,54,14,18,success,0.9786850214004517,validation split balanced accuracy,0.05718498100031866,0.005740169999626232,0.4444444444444444,0.6666666666666666,0.5,0.3333333333333333,1.0,0.5333333333333333,0.9049538533362063,0.6284793327462467,0.1805585252805254,/home/prime/Documents/g3/tab-r1/paper/tables/source_data/full_fold_models/per_cancer/os_3yr/ESCA/repeat_04_fold_00/xgboost/test_predictions.csv
per_cancer,os_3yr,ESCA,4,0,lightgbm,54,14,18,success,0.9778107520391529,validation split balanced accuracy,0.017081874000723474,0.005631051000818843,0.3888888888888889,0.6333333333333333,0.42105263157894735,0.26666666666666666,1.0,0.4666666666666667,0.8796893030716559,0.629951930213142,0.19461579818583674,/home/prime/Documents/g3/tab-r1/paper/tables/source_data/full_fold_models/per_cancer/os_3yr/ESCA/repeat_04_fold_00/lightgbm/test_predictions.csv
per_cancer,os_3yr,ESCA,4,1,logistic_regression,55,14,17,success,0.8193760609626396,validation split balanced accuracy,0.00875222999820835,0.003839149998384528,0.7058823529411765,0.7211538461538461,0.782608695652174,0.6923076923076923,0.75,0.7307692307692308,0.8554306804306804,0.5005201665117874,0.1617946171122826,/home/prime/Documents/g3/tab-r1/paper/tables/source_data/full_fold_models/per_cancer/os_3yr/ESCA/repeat_04_fold_01/logistic_regression/test_predictions.csv
per_cancer,os_3yr,ESCA,4,1,random_forest,55,14,17,success,0.7366666666666667,validation split balanced accuracy,0.33048652399884304,0.07355999499850441,0.5882352941176471,0.47115384615384615,0.72,0.6923076923076923,0.25,0.6346153846153847,0.8910415250912989,0.5151901292971788,0.17218692810457514,/home/prime/Documents/g3/tab-r1/paper/tables/source_data/full_fold_models/per_cancer/os_3yr/ESCA/repeat_04_fold_01/random_forest/test_predictions.csv
per_cancer,os_3yr,ESCA,4,1,catboost,55,14,17,success,0.7765393910394799,validation split balanced accuracy,1.284894735999842,0.005580885001108982,0.6470588235294118,0.5961538461538461,0.75,0.6923076923076923,0.5,0.653846153846154,0.8705184584143859,0.5236596404638573,0.17276668660941547,/home/prime/Documents/g3/tab-r1/paper/tables/source_data/full_fold_models/per_cancer/os_3yr/ESCA/repeat_04_fold_01/catboost/test_predictions.csv
per_cancer,os_3yr,ESCA,4,1,xgboost,55,14,17,success,0.9649879932403564,validation split balanced accuracy,0.059448662999784574,0.0057951449998654425,0.5294117647058824,0.6923076923076923,0.5555555555555556,0.38461538461538464,1.0,0.6730769230769231,0.8842376640453564,0.5783001162392134,0.1702880236021354,/home/prime/Documents/g3/tab-r1/paper/tables/source_data/full_fold_models/per_cancer/os_3yr/ESCA/repeat_04_fold_01/xgboost/test_predictions.csv
per_cancer,os_3yr,ESCA,4,1,lightgbm,55,14,17,success,0.755103887814907,validation split balanced accuracy,0.017149512998003047,0.005024212001444539,0.6470588235294118,0.5961538461538461,0.75,0.6923076923076923,0.5,0.7115384615384616,0.8939751487828411,0.5324162332316885,0.15722845615247238,/home/prime/Documents/g3/tab-r1/paper/tables/source_data/full_fold_models/per_cancer/os_3yr/ESCA/repeat_04_fold_01/lightgbm/test_predictions.csv
per_cancer,os_3yr,ESCA,4,2,logistic_regression,55,14,17,success,0.9000345474902873,validation split balanced accuracy,0.008459120999759762,0.0038709510008629877,0.47058823529411764,0.5666666666666667,0.47058823529411764,0.3333333333333333,0.8,0.7666666666666666,0.893617724867725,0.6109551330973627,0.21019528479980942,/home/prime/Documents/g3/tab-r1/paper/tables/source_data/full_fold_models/per_cancer/os_3yr/ESCA/repeat_04_fold_02/logistic_regression/test_predictions.csv
per_cancer,os_3yr,ESCA,4,2,random_forest,55,14,17,success,0.7666666666666667,validation split balanced accuracy,0.33573821100071655,0.06393983799716807,0.5294117647058824,0.43333333333333335,0.6666666666666666,0.6666666666666666,0.2,0.4666666666666666,0.7413239538239539,0.6245176525583928,0.20709477124183007,/home/prime/Documents/g3/tab-r1/paper/tables/source_data/full_fold_models/per_cancer/os_3yr/ESCA/repeat_04_fold_02/random_forest/test_predictions.csv
per_cancer,os_3yr,ESCA,4,2,catboost,55,14,17,success,0.8645323909802707,validation split balanced accuracy,1.1120019289992342,0.005540709000342758,0.4117647058823529,0.5833333333333334,0.2857142857142857,0.16666666666666666,1.0,0.5666666666666667,0.7964729714729715,0.6269534600342175,0.2142400388559779,/home/prime/Documents/g3/tab-r1/paper/tables/source_data/full_fold_models/per_cancer/os_3yr/ESCA/repeat_04_fold_02/catboost/test_predictions.csv
per_cancer,os_3yr,ESCA,4,2,xgboost,55,14,17,success,0.9718369841575623,validation split balanced accuracy,0.05578703100036364,0.005911495998589089,0.35294117647058826,0.5416666666666666,0.15384615384615385,0.08333333333333333,1.0,0.6,0.7649123480005833,0.7430139380643602,0.23191020193002015,/home/prime/Documents/g3/tab-r1/paper/tables/source_data/full_fold_models/per_cancer/os_3yr/ESCA/repeat_04_fold_02/xgboost/test_predictions.csv
per_cancer,os_3yr,ESCA,4,2,lightgbm,55,14,17,success,0.11190079580376944,validation split balanced accuracy,0.020206619999953546,0.0057853859980241396,0.7058823529411765,0.5,0.8275862068965517,1.0,0.0,0.6,0.7948116153998507,0.8513832319689753,0.23506081406029614,/home/prime/Documents/g3/tab-r1/paper/tables/source_data/full_fold_models/per_cancer/os_3yr/ESCA/repeat_04_fold_02/lightgbm/test_predictions.csv
per_cancer,os_3yr,ESCA,4,3,logistic_regression,55,14,17,success,0.8654296963855508,validation split balanced accuracy,0.008061090997216525,0.0046650460026285145,0.5882352941176471,0.6190476190476191,0.6956521739130435,0.5714285714285714,0.6666666666666666,0.6428571428571429,0.9130584809681448,0.5159149270135245,0.17422390708028773,/home/prime/Documents/g3/tab-r1/paper/tables/source_data/full_fold_models/per_cancer/os_3yr/ESCA/repeat_04_fold_03/logistic_regression/test_predictions.csv
per_cancer,os_3yr,ESCA,4,3,random_forest,55,14,17,success,0.75,validation split balanced accuracy,0.34061428099812474,0.07714413799840258,0.47058823529411764,0.2857142857142857,0.64,0.5714285714285714,0.0,0.4761904761904762,0.8721160900257539,0.49956619491870186,0.16074640522875816,/home/prime/Documents/g3/tab-r1/paper/tables/source_data/full_fold_models/per_cancer/os_3yr/ESCA/repeat_04_fold_03/random_forest/test_predictions.csv
per_cancer,os_3yr,ESCA,4,3,catboost,55,14,17,success,0.7488385285747279,validation split balanced accuracy,1.0368177830023342,0.005615401001705322,0.47058823529411764,0.2857142857142857,0.64,0.5714285714285714,0.0,0.4285714285714286,0.8620537317491099,0.49322635477248794,0.15713053546652503,/home/prime/Documents/g3/tab-r1/paper/tables/source_data/full_fold_models/per_cancer/os_3yr/ESCA/repeat_04_fold_03/catboost/test_predictions.csv
per_cancer,os_3yr,ESCA,4,3,xgboost,55,14,17,success,0.636206865310669,validation split balanced accuracy,0.055346762001136085,0.005510991999472026,0.6470588235294118,0.39285714285714285,0.7857142857142857,0.7857142857142857,0.0,0.5,0.8905890852844633,0.7562239226474102,0.24856209077141522,/home/prime/Documents/g3/tab-r1/paper/tables/source_data/full_fold_models/per_cancer/os_3yr/ESCA/repeat_04_fold_03/xgboost/test_predictions.csv
per_cancer,os_3yr,ESCA,4,3,lightgbm,55,14,17,success,0.7035743836763131,validation split balanced accuracy,0.017005577999952948,0.005220167000516085,0.5882352941176471,0.48809523809523814,0.72,0.6428571428571429,0.3333333333333333,0.45238095238095244,0.8553308910976978,0.6782247637750167,0.2397192722059367,/home/prime/Documents/g3/tab-r1/paper/tables/source_data/full_fold_models/per_cancer/os_3yr/ESCA/repeat_04_fold_03/lightgbm/test_predictions.csv
per_cancer,os_3yr,ESCA,4,4,logistic_regression,55,14,17,success,0.7597651728339487,validation split balanced accuracy,0.00930899300146848,0.004590565000398783,0.47058823529411764,0.41666666666666663,0.6086956521739131,0.5,0.3333333333333333,0.4285714285714286,0.8120442174538813,0.5336247617217824,0.17404255842775718,/home/prime/Documents/g3/tab-r1/paper/tables/source_data/full_fold_models/per_cancer/os_3yr/ESCA/repeat_04_fold_04/logistic_regression/test_predictions.csv
per_cancer,os_3yr,ESCA,4,4,random_forest,55,14,17,success,0.7533333333333333,validation split balanced accuracy,0.3466567479990772,0.07611700699999346,0.5882352941176471,0.48809523809523814,0.72,0.6428571428571429,0.3333333333333333,0.5714285714285714,0.8862840649080144,0.4759765442196532,0.15166209150326795,/home/prime/Documents/g3/tab-r1/paper/tables/source_data/full_fold_models/per_cancer/os_3yr/ESCA/repeat_04_fold_04/random_forest/test_predictions.csv
per_cancer,os_3yr,ESCA,4,4,catboost,55,14,17,success,0.7831478443919555,validation split balanced accuracy,1.2282366510007705,0.005614097997749923,0.5882352941176471,0.48809523809523814,0.72,0.6428571428571429,0.3333333333333333,0.5,0.8679965984062623,0.4831089781625163,0.152224702108334,/home/prime/Documents/g3/tab-r1/paper/tables/source_data/full_fold_models/per_cancer/os_3yr/ESCA/repeat_04_fold_04/catboost/test_predictions.csv
per_cancer,os_3yr,ESCA,4,4,xgboost,55,14,17,success,0.835233211517334,validation split balanced accuracy,0.054376819000026444,0.005138150001585018,0.6470588235294118,0.5238095238095238,0.7692307692307693,0.7142857142857143,0.3333333333333333,0.33333333333333337,0.7713979589504799,0.7156971823581197,0.184994091859771,/home/prime/Documents/g3/tab-r1/paper/tables/source_data/full_fold_models/per_cancer/os_3yr/ESCA/repeat_04_fold_04/xgboost/test_predictions.csv
per_cancer,os_3yr,ESCA,4,4,lightgbm,55,14,17,success,0.7525611114153047,validation split balanced accuracy,0.016901638999115676,0.00540140199882444,0.7058823529411765,0.42857142857142855,0.8275862068965517,0.8571428571428571,0.0,0.2857142857142857,0.7987523505905858,0.6192215308668687,0.1762851064473346,/home/prime/Documents/g3/tab-r1/paper/tables/source_data/full_fold_models/per_cancer/os_3yr/ESCA/repeat_04_fold_04/lightgbm/test_predictions.csv
per_cancer,os_3yr,HNSCC,0,0,logistic_regression,246,62,77,success,0.4492318343992568,validation split balanced accuracy,0.01140368199776276,0.004723909001768334,0.5064935064935064,0.47503419972640215,0.6274509803921569,0.7441860465116279,0.20588235294117646,0.42886456908344733,0.5615134344445811,0.7679253155216493,0.2817054906391105,/home/prime/Documents/g3/tab-r1/paper/tables/source_data/full_fold_models/per_cancer/os_3yr/HNSCC/repeat_00_fold_00/logistic_regression/test_predictions.csv
per_cancer,os_3yr,HNSCC,0,0,random_forest,246,62,77,success,0.535079365079365,validation split balanced accuracy,0.35140843000044697,0.07741911300036008,0.4935064935064935,0.4941860465116279,0.5185185185185185,0.4883720930232558,0.5,0.5041039671682627,0.5642537204245895,0.6929474545009622,0.24978147968175476,/home/prime/Documents/g3/tab-r1/paper/tables/source_data/full_fold_models/per_cancer/os_3yr/HNSCC/repeat_00_fold_00/random_forest/test_predictions.csv
per_cancer,os_3yr,HNSCC,0,0,catboost,246,62,77,success,0.5541320034401328,validation split balanced accuracy,2.3659985119993507,0.006095998996897833,0.5584415584415584,0.5615595075239398,0.575,0.5348837209302325,0.5882352941176471,0.5704514363885088,0.6145660937824035,0.6778660214907732,0.2420963563315173,/home/prime/Documents/g3/tab-r1/paper/tables/source_data/full_fold_models/per_cancer/os_3yr/HNSCC/repeat_00_fold_00/catboost/test_predictions.csv
per_cancer,os_3yr,HNSCC,0,0,xgboost,246,62,77,success,0.6195361614227295,validation split balanced accuracy,0.2444658989988966,0.006683690000500064,0.5324675324675324,0.5444596443228454,0.5135135135135135,0.4418604651162791,0.6470588235294118,0.5841313269493843,0.6083437804384868,0.8031232764390079,0.27469416906423594,/home/prime/Documents/g3/tab-r1/paper/tables/source_data/full_fold_models/per_cancer/os_3yr/HNSCC/repeat_00_fold_00/xgboost/test_predictions.csv
per_cancer,os_3yr,HNSCC,0,0,lightgbm,246,62,77,success,0.7145060443918488,validation split balanced accuracy,0.06713891600156785,0.00591329999951995,0.45454545454545453,0.47161422708618334,0.4,0.32558139534883723,0.6176470588235294,0.4972640218878249,0.5570660944886323,0.9692491356985167,0.32573540999996087,/home/prime/Documents/g3/tab-r1/paper/tables/source_data/full_fold_models/per_cancer/os_3yr/HNSCC/repeat_00_fold_00/lightgbm/test_predictions.csv
per_cancer,os_3yr,HNSCC,0,1,logistic_regression,246,62,77,success,0.505276178739772,validation split balanced accuracy,0.010332537000067532,0.003936025001166854,0.5584415584415584,0.5516891891891892,0.6304347826086957,0.725,0.3783783783783784,0.5317567567567567,0.5447388602928287,0.7328782231707146,0.2661678394380402,/home/prime/Documents/g3/tab-r1/paper/tables/source_data/full_fold_models/per_cancer/os_3yr/HNSCC/repeat_00_fold_01/logistic_regression/test_predictions.csv
per_cancer,os_3yr,HNSCC,0,1,random_forest,246,62,77,success,0.5081111111111111,validation split balanced accuracy,0.35171207999883336,0.07539480900231865,0.5194805194805194,0.5162162162162163,0.5647058823529412,0.6,0.43243243243243246,0.5844594594594594,0.6183815983765684,0.6799939763439208,0.2435628104057411,/home/prime/Documents/g3/tab-r1/paper/tables/source_data/full_fold_models/per_cancer/os_3yr/HNSCC/repeat_00_fold_01/random_forest/test_predictions.csv
per_cancer,os_3yr,HNSCC,0,1,catboost,246,62,77,success,0.5905096097135422,validation split balanced accuracy,2.754881370001385,0.00564866499917116,0.6233766233766234,0.6283783783783784,0.5797101449275363,0.5,0.7567567567567568,0.6277027027027027,0.6576048979568121,0.6749440897993252,0.24060691744592463,/home/prime/Documents/g3/tab-r1/paper/tables/source_data/full_fold_models/per_cancer/os_3yr/HNSCC/repeat_00_fold_01/catboost/test_predictions.csv
per_cancer,os_3yr,HNSCC,0,1,xgboost,246,62,77,success,0.6841472387313843,validation split balanced accuracy,0.2589772350002022,0.006595271999685792,0.5714285714285714,0.5753378378378378,0.5352112676056338,0.475,0.6756756756756757,0.5635135135135135,0.575738474051659,0.9125566231046602,0.30492219342013416,/home/prime/Documents/g3/tab-r1/paper/tables/source_data/full_fold_models/per_cancer/os_3yr/HNSCC/repeat_00_fold_01/xgboost/test_predictions.csv
per_cancer,os_3yr,HNSCC,0,1,lightgbm,246,62,77,success,0.755055772076944,validation split balanced accuracy,0.05926615499993204,0.005849758999829646,0.5714285714285714,0.5773648648648648,0.5074626865671642,0.425,0.7297297297297297,0.6202702702702702,0.6341228529630155,0.916862887767047,0.2940686126557661,/home/prime/Documents/g3/tab-r1/paper/tables/source_data/full_fold_models/per_cancer/os_3yr/HNSCC/repeat_00_fold_01/lightgbm/test_predictions.csv
per_cancer,os_3yr,HNSCC,0,2,logistic_regression,246,62,77,success,0.5717458043257273,validation split balanced accuracy,0.010630677003064193,0.003958067998610204,0.45454545454545453,0.4719387755102041,0.4878048780487805,0.40816326530612246,0.5357142857142857,0.4963556851311953,0.6282008343160688,0.7351860290064587,0.2647455864755129,/home/prime/Documents/g3/tab-r1/paper/tables/source_data/full_fold_models/per_cancer/os_3yr/HNSCC/repeat_00_fold_02/logistic_regression/test_predictions.csv
per_cancer,os_3yr,HNSCC,0,2,random_forest,246,62,77,success,0.5417283950617284,validation split balanced accuracy,0.345289225999295,0.07370255699788686,0.5844155844155844,0.596938775510204,0.627906976744186,0.5510204081632653,0.6428571428571429,0.5623177842565598,0.7207906531792488,0.6662033939042493,0.23700899183674418,/home/prime/Documents/g3/tab-r1/paper/tables/source_data/full_fold_models/per_cancer/os_3yr/HNSCC/repeat_00_fold_02/random_forest/test_predictions.csv
per_cancer,os_3yr,HNSCC,0,2,catboost,246,62,77,success,0.5734225177758586,validation split balanced accuracy,2.016093293997983,0.005545998999878066,0.5064935064935064,0.49744897959183676,0.5777777777777777,0.5306122448979592,0.4642857142857143,0.5430029154518949,0.7146439941112244,0.6676199040129777,0.23836801409232616,/home/prime/Documents/g3/tab-r1/paper/tables/source_data/full_fold_models/per_cancer/os_3yr/HNSCC/repeat_00_fold_02/catboost/test_predictions.csv
per_cancer,os_3yr,HNSCC,0,2,xgboost,246,62,77,success,0.8868985176086426,validation split balanced accuracy,0.23662383599730674,0.006817436002165778,0.37662337662337664,0.4719387755102041,0.2,0.12244897959183673,0.8214285714285714,0.5247813411078717,0.6728934244463947,0.8306125255026487,0.28522652881631005,/home/prime/Documents/g3/tab-r1/paper/tables/source_data/full_fold_models/per_cancer/os_3yr/HNSCC/repeat_00_fold_02/xgboost/test_predictions.csv
per_cancer,os_3yr,HNSCC,0,2,lightgbm,246,62,77,success,0.5758799749695487,validation split balanced accuracy,0.06049700400035363,0.005701095000404166,0.5454545454545454,0.5433673469387754,0.6067415730337079,0.5510204081632653,0.5357142857142857,0.5561224489795918,0.6799860250218739,0.8599256225557032,0.28347182993557596,/home/prime/Documents/g3/tab-r1/paper/tables/source_data/full_fold_models/per_cancer/os_3yr/HNSCC/repeat_00_fold_02/lightgbm/test_predictions.csv
per_cancer,os_3yr,HNSCC,0,3,logistic_regression,246,62,77,success,0.6149925957125832,validation split balanced accuracy,0.01116491699940525,0.004714642000180902,0.5324675324675324,0.5266891891891892,0.4375,0.3783783783783784,0.675,0.5324324324324324,0.582722862600243,0.73663070096295,0.2703941974940353,/home/prime/Documents/g3/tab-r1/paper/tables/source_data/full_fold_models/per_cancer/os_3yr/HNSCC/repeat_00_fold_03/logistic_regression/test_predictions.csv
per_cancer,os_3yr,HNSCC,0,3,random_forest,246,62,77,success,0.6098780487804878,validation split balanced accuracy,0.35986844199942425,0.07292681599938078,0.5324675324675324,0.5216216216216216,0.3333333333333333,0.24324324324324326,0.8,0.6364864864864864,0.6421586034282043,0.6717453807575616,0.23984307270879893,/home/prime/Documents/g3/tab-r1/paper/tables/source_data/full_fold_models/per_cancer/os_3yr/HNSCC/repeat_00_fold_03/random_forest/test_predictions.csv
per_cancer,os_3yr,HNSCC,0,3,catboost,246,62,77,success,0.6528869397104313,validation split balanced accuracy,2.731980246000603,0.005928368998866063,0.6623376623376623,0.6537162162162162,0.5517241379310345,0.43243243243243246,0.875,0.6445945945945947,0.6650071428609059,0.670528943205505,0.23958926608641118,/home/prime/Documents/g3/tab-r1/paper/tables/source_data/full_fold_models/per_cancer/os_3yr/HNSCC/repeat_00_fold_03/catboost/test_predictions.csv
per_cancer,os_3yr,HNSCC,0,3,xgboost,246,62,77,success,0.6786125898361206,validation split balanced accuracy,0.25666421899950365,0.006703147999360226,0.6493506493506493,0.6432432432432433,0.5714285714285714,0.4864864864864865,0.8,0.6675675675675676,0.7000889557532535,0.736409171977402,0.25621949172998015,/home/prime/Documents/g3/tab-r1/paper/tables/source_data/full_fold_models/per_cancer/os_3yr/HNSCC/repeat_00_fold_03/xgboost/test_predictions.csv
per_cancer,os_3yr,HNSCC,0,3,lightgbm,246,62,77,success,0.7233381228269096,validation split balanced accuracy,0.06756284499715548,0.006469400999776553,0.6103896103896104,0.6057432432432432,0.5454545454545454,0.4864864864864865,0.725,0.6344594594594595,0.658534449357177,0.8492736908324858,0.28084790531916987,/home/prime/Documents/g3/tab-r1/paper/tables/source_data/full_fold_models/per_cancer/os_3yr/HNSCC/repeat_00_fold_03/lightgbm/test_predictions.csv
per_cancer,os_3yr,HNSCC,0,4,logistic_regression,246,62,77,success,0.33628045962323316,validation split balanced accuracy,0.011132034000183921,0.004864036000071792,0.45454545454545453,0.4302168021680217,0.6111111111111112,0.8048780487804879,0.05555555555555555,0.46612466124661245,0.54118945591665,0.8011872073516695,0.29387366201334647,/home/prime/Documents/g3/tab-r1/paper/tables/source_data/full_fold_models/per_cancer/os_3yr/HNSCC/repeat_00_fold_04/logistic_regression/test_predictions.csv
per_cancer,os_3yr,HNSCC,0,4,random_forest,246,62,77,success,0.5533333333333333,validation split balanced accuracy,0.3572228009979881,0.07466464400204131,0.5974025974025974,0.603319783197832,0.5753424657534246,0.5121951219512195,0.6944444444444444,0.6592140921409214,0.6616839843414729,0.6589839055611566,0.23329241352233002,/home/prime/Documents/g3/tab-r1/paper/tables/source_data/full_fold_models/per_cancer/os_3yr/HNSCC/repeat_00_fold_04/random_forest/test_predictions.csv
per_cancer,os_3yr,HNSCC,0,4,catboost,246,62,77,success,0.5433833023693702,validation split balanced accuracy,2.386478213000373,0.006003382000926649,0.6493506493506493,0.6504065040650406,0.6582278481012658,0.6341463414634146,0.6666666666666666,0.6869918699186992,0.70851166792115,0.639067152365835,0.2239090096498423,/home/prime/Documents/g3/tab-r1/paper/tables/source_data/full_fold_models/per_cancer/os_3yr/HNSCC/repeat_00_fold_04/catboost/test_predictions.csv
per_cancer,os_3yr,HNSCC,0,4,xgboost,246,62,77,success,0.3741688132286072,validation split balanced accuracy,0.2419837989982625,0.0058941339993907604,0.5844155844155844,0.5691056910569106,0.673469387755102,0.8048780487804879,0.3333333333333333,0.6476964769647696,0.651593436645212,0.7215048867664462,0.24744278676809095,/home/prime/Documents/g3/tab-r1/paper/tables/source_data/full_fold_models/per_cancer/os_3yr/HNSCC/repeat_00_fold_04/xgboost/test_predictions.csv
per_cancer,os_3yr,HNSCC,0,4,lightgbm,246,62,77,success,0.9175997768116892,validation split balanced accuracy,0.06159047199980705,0.005914192002819618,0.5454545454545454,0.5714769647696477,0.2857142857142857,0.17073170731707318,0.9722222222222222,0.6490514905149052,0.7231804236073649,0.7397196269294137,0.2572298814920526,/home/prime/Documents/g3/tab-r1/paper/tables/source_data/full_fold_models/per_cancer/os_3yr/HNSCC/repeat_00_fold_04/lightgbm/test_predictions.csv
per_cancer,os_3yr,HNSCC,1,0,logistic_regression,246,62,77,success,0.33826445167207353,validation split balanced accuracy,0.010645033999026055,0.00463327599936747,0.4935064935064935,0.46510840108401086,0.6548672566371682,0.9024390243902439,0.027777777777777776,0.6300813008130081,0.6585867013795593,0.7000729168944777,0.24665545199775157,/home/prime/Documents/g3/tab-r1/paper/tables/source_data/full_fold_models/per_cancer/os_3yr/HNSCC/repeat_01_fold_00/logistic_regression/test_predictions.csv
per_cancer,os_3yr,HNSCC,1,0,random_forest,246,62,77,success,0.49,validation split balanced accuracy,0.35236917399743106,0.07422613699964131,0.5324675324675324,0.5118563685636857,0.6538461538461539,0.8292682926829268,0.19444444444444445,0.5968834688346883,0.6219072965291578,0.6877497532466353,0.24711705383720456,/home/prime/Documents/g3/tab-r1/paper/tables/source_data/full_fold_models/per_cancer/os_3yr/HNSCC/repeat_01_fold_00/random_forest/test_predictions.csv
per_cancer,os_3yr,HNSCC,1,0,catboost,246,62,77,success,0.7179727500148726,validation split balanced accuracy,2.455603542002791,0.0058702579990495,0.45454545454545453,0.47764227642276424,0.19230769230769232,0.12195121951219512,0.8333333333333334,0.6117886178861789,0.633519955981807,0.6980588352020223,0.2508534632488455,/home/prime/Documents/g3/tab-r1/paper/tables/source_data/full_fold_models/per_cancer/os_3yr/HNSCC/repeat_01_fold_00/catboost/test_predictions.csv
per_cancer,os_3yr,HNSCC,1,0,xgboost,246,62,77,success,0.8893613815307617,validation split balanced accuracy,0.24591176900139544,0.005728175998228835,0.5714285714285714,0.592479674796748,0.4,0.2682926829268293,0.9166666666666666,0.6795392953929539,0.7342997382447284,0.7292368157472586,0.25608273414172256,/home/prime/Documents/g3/tab-r1/paper/tables/source_data/full_fold_models/per_cancer/os_3yr/HNSCC/repeat_01_fold_00/xgboost/test_predictions.csv
per_cancer,os_3yr,HNSCC,1,0,lightgbm,246,62,77,success,0.9219205805695793,validation split balanced accuracy,0.0689245050016325,0.006565645002410747,0.5584415584415584,0.5802845528455285,0.37037037037037035,0.24390243902439024,0.9166666666666666,0.6863143631436315,0.72062187337653,0.7449289798285355,0.2501844680660472,/home/prime/Documents/g3/tab-r1/paper/tables/source_data/full_fold_models/per_cancer/os_3yr/HNSCC/repeat_01_fold_00/lightgbm/test_predictions.csv
per_cancer,os_3yr,HNSCC,1,1,logistic_regression,246,62,77,success,0.37462309637382213,validation split balanced accuracy,0.010337857998820255,0.003908683000190649,0.5454545454545454,0.5099179206566348,0.6666666666666666,0.813953488372093,0.20588235294117646,0.5512995896032832,0.6101788812391569,0.7488928590080572,0.26649819164492833,/home/prime/Documents/g3/tab-r1/paper/tables/source_data/full_fold_models/per_cancer/os_3yr/HNSCC/repeat_01_fold_01/logistic_regression/test_predictions.csv
per_cancer,os_3yr,HNSCC,1,1,random_forest,246,62,77,success,0.5131133004926108,validation split balanced accuracy,0.3526526349996857,0.07391756800279836,0.5584415584415584,0.5523255813953488,0.6046511627906976,0.6046511627906976,0.5,0.615595075239398,0.6885168655033714,0.6628916680630109,0.2354950185360433,/home/prime/Documents/g3/tab-r1/paper/tables/source_data/full_fold_models/per_cancer/os_3yr/HNSCC/repeat_01_fold_01/random_forest/test_predictions.csv
per_cancer,os_3yr,HNSCC,1,1,catboost,246,62,77,success,0.5086461144671521,validation split balanced accuracy,1.8403037660027621,0.00609006699960446,0.5584415584415584,0.5584815321477428,0.5853658536585366,0.5581395348837209,0.5588235294117647,0.5820793433652531,0.6536326517862474,0.6840606305850322,0.24543615741040506,/home/prime/Documents/g3/tab-r1/paper/tables/source_data/full_fold_models/per_cancer/os_3yr/HNSCC/repeat_01_fold_01/catboost/test_predictions.csv
per_cancer,os_3yr,HNSCC,1,1,xgboost,246,62,77,success,0.46913695335388184,validation split balanced accuracy,0.22285316399938893,0.005727585001295665,0.5454545454545454,0.5406976744186047,0.5882352941176471,0.5813953488372093,0.5,0.5512995896032832,0.5913895547621639,0.8309575777122133,0.2899644447742568,/home/prime/Documents/g3/tab-r1/paper/tables/source_data/full_fold_models/per_cancer/os_3yr/HNSCC/repeat_01_fold_01/xgboost/test_predictions.csv
per_cancer,os_3yr,HNSCC,1,1,lightgbm,246,62,77,success,0.7284961128744571,validation split balanced accuracy,0.07037319000301068,0.006110577000072226,0.4935064935064935,0.5157318741450069,0.417910447761194,0.32558139534883723,0.7058823529411765,0.6025991792065664,0.6807797566355231,0.7926693660496428,0.27869564273987885,/home/prime/Documents/g3/tab-r1/paper/tables/source_data/full_fold_models/per_cancer/os_3yr/HNSCC/repeat_01_fold_01/lightgbm/test_predictions.csv
per_cancer,os_3yr,HNSCC,1,2,logistic_regression,246,62,77,success,0.7276976832397299,validation split balanced accuracy,0.010979032002069289,0.004675135998695623,0.5324675324675324,0.5592818428184282,0.25,0.14634146341463414,0.9722222222222222,0.5735094850948509,0.6501435284666016,0.686278349810058,0.2468045956523006,/home/prime/Documents/g3/tab-r1/paper/tables/source_data/full_fold_models/per_cancer/os_3yr/HNSCC/repeat_01_fold_02/logistic_regression/test_predictions.csv
per_cancer,os_3yr,HNSCC,1,2,random_forest,246,62,77,success,0.62,validation split balanced accuracy,0.35924414999681176,0.07345461400109343,0.5844155844155844,0.59789972899729,0.5,0.3902439024390244,0.8055555555555556,0.6192411924119242,0.6865786057064248,0.6689868361782881,0.23862930372914276,/home/prime/Documents/g3/tab-r1/paper/tables/source_data/full_fold_models/per_cancer/os_3yr/HNSCC/repeat_01_fold_02/random_forest/test_predictions.csv
per_cancer,os_3yr,HNSCC,1,2,catboost,246,62,77,success,0.697005456104234,validation split balanced accuracy,2.577144765000412,0.006580593999387929,0.5454545454545454,0.5663956639566395,0.36363636363636365,0.24390243902439024,0.8888888888888888,0.6426151761517614,0.7079493414395208,0.6584397195302677,0.2339807616828739,/home/prime/Documents/g3/tab-r1/paper/tables/source_data/full_fold_models/per_cancer/os_3yr/HNSCC/repeat_01_fold_02/catboost/test_predictions.csv
per_cancer,os_3yr,HNSCC,1,2,xgboost,246,62,77,success,0.7926331758499146,validation split balanced accuracy,0.2496867369991378,0.005793511001684237,0.6233766233766234,0.6344850948509485,0.5671641791044776,0.4634146341463415,0.8055555555555556,0.6324525745257453,0.6789123390389851,0.7723855021990502,0.26230847295050363,/home/prime/Documents/g3/tab-r1/paper/tables/source_data/full_fold_models/per_cancer/os_3yr/HNSCC/repeat_01_fold_02/xgboost/test_predictions.csv
per_cancer,os_3yr,HNSCC,1,2,lightgbm,246,62,77,success,0.9291525151160682,validation split balanced accuracy,0.06679204299871344,0.006332520002615638,0.4935064935064935,0.5159214092140921,0.2641509433962264,0.17073170731707318,0.8611111111111112,0.6378726287262872,0.6599089385973362,0.8549503332085674,0.2666677400937268,/home/prime/Documents/g3/tab-r1/paper/tables/source_data/full_fold_models/per_cancer/os_3yr/HNSCC/repeat_01_fold_02/lightgbm/test_predictions.csv
per_cancer,os_3yr,HNSCC,1,3,logistic_regression,246,62,77,success,0.6565149611907029,validation split balanced accuracy,0.010217258000920992,0.003956913998990785,0.45454545454545453,0.4642857142857143,0.4166666666666667,0.35714285714285715,0.5714285714285714,0.48639455782312924,0.5447293929110323,0.8018228134869135,0.2895869778199327,/home/prime/Documents/g3/tab-r1/paper/tables/source_data/full_fold_models/per_cancer/os_3yr/HNSCC/repeat_01_fold_03/logistic_regression/test_predictions.csv
per_cancer,os_3yr,HNSCC,1,3,random_forest,246,62,77,success,0.4860682624113475,validation split balanced accuracy,0.3471259629986889,0.07831943199926172,0.5454545454545454,0.5190476190476191,0.6601941747572816,0.8095238095238095,0.22857142857142856,0.6217687074829932,0.67799299864434,0.6638499727526048,0.23581864355609047,/home/prime/Documents/g3/tab-r1/paper/tables/source_data/full_fold_models/per_cancer/os_3yr/HNSCC/repeat_01_fold_03/random_forest/test_predictions.csv
per_cancer,os_3yr,HNSCC,1,3,catboost,246,62,77,success,0.5554242551376374,validation split balanced accuracy,2.636258368998824,0.0060299129982013255,0.5974025974025974,0.5928571428571429,0.6352941176470588,0.6428571428571429,0.5428571428571428,0.6306122448979592,0.6772948787809621,0.6663051884494452,0.236599468983432,/home/prime/Documents/g3/tab-r1/paper/tables/source_data/full_fold_models/per_cancer/os_3yr/HNSCC/repeat_01_fold_03/catboost/test_predictions.csv
per_cancer,os_3yr,HNSCC,1,3,xgboost,246,62,77,success,0.2592523396015167,validation split balanced accuracy,0.24364853800216224,0.005759135998232523,0.5324675324675324,0.49523809523809526,0.6785714285714286,0.9047619047619048,0.08571428571428572,0.5952380952380952,0.6838000152086582,0.8223882113245666,0.28778914917569176,/home/prime/Documents/g3/tab-r1/paper/tables/source_data/full_fold_models/per_cancer/os_3yr/HNSCC/repeat_01_fold_03/xgboost/test_predictions.csv
per_cancer,os_3yr,HNSCC,1,3,lightgbm,246,62,77,success,0.16000848076170043,validation split balanced accuracy,0.06785055499858572,0.006265752999752294,0.5324675324675324,0.4928571428571429,0.6842105263157895,0.9285714285714286,0.05714285714285714,0.5925170068027211,0.6529903333329425,0.9037591797089466,0.29486290698716117,/home/prime/Documents/g3/tab-r1/paper/tables/source_data/full_fold_models/per_cancer/os_3yr/HNSCC/repeat_01_fold_03/lightgbm/test_predictions.csv
per_cancer,os_3yr,HNSCC,1,4,logistic_regression,246,62,77,success,0.5038178287595448,validation split balanced accuracy,0.01081683200027328,0.004007982002804056,0.45454545454545453,0.4469904240766074,0.5116279069767442,0.5116279069767442,0.38235294117647056,0.4722982216142271,0.5765436973291925,0.7524101908267152,0.2766535451437939,/home/prime/Documents/g3/tab-r1/paper/tables/source_data/full_fold_models/per_cancer/os_3yr/HNSCC/repeat_01_fold_04/logistic_regression/test_predictions.csv
per_cancer,os_3yr,HNSCC,1,4,random_forest,246,62,77,success,0.5385416666666667,validation split balanced accuracy,0.33742074399924604,0.0741038429987384,0.42857142857142855,0.42989056087551303,0.45,0.4186046511627907,0.4411764705882353,0.426812585499316,0.5225480176087804,0.7261141668481783,0.26595347336428726,/home/prime/Documents/g3/tab-r1/paper/tables/source_data/full_fold_models/per_cancer/os_3yr/HNSCC/repeat_01_fold_04/random_forest/test_predictions.csv
per_cancer,os_3yr,HNSCC,1,4,catboost,246,62,77,success,0.580270592711436,validation split balanced accuracy,2.3846332209977845,0.005890976997761754,0.45454545454545453,0.4623803009575923,0.4473684210526316,0.3953488372093023,0.5294117647058824,0.42373461012311897,0.5076261023258567,0.7546166066554747,0.27826288824264295,/home/prime/Documents/g3/tab-r1/paper/tables/source_data/full_fold_models/per_cancer/os_3yr/HNSCC/repeat_01_fold_04/catboost/test_predictions.csv
per_cancer,os_3yr,HNSCC,1,4,xgboost,246,62,77,success,0.7650619745254517,validation split balanced accuracy,0.2522855979987071,0.00629861600100412,0.42857142857142855,0.4545143638850889,0.3125,0.23255813953488372,0.6764705882352942,0.48324213406292754,0.5293690658965448,0.885048517383993,0.3061669096735805,/home/prime/Documents/g3/tab-r1/paper/tables/source_data/full_fold_models/per_cancer/os_3yr/HNSCC/repeat_01_fold_04/xgboost/test_predictions.csv
per_cancer,os_3yr,HNSCC,1,4,lightgbm,246,62,77,success,0.813267995654687,validation split balanced accuracy,0.060042216999136144,0.006339453000691719,0.4155844155844156,0.4490424076607388,0.23728813559322035,0.16279069767441862,0.7352941176470589,0.4517783857729138,0.5113880432097619,1.0603103259850424,0.3445123530462104,/home/prime/Documents/g3/tab-r1/paper/tables/source_data/full_fold_models/per_cancer/os_3yr/HNSCC/repeat_01_fold_04/lightgbm/test_predictions.csv
per_cancer,os_3yr,HNSCC,2,0,logistic_regression,246,62,77,success,0.6579991506016964,validation split balanced accuracy,0.010312148002412869,0.004298296000342816,0.5714285714285714,0.5688259109311741,0.45901639344262296,0.3684210526315789,0.7692307692307693,0.5226045883940621,0.5410523360157528,0.7909288146015906,0.28606564235082527,/home/prime/Documents/g3/tab-r1/paper/tables/source_data/full_fold_models/per_cancer/os_3yr/HNSCC/repeat_02_fold_00/logistic_regression/test_predictions.csv
per_cancer,os_3yr,HNSCC,2,0,random_forest,246,62,77,success,0.47333333333333333,validation split balanced accuracy,0.34316773600221495,0.07512341999972705,0.5064935064935064,0.511808367071525,0.6481481481481481,0.9210526315789473,0.10256410256410256,0.5809716599190283,0.6043426231517042,0.6920669329371637,0.24968291125585762,/home/prime/Documents/g3/tab-r1/paper/tables/source_data/full_fold_models/per_cancer/os_3yr/HNSCC/repeat_02_fold_00/random_forest/test_predictions.csv
per_cancer,os_3yr,HNSCC,2,0,catboost,246,62,77,success,0.6374058214015023,validation split balanced accuracy,2.320352101000026,0.006432572001358494,0.5974025974025974,0.594804318488529,0.4918032786885246,0.39473684210526316,0.7948717948717948,0.6008771929824561,0.6657951632648337,0.6885263917761809,0.24871819621123054,/home/prime/Documents/g3/tab-r1/paper/tables/source_data/full_fold_models/per_cancer/os_3yr/HNSCC/repeat_02_fold_00/catboost/test_predictions.csv
per_cancer,os_3yr,HNSCC,2,0,xgboost,246,62,77,success,0.5949833393096924,validation split balanced accuracy,0.24723377299960703,0.005731834000471281,0.5714285714285714,0.5708502024291497,0.547945205479452,0.5263157894736842,0.6153846153846154,0.6069500674763832,0.59317115842153,0.8113814643378766,0.2814975923153003,/home/prime/Documents/g3/tab-r1/paper/tables/source_data/full_fold_models/per_cancer/os_3yr/HNSCC/repeat_02_fold_00/xgboost/test_predictions.csv
per_cancer,os_3yr,HNSCC,2,0,lightgbm,246,62,77,success,0.25923902398100235,validation split balanced accuracy,0.06027600299785263,0.005461366999952588,0.5454545454545454,0.5492577597840755,0.6464646464646465,0.8421052631578947,0.2564102564102564,0.5691632928475034,0.6320961906866469,0.8503144306465074,0.29425836266293476,/home/prime/Documents/g3/tab-r1/paper/tables/source_data/full_fold_models/per_cancer/os_3yr/HNSCC/repeat_02_fold_00/lightgbm/test_predictions.csv
per_cancer,os_3yr,HNSCC,2,1,logistic_regression,246,62,77,success,0.5395476478868219,validation split balanced accuracy,0.011396709000109695,0.004699722998338984,0.5454545454545454,0.5648148148148149,0.5882352941176471,0.5,0.6296296296296297,0.5222222222222223,0.6465159334641994,0.7655676874677779,0.2761677749368507,/home/prime/Documents/g3/tab-r1/paper/tables/source_data/full_fold_models/per_cancer/os_3yr/HNSCC/repeat_02_fold_01/logistic_regression/test_predictions.csv
per_cancer,os_3yr,HNSCC,2,1,random_forest,246,62,77,success,0.5365105105105105,validation split balanced accuracy,0.3528876929995022,0.07658980000269366,0.4935064935064935,0.5333333333333333,0.5063291139240507,0.4,0.6666666666666666,0.5918518518518519,0.7311347314643898,0.6783908258840704,0.24270352856858218,/home/prime/Documents/g3/tab-r1/paper/tables/source_data/full_fold_models/per_cancer/os_3yr/HNSCC/repeat_02_fold_01/random_forest/test_predictions.csv
per_cancer,os_3yr,HNSCC,2,1,catboost,246,62,77,success,0.6445509801034279,validation split balanced accuracy,2.388744018997386,0.005931464002060238,0.44155844155844154,0.5274074074074073,0.3582089552238806,0.24,0.8148148148148148,0.585925925925926,0.712881616512388,0.6787082099706464,0.24248802323161367,/home/prime/Documents/g3/tab-r1/paper/tables/source_data/full_fold_models/per_cancer/os_3yr/HNSCC/repeat_02_fold_01/catboost/test_predictions.csv
per_cancer,os_3yr,HNSCC,2,1,xgboost,246,62,77,success,0.9270976185798645,validation split balanced accuracy,0.22992679000162752,0.0057460710013401695,0.4025974025974026,0.522962962962963,0.20689655172413793,0.12,0.9259259259259259,0.5785185185185187,0.7115102762497598,0.8102308750025105,0.28205524530532516,/home/prime/Documents/g3/tab-r1/paper/tables/source_data/full_fold_models/per_cancer/os_3yr/HNSCC/repeat_02_fold_01/xgboost/test_predictions.csv
per_cancer,os_3yr,HNSCC,2,1,lightgbm,246,62,77,success,0.5809951761883175,validation split balanced accuracy,0.06926019500315306,0.0069001440024294425,0.5844155844155844,0.6033333333333333,0.627906976744186,0.54,0.6666666666666666,0.5962962962962963,0.7363597612931236,0.8672133909097275,0.28697627323368946,/home/prime/Documents/g3/tab-r1/paper/tables/source_data/full_fold_models/per_cancer/os_3yr/HNSCC/repeat_02_fold_01/lightgbm/test_predictions.csv
per_cancer,os_3yr,HNSCC,2,2,logistic_regression,246,62,77,success,0.7595895317786341,validation split balanced accuracy,0.009916473001794657,0.004065070999786258,0.4935064935064935,0.5114864864864865,0.09302325581395349,0.05,0.972972972972973,0.5530405405405405,0.5715039624406156,0.7066597365081188,0.2540171393061883,/home/prime/Documents/g3/tab-r1/paper/tables/source_data/full_fold_models/per_cancer/os_3yr/HNSCC/repeat_02_fold_02/logistic_regression/test_predictions.csv
per_cancer,os_3yr,HNSCC,2,2,random_forest,246,62,77,success,0.5615512265512266,validation split balanced accuracy,0.35151846000007936,0.07679269700020086,0.6233766233766234,0.6293918918918919,0.5671641791044776,0.475,0.7837837837837838,0.6320945945945946,0.6787284982419625,0.6653478398040531,0.23649668238723587,/home/prime/Documents/g3/tab-r1/paper/tables/source_data/full_fold_models/per_cancer/os_3yr/HNSCC/repeat_02_fold_02/random_forest/test_predictions.csv
per_cancer,os_3yr,HNSCC,2,2,catboost,246,62,77,success,0.6421269419306145,validation split balanced accuracy,2.212985360998573,0.005855169001733884,0.6103896103896104,0.6199324324324325,0.5,0.375,0.8648648648648649,0.6111486486486487,0.6637188467285766,0.6741663459863974,0.24100265421344924,/home/prime/Documents/g3/tab-r1/paper/tables/source_data/full_fold_models/per_cancer/os_3yr/HNSCC/repeat_02_fold_02/catboost/test_predictions.csv
per_cancer,os_3yr,HNSCC,2,2,xgboost,246,62,77,success,0.7187875509262085,validation split balanced accuracy,0.23949029899813468,0.00549216599756619,0.5584415584415584,0.5648648648648649,0.48484848484848486,0.4,0.7297297297297297,0.6192567567567567,0.6261403441294203,0.7850990538990341,0.26669350388782526,/home/prime/Documents/g3/tab-r1/paper/tables/source_data/full_fold_models/per_cancer/os_3yr/HNSCC/repeat_02_fold_02/xgboost/test_predictions.csv
per_cancer,os_3yr,HNSCC,2,2,lightgbm,246,62,77,success,0.539925992153126,validation split balanced accuracy,0.07391162700150744,0.006831782997323899,0.5714285714285714,0.5712837837837837,0.5822784810126582,0.575,0.5675675675675675,0.6320945945945946,0.6516466292072488,0.8079372800520949,0.26866816798289156,/home/prime/Documents/g3/tab-r1/paper/tables/source_data/full_fold_models/per_cancer/os_3yr/HNSCC/repeat_02_fold_02/lightgbm/test_predictions.csv
per_cancer,os_3yr,HNSCC,2,3,logistic_regression,246,62,77,success,0.4876528174002174,validation split balanced accuracy,0.010351253000408178,0.0040242430004582275,0.5844155844155844,0.5867071524966262,0.6444444444444445,0.7631578947368421,0.41025641025641024,0.636302294197031,0.6054698096626986,0.6644223740327514,0.23471217869542776,/home/prime/Documents/g3/tab-r1/paper/tables/source_data/full_fold_models/per_cancer/os_3yr/HNSCC/repeat_02_fold_03/logistic_regression/test_predictions.csv
per_cancer,os_3yr,HNSCC,2,3,random_forest,246,62,77,success,0.554731182795699,validation split balanced accuracy,0.35364444999868283,0.07084211499750381,0.6363636363636364,0.6356275303643725,0.6111111111111112,0.5789473684210527,0.6923076923076923,0.6322537112010795,0.6268324619133382,0.6707982022524602,0.2390884636623994,/home/prime/Documents/g3/tab-r1/paper/tables/source_data/full_fold_models/per_cancer/os_3yr/HNSCC/repeat_02_fold_03/random_forest/test_predictions.csv
per_cancer,os_3yr,HNSCC,2,3,catboost,246,62,77,success,0.6070785653023018,validation split balanced accuracy,2.22421512100118,0.005892880999454064,0.5714285714285714,0.5695006747638327,0.49230769230769234,0.42105263157894735,0.717948717948718,0.6120107962213225,0.6279903709130615,0.6804238375034327,0.24358178530173652,/home/prime/Documents/g3/tab-r1/paper/tables/source_data/full_fold_models/per_cancer/os_3yr/HNSCC/repeat_02_fold_03/catboost/test_predictions.csv
per_cancer,os_3yr,HNSCC,2,3,xgboost,246,62,77,success,0.2973134219646454,validation split balanced accuracy,0.23186695399999735,0.006007019001117442,0.5584415584415584,0.5624156545209177,0.66,0.868421052631579,0.2564102564102564,0.6565452091767882,0.651112402648595,0.7624603423042516,0.2590706544178672,/home/prime/Documents/g3/tab-r1/paper/tables/source_data/full_fold_models/per_cancer/os_3yr/HNSCC/repeat_02_fold_03/xgboost/test_predictions.csv
per_cancer,os_3yr,HNSCC,2,3,lightgbm,246,62,77,success,0.18731773325417886,validation split balanced accuracy,0.07024985500174807,0.006597466999664903,0.5974025974025974,0.6018893387314439,0.6990291262135923,0.9473684210526315,0.2564102564102564,0.6288798920377868,0.6356713251166167,0.779761484017195,0.26649662788589445,/home/prime/Documents/g3/tab-r1/paper/tables/source_data/full_fold_models/per_cancer/os_3yr/HNSCC/repeat_02_fold_03/lightgbm/test_predictions.csv
per_cancer,os_3yr,HNSCC,2,4,logistic_regression,246,62,77,success,0.4800551667464555,validation split balanced accuracy,0.010570622001978336,0.00464441700023599,0.5194805194805194,0.48863636363636365,0.6262626262626263,0.7045454545454546,0.2727272727272727,0.4903581267217631,0.5881173798511756,0.7468318394344665,0.27339646533525047,/home/prime/Documents/g3/tab-r1/paper/tables/source_data/full_fold_models/per_cancer/os_3yr/HNSCC/repeat_02_fold_04/logistic_regression/test_predictions.csv
per_cancer,os_3yr,HNSCC,2,4,random_forest,246,62,77,success,0.5267347835640518,validation split balanced accuracy,0.34486586799903307,0.07612358000187669,0.5844155844155844,0.5833333333333334,0.6190476190476191,0.5909090909090909,0.5757575757575758,0.5506198347107438,0.6344915192108453,0.6860961652419425,0.2464710355914614,/home/prime/Documents/g3/tab-r1/paper/tables/source_data/full_fold_models/per_cancer/os_3yr/HNSCC/repeat_02_fold_04/random_forest/test_predictions.csv
per_cancer,os_3yr,HNSCC,2,4,catboost,246,62,77,success,0.531421878396842,validation split balanced accuracy,2.5073819999997795,0.006025844999385299,0.5714285714285714,0.5795454545454546,0.5822784810126582,0.5227272727272727,0.6363636363636364,0.5537190082644627,0.6259190875400139,0.7018219049865999,0.25310077009649923,/home/prime/Documents/g3/tab-r1/paper/tables/source_data/full_fold_models/per_cancer/os_3yr/HNSCC/repeat_02_fold_04/catboost/test_predictions.csv
per_cancer,os_3yr,HNSCC,2,4,xgboost,246,62,77,success,0.4888455867767334,validation split balanced accuracy,0.2381247209996218,0.005527253000764176,0.5454545454545454,0.5454545454545454,0.5783132530120482,0.5454545454545454,0.5454545454545454,0.5213498622589532,0.6487704715248583,0.8515979724105464,0.3029315193419076,/home/prime/Documents/g3/tab-r1/paper/tables/source_data/full_fold_models/per_cancer/os_3yr/HNSCC/repeat_02_fold_04/xgboost/test_predictions.csv
per_cancer,os_3yr,HNSCC,2,4,lightgbm,246,62,77,success,0.3310147291707641,validation split balanced accuracy,0.05983645300148055,0.005852964997757226,0.4805194805194805,0.44696969696969696,0.6,0.6818181818181818,0.21212121212121213,0.5179063360881542,0.6635705863319836,0.9511751029044592,0.32390858379992854,/home/prime/Documents/g3/tab-r1/paper/tables/source_data/full_fold_models/per_cancer/os_3yr/HNSCC/repeat_02_fold_04/lightgbm/test_predictions.csv
per_cancer,os_3yr,HNSCC,3,0,logistic_regression,246,62,77,success,0.6592114290308261,validation split balanced accuracy,0.010868671000935137,0.004898913000943139,0.42857142857142855,0.4938936781609195,0.3333333333333333,0.22916666666666666,0.7586206896551724,0.4885057471264368,0.6385461753864093,0.7199212270597641,0.2598920178354409,/home/prime/Documents/g3/tab-r1/paper/tables/source_data/full_fold_models/per_cancer/os_3yr/HNSCC/repeat_03_fold_00/logistic_regression/test_predictions.csv
per_cancer,os_3yr,HNSCC,3,0,random_forest,246,62,77,success,0.5790830891743671,validation split balanced accuracy,0.3556947630022478,0.07361434799895505,0.5064935064935064,0.5290948275862069,0.525,0.4375,0.6206896551724138,0.5750718390804598,0.6419738642004018,0.6613271095253312,0.23392116170198815,/home/prime/Documents/g3/tab-r1/paper/tables/source_data/full_fold_models/per_cancer/os_3yr/HNSCC/repeat_03_fold_00/random_forest/test_predictions.csv
per_cancer,os_3yr,HNSCC,3,0,catboost,246,62,77,success,0.5639974568505451,validation split balanced accuracy,2.3827213410004333,0.005996938998578116,0.5714285714285714,0.5811781609195402,0.611764705882353,0.5416666666666666,0.6206896551724138,0.5818965517241379,0.663063664962965,0.6503384538653096,0.22842780427797743,/home/prime/Documents/g3/tab-r1/paper/tables/source_data/full_fold_models/per_cancer/os_3yr/HNSCC/repeat_03_fold_00/catboost/test_predictions.csv
per_cancer,os_3yr,HNSCC,3,0,xgboost,246,62,77,success,0.8771035671234131,validation split balanced accuracy,0.23413922200052184,0.005715582999982871,0.4025974025974026,0.47988505747126436,0.25806451612903225,0.16666666666666666,0.7931034482758621,0.6199712643678161,0.6604170012470333,0.7546017568986706,0.24527401843022972,/home/prime/Documents/g3/tab-r1/paper/tables/source_data/full_fold_models/per_cancer/os_3yr/HNSCC/repeat_03_fold_00/xgboost/test_predictions.csv
per_cancer,os_3yr,HNSCC,3,0,lightgbm,246,62,77,success,0.17998599427551967,validation split balanced accuracy,0.0690384619992983,0.0067569310012913775,0.6493506493506493,0.5549568965517242,0.7692307692307693,0.9375,0.1724137931034483,0.5775862068965517,0.6522651171964301,0.8681519967192756,0.26685778150856876,/home/prime/Documents/g3/tab-r1/paper/tables/source_data/full_fold_models/per_cancer/os_3yr/HNSCC/repeat_03_fold_00/lightgbm/test_predictions.csv
per_cancer,os_3yr,HNSCC,3,1,logistic_regression,246,62,77,success,0.752585180591489,validation split balanced accuracy,0.012150168000516715,0.00487371599956532,0.4675324675324675,0.4560810810810811,0.22641509433962265,0.16216216216216217,0.75,0.4314189189189189,0.4701628773221382,0.8437611167976614,0.3103989367968631,/home/prime/Documents/g3/tab-r1/paper/tables/source_data/full_fold_models/per_cancer/os_3yr/HNSCC/repeat_03_fold_01/logistic_regression/test_predictions.csv
per_cancer,os_3yr,HNSCC,3,1,random_forest,246,62,77,success,0.6011904761904762,validation split balanced accuracy,0.3486756519996561,0.07405708499936736,0.5194805194805194,0.5121621621621621,0.39344262295081966,0.32432432432432434,0.7,0.5236486486486487,0.5126238683205715,0.7179487706005826,0.2610214195727469,/home/prime/Documents/g3/tab-r1/paper/tables/source_data/full_fold_models/per_cancer/os_3yr/HNSCC/repeat_03_fold_01/random_forest/test_predictions.csv
per_cancer,os_3yr,HNSCC,3,1,catboost,246,62,77,success,0.6860356605673666,validation split balanced accuracy,2.842932452000241,0.006184177997056395,0.5584415584415584,0.5476351351351352,0.37037037037037035,0.2702702702702703,0.825,0.5496621621621622,0.565518634277558,0.7241978077995805,0.26304773983821156,/home/prime/Documents/g3/tab-r1/paper/tables/source_data/full_fold_models/per_cancer/os_3yr/HNSCC/repeat_03_fold_01/catboost/test_predictions.csv
per_cancer,os_3yr,HNSCC,3,1,xgboost,246,62,77,success,0.8187329173088074,validation split balanced accuracy,0.25595813999825623,0.005717306001315592,0.5064935064935064,0.4956081081081081,0.2962962962962963,0.21621621621621623,0.775,0.5496621621621622,0.533283091056773,0.8711189345601922,0.2998239156350133,/home/prime/Documents/g3/tab-r1/paper/tables/source_data/full_fold_models/per_cancer/os_3yr/HNSCC/repeat_03_fold_01/xgboost/test_predictions.csv
per_cancer,os_3yr,HNSCC,3,1,lightgbm,246,62,77,success,0.9370516430971643,validation split balanced accuracy,0.06973016299889423,0.00678825999784749,0.5584415584415584,0.5425675675675675,0.22727272727272727,0.13513513513513514,0.95,0.5746621621621621,0.5529237541428326,0.9577296491862612,0.3076518197170248,/home/prime/Documents/g3/tab-r1/paper/tables/source_data/full_fold_models/per_cancer/os_3yr/HNSCC/repeat_03_fold_01/lightgbm/test_predictions.csv
per_cancer,os_3yr,HNSCC,3,2,logistic_regression,246,62,77,success,0.5208487476609329,validation split balanced accuracy,0.010202127999946242,0.00418075199922896,0.5454545454545454,0.5428475033738192,0.6236559139784946,0.7435897435897436,0.34210526315789475,0.5499325236167341,0.5296360453832734,0.7615681860733154,0.27318329464653107,/home/prime/Documents/g3/tab-r1/paper/tables/source_data/full_fold_models/per_cancer/os_3yr/HNSCC/repeat_03_fold_02/logistic_regression/test_predictions.csv
per_cancer,os_3yr,HNSCC,3,2,random_forest,246,62,77,success,0.5866666666666667,validation split balanced accuracy,0.34707282099770964,0.07440340500033926,0.5194805194805194,0.5205802968960864,0.4788732394366197,0.4358974358974359,0.6052631578947368,0.5296896086369771,0.5361824696891552,0.7052584631659745,0.2554464861457497,/home/prime/Documents/g3/tab-r1/paper/tables/source_data/full_fold_models/per_cancer/os_3yr/HNSCC/repeat_03_fold_02/random_forest/test_predictions.csv
per_cancer,os_3yr,HNSCC,3,2,catboost,246,62,77,success,0.5326837601714407,validation split balanced accuracy,2.4307452409993857,0.005952585001068655,0.5324675324675324,0.5313765182186235,0.5714285714285714,0.6153846153846154,0.4473684210526316,0.5371120107962214,0.5353804765613777,0.724997825679646,0.26260519065498933,/home/prime/Documents/g3/tab-r1/paper/tables/source_data/full_fold_models/per_cancer/os_3yr/HNSCC/repeat_03_fold_02/catboost/test_predictions.csv
per_cancer,os_3yr,HNSCC,3,2,xgboost,246,62,77,success,0.8445781469345093,validation split balanced accuracy,0.24232728499919176,0.005745499998738524,0.5454545454545454,0.5482456140350878,0.4262295081967213,0.3333333333333333,0.7631578947368421,0.5782726045883939,0.5526389687283386,0.88657810064534,0.29547945540835335,/home/prime/Documents/g3/tab-r1/paper/tables/source_data/full_fold_models/per_cancer/os_3yr/HNSCC/repeat_03_fold_02/xgboost/test_predictions.csv
per_cancer,os_3yr,HNSCC,3,2,lightgbm,246,62,77,success,0.792057572307035,validation split balanced accuracy,0.05967103799775941,0.0058394490006321575,0.5844155844155844,0.5856950067476383,0.5428571428571428,0.48717948717948717,0.6842105263157895,0.5674763832658569,0.5753747978423842,0.9905992909191057,0.3165317330318547,/home/prime/Documents/g3/tab-r1/paper/tables/source_data/full_fold_models/per_cancer/os_3yr/HNSCC/repeat_03_fold_02/lightgbm/test_predictions.csv
per_cancer,os_3yr,HNSCC,3,3,logistic_regression,246,62,77,success,0.5875598044792598,validation split balanced accuracy,0.011469527998997364,0.004767062000610167,0.4025974025974026,0.4316269284712483,0.3611111111111111,0.2826086956521739,0.5806451612903226,0.4985974754558205,0.6085621351118108,0.7231766505654155,0.2629556968740842,/home/prime/Documents/g3/tab-r1/paper/tables/source_data/full_fold_models/per_cancer/os_3yr/HNSCC/repeat_03_fold_03/logistic_regression/test_predictions.csv
per_cancer,os_3yr,HNSCC,3,3,random_forest,246,62,77,success,0.53299677372278,validation split balanced accuracy,0.3548460720012372,0.07822163500168244,0.5194805194805194,0.5136746143057503,0.5747126436781609,0.5434782608695652,0.4838709677419355,0.5508415147265078,0.6866566396357308,0.6776475304117932,0.2425466203099352,/home/prime/Documents/g3/tab-r1/paper/tables/source_data/full_fold_models/per_cancer/os_3yr/HNSCC/repeat_03_fold_03/random_forest/test_predictions.csv
per_cancer,os_3yr,HNSCC,3,3,catboost,246,62,77,success,0.5024443552014338,validation split balanced accuracy,2.4234326090008835,0.005904031997488346,0.5714285714285714,0.5466339410939691,0.6526315789473685,0.6739130434782609,0.41935483870967744,0.5792426367461431,0.7072272701737166,0.6687346455206913,0.2387133543179449,/home/prime/Documents/g3/tab-r1/paper/tables/source_data/full_fold_models/per_cancer/os_3yr/HNSCC/repeat_03_fold_03/catboost/test_predictions.csv
per_cancer,os_3yr,HNSCC,3,3,xgboost,246,62,77,success,0.5687552094459534,validation split balanced accuracy,0.24059228199985228,0.0058203119988320395,0.5324675324675324,0.5350631136044881,0.5714285714285714,0.5217391304347826,0.5483870967741935,0.5659186535764376,0.6774684861198452,0.8003473275499716,0.2761888625855981,/home/prime/Documents/g3/tab-r1/paper/tables/source_data/full_fold_models/per_cancer/os_3yr/HNSCC/repeat_03_fold_03/xgboost/test_predictions.csv
per_cancer,os_3yr,HNSCC,3,3,lightgbm,246,62,77,success,0.8856188009931169,validation split balanced accuracy,0.07005652600128087,0.0067608979989017826,0.5194805194805194,0.5820476858345021,0.39344262295081966,0.2608695652173913,0.9032258064516129,0.6023842917251052,0.6854326564339531,0.8371758212003267,0.2749093792230905,/home/prime/Documents/g3/tab-r1/paper/tables/source_data/full_fold_models/per_cancer/os_3yr/HNSCC/repeat_03_fold_03/lightgbm/test_predictions.csv
per_cancer,os_3yr,HNSCC,3,4,logistic_regression,247,61,77,success,0.4642917868247187,validation split balanced accuracy,0.010517329999856884,0.00395875799949863,0.4935064935064935,0.4851351351351351,0.5894736842105263,0.7,0.2702702702702703,0.5918918918918918,0.6810936629295038,0.698775547589378,0.2512294740383878,/home/prime/Documents/g3/tab-r1/paper/tables/source_data/full_fold_models/per_cancer/os_3yr/HNSCC/repeat_03_fold_04/logistic_regression/test_predictions.csv
per_cancer,os_3yr,HNSCC,3,4,random_forest,247,61,77,success,0.5966666666666667,validation split balanced accuracy,0.34239445899947896,0.07508285299991257,0.5844155844155844,0.5908783783783784,0.5151515151515151,0.425,0.7567567567567568,0.6388513513513513,0.6757914462021974,0.6722404620866255,0.2399149096471728,/home/prime/Documents/g3/tab-r1/paper/tables/source_data/full_fold_models/per_cancer/os_3yr/HNSCC/repeat_03_fold_04/random_forest/test_predictions.csv
per_cancer,os_3yr,HNSCC,3,4,catboost,247,61,77,success,0.6010143216797363,validation split balanced accuracy,2.5577009330008877,0.006213042001036229,0.6233766233766234,0.6243243243243244,0.6233766233766234,0.6,0.6486486486486487,0.6621621621621622,0.7204821985495911,0.6628014915560284,0.23614470385471537,/home/prime/Documents/g3/tab-r1/paper/tables/source_data/full_fold_models/per_cancer/os_3yr/HNSCC/repeat_03_fold_04/catboost/test_predictions.csv
per_cancer,os_3yr,HNSCC,3,4,xgboost,247,61,77,success,0.7579889297485352,validation split balanced accuracy,0.24219217800055048,0.005760777999967104,0.6233766233766234,0.6293918918918919,0.5671641791044776,0.475,0.7837837837837838,0.689189189189189,0.754435469291369,0.6924665490662338,0.24641321252293732,/home/prime/Documents/g3/tab-r1/paper/tables/source_data/full_fold_models/per_cancer/os_3yr/HNSCC/repeat_03_fold_04/xgboost/test_predictions.csv
per_cancer,os_3yr,HNSCC,3,4,lightgbm,247,61,77,success,0.5130288812887052,validation split balanced accuracy,0.06869649999862304,0.006745990001945756,0.5584415584415584,0.5527027027027027,0.6222222222222222,0.7,0.40540540540540543,0.6594594594594595,0.7493863940897206,0.7768106644163375,0.27474658096475285,/home/prime/Documents/g3/tab-r1/paper/tables/source_data/full_fold_models/per_cancer/os_3yr/HNSCC/repeat_03_fold_04/lightgbm/test_predictions.csv
per_cancer,os_3yr,HNSCC,4,0,logistic_regression,246,62,77,success,0.8434867919867801,validation split balanced accuracy,0.01171132999661495,0.004840060999413254,0.4025974025974026,0.5140086206896552,0.11538461538461539,0.0625,0.9655172413793104,0.4849137931034483,0.6515541111663777,0.7330699248868141,0.2642098066277095,/home/prime/Documents/g3/tab-r1/paper/tables/source_data/full_fold_models/per_cancer/os_3yr/HNSCC/repeat_04_fold_00/logistic_regression/test_predictions.csv
per_cancer,os_3yr,HNSCC,4,0,random_forest,246,62,77,success,0.535227520673341,validation split balanced accuracy,0.364978568002698,0.07650127099987003,0.5844155844155844,0.5779454022988506,0.6444444444444445,0.6041666666666666,0.5517241379310345,0.6131465517241379,0.7650139649385856,0.6568335082211033,0.23244362631813575,/home/prime/Documents/g3/tab-r1/paper/tables/source_data/full_fold_models/per_cancer/os_3yr/HNSCC/repeat_04_fold_00/random_forest/test_predictions.csv
per_cancer,os_3yr,HNSCC,4,0,catboost,246,62,77,success,0.5599328900666755,validation split balanced accuracy,2.501578530002007,0.006341337000776548,0.6233766233766234,0.6433189655172413,0.6506024096385542,0.5625,0.7241379310344828,0.6903735632183908,0.8332306044310523,0.6251098450943585,0.21779855515320953,/home/prime/Documents/g3/tab-r1/paper/tables/source_data/full_fold_models/per_cancer/os_3yr/HNSCC/repeat_04_fold_00/catboost/test_predictions.csv
per_cancer,os_3yr,HNSCC,4,0,xgboost,246,62,77,success,0.481292724609375,validation split balanced accuracy,0.24422554000193486,0.005873944999621017,0.6493506493506493,0.6163793103448276,0.7272727272727273,0.75,0.4827586206896552,0.7133620689655173,0.8187187508672561,0.6028293529284908,0.20712008450778513,/home/prime/Documents/g3/tab-r1/paper/tables/source_data/full_fold_models/per_cancer/os_3yr/HNSCC/repeat_04_fold_00/xgboost/test_predictions.csv
per_cancer,os_3yr,HNSCC,4,0,lightgbm,246,62,77,success,0.6483319098488195,validation split balanced accuracy,0.07277564700052608,0.0066470109995862,0.6103896103896104,0.6124281609195402,0.6590909090909091,0.6041666666666666,0.6206896551724138,0.6479885057471264,0.7558719291395014,0.704490839972698,0.24485719559388708,/home/prime/Documents/g3/tab-r1/paper/tables/source_data/full_fold_models/per_cancer/os_3yr/HNSCC/repeat_04_fold_00/lightgbm/test_predictions.csv
per_cancer,os_3yr,HNSCC,4,1,logistic_regression,246,62,77,success,0.3890286445035342,validation split balanced accuracy,0.010639693999110023,0.003963606999604963,0.5454545454545454,0.5310810810810811,0.6728971962616822,0.9,0.16216216216216217,0.5922297297297296,0.601819534154334,0.7012012950789561,0.25101559893410225,/home/prime/Documents/g3/tab-r1/paper/tables/source_data/full_fold_models/per_cancer/os_3yr/HNSCC/repeat_04_fold_01/logistic_regression/test_predictions.csv
per_cancer,os_3yr,HNSCC,4,1,random_forest,246,62,77,success,0.5433333333333333,validation split balanced accuracy,0.340711355998792,0.0777488630010339,0.5714285714285714,0.5733108108108108,0.56,0.525,0.6216216216216216,0.6023648648648648,0.5807148970727484,0.6827093012017649,0.24469934275821054,/home/prime/Documents/g3/tab-r1/paper/tables/source_data/full_fold_models/per_cancer/os_3yr/HNSCC/repeat_04_fold_01/random_forest/test_predictions.csv
per_cancer,os_3yr,HNSCC,4,1,catboost,246,62,77,success,0.5631114850002743,validation split balanced accuracy,2.6432759470008023,0.005398276996857021,0.5974025974025974,0.5972972972972973,0.6075949367088608,0.6,0.5945945945945946,0.6233108108108107,0.6240942376046544,0.6775516029214501,0.2416244644497147,/home/prime/Documents/g3/tab-r1/paper/tables/source_data/full_fold_models/per_cancer/os_3yr/HNSCC/repeat_04_fold_01/catboost/test_predictions.csv
per_cancer,os_3yr,HNSCC,4,1,xgboost,246,62,77,success,0.6566683053970337,validation split balanced accuracy,0.25647235100041144,0.0065859540009114426,0.6103896103896104,0.6138513513513514,0.5833333333333334,0.525,0.7027027027027027,0.6260135135135134,0.6115825612285053,0.7643072586499151,0.26080613044441003,/home/prime/Documents/g3/tab-r1/paper/tables/source_data/full_fold_models/per_cancer/os_3yr/HNSCC/repeat_04_fold_01/xgboost/test_predictions.csv
per_cancer,os_3yr,HNSCC,4,1,lightgbm,246,62,77,success,0.5378733149266001,validation split balanced accuracy,0.06853566299832892,0.0065975860015896615,0.6233766233766234,0.6253378378378378,0.6133333333333333,0.575,0.6756756756756757,0.6415540540540541,0.6196903244765826,0.7831805226259796,0.26336505538107735,/home/prime/Documents/g3/tab-r1/paper/tables/source_data/full_fold_models/per_cancer/os_3yr/HNSCC/repeat_04_fold_01/lightgbm/test_predictions.csv
per_cancer,os_3yr,HNSCC,4,2,logistic_regression,246,62,77,success,0.675683110032403,validation split balanced accuracy,0.012042743001074996,0.004810915001144167,0.5064935064935064,0.5261904761904762,0.40625,0.30952380952380953,0.7428571428571429,0.5057823129251701,0.5760550524122169,0.75331625082998,0.27399929492678926,/home/prime/Documents/g3/tab-r1/paper/tables/source_data/full_fold_models/per_cancer/os_3yr/HNSCC/repeat_04_fold_02/logistic_regression/test_predictions.csv
per_cancer,os_3yr,HNSCC,4,2,random_forest,246,62,77,success,0.6,validation split balanced accuracy,0.3542651739990106,0.0774970120000944,0.4675324675324675,0.48333333333333334,0.3880597014925373,0.30952380952380953,0.6571428571428571,0.4738095238095238,0.6136595245058093,0.7006015379379046,0.25423316691760706,/home/prime/Documents/g3/tab-r1/paper/tables/source_data/full_fold_models/per_cancer/os_3yr/HNSCC/repeat_04_fold_02/random_forest/test_predictions.csv
per_cancer,os_3yr,HNSCC,4,2,catboost,246,62,77,success,0.6817773283518784,validation split balanced accuracy,2.3609742400003597,0.005943186999502359,0.5194805194805194,0.5452380952380953,0.3728813559322034,0.2619047619047619,0.8285714285714286,0.569047619047619,0.6515869909091754,0.6891716651008075,0.24828373646056084,/home/prime/Documents/g3/tab-r1/paper/tables/source_data/full_fold_models/per_cancer/os_3yr/HNSCC/repeat_04_fold_02/catboost/test_predictions.csv
per_cancer,os_3yr,HNSCC,4,2,xgboost,246,62,77,success,0.6738261580467224,validation split balanced accuracy,0.24319337899942184,0.00577376400178764,0.5844155844155844,0.6,0.5294117647058824,0.42857142857142855,0.7714285714285715,0.6275510204081632,0.7293172221407361,0.6873250504135312,0.24917852798243428,/home/prime/Documents/g3/tab-r1/paper/tables/source_data/full_fold_models/per_cancer/os_3yr/HNSCC/repeat_04_fold_02/xgboost/test_predictions.csv
per_cancer,os_3yr,HNSCC,4,2,lightgbm,246,62,77,success,0.6205677426831165,validation split balanced accuracy,0.06807746800041059,0.006356035002681892,0.5584415584415584,0.5666666666666667,0.5405405405405406,0.47619047619047616,0.6571428571428571,0.6146258503401361,0.7035237390774818,0.8031843899979131,0.2804175771371411,/home/prime/Documents/g3/tab-r1/paper/tables/source_data/full_fold_models/per_cancer/os_3yr/HNSCC/repeat_04_fold_02/lightgbm/test_predictions.csv
per_cancer,os_3yr,HNSCC,4,3,logistic_regression,246,62,77,success,0.696539461448899,validation split balanced accuracy,0.011127735000627581,0.003976922998845112,0.5324675324675324,0.5283400809716599,0.3076923076923077,0.21052631578947367,0.8461538461538461,0.5371120107962213,0.5532345375544739,0.7813064087781295,0.2837201842877521,/home/prime/Documents/g3/tab-r1/paper/tables/source_data/full_fold_models/per_cancer/os_3yr/HNSCC/repeat_04_fold_03/logistic_regression/test_predictions.csv
per_cancer,os_3yr,HNSCC,4,3,random_forest,246,62,77,success,0.5466666666666666,validation split balanced accuracy,0.34690846800003783,0.07429134199992404,0.5844155844155844,0.5850202429149798,0.6,0.631578947368421,0.5384615384615384,0.623144399460189,0.5990688767707393,0.6821861206012044,0.2445720941287183,/home/prime/Documents/g3/tab-r1/paper/tables/source_data/full_fold_models/per_cancer/os_3yr/HNSCC/repeat_04_fold_03/random_forest/test_predictions.csv
per_cancer,os_3yr,HNSCC,4,3,catboost,246,62,77,success,0.5650469988121286,validation split balanced accuracy,2.171631475997856,0.005908490998990601,0.5454545454545454,0.5452091767881242,0.5333333333333333,0.5263157894736842,0.5641025641025641,0.5850202429149797,0.5768483119660813,0.6954140703335121,0.2506039299671613,/home/prime/Documents/g3/tab-r1/paper/tables/source_data/full_fold_models/per_cancer/os_3yr/HNSCC/repeat_04_fold_03/catboost/test_predictions.csv
per_cancer,os_3yr,HNSCC,4,3,xgboost,246,62,77,success,0.5859820246696472,validation split balanced accuracy,0.2263508619980712,0.006524657001136802,0.5194805194805194,0.5192307692307692,0.5066666666666667,0.5,0.5384615384615384,0.5715249662618084,0.5440232140055327,0.9070835329802397,0.3048437636488028,/home/prime/Documents/g3/tab-r1/paper/tables/source_data/full_fold_models/per_cancer/os_3yr/HNSCC/repeat_04_fold_03/xgboost/test_predictions.csv
per_cancer,os_3yr,HNSCC,4,3,lightgbm,246,62,77,success,0.5453800867653397,validation split balanced accuracy,0.07120499800294056,0.006480594001914142,0.5584415584415584,0.558029689608637,0.5405405405405406,0.5263157894736842,0.5897435897435898,0.5526315789473684,0.5292925621280178,0.9988085122942775,0.3133644676545928,/home/prime/Documents/g3/tab-r1/paper/tables/source_data/full_fold_models/per_cancer/os_3yr/HNSCC/repeat_04_fold_03/lightgbm/test_predictions.csv
per_cancer,os_3yr,HNSCC,4,4,logistic_regression,247,61,77,success,0.7759893237943902,validation split balanced accuracy,0.010364508001657669,0.003983013997640228,0.4805194805194805,0.519047619047619,0.16666666666666666,0.09523809523809523,0.9428571428571428,0.6183673469387755,0.6520574380947493,0.6788174826483099,0.2395147111309757,/home/prime/Documents/g3/tab-r1/paper/tables/source_data/full_fold_models/per_cancer/os_3yr/HNSCC/repeat_04_fold_04/logistic_regression/test_predictions.csv
per_cancer,os_3yr,HNSCC,4,4,random_forest,247,61,77,success,0.5066666666666667,validation split balanced accuracy,0.34674632899987046,0.07414458099810872,0.5194805194805194,0.5095238095238095,0.5842696629213483,0.6190476190476191,0.4,0.5003401360544217,0.5352292311379897,0.705151338523405,0.2549888035290644,/home/prime/Documents/g3/tab-r1/paper/tables/source_data/full_fold_models/per_cancer/os_3yr/HNSCC/repeat_04_fold_04/random_forest/test_predictions.csv
per_cancer,os_3yr,HNSCC,4,4,catboost,247,61,77,success,0.4960838495731265,validation split balanced accuracy,2.4056897329974163,0.005925101999309845,0.5194805194805194,0.5047619047619047,0.6021505376344086,0.6666666666666666,0.34285714285714286,0.55578231292517,0.6004575130878703,0.6896967164680725,0.24729247633134033,/home/prime/Documents/g3/tab-r1/paper/tables/source_data/full_fold_models/per_cancer/os_3yr/HNSCC/repeat_04_fold_04/catboost/test_predictions.csv
per_cancer,os_3yr,HNSCC,4,4,xgboost,247,61,77,success,0.5109947919845581,validation split balanced accuracy,0.23464426600185107,0.006612866000068607,0.5064935064935064,0.5095238095238095,0.5128205128205128,0.47619047619047616,0.5428571428571428,0.5394557823129251,0.5912812292573574,0.9357801408225355,0.31023014679582267,/home/prime/Documents/g3/tab-r1/paper/tables/source_data/full_fold_models/per_cancer/os_3yr/HNSCC/repeat_04_fold_04/xgboost/test_predictions.csv
per_cancer,os_3yr,HNSCC,4,4,lightgbm,247,61,77,success,0.48875563978143016,validation split balanced accuracy,0.06967263299884507,0.006691124999633757,0.5194805194805194,0.5214285714285714,0.5316455696202531,0.5,0.5428571428571428,0.5448979591836736,0.6191886280312697,1.001139807495002,0.32760188513675537,/home/prime/Documents/g3/tab-r1/paper/tables/source_data/full_fold_models/per_cancer/os_3yr/HNSCC/repeat_04_fold_04/lightgbm/test_predictions.csv
per_cancer,os_3yr,LSCC,0,0,logistic_regression,227,57,71,success,0.8671742757821217,validation split balanced accuracy,0.010941581000224687,0.004821426002308726,0.5492957746478874,0.5,0.0,0.0,1.0,0.5813301282051282,0.5267906199201282,0.7114447165472237,0.255177984061283,/home/prime/Documents/g3/tab-r1/paper/tables/source_data/full_fold_models/per_cancer/os_3yr/LSCC/repeat_00_fold_00/logistic_regression/test_predictions.csv
per_cancer,os_3yr,LSCC,0,0,random_forest,227,57,71,success,0.5750286274360052,validation split balanced accuracy,0.3580214249996061,0.07661548900068738,0.5915492957746479,0.5552884615384616,0.2926829268292683,0.1875,0.9230769230769231,0.6542467948717949,0.6301220112759829,0.6527983668995917,0.23076425523457228,/home/prime/Documents/g3/tab-r1/paper/tables/source_data/full_fold_models/per_cancer/os_3yr/LSCC/repeat_00_fold_00/random_forest/test_predictions.csv
per_cancer,os_3yr,LSCC,0,0,catboost,227,57,71,success,0.6281462666703809,validation split balanced accuracy,2.6316886439999507,0.0058257630007574335,0.6056338028169014,0.5625,0.2222222222222222,0.125,1.0,0.6798878205128206,0.6890561424219899,0.6436783922631765,0.2256557549572851,/home/prime/Documents/g3/tab-r1/paper/tables/source_data/full_fold_models/per_cancer/os_3yr/LSCC/repeat_00_fold_00/catboost/test_predictions.csv
per_cancer,os_3yr,LSCC,0,0,xgboost,227,57,71,success,0.33832764625549316,validation split balanced accuracy,0.23012309400291997,0.005669233996741241,0.5915492957746479,0.5973557692307692,0.5915492957746479,0.65625,0.5384615384615384,0.6470352564102565,0.6132693927495467,0.7160723742271956,0.24577902339467397,/home/prime/Documents/g3/tab-r1/paper/tables/source_data/full_fold_models/per_cancer/os_3yr/LSCC/repeat_00_fold_00/xgboost/test_predictions.csv
per_cancer,os_3yr,LSCC,0,0,lightgbm,227,57,71,success,0.7603825214335425,validation split balanced accuracy,0.06432972199763753,0.006141636000393191,0.6197183098591549,0.5893429487179487,0.4,0.28125,0.8974358974358975,0.6358173076923077,0.6412593150999022,0.7664660819922586,0.2567801839194612,/home/prime/Documents/g3/tab-r1/paper/tables/source_data/full_fold_models/per_cancer/os_3yr/LSCC/repeat_00_fold_00/lightgbm/test_predictions.csv
per_cancer,os_3yr,LSCC,0,1,logistic_regression,227,57,71,success,0.6316204224211147,validation split balanced accuracy,0.010644483001669869,0.003952154998842161,0.4507042253521127,0.4419713831478538,0.2909090909090909,0.23529411764705882,0.6486486486486487,0.44793322734499197,0.4321333926114518,0.822897781599073,0.30094858902108584,/home/prime/Documents/g3/tab-r1/paper/tables/source_data/full_fold_models/per_cancer/os_3yr/LSCC/repeat_00_fold_01/logistic_regression/test_predictions.csv
per_cancer,os_3yr,LSCC,0,1,random_forest,227,57,71,success,0.49790335790335793,validation split balanced accuracy,0.3472075989993755,0.07837038899742765,0.4084507042253521,0.4133545310015898,0.46153846153846156,0.5294117647058824,0.2972972972972973,0.46224165341812395,0.5368357297643334,0.7684133274084645,0.28179095364191187,/home/prime/Documents/g3/tab-r1/paper/tables/source_data/full_fold_models/per_cancer/os_3yr/LSCC/repeat_00_fold_01/random_forest/test_predictions.csv
per_cancer,os_3yr,LSCC,0,1,catboost,227,57,71,success,0.5454929890335473,validation split balanced accuracy,2.5310326860017085,0.006216167999809841,0.49295774647887325,0.48608903020667726,0.3793103448275862,0.3235294117647059,0.6486486486486487,0.42806041335453093,0.48172934094390807,0.796209344041294,0.2945887689368967,/home/prime/Documents/g3/tab-r1/paper/tables/source_data/full_fold_models/per_cancer/os_3yr/LSCC/repeat_00_fold_01/catboost/test_predictions.csv
per_cancer,os_3yr,LSCC,0,1,xgboost,227,57,71,success,0.2651631534099579,validation split balanced accuracy,0.21703311199962627,0.005421791000117082,0.3380281690140845,0.34220985691573924,0.38961038961038963,0.4411764705882353,0.24324324324324326,0.39705882352941174,0.4854758916598996,1.04116477521192,0.36536488073202517,/home/prime/Documents/g3/tab-r1/paper/tables/source_data/full_fold_models/per_cancer/os_3yr/LSCC/repeat_00_fold_01/xgboost/test_predictions.csv
per_cancer,os_3yr,LSCC,0,1,lightgbm,227,57,71,success,0.3382361360734787,validation split balanced accuracy,0.06550339300156338,0.006578839998837793,0.43661971830985913,0.43680445151033387,0.42857142857142855,0.4411764705882353,0.43243243243243246,0.4463434022257552,0.4986426973708938,1.0924222448934995,0.36117668545942905,/home/prime/Documents/g3/tab-r1/paper/tables/source_data/full_fold_models/per_cancer/os_3yr/LSCC/repeat_00_fold_01/lightgbm/test_predictions.csv
per_cancer,os_3yr,LSCC,0,2,logistic_regression,227,57,71,success,0.522282300029002,validation split balanced accuracy,0.011920229000679683,0.004764746998262126,0.49295774647887325,0.4704944178628389,0.21739130434782608,0.15151515151515152,0.7894736842105263,0.4784688995215311,0.48968083007064866,0.6945268408663925,0.25075971592988205,/home/prime/Documents/g3/tab-r1/paper/tables/source_data/full_fold_models/per_cancer/os_3yr/LSCC/repeat_00_fold_02/logistic_regression/test_predictions.csv
per_cancer,os_3yr,LSCC,0,2,random_forest,227,57,71,success,0.4533333333333333,validation split balanced accuracy,0.3579688060017361,0.07397856500028865,0.5492957746478874,0.55103668261563,0.5428571428571428,0.5757575757575758,0.5263157894736842,0.48285486443381176,0.4369460030223476,0.7473085555734466,0.27394373469880295,/home/prime/Documents/g3/tab-r1/paper/tables/source_data/full_fold_models/per_cancer/os_3yr/LSCC/repeat_00_fold_02/random_forest/test_predictions.csv
per_cancer,os_3yr,LSCC,0,2,catboost,227,57,71,success,0.5407167362515505,validation split balanced accuracy,0.8543669369973941,0.005877873001736589,0.5352112676056338,0.5259170653907497,0.4406779661016949,0.3939393939393939,0.6578947368421053,0.46570972886762363,0.4356054720822224,0.7438093647374704,0.27279090809289225,/home/prime/Documents/g3/tab-r1/paper/tables/source_data/full_fold_models/per_cancer/os_3yr/LSCC/repeat_00_fold_02/catboost/test_predictions.csv
per_cancer,os_3yr,LSCC,0,2,xgboost,227,57,71,success,0.41742604970932007,validation split balanced accuracy,0.11842828999942867,0.005770027000835398,0.5352112676056338,0.5338915470494419,0.5074626865671642,0.5151515151515151,0.5526315789473685,0.47687400318979256,0.4628111257368292,1.0811670272454676,0.35455336595466164,/home/prime/Documents/g3/tab-r1/paper/tables/source_data/full_fold_models/per_cancer/os_3yr/LSCC/repeat_00_fold_02/xgboost/test_predictions.csv
per_cancer,os_3yr,LSCC,0,2,lightgbm,227,57,71,success,0.7710054046315868,validation split balanced accuracy,0.06580940700223437,0.00649073200111161,0.49295774647887325,0.47647527910685805,0.3076923076923077,0.24242424242424243,0.7105263157894737,0.48165869218500795,0.4497887009716094,1.0699056651574586,0.35464594970652435,/home/prime/Documents/g3/tab-r1/paper/tables/source_data/full_fold_models/per_cancer/os_3yr/LSCC/repeat_00_fold_02/lightgbm/test_predictions.csv
per_cancer,os_3yr,LSCC,0,3,logistic_regression,227,57,71,success,0.47228834768670824,validation split balanced accuracy,0.010331745997973485,0.004697549000411527,0.49295774647887325,0.49444444444444446,0.4375,0.3888888888888889,0.6,0.4936507936507937,0.5109755529005682,0.7089352927799882,0.2574637424549432,/home/prime/Documents/g3/tab-r1/paper/tables/source_data/full_fold_models/per_cancer/os_3yr/LSCC/repeat_00_fold_03/logistic_regression/test_predictions.csv
per_cancer,os_3yr,LSCC,0,3,random_forest,227,57,71,success,0.39,validation split balanced accuracy,0.3589314429991646,0.0753745699985302,0.6056338028169014,0.6035714285714285,0.6585365853658537,0.75,0.45714285714285713,0.6317460317460317,0.6441599513530489,0.6711702006839385,0.23952890529835444,/home/prime/Documents/g3/tab-r1/paper/tables/source_data/full_fold_models/per_cancer/os_3yr/LSCC/repeat_00_fold_03/random_forest/test_predictions.csv
per_cancer,os_3yr,LSCC,0,3,catboost,227,57,71,success,0.45235531299124054,validation split balanced accuracy,0.865835013002652,0.005754115998570342,0.6338028169014085,0.6317460317460317,0.6829268292682927,0.7777777777777778,0.4857142857142857,0.6499999999999999,0.654238149104814,0.6598631025273475,0.23389861585757749,/home/prime/Documents/g3/tab-r1/paper/tables/source_data/full_fold_models/per_cancer/os_3yr/LSCC/repeat_00_fold_03/catboost/test_predictions.csv
per_cancer,os_3yr,LSCC,0,3,xgboost,227,57,71,success,0.2407325804233551,validation split balanced accuracy,0.10340995600199676,0.005927616999542806,0.5211267605633803,0.5174603174603174,0.6222222222222222,0.7777777777777778,0.2571428571428571,0.6404761904761904,0.6874301120047099,0.7520046525470581,0.2522588881705297,/home/prime/Documents/g3/tab-r1/paper/tables/source_data/full_fold_models/per_cancer/os_3yr/LSCC/repeat_00_fold_03/xgboost/test_predictions.csv
per_cancer,os_3yr,LSCC,0,3,lightgbm,227,57,71,success,0.43668499620220785,validation split balanced accuracy,0.07080797099843039,0.006706904998281971,0.5633802816901409,0.5646825396825397,0.5230769230769231,0.4722222222222222,0.6571428571428571,0.6039682539682539,0.6614942743476004,0.7286771016694986,0.2620430473874888,/home/prime/Documents/g3/tab-r1/paper/tables/source_data/full_fold_models/per_cancer/os_3yr/LSCC/repeat_00_fold_03/lightgbm/test_predictions.csv
per_cancer,os_3yr,LSCC,0,4,logistic_regression,227,57,71,success,0.5269559476736244,validation split balanced accuracy,0.011287880999589106,0.004405481002322631,0.49295774647887325,0.48769841269841274,0.18181818181818182,0.11428571428571428,0.8611111111111112,0.5341269841269841,0.5279604502910757,0.6926734478116136,0.24976087995225515,/home/prime/Documents/g3/tab-r1/paper/tables/source_data/full_fold_models/per_cancer/os_3yr/LSCC/repeat_00_fold_04/logistic_regression/test_predictions.csv
per_cancer,os_3yr,LSCC,0,4,random_forest,227,57,71,success,0.29,validation split balanced accuracy,0.3443222499990952,0.07570522099922528,0.5492957746478874,0.5527777777777778,0.6363636363636364,0.8,0.3055555555555556,0.5162698412698413,0.5105117073692887,0.7587154014681953,0.27788102104418305,/home/prime/Documents/g3/tab-r1/paper/tables/source_data/full_fold_models/per_cancer/os_3yr/LSCC/repeat_00_fold_04/random_forest/test_predictions.csv
per_cancer,os_3yr,LSCC,0,4,catboost,227,57,71,success,0.3514507528094194,validation split balanced accuracy,0.8983698099982576,0.005708788998163072,0.5352112676056338,0.5392857142857144,0.6373626373626373,0.8285714285714286,0.25,0.5031746031746032,0.5023237775799411,0.7334347974650244,0.2678404379987755,/home/prime/Documents/g3/tab-r1/paper/tables/source_data/full_fold_models/per_cancer/os_3yr/LSCC/repeat_00_fold_04/catboost/test_predictions.csv
per_cancer,os_3yr,LSCC,0,4,xgboost,227,57,71,success,0.9571695327758789,validation split balanced accuracy,0.10720253800172941,0.005781629002740374,0.5070422535211268,0.5007936507936508,0.10256410256410256,0.05714285714285714,0.9444444444444444,0.4492063492063492,0.46455986481230116,1.0901759692595614,0.3659599026107011,/home/prime/Documents/g3/tab-r1/paper/tables/source_data/full_fold_models/per_cancer/os_3yr/LSCC/repeat_00_fold_04/xgboost/test_predictions.csv
per_cancer,os_3yr,LSCC,0,4,lightgbm,227,57,71,success,0.9516480721546378,validation split balanced accuracy,0.06326630100011243,0.006608096999116242,0.5070422535211268,0.5007936507936508,0.10256410256410256,0.05714285714285714,0.9444444444444444,0.45158730158730165,0.473215042768596,1.0596628680835125,0.36112649740599245,/home/prime/Documents/g3/tab-r1/paper/tables/source_data/full_fold_models/per_cancer/os_3yr/LSCC/repeat_00_fold_04/lightgbm/test_predictions.csv
per_cancer,os_3yr,LSCC,1,0,logistic_regression,227,57,71,success,0.4352040230271499,validation split balanced accuracy,0.011292430997855263,0.0038823219983896706,0.5070422535211268,0.5126984126984127,0.6464646464646465,0.9142857142857143,0.1111111111111111,0.5472222222222222,0.579282511851116,0.6884989199027232,0.24768943549213918,/home/prime/Documents/g3/tab-r1/paper/tables/source_data/full_fold_models/per_cancer/os_3yr/LSCC/repeat_01_fold_00/logistic_regression/test_predictions.csv
per_cancer,os_3yr,LSCC,1,0,random_forest,227,57,71,success,0.32666666666666666,validation split balanced accuracy,0.3487612460012315,0.07337392999761505,0.5915492957746479,0.5956349206349206,0.6813186813186813,0.8857142857142857,0.3055555555555556,0.6154761904761905,0.5758592495106971,0.6846751608555801,0.2438978090155633,/home/prime/Documents/g3/tab-r1/paper/tables/source_data/full_fold_models/per_cancer/os_3yr/LSCC/repeat_01_fold_00/random_forest/test_predictions.csv
per_cancer,os_3yr,LSCC,1,0,catboost,227,57,71,success,0.3664016146293011,validation split balanced accuracy,0.8412744199995359,0.005705472998670302,0.6197183098591549,0.6238095238095238,0.7032967032967034,0.9142857142857143,0.3333333333333333,0.6186507936507937,0.6255690954251731,0.6582126728190426,0.23343231139972187,/home/prime/Documents/g3/tab-r1/paper/tables/source_data/full_fold_models/per_cancer/os_3yr/LSCC/repeat_01_fold_00/catboost/test_predictions.csv
per_cancer,os_3yr,LSCC,1,0,xgboost,227,57,71,success,0.8275320529937744,validation split balanced accuracy,0.11205719600184239,0.006504007997136796,0.5211267605633803,0.515079365079365,0.15,0.08571428571428572,0.9444444444444444,0.5265873015873015,0.534323311555257,0.8786210948350027,0.3039430566325828,/home/prime/Documents/g3/tab-r1/paper/tables/source_data/full_fold_models/per_cancer/os_3yr/LSCC/repeat_01_fold_00/xgboost/test_predictions.csv
per_cancer,os_3yr,LSCC,1,0,lightgbm,227,57,71,success,0.3026342945708619,validation split balanced accuracy,0.05815425200125901,0.006117910998000298,0.5211267605633803,0.523015873015873,0.575,0.6571428571428571,0.3888888888888889,0.563095238095238,0.5857251685472958,0.7583809385023984,0.2698713717331256,/home/prime/Documents/g3/tab-r1/paper/tables/source_data/full_fold_models/per_cancer/os_3yr/LSCC/repeat_01_fold_00/lightgbm/test_predictions.csv
per_cancer,os_3yr,LSCC,1,1,logistic_regression,227,57,71,success,0.45725005120225004,validation split balanced accuracy,0.010603213999274885,0.004691046000516508,0.5352112676056338,0.5313990461049285,0.47619047619047616,0.4411764705882353,0.6216216216216216,0.5206677265500795,0.5091298867306877,0.7844497080214022,0.27563343737453067,/home/prime/Documents/g3/tab-r1/paper/tables/source_data/full_fold_models/per_cancer/os_3yr/LSCC/repeat_01_fold_01/logistic_regression/test_predictions.csv
per_cancer,os_3yr,LSCC,1,1,random_forest,227,57,71,success,0.4633333333333333,validation split balanced accuracy,0.35972301400033757,0.07528787399860448,0.6197183098591549,0.6232114467408585,0.64,0.7058823529411765,0.5405405405405406,0.6399046104928457,0.6123332838570916,0.66415113025989,0.23584819092406978,/home/prime/Documents/g3/tab-r1/paper/tables/source_data/full_fold_models/per_cancer/os_3yr/LSCC/repeat_01_fold_01/random_forest/test_predictions.csv
per_cancer,os_3yr,LSCC,1,1,catboost,227,57,71,success,0.39657715244071606,validation split balanced accuracy,2.6422960859999876,0.005813288997160271,0.5915492957746479,0.5985691573926868,0.6419753086419753,0.7647058823529411,0.43243243243243246,0.5961844197138315,0.5528849491587903,0.6897359987305911,0.24718220369952854,/home/prime/Documents/g3/tab-r1/paper/tables/source_data/full_fold_models/per_cancer/os_3yr/LSCC/repeat_01_fold_01/catboost/test_predictions.csv
per_cancer,os_3yr,LSCC,1,1,xgboost,227,57,71,success,0.4842517673969269,validation split balanced accuracy,0.2363766439993924,0.0065509579981153365,0.5633802816901409,0.5608108108108107,0.5230769230769231,0.5,0.6216216216216216,0.5834658187599365,0.5732708180336976,0.8048167550366631,0.27690368597611464,/home/prime/Documents/g3/tab-r1/paper/tables/source_data/full_fold_models/per_cancer/os_3yr/LSCC/repeat_01_fold_01/xgboost/test_predictions.csv
per_cancer,os_3yr,LSCC,1,1,lightgbm,227,57,71,success,0.41082821866865393,validation split balanced accuracy,0.06282233399906545,0.006569241999386577,0.6056338028169014,0.6061208267090621,0.6,0.6176470588235294,0.5945945945945946,0.6216216216216216,0.5920954197823772,0.8559058841851002,0.27583822409382935,/home/prime/Documents/g3/tab-r1/paper/tables/source_data/full_fold_models/per_cancer/os_3yr/LSCC/repeat_01_fold_01/lightgbm/test_predictions.csv
per_cancer,os_3yr,LSCC,1,2,logistic_regression,227,57,71,success,0.47822334967189817,validation split balanced accuracy,0.012121441999624949,0.004722886998933973,0.5070422535211268,0.5067460317460317,0.5205479452054794,0.5277777777777778,0.4857142857142857,0.5031746031746032,0.5048114582237699,0.7041561313533256,0.2553804910123715,/home/prime/Documents/g3/tab-r1/paper/tables/source_data/full_fold_models/per_cancer/os_3yr/LSCC/repeat_01_fold_02/logistic_regression/test_predictions.csv
per_cancer,os_3yr,LSCC,1,2,random_forest,227,57,71,success,0.31333333333333335,validation split balanced accuracy,0.35561324800073635,0.07536001200060127,0.5070422535211268,0.5035714285714286,0.6067415730337079,0.75,0.2571428571428571,0.5011904761904762,0.5447431772312272,0.742442237949065,0.27279598697238355,/home/prime/Documents/g3/tab-r1/paper/tables/source_data/full_fold_models/per_cancer/os_3yr/LSCC/repeat_01_fold_02/random_forest/test_predictions.csv
per_cancer,os_3yr,LSCC,1,2,catboost,227,57,71,success,0.3111735230625322,validation split balanced accuracy,0.7595874190010363,0.005700153000361752,0.5352112676056338,0.5313492063492063,0.6373626373626373,0.8055555555555556,0.2571428571428571,0.5063492063492063,0.5457042644448804,0.7374239782098908,0.26998031353385316,/home/prime/Documents/g3/tab-r1/paper/tables/source_data/full_fold_models/per_cancer/os_3yr/LSCC/repeat_01_fold_02/catboost/test_predictions.csv
per_cancer,os_3yr,LSCC,1,2,xgboost,227,57,71,success,0.30587196350097656,validation split balanced accuracy,0.1278524940025818,0.0067180360019847285,0.49295774647887325,0.4920634920634921,0.5263157894736842,0.5555555555555556,0.42857142857142855,0.5206349206349207,0.5762987821584244,0.9309507619243971,0.3119090778114358,/home/prime/Documents/g3/tab-r1/paper/tables/source_data/full_fold_models/per_cancer/os_3yr/LSCC/repeat_01_fold_02/xgboost/test_predictions.csv
per_cancer,os_3yr,LSCC,1,2,lightgbm,227,57,71,success,0.7023010147942371,validation split balanced accuracy,0.06285298299917486,0.006601634002436185,0.5352112676056338,0.5384920634920636,0.4,0.3055555555555556,0.7714285714285715,0.5428571428571429,0.578257508232469,0.9745333768812497,0.3113218042671576,/home/prime/Documents/g3/tab-r1/paper/tables/source_data/full_fold_models/per_cancer/os_3yr/LSCC/repeat_01_fold_02/lightgbm/test_predictions.csv
per_cancer,os_3yr,LSCC,1,3,logistic_regression,227,57,71,success,0.5152283304340006,validation split balanced accuracy,0.011433758998464327,0.00482466199900955,0.49295774647887325,0.4864433811802233,0.41935483870967744,0.3939393939393939,0.5789473684210527,0.45255183413078154,0.45787044276622113,0.703182702994668,0.25523925255165836,/home/prime/Documents/g3/tab-r1/paper/tables/source_data/full_fold_models/per_cancer/os_3yr/LSCC/repeat_01_fold_03/logistic_regression/test_predictions.csv
per_cancer,os_3yr,LSCC,1,3,random_forest,227,57,71,success,0.6133333333333333,validation split balanced accuracy,0.35198553199734306,0.08120063299793401,0.49295774647887325,0.4665071770334928,0.14285714285714285,0.09090909090909091,0.8421052631578947,0.5805422647527911,0.5210253467721229,0.6869911696399703,0.2469918397834007,/home/prime/Documents/g3/tab-r1/paper/tables/source_data/full_fold_models/per_cancer/os_3yr/LSCC/repeat_01_fold_03/random_forest/test_predictions.csv
per_cancer,os_3yr,LSCC,1,3,catboost,227,57,71,success,0.6291138340812433,validation split balanced accuracy,0.8823609049977676,0.005598798998107668,0.5633802816901409,0.5322966507177034,0.16216216216216217,0.09090909090909091,0.9736842105263158,0.5338915470494418,0.520817633320788,0.6845386371386146,0.2463028345479292,/home/prime/Documents/g3/tab-r1/paper/tables/source_data/full_fold_models/per_cancer/os_3yr/LSCC/repeat_01_fold_03/catboost/test_predictions.csv
per_cancer,os_3yr,LSCC,1,3,xgboost,227,57,71,success,0.8453772068023682,validation split balanced accuracy,0.11801538199870265,0.005759716997999931,0.5492957746478874,0.5271132376395534,0.30434782608695654,0.21212121212121213,0.8421052631578947,0.5139553429027113,0.5555563124997863,0.9178657649309724,0.3280732872892658,/home/prime/Documents/g3/tab-r1/paper/tables/source_data/full_fold_models/per_cancer/os_3yr/LSCC/repeat_01_fold_03/xgboost/test_predictions.csv
per_cancer,os_3yr,LSCC,1,3,lightgbm,227,57,71,success,0.7682004591003331,validation split balanced accuracy,0.056769246999465395,0.006014553997374605,0.5211267605633803,0.5067783094098883,0.37037037037037035,0.30303030303030304,0.7105263157894737,0.4900318979266348,0.45293986292333743,0.9973479211770062,0.3397772080807007,/home/prime/Documents/g3/tab-r1/paper/tables/source_data/full_fold_models/per_cancer/os_3yr/LSCC/repeat_01_fold_03/lightgbm/test_predictions.csv
per_cancer,os_3yr,LSCC,1,4,logistic_regression,227,57,71,success,0.492555558273361,validation split balanced accuracy,0.01186342999790213,0.004167265997239156,0.4507042253521127,0.4607371794871795,0.48,0.5625,0.358974358974359,0.3942307692307693,0.38011195836748746,0.7172613682100876,0.26169749649069124,/home/prime/Documents/g3/tab-r1/paper/tables/source_data/full_fold_models/per_cancer/os_3yr/LSCC/repeat_01_fold_04/logistic_regression/test_predictions.csv
per_cancer,os_3yr,LSCC,1,4,random_forest,227,57,71,success,0.5566666666666666,validation split balanced accuracy,0.34203952199823107,0.07599862100323662,0.647887323943662,0.6346153846153846,0.5614035087719298,0.5,0.7692307692307693,0.59375,0.5438006361890523,0.7013548901170318,0.25044485941172423,/home/prime/Documents/g3/tab-r1/paper/tables/source_data/full_fold_models/per_cancer/os_3yr/LSCC/repeat_01_fold_04/random_forest/test_predictions.csv
per_cancer,os_3yr,LSCC,1,4,catboost,227,57,71,success,0.5022858216603207,validation split balanced accuracy,1.0066375610003888,0.005633675998979015,0.5492957746478874,0.5448717948717949,0.5,0.5,0.5897435897435898,0.5665064102564102,0.5181917363945823,0.7153385007602101,0.25765980084647483,/home/prime/Documents/g3/tab-r1/paper/tables/source_data/full_fold_models/per_cancer/os_3yr/LSCC/repeat_01_fold_04/catboost/test_predictions.csv
per_cancer,os_3yr,LSCC,1,4,xgboost,227,57,71,success,0.5931371450424194,validation split balanced accuracy,0.1331303500010108,0.006496082998637576,0.6338028169014085,0.6189903846153846,0.5357142857142857,0.46875,0.7692307692307693,0.5432692307692307,0.5106023056630121,0.9181752950393955,0.2964229941539422,/home/prime/Documents/g3/tab-r1/paper/tables/source_data/full_fold_models/per_cancer/os_3yr/LSCC/repeat_01_fold_04/xgboost/test_predictions.csv
per_cancer,os_3yr,LSCC,1,4,lightgbm,227,57,71,success,0.5974651727758703,validation split balanced accuracy,0.06481325599816046,0.006309576998319244,0.6197183098591549,0.6033653846153846,0.509090909090909,0.4375,0.7692307692307693,0.5512820512820513,0.4992125849879153,0.8855512085008985,0.294928219185673,/home/prime/Documents/g3/tab-r1/paper/tables/source_data/full_fold_models/per_cancer/os_3yr/LSCC/repeat_01_fold_04/lightgbm/test_predictions.csv
per_cancer,os_3yr,LSCC,2,0,logistic_regression,227,57,71,success,0.4699746300178714,validation split balanced accuracy,0.012221774999488844,0.004689854002208449,0.5352112676056338,0.5004032258064516,0.2978723404255319,0.22580645161290322,0.775,0.5225806451612903,0.46182719754976015,0.6917216939727912,0.2487318517655116,/home/prime/Documents/g3/tab-r1/paper/tables/source_data/full_fold_models/per_cancer/os_3yr/LSCC/repeat_02_fold_00/logistic_regression/test_predictions.csv
per_cancer,os_3yr,LSCC,2,0,random_forest,227,57,71,success,0.34,validation split balanced accuracy,0.35346814199874643,0.08796248399812612,0.49295774647887325,0.5245967741935484,0.5714285714285714,0.7741935483870968,0.275,0.5064516129032258,0.44974080355408597,0.7353588375891559,0.26895022069861646,/home/prime/Documents/g3/tab-r1/paper/tables/source_data/full_fold_models/per_cancer/os_3yr/LSCC/repeat_02_fold_00/random_forest/test_predictions.csv
per_cancer,os_3yr,LSCC,2,0,catboost,227,57,71,success,0.42370310505601466,validation split balanced accuracy,0.8205804999997781,0.005739508000260685,0.4647887323943662,0.4887096774193548,0.525,0.6774193548387096,0.3,0.5048387096774194,0.49695228198584773,0.7008610950941523,0.2537099353418756,/home/prime/Documents/g3/tab-r1/paper/tables/source_data/full_fold_models/per_cancer/os_3yr/LSCC/repeat_02_fold_00/catboost/test_predictions.csv
per_cancer,os_3yr,LSCC,2,0,xgboost,227,57,71,success,0.32032546401023865,validation split balanced accuracy,0.11138909100191086,0.00669214699883014,0.4647887323943662,0.47419354838709676,0.4722222222222222,0.5483870967741935,0.4,0.4306451612903226,0.42723601802309796,1.0439472087076485,0.3575843076721595,/home/prime/Documents/g3/tab-r1/paper/tables/source_data/full_fold_models/per_cancer/os_3yr/LSCC/repeat_02_fold_00/xgboost/test_predictions.csv
per_cancer,os_3yr,LSCC,2,0,lightgbm,227,57,71,success,0.33828108339004176,validation split balanced accuracy,0.05936013400059892,0.006474793000961654,0.49295774647887325,0.5028225806451613,0.5,0.5806451612903226,0.425,0.475,0.43561609554412184,0.9524443060572626,0.330153078406436,/home/prime/Documents/g3/tab-r1/paper/tables/source_data/full_fold_models/per_cancer/os_3yr/LSCC/repeat_02_fold_00/lightgbm/test_predictions.csv
per_cancer,os_3yr,LSCC,2,1,logistic_regression,227,57,71,success,0.48490504068164614,validation split balanced accuracy,0.01320133500121301,0.004685206000431208,0.4507042253521127,0.46895161290322585,0.4,0.325,0.6129032258064516,0.5076612903225807,0.5505848096362758,0.7040510636974433,0.2554263377927219,/home/prime/Documents/g3/tab-r1/paper/tables/source_data/full_fold_models/per_cancer/os_3yr/LSCC/repeat_02_fold_01/logistic_regression/test_predictions.csv
per_cancer,os_3yr,LSCC,2,1,random_forest,227,57,71,success,0.48333333333333334,validation split balanced accuracy,0.3502958649987704,0.07718376299817464,0.5211267605633803,0.5314516129032258,0.5142857142857142,0.45,0.6129032258064516,0.5508064516129032,0.5954750972713625,0.7292708068322418,0.2657440448756052,/home/prime/Documents/g3/tab-r1/paper/tables/source_data/full_fold_models/per_cancer/os_3yr/LSCC/repeat_02_fold_01/random_forest/test_predictions.csv
per_cancer,os_3yr,LSCC,2,1,catboost,227,57,71,success,0.36006916699470226,validation split balanced accuracy,0.8268974010024976,0.00580456199895707,0.6197183098591549,0.5935483870967742,0.7032967032967034,0.8,0.3870967741935484,0.5649193548387096,0.6481433662064209,0.730847698899388,0.2659602781590425,/home/prime/Documents/g3/tab-r1/paper/tables/source_data/full_fold_models/per_cancer/os_3yr/LSCC/repeat_02_fold_01/catboost/test_predictions.csv
per_cancer,os_3yr,LSCC,2,1,xgboost,227,57,71,success,0.08145762234926224,validation split balanced accuracy,0.12840760300241527,0.005703779999748804,0.5915492957746479,0.5395161290322581,0.7238095238095238,0.95,0.12903225806451613,0.5431451612903225,0.5953458534611917,0.9233352364087194,0.3179006993002549,/home/prime/Documents/g3/tab-r1/paper/tables/source_data/full_fold_models/per_cancer/os_3yr/LSCC/repeat_02_fold_01/xgboost/test_predictions.csv
per_cancer,os_3yr,LSCC,2,1,lightgbm,227,57,71,success,0.8587891679174685,validation split balanced accuracy,0.06629752899971209,0.00655081700097071,0.43661971830985913,0.4963709677419355,0.047619047619047616,0.025,0.967741935483871,0.5721774193548387,0.6121259713101255,0.8974635773917069,0.3136568680620389,/home/prime/Documents/g3/tab-r1/paper/tables/source_data/full_fold_models/per_cancer/os_3yr/LSCC/repeat_02_fold_01/lightgbm/test_predictions.csv
per_cancer,os_3yr,LSCC,2,2,logistic_regression,227,57,71,success,0.503734898383377,validation split balanced accuracy,0.010418111000035424,0.003917539997928543,0.6056338028169014,0.6051587301587301,0.5882352941176471,0.5714285714285714,0.6388888888888888,0.5698412698412698,0.5794403825711696,0.7380748610085923,0.2642401213942039,/home/prime/Documents/g3/tab-r1/paper/tables/source_data/full_fold_models/per_cancer/os_3yr/LSCC/repeat_02_fold_02/logistic_regression/test_predictions.csv
per_cancer,os_3yr,LSCC,2,2,random_forest,227,57,71,success,0.38,validation split balanced accuracy,0.35042544299722067,0.07467797900244477,0.5633802816901409,0.5674603174603174,0.6593406593406593,0.8571428571428571,0.2777777777777778,0.6162698412698413,0.6433022127563571,0.6710936044806519,0.23913436753512216,/home/prime/Documents/g3/tab-r1/paper/tables/source_data/full_fold_models/per_cancer/os_3yr/LSCC/repeat_02_fold_02/random_forest/test_predictions.csv
per_cancer,os_3yr,LSCC,2,2,catboost,227,57,71,success,0.3694087818998839,validation split balanced accuracy,2.3593619120001676,0.005704901999706635,0.5774647887323944,0.5805555555555556,0.6511627906976745,0.8,0.3611111111111111,0.5857142857142856,0.649188602911057,0.6790425397423098,0.24308190878266925,/home/prime/Documents/g3/tab-r1/paper/tables/source_data/full_fold_models/per_cancer/os_3yr/LSCC/repeat_02_fold_02/catboost/test_predictions.csv
per_cancer,os_3yr,LSCC,2,2,xgboost,227,57,71,success,0.4971719980239868,validation split balanced accuracy,0.21468308600015007,0.005691516002116259,0.5352112676056338,0.5349206349206349,0.5217391304347826,0.5142857142857142,0.5555555555555556,0.5253968253968254,0.5966628701129547,0.852231855999304,0.30145551534593173,/home/prime/Documents/g3/tab-r1/paper/tables/source_data/full_fold_models/per_cancer/os_3yr/LSCC/repeat_02_fold_02/xgboost/test_predictions.csv
per_cancer,os_3yr,LSCC,2,2,lightgbm,227,57,71,success,0.3930163112025053,validation split balanced accuracy,0.05452331899869023,0.005734608999773627,0.5492957746478874,0.55,0.5675675675675675,0.6,0.5,0.5031746031746032,0.5523245051443372,0.963415289249918,0.32718559950608855,/home/prime/Documents/g3/tab-r1/paper/tables/source_data/full_fold_models/per_cancer/os_3yr/LSCC/repeat_02_fold_02/lightgbm/test_predictions.csv
per_cancer,os_3yr,LSCC,2,3,logistic_regression,227,57,71,success,0.5996273164799039,validation split balanced accuracy,0.010809136998432223,0.003916757999832043,0.49295774647887325,0.4784688995215311,0.3333333333333333,0.2727272727272727,0.6842105263157895,0.4613237639553429,0.4526751082364833,0.8306658048390827,0.29609317115399864,/home/prime/Documents/g3/tab-r1/paper/tables/source_data/full_fold_models/per_cancer/os_3yr/LSCC/repeat_02_fold_03/logistic_regression/test_predictions.csv
per_cancer,os_3yr,LSCC,2,3,random_forest,227,57,71,success,0.44666666666666666,validation split balanced accuracy,0.34226419100014027,0.07509978500092984,0.5915492957746479,0.6024720893141946,0.6329113924050633,0.7575757575757576,0.4473684210526316,0.6690590111642742,0.6361302419524097,0.6553285952050839,0.2315469337700462,/home/prime/Documents/g3/tab-r1/paper/tables/source_data/full_fold_models/per_cancer/os_3yr/LSCC/repeat_02_fold_03/random_forest/test_predictions.csv
per_cancer,os_3yr,LSCC,2,3,catboost,227,57,71,success,0.43978849175741663,validation split balanced accuracy,2.23945807400014,0.005753384000854567,0.6056338028169014,0.6176236044657097,0.65,0.7878787878787878,0.4473684210526316,0.6040669856459331,0.5436122656295396,0.6678890748897615,0.23733629414443855,/home/prime/Documents/g3/tab-r1/paper/tables/source_data/full_fold_models/per_cancer/os_3yr/LSCC/repeat_02_fold_03/catboost/test_predictions.csv
per_cancer,os_3yr,LSCC,2,3,xgboost,227,57,71,success,0.3929319679737091,validation split balanced accuracy,0.22524369800157729,0.006591383997147204,0.5915492957746479,0.5984848484848485,0.6133333333333333,0.696969696969697,0.5,0.6255980861244019,0.5739429501344776,0.7496907135804737,0.25665138165388224,/home/prime/Documents/g3/tab-r1/paper/tables/source_data/full_fold_models/per_cancer/os_3yr/LSCC/repeat_02_fold_03/xgboost/test_predictions.csv
per_cancer,os_3yr,LSCC,2,3,lightgbm,227,57,71,success,0.3440614838983235,validation split balanced accuracy,0.06355726799665717,0.006562368998856982,0.5774647887323944,0.5873205741626795,0.6153846153846154,0.7272727272727273,0.4473684210526316,0.5729665071770335,0.5120719736781302,0.8970030033381351,0.29386757830728694,/home/prime/Documents/g3/tab-r1/paper/tables/source_data/full_fold_models/per_cancer/os_3yr/LSCC/repeat_02_fold_03/lightgbm/test_predictions.csv
per_cancer,os_3yr,LSCC,2,4,logistic_regression,227,57,71,success,0.5055237787136749,validation split balanced accuracy,0.010944786001346074,0.004937576999509474,0.5070422535211268,0.48266129032258065,0.33962264150943394,0.2903225806451613,0.675,0.5758064516129032,0.48013795403821713,0.6947041688795708,0.25059864538814025,/home/prime/Documents/g3/tab-r1/paper/tables/source_data/full_fold_models/per_cancer/os_3yr/LSCC/repeat_02_fold_04/logistic_regression/test_predictions.csv
per_cancer,os_3yr,LSCC,2,4,random_forest,227,57,71,success,0.42333333333333334,validation split balanced accuracy,0.3511355279988493,0.08639790600136621,0.5492957746478874,0.5745967741935484,0.6,0.7741935483870968,0.375,0.5153225806451613,0.42259679272998124,0.7168708589343235,0.26038243213821693,/home/prime/Documents/g3/tab-r1/paper/tables/source_data/full_fold_models/per_cancer/os_3yr/LSCC/repeat_02_fold_04/random_forest/test_predictions.csv
per_cancer,os_3yr,LSCC,2,4,catboost,227,57,71,success,0.5377447828347455,validation split balanced accuracy,0.7624435020006786,0.005730159999075113,0.4647887323943662,0.4487903225806451,0.3448275862068966,0.3225806451612903,0.575,0.4669354838709677,0.3914731707683905,0.718438514625493,0.2621064824671153,/home/prime/Documents/g3/tab-r1/paper/tables/source_data/full_fold_models/per_cancer/os_3yr/LSCC/repeat_02_fold_04/catboost/test_predictions.csv
per_cancer,os_3yr,LSCC,2,4,xgboost,227,57,71,success,0.6845473051071167,validation split balanced accuracy,0.11417024099864648,0.00554736100093578,0.49295774647887325,0.45927419354838706,0.25,0.1935483870967742,0.725,0.5016129032258065,0.4498393135281282,0.8273748061339773,0.3023310312811636,/home/prime/Documents/g3/tab-r1/paper/tables/source_data/full_fold_models/per_cancer/os_3yr/LSCC/repeat_02_fold_04/xgboost/test_predictions.csv
per_cancer,os_3yr,LSCC,2,4,lightgbm,227,57,71,success,0.3252574861997319,validation split balanced accuracy,0.06328829400081304,0.0065104599998448975,0.5211267605633803,0.5387096774193548,0.5526315789473685,0.6774193548387096,0.4,0.5524193548387097,0.5164972983430515,0.763533332070509,0.2754771879328636,/home/prime/Documents/g3/tab-r1/paper/tables/source_data/full_fold_models/per_cancer/os_3yr/LSCC/repeat_02_fold_04/lightgbm/test_predictions.csv
per_cancer,os_3yr,LSCC,3,0,logistic_regression,227,57,71,success,0.4926426424838827,validation split balanced accuracy,0.011578898000152549,0.004696898002293892,0.5352112676056338,0.5170906200317965,0.15384615384615385,0.08823529411764706,0.9459459459459459,0.5886327503974563,0.5804263216986565,0.6917499088664223,0.24896036912079472,/home/prime/Documents/g3/tab-r1/paper/tables/source_data/full_fold_models/per_cancer/os_3yr/LSCC/repeat_03_fold_00/logistic_regression/test_predictions.csv
per_cancer,os_3yr,LSCC,3,0,random_forest,227,57,71,success,0.51,validation split balanced accuracy,0.35871661299825064,0.0772909380029887,0.5211267605633803,0.5166931637519873,0.45161290322580644,0.4117647058823529,0.6216216216216216,0.537758346581876,0.5254261301443073,0.7216629341204276,0.26283181588341653,/home/prime/Documents/g3/tab-r1/paper/tables/source_data/full_fold_models/per_cancer/os_3yr/LSCC/repeat_03_fold_00/random_forest/test_predictions.csv
per_cancer,os_3yr,LSCC,3,0,catboost,227,57,71,success,0.5389476343719998,validation split balanced accuracy,0.8622771199989074,0.0056532630005676765,0.5211267605633803,0.5071542130365659,0.2608695652173913,0.17647058823529413,0.8378378378378378,0.5067567567567567,0.49409972347715303,0.699186763549808,0.2531327312824968,/home/prime/Documents/g3/tab-r1/paper/tables/source_data/full_fold_models/per_cancer/os_3yr/LSCC/repeat_03_fold_00/catboost/test_predictions.csv
per_cancer,os_3yr,LSCC,3,0,xgboost,227,57,71,success,0.5015103816986084,validation split balanced accuracy,0.12058229299873346,0.00656435299970326,0.5211267605633803,0.5155007949125596,0.43333333333333335,0.38235294117647056,0.6486486486486487,0.4972178060413354,0.49038175712283216,0.934744938924952,0.32326789224670616,/home/prime/Documents/g3/tab-r1/paper/tables/source_data/full_fold_models/per_cancer/os_3yr/LSCC/repeat_03_fold_00/xgboost/test_predictions.csv
per_cancer,os_3yr,LSCC,3,0,lightgbm,227,57,71,success,0.2952187281897567,validation split balanced accuracy,0.060655367000435945,0.0067686829970625695,0.49295774647887325,0.49324324324324326,0.4857142857142857,0.5,0.4864864864864865,0.47496025437201905,0.5008091531021442,0.9645886719585322,0.3274209861203607,/home/prime/Documents/g3/tab-r1/paper/tables/source_data/full_fold_models/per_cancer/os_3yr/LSCC/repeat_03_fold_00/lightgbm/test_predictions.csv
per_cancer,os_3yr,LSCC,3,1,logistic_regression,227,57,71,success,0.5174665513851506,validation split balanced accuracy,0.012932662000821438,0.00470972200128017,0.6056338028169014,0.5821314102564102,0.44,0.34375,0.8205128205128205,0.5693108974358975,0.5180917201611788,0.6890559717612476,0.24775016281637774,/home/prime/Documents/g3/tab-r1/paper/tables/source_data/full_fold_models/per_cancer/os_3yr/LSCC/repeat_03_fold_01/logistic_regression/test_predictions.csv
per_cancer,os_3yr,LSCC,3,1,random_forest,227,57,71,success,0.29333333333333333,validation split balanced accuracy,0.35515112499706447,0.07517542899950058,0.49295774647887325,0.5216346153846154,0.5909090909090909,0.8125,0.23076923076923078,0.562900641025641,0.5016536424059064,0.7212812684011081,0.2620904179053594,/home/prime/Documents/g3/tab-r1/paper/tables/source_data/full_fold_models/per_cancer/os_3yr/LSCC/repeat_03_fold_01/random_forest/test_predictions.csv
per_cancer,os_3yr,LSCC,3,1,catboost,227,57,71,success,0.5483766300081641,validation split balanced accuracy,0.7135178999997152,0.005755278001743136,0.5352112676056338,0.5208333333333333,0.42105263157894735,0.375,0.6666666666666666,0.5228365384615384,0.4775360067625917,0.7295980942330565,0.26574349984991286,/home/prime/Documents/g3/tab-r1/paper/tables/source_data/full_fold_models/per_cancer/os_3yr/LSCC/repeat_03_fold_01/catboost/test_predictions.csv
per_cancer,os_3yr,LSCC,3,1,xgboost,227,57,71,success,0.0825657770037651,validation split balanced accuracy,0.12010100400220836,0.0067669999989448115,0.4647887323943662,0.5072115384615384,0.6122448979591837,0.9375,0.07692307692307693,0.5308493589743589,0.478685128706981,0.9336542125780054,0.3044134601590738,/home/prime/Documents/g3/tab-r1/paper/tables/source_data/full_fold_models/per_cancer/os_3yr/LSCC/repeat_03_fold_01/xgboost/test_predictions.csv
per_cancer,os_3yr,LSCC,3,1,lightgbm,227,57,71,success,0.5384258349324355,validation split balanced accuracy,0.06116293599916389,0.006395360000169603,0.5774647887323944,0.5649038461538461,0.4827586206896552,0.4375,0.6923076923076923,0.5845352564102565,0.4975296079345045,0.864629334064541,0.2831074719819084,/home/prime/Documents/g3/tab-r1/paper/tables/source_data/full_fold_models/per_cancer/os_3yr/LSCC/repeat_03_fold_01/lightgbm/test_predictions.csv
per_cancer,os_3yr,LSCC,3,2,logistic_regression,227,57,71,success,0.33451526724027225,validation split balanced accuracy,0.01063527500082273,0.00466687999869464,0.4225352112676056,0.4186507936507936,0.5494505494505495,0.6944444444444444,0.14285714285714285,0.43253968253968256,0.48915750686446885,0.9171308846334499,0.319834508872038,/home/prime/Documents/g3/tab-r1/paper/tables/source_data/full_fold_models/per_cancer/os_3yr/LSCC/repeat_03_fold_02/logistic_regression/test_predictions.csv
per_cancer,os_3yr,LSCC,3,2,random_forest,227,57,71,success,0.5213513513513514,validation split balanced accuracy,0.3558579250020557,0.07828384399908828,0.5070422535211268,0.5091269841269841,0.4262295081967213,0.3611111111111111,0.6571428571428571,0.5436507936507937,0.5379734404986788,0.6903805798286424,0.24887467562875532,/home/prime/Documents/g3/tab-r1/paper/tables/source_data/full_fold_models/per_cancer/os_3yr/LSCC/repeat_03_fold_02/random_forest/test_predictions.csv
per_cancer,os_3yr,LSCC,3,2,catboost,227,57,71,success,0.5009004136257562,validation split balanced accuracy,2.296911507000914,0.00597630999982357,0.4788732394366197,0.4797619047619047,0.44776119402985076,0.4166666666666667,0.5428571428571428,0.5198412698412698,0.5339904809755863,0.7109001239988684,0.2589135824412573,/home/prime/Documents/g3/tab-r1/paper/tables/source_data/full_fold_models/per_cancer/os_3yr/LSCC/repeat_03_fold_02/catboost/test_predictions.csv
per_cancer,os_3yr,LSCC,3,2,xgboost,227,57,71,success,0.6040710806846619,validation split balanced accuracy,0.23112000699984492,0.0065826380014186725,0.4507042253521127,0.45198412698412693,0.4,0.3611111111111111,0.5428571428571428,0.4087301587301588,0.5000715504643021,0.9021048543741765,0.3332456652576152,/home/prime/Documents/g3/tab-r1/paper/tables/source_data/full_fold_models/per_cancer/os_3yr/LSCC/repeat_03_fold_02/xgboost/test_predictions.csv
per_cancer,os_3yr,LSCC,3,2,lightgbm,227,57,71,success,0.6702873569951547,validation split balanced accuracy,0.06262719099686365,0.006361826999636833,0.49295774647887325,0.49603174603174605,0.35714285714285715,0.2777777777777778,0.7142857142857143,0.4436507936507937,0.5308977941240881,0.9879816939084834,0.34697139382600634,/home/prime/Documents/g3/tab-r1/paper/tables/source_data/full_fold_models/per_cancer/os_3yr/LSCC/repeat_03_fold_02/lightgbm/test_predictions.csv
per_cancer,os_3yr,LSCC,3,3,logistic_regression,227,57,71,success,0.5003962331342079,validation split balanced accuracy,0.010567205001279945,0.003971752998040756,0.5211267605633803,0.47996794871794873,0.10526315789473684,0.0625,0.8974358974358975,0.5665064102564102,0.5041482543360989,0.6847312561909348,0.24586029139302792,/home/prime/Documents/g3/tab-r1/paper/tables/source_data/full_fold_models/per_cancer/os_3yr/LSCC/repeat_03_fold_03/logistic_regression/test_predictions.csv
per_cancer,os_3yr,LSCC,3,3,random_forest,227,57,71,success,0.46,validation split balanced accuracy,0.33963034199769027,0.08906567000303767,0.5352112676056338,0.5404647435897436,0.5352112676056338,0.59375,0.48717948717948717,0.5368589743589743,0.4667943884992739,0.7525497229114959,0.2743823185366433,/home/prime/Documents/g3/tab-r1/paper/tables/source_data/full_fold_models/per_cancer/os_3yr/LSCC/repeat_03_fold_03/random_forest/test_predictions.csv
per_cancer,os_3yr,LSCC,3,3,catboost,227,57,71,success,0.5646242826472309,validation split balanced accuracy,0.8879185459991277,0.0056303899982594885,0.5070422535211268,0.4895833333333333,0.36363636363636365,0.3125,0.6666666666666666,0.5416666666666667,0.48511110503286653,0.6887462468168778,0.24793845764921785,/home/prime/Documents/g3/tab-r1/paper/tables/source_data/full_fold_models/per_cancer/os_3yr/LSCC/repeat_03_fold_03/catboost/test_predictions.csv
per_cancer,os_3yr,LSCC,3,3,xgboost,227,57,71,success,0.11452014744281769,validation split balanced accuracy,0.11798361099863541,0.006600882999919122,0.43661971830985913,0.47876602564102566,0.5918367346938775,0.90625,0.05128205128205128,0.5152243589743589,0.46583183705740666,0.9477328079924721,0.32390649167862984,/home/prime/Documents/g3/tab-r1/paper/tables/source_data/full_fold_models/per_cancer/os_3yr/LSCC/repeat_03_fold_03/xgboost/test_predictions.csv
per_cancer,os_3yr,LSCC,3,3,lightgbm,227,57,71,success,0.2722977691094073,validation split balanced accuracy,0.060793410000769654,0.006438331998651847,0.4225352112676056,0.44911858974358976,0.5287356321839081,0.71875,0.1794871794871795,0.515224358974359,0.45858440972039916,0.9246231622287547,0.32243942237664586,/home/prime/Documents/g3/tab-r1/paper/tables/source_data/full_fold_models/per_cancer/os_3yr/LSCC/repeat_03_fold_03/lightgbm/test_predictions.csv
per_cancer,os_3yr,LSCC,3,4,logistic_regression,227,57,71,success,0.5852382788936795,validation split balanced accuracy,0.01170774300044286,0.0046992629977467,0.4507042253521127,0.45396825396825397,0.2909090909090909,0.2222222222222222,0.6857142857142857,0.48730158730158735,0.5175693350217361,0.7891364769202057,0.27990514476302814,/home/prime/Documents/g3/tab-r1/paper/tables/source_data/full_fold_models/per_cancer/os_3yr/LSCC/repeat_03_fold_04/logistic_regression/test_predictions.csv
per_cancer,os_3yr,LSCC,3,4,random_forest,227,57,71,success,0.47333333333333333,validation split balanced accuracy,0.34652870200079633,0.07543753999925684,0.49295774647887325,0.4916666666666667,0.5384615384615384,0.5833333333333334,0.4,0.48015873015873023,0.518891729817704,0.7343373976337213,0.2692843834819369,/home/prime/Documents/g3/tab-r1/paper/tables/source_data/full_fold_models/per_cancer/os_3yr/LSCC/repeat_03_fold_04/random_forest/test_predictions.csv
per_cancer,os_3yr,LSCC,3,4,catboost,227,57,71,success,0.4203724301764097,validation split balanced accuracy,2.2935322059965983,0.005868715001270175,0.49295774647887325,0.49087301587301585,0.5609756097560976,0.6388888888888888,0.34285714285714286,0.47698412698412695,0.5102323418473999,0.7641808790590605,0.28256862265131516,/home/prime/Documents/g3/tab-r1/paper/tables/source_data/full_fold_models/per_cancer/os_3yr/LSCC/repeat_03_fold_04/catboost/test_predictions.csv
per_cancer,os_3yr,LSCC,3,4,xgboost,227,57,71,success,0.2815360426902771,validation split balanced accuracy,0.2188719640034833,0.00677320199974929,0.5211267605633803,0.5194444444444444,0.575,0.6388888888888888,0.4,0.48095238095238096,0.521782346577746,0.9878071539359313,0.3532846247499827,/home/prime/Documents/g3/tab-r1/paper/tables/source_data/full_fold_models/per_cancer/os_3yr/LSCC/repeat_03_fold_04/xgboost/test_predictions.csv
per_cancer,os_3yr,LSCC,3,4,lightgbm,227,57,71,success,0.28878818138133816,validation split balanced accuracy,0.06608704699829104,0.0065691429990692995,0.5211267605633803,0.519047619047619,0.5853658536585366,0.6666666666666666,0.37142857142857144,0.45873015873015877,0.519106146866974,1.1214523570384491,0.37558606814651957,/home/prime/Documents/g3/tab-r1/paper/tables/source_data/full_fold_models/per_cancer/os_3yr/LSCC/repeat_03_fold_04/lightgbm/test_predictions.csv
per_cancer,os_3yr,LSCC,4,0,logistic_regression,227,57,71,success,0.5002901155709634,validation split balanced accuracy,0.011159477002365747,0.003988865999417612,0.5352112676056338,0.5270935960591133,0.45901639344262296,0.4827586206896552,0.5714285714285714,0.493431855500821,0.4974919123626688,0.692347323417321,0.24960247426245136,/home/prime/Documents/g3/tab-r1/paper/tables/source_data/full_fold_models/per_cancer/os_3yr/LSCC/repeat_04_fold_00/logistic_regression/test_predictions.csv
per_cancer,os_3yr,LSCC,4,0,random_forest,227,57,71,success,0.5333333333333333,validation split balanced accuracy,0.3399671849983861,0.07464576799975475,0.5352112676056338,0.5270935960591133,0.45901639344262296,0.4827586206896552,0.5714285714285714,0.5743021346469622,0.4897163214242871,0.733593842860038,0.2635595135220272,/home/prime/Documents/g3/tab-r1/paper/tables/source_data/full_fold_models/per_cancer/os_3yr/LSCC/repeat_04_fold_00/random_forest/test_predictions.csv
per_cancer,os_3yr,LSCC,4,0,catboost,227,57,71,success,0.356286613771256,validation split balanced accuracy,0.6428289470022719,0.005907107999519212,0.4788732394366197,0.527504105090312,0.5542168674698795,0.7931034482758621,0.2619047619047619,0.5779967159277504,0.5301174686397678,0.6888821221946888,0.24795757432286622,/home/prime/Documents/g3/tab-r1/paper/tables/source_data/full_fold_models/per_cancer/os_3yr/LSCC/repeat_04_fold_00/catboost/test_predictions.csv
per_cancer,os_3yr,LSCC,4,0,xgboost,227,57,71,success,0.34166932106018066,validation split balanced accuracy,0.10686452200025087,0.006813599000452086,0.5915492957746479,0.6013957307060755,0.5671641791044776,0.6551724137931034,0.5476190476190477,0.6149425287356322,0.49563653792465423,0.8317787271320451,0.2666725327794242,/home/prime/Documents/g3/tab-r1/paper/tables/source_data/full_fold_models/per_cancer/os_3yr/LSCC/repeat_04_fold_00/xgboost/test_predictions.csv
per_cancer,os_3yr,LSCC,4,0,lightgbm,227,57,71,success,0.4363746427794562,validation split balanced accuracy,0.058049590999871725,0.0065048999967984855,0.647887323943662,0.6490147783251232,0.6031746031746031,0.6551724137931034,0.6428571428571429,0.6194581280788178,0.4757268280264483,0.7752925041420495,0.26237729843832724,/home/prime/Documents/g3/tab-r1/paper/tables/source_data/full_fold_models/per_cancer/os_3yr/LSCC/repeat_04_fold_00/lightgbm/test_predictions.csv
per_cancer,os_3yr,LSCC,4,1,logistic_regression,227,57,71,success,0.5028907686523948,validation split balanced accuracy,0.010215283000434283,0.004036466998513788,0.5492957746478874,0.5211323763955342,0.2,0.12121212121212122,0.9210526315789473,0.516347687400319,0.5206287041244628,0.6910379734911736,0.24897250038032806,/home/prime/Documents/g3/tab-r1/paper/tables/source_data/full_fold_models/per_cancer/os_3yr/LSCC/repeat_04_fold_01/logistic_regression/test_predictions.csv
per_cancer,os_3yr,LSCC,4,1,random_forest,227,57,71,success,0.5933333333333334,validation split balanced accuracy,0.34312555599899497,0.07656796799710719,0.5492957746478874,0.5330940988835726,0.38461538461538464,0.30303030303030304,0.7631578947368421,0.6060606060606061,0.5501751187361559,0.6888345756503418,0.2455173110975027,/home/prime/Documents/g3/tab-r1/paper/tables/source_data/full_fold_models/per_cancer/os_3yr/LSCC/repeat_04_fold_01/random_forest/test_predictions.csv
per_cancer,os_3yr,LSCC,4,1,catboost,227,57,71,success,0.550768447979505,validation split balanced accuracy,0.6985673759991187,0.005726152001443552,0.5774647887323944,0.5633971291866029,0.4444444444444444,0.36363636363636365,0.7631578947368421,0.6048644338118022,0.5438912950876735,0.6684033048360457,0.2379909315473278,/home/prime/Documents/g3/tab-r1/paper/tables/source_data/full_fold_models/per_cancer/os_3yr/LSCC/repeat_04_fold_01/catboost/test_predictions.csv
per_cancer,os_3yr,LSCC,4,1,xgboost,227,57,71,success,0.3448353409767151,validation split balanced accuracy,0.12061440499746823,0.006627572998695541,0.5774647887323944,0.5813397129186603,0.5833333333333334,0.6363636363636364,0.5263157894736842,0.5554226475279108,0.5392181963520739,0.8765657670660943,0.29531171643059945,/home/prime/Documents/g3/tab-r1/paper/tables/source_data/full_fold_models/per_cancer/os_3yr/LSCC/repeat_04_fold_01/xgboost/test_predictions.csv
per_cancer,os_3yr,LSCC,4,1,lightgbm,227,57,71,success,0.3298627197716307,validation split balanced accuracy,0.06263794199912809,0.006539184996654512,0.5915492957746479,0.5964912280701754,0.6027397260273972,0.6666666666666666,0.5263157894736842,0.5801435406698565,0.5689723834838283,0.8226574360949188,0.2772203991478707,/home/prime/Documents/g3/tab-r1/paper/tables/source_data/full_fold_models/per_cancer/os_3yr/LSCC/repeat_04_fold_01/lightgbm/test_predictions.csv
per_cancer,os_3yr,LSCC,4,2,logistic_regression,227,57,71,success,0.44914632196419985,validation split balanced accuracy,0.012011022001388483,0.004862202997173881,0.4647887323943662,0.4362041467304625,0.6274509803921569,0.8421052631578947,0.030303030303030304,0.4461722488038277,0.5399934358191752,0.7024107617313371,0.2545961218808143,/home/prime/Documents/g3/tab-r1/paper/tables/source_data/full_fold_models/per_cancer/os_3yr/LSCC/repeat_04_fold_02/logistic_regression/test_predictions.csv
per_cancer,os_3yr,LSCC,4,2,random_forest,227,57,71,success,0.3433333333333333,validation split balanced accuracy,0.3503291880006145,0.07520095899963053,0.5915492957746479,0.5765550239234449,0.6741573033707865,0.7894736842105263,0.36363636363636365,0.5478468899521531,0.5634822744596968,0.7261429165108635,0.2639904889867067,/home/prime/Documents/g3/tab-r1/paper/tables/source_data/full_fold_models/per_cancer/os_3yr/LSCC/repeat_04_fold_02/random_forest/test_predictions.csv
per_cancer,os_3yr,LSCC,4,2,catboost,227,57,71,success,0.35962552978702483,validation split balanced accuracy,0.9569795809984498,0.005677109002135694,0.5915492957746479,0.5765550239234449,0.6741573033707865,0.7894736842105263,0.36363636363636365,0.5673843700159489,0.5839297008995831,0.7101010629946828,0.25741893570981605,/home/prime/Documents/g3/tab-r1/paper/tables/source_data/full_fold_models/per_cancer/os_3yr/LSCC/repeat_04_fold_02/catboost/test_predictions.csv
per_cancer,os_3yr,LSCC,4,2,xgboost,227,57,71,success,0.040852636098861694,validation split balanced accuracy,0.12537678599983337,0.006614088000787888,0.5070422535211268,0.47368421052631576,0.6728971962616822,0.9473684210526315,0.0,0.513157894736842,0.5802979761111178,0.9875549672971323,0.3245024210097968,/home/prime/Documents/g3/tab-r1/paper/tables/source_data/full_fold_models/per_cancer/os_3yr/LSCC/repeat_04_fold_02/xgboost/test_predictions.csv
per_cancer,os_3yr,LSCC,4,2,lightgbm,227,57,71,success,0.3350066448558807,validation split balanced accuracy,0.06076966500040726,0.006479692001448711,0.5492957746478874,0.549043062200957,0.5675675675675675,0.5526315789473685,0.5454545454545454,0.4956140350877193,0.5328366929610203,1.0050935899548132,0.3306868060828357,/home/prime/Documents/g3/tab-r1/paper/tables/source_data/full_fold_models/per_cancer/os_3yr/LSCC/repeat_04_fold_02/lightgbm/test_predictions.csv
per_cancer,os_3yr,LSCC,4,3,logistic_regression,227,57,71,success,0.27015332557754484,validation split balanced accuracy,0.010703685999033041,0.004700283996498911,0.4225352112676056,0.4364069952305246,0.5591397849462365,0.7647058823529411,0.10810810810810811,0.4435612082670906,0.49408267308838205,0.9257476811219664,0.308211215969132,/home/prime/Documents/g3/tab-r1/paper/tables/source_data/full_fold_models/per_cancer/os_3yr/LSCC/repeat_04_fold_03/logistic_regression/test_predictions.csv
per_cancer,os_3yr,LSCC,4,3,random_forest,227,57,71,success,0.44333333333333336,validation split balanced accuracy,0.3501532029986265,0.07687866099877283,0.5211267605633803,0.5274244833068362,0.575,0.6764705882352942,0.3783783783783784,0.5294117647058824,0.49309297364523297,0.7205032431229685,0.2624140703039722,/home/prime/Documents/g3/tab-r1/paper/tables/source_data/full_fold_models/per_cancer/os_3yr/LSCC/repeat_04_fold_03/random_forest/test_predictions.csv
per_cancer,os_3yr,LSCC,4,3,catboost,227,57,71,success,0.47540576810239593,validation split balanced accuracy,2.629792724001163,0.0057421829988015816,0.5211267605633803,0.5262321144674086,0.5641025641025641,0.6470588235294118,0.40540540540540543,0.5310015898251192,0.5080134552488033,0.7521656298032866,0.2740103259815761,/home/prime/Documents/g3/tab-r1/paper/tables/source_data/full_fold_models/per_cancer/os_3yr/LSCC/repeat_04_fold_03/catboost/test_predictions.csv
per_cancer,os_3yr,LSCC,4,3,xgboost,227,57,71,success,0.45542293787002563,validation split balanced accuracy,0.24111629300023196,0.006632493998040445,0.5352112676056338,0.5373608903020668,0.547945205479452,0.5882352941176471,0.4864864864864865,0.4848966613672495,0.49085379374140115,1.0221324309429978,0.34125201145839634,/home/prime/Documents/g3/tab-r1/paper/tables/source_data/full_fold_models/per_cancer/os_3yr/LSCC/repeat_04_fold_03/xgboost/test_predictions.csv
per_cancer,os_3yr,LSCC,4,3,lightgbm,227,57,71,success,0.374074815420579,validation split balanced accuracy,0.0655547310016118,0.006662138999672607,0.4788732394366197,0.4809220985691574,0.4931506849315068,0.5294117647058824,0.43243243243243246,0.43640699523052456,0.4756361755607754,1.1943293274237803,0.3853995744217979,/home/prime/Documents/g3/tab-r1/paper/tables/source_data/full_fold_models/per_cancer/os_3yr/LSCC/repeat_04_fold_03/lightgbm/test_predictions.csv
per_cancer,os_3yr,LSCC,4,4,logistic_regression,227,57,71,success,0.5276506663311029,validation split balanced accuracy,0.01104485699761426,0.004719800999737345,0.5774647887323944,0.5789682539682539,0.53125,0.4722222222222222,0.6857142857142857,0.5365079365079365,0.5785815285744094,0.7561251107135476,0.2751698962936449,/home/prime/Documents/g3/tab-r1/paper/tables/source_data/full_fold_models/per_cancer/os_3yr/LSCC/repeat_04_fold_04/logistic_regression/test_predictions.csv
per_cancer,os_3yr,LSCC,4,4,random_forest,227,57,71,success,0.5444444444444444,validation split balanced accuracy,0.35141817800104036,0.07801199499954237,0.6338028169014085,0.6357142857142857,0.5806451612903226,0.5,0.7714285714285715,0.6420634920634921,0.6059471201840215,0.6812814706624193,0.2427286285808267,/home/prime/Documents/g3/tab-r1/paper/tables/source_data/full_fold_models/per_cancer/os_3yr/LSCC/repeat_04_fold_04/random_forest/test_predictions.csv
per_cancer,os_3yr,LSCC,4,4,catboost,227,57,71,success,0.5419973292883385,validation split balanced accuracy,2.374519209999562,0.005937035002716584,0.5915492957746479,0.5936507936507937,0.5245901639344263,0.4444444444444444,0.7428571428571429,0.5817460317460317,0.5504558652166514,0.7046894468456156,0.25255015351589527,/home/prime/Documents/g3/tab-r1/paper/tables/source_data/full_fold_models/per_cancer/os_3yr/LSCC/repeat_04_fold_04/catboost/test_predictions.csv
per_cancer,os_3yr,LSCC,4,4,xgboost,227,57,71,success,0.6834894418716431,validation split balanced accuracy,0.24286227699849405,0.006724118000420276,0.5774647887323944,0.5797619047619048,0.5,0.4166666666666667,0.7428571428571429,0.5801587301587302,0.5659597085510363,0.8565781108916076,0.28616220458514646,/home/prime/Documents/g3/tab-r1/paper/tables/source_data/full_fold_models/per_cancer/os_3yr/LSCC/repeat_04_fold_04/xgboost/test_predictions.csv
per_cancer,os_3yr,LSCC,4,4,lightgbm,227,57,71,success,0.4031961753899012,validation split balanced accuracy,0.06262421599967638,0.006512243002362084,0.6197183098591549,0.6202380952380953,0.6086956521739131,0.5833333333333334,0.6571428571428571,0.5761904761904761,0.5766729334567797,0.9869773124672547,0.3036735609693678,/home/prime/Documents/g3/tab-r1/paper/tables/source_data/full_fold_models/per_cancer/os_3yr/LSCC/repeat_04_fold_04/lightgbm/test_predictions.csv
per_cancer,os_3yr,LUAD,0,0,logistic_regression,203,51,64,success,0.6220503438894658,validation split balanced accuracy,0.010377222999522928,0.004712808000476798,0.515625,0.5234604105571847,0.3673469387755102,0.2727272727272727,0.7741935483870968,0.4291300097751711,0.5219557080297651,0.7376087522599835,0.27247893288038694,/home/prime/Documents/g3/tab-r1/paper/tables/source_data/full_fold_models/per_cancer/os_3yr/LUAD/repeat_00_fold_00/logistic_regression/test_predictions.csv
per_cancer,os_3yr,LUAD,0,0,random_forest,203,51,64,success,0.5245333333333334,validation split balanced accuracy,0.35921720800251933,0.07486449499992887,0.453125,0.456989247311828,0.38596491228070173,0.3333333333333333,0.5806451612903226,0.427663734115347,0.4942629438049393,0.7320381886824086,0.2688038469088904,/home/prime/Documents/g3/tab-r1/paper/tables/source_data/full_fold_models/per_cancer/os_3yr/LUAD/repeat_00_fold_00/random_forest/test_predictions.csv
per_cancer,os_3yr,LUAD,0,0,catboost,203,51,64,success,0.43678778969755666,validation split balanced accuracy,1.0160893970023608,0.005658994003169937,0.5,0.48778103616813295,0.6444444444444445,0.8787878787878788,0.0967741935483871,0.4965786901270773,0.5099435027156719,0.7255192866709419,0.2648943478204732,/home/prime/Documents/g3/tab-r1/paper/tables/source_data/full_fold_models/per_cancer/os_3yr/LUAD/repeat_00_fold_00/catboost/test_predictions.csv
per_cancer,os_3yr,LUAD,0,0,xgboost,203,51,64,success,0.8928919434547424,validation split balanced accuracy,0.13280380699870875,0.006529937996674562,0.421875,0.4345063538611926,0.05128205128205128,0.030303030303030304,0.8387096774193549,0.4105571847507331,0.45943447766633333,1.0784300811677952,0.36267687254616643,/home/prime/Documents/g3/tab-r1/paper/tables/source_data/full_fold_models/per_cancer/os_3yr/LUAD/repeat_00_fold_00/xgboost/test_predictions.csv
per_cancer,os_3yr,LUAD,0,0,lightgbm,203,51,64,success,0.7052111087443015,validation split balanced accuracy,0.05731828599891742,0.00638858800084563,0.4375,0.44379276637341153,0.3076923076923077,0.24242424242424243,0.6451612903225806,0.4320625610948192,0.49791825368749154,1.0171340041144221,0.3514424124117409,/home/prime/Documents/g3/tab-r1/paper/tables/source_data/full_fold_models/per_cancer/os_3yr/LUAD/repeat_00_fold_00/lightgbm/test_predictions.csv
per_cancer,os_3yr,LUAD,0,1,logistic_regression,203,51,64,success,0.5824858820320206,validation split balanced accuracy,0.010580400998151163,0.004663693998736562,0.453125,0.45796676441837736,0.36363636363636365,0.30303030303030304,0.6129032258064516,0.47311827956989244,0.5001764489017843,0.7977416851668772,0.28994553239650783,/home/prime/Documents/g3/tab-r1/paper/tables/source_data/full_fold_models/per_cancer/os_3yr/LUAD/repeat_00_fold_01/logistic_regression/test_predictions.csv
per_cancer,os_3yr,LUAD,0,1,random_forest,203,51,64,success,0.5748571428571428,validation split balanced accuracy,0.3590675830018881,0.07962966299965046,0.46875,0.4760508308895406,0.32,0.24242424242424243,0.7096774193548387,0.5083088954056696,0.5413135814143984,0.7027086403951488,0.2548096814117756,/home/prime/Documents/g3/tab-r1/paper/tables/source_data/full_fold_models/per_cancer/os_3yr/LUAD/repeat_00_fold_01/random_forest/test_predictions.csv
per_cancer,os_3yr,LUAD,0,1,catboost,203,51,64,success,0.646066202050785,validation split balanced accuracy,1.3630613370005449,0.005758464001701213,0.453125,0.4628543499511241,0.2222222222222222,0.15151515151515152,0.7741935483870968,0.47409579667644186,0.47593392272343976,0.7387497536875955,0.27119854640207386,/home/prime/Documents/g3/tab-r1/paper/tables/source_data/full_fold_models/per_cancer/os_3yr/LUAD/repeat_00_fold_01/catboost/test_predictions.csv
per_cancer,os_3yr,LUAD,0,1,xgboost,203,51,64,success,0.19645436108112335,validation split balanced accuracy,0.15173793700159877,0.006236396999156568,0.515625,0.5058651026392962,0.6352941176470588,0.8181818181818182,0.1935483870967742,0.4222873900293255,0.5004966549290748,1.0968300364293668,0.3807637413766994,/home/prime/Documents/g3/tab-r1/paper/tables/source_data/full_fold_models/per_cancer/os_3yr/LUAD/repeat_00_fold_01/xgboost/test_predictions.csv
per_cancer,os_3yr,LUAD,0,1,lightgbm,203,51,64,success,0.4510445201645381,validation split balanced accuracy,0.0605331330007175,0.0064212389988824725,0.40625,0.4007820136852395,0.5,0.5757575757575758,0.22580645161290322,0.4144672531769306,0.5053303719945875,1.1185166328724025,0.38110214579200896,/home/prime/Documents/g3/tab-r1/paper/tables/source_data/full_fold_models/per_cancer/os_3yr/LUAD/repeat_00_fold_01/lightgbm/test_predictions.csv
per_cancer,os_3yr,LUAD,0,2,logistic_regression,203,51,64,success,0.4703102479901341,validation split balanced accuracy,0.010647069000697229,0.004708579999714857,0.515625,0.5195503421309873,0.5633802816901409,0.6451612903225806,0.3939393939393939,0.5283479960899315,0.5942391847532439,0.7147533404683342,0.2604511848049713,/home/prime/Documents/g3/tab-r1/paper/tables/source_data/full_fold_models/per_cancer/os_3yr/LUAD/repeat_00_fold_02/logistic_regression/test_predictions.csv
per_cancer,os_3yr,LUAD,0,2,random_forest,203,51,64,success,0.49,validation split balanced accuracy,0.3528892270005599,0.07423463300074218,0.515625,0.5166177908113392,0.5230769230769231,0.5483870967741935,0.48484848484848486,0.5581622678396871,0.6241702093512773,0.6847231424779054,0.24612663288240655,/home/prime/Documents/g3/tab-r1/paper/tables/source_data/full_fold_models/per_cancer/os_3yr/LUAD/repeat_00_fold_02/random_forest/test_predictions.csv
per_cancer,os_3yr,LUAD,0,2,catboost,203,51,64,success,0.4956478102472294,validation split balanced accuracy,1.2631272670005274,0.005634797998936847,0.53125,0.5317693059628543,0.53125,0.5483870967741935,0.5151515151515151,0.5957966764418378,0.6494779548570064,0.6773610651935278,0.24256170253986561,/home/prime/Documents/g3/tab-r1/paper/tables/source_data/full_fold_models/per_cancer/os_3yr/LUAD/repeat_00_fold_02/catboost/test_predictions.csv
per_cancer,os_3yr,LUAD,0,2,xgboost,203,51,64,success,0.2746892273426056,validation split balanced accuracy,0.14712189399870113,0.006514037002489204,0.5625,0.5698924731182795,0.6410256410256411,0.8064516129032258,0.3333333333333333,0.6192570869990226,0.6344695758144888,0.7836506716547897,0.26080671018200496,/home/prime/Documents/g3/tab-r1/paper/tables/source_data/full_fold_models/per_cancer/os_3yr/LUAD/repeat_00_fold_02/xgboost/test_predictions.csv
per_cancer,os_3yr,LUAD,0,2,lightgbm,203,51,64,success,0.23786448246718275,validation split balanced accuracy,0.060911786000360735,0.006499508999695536,0.546875,0.5527859237536656,0.6133333333333333,0.7419354838709677,0.36363636363636365,0.6182795698924731,0.6170496892747094,0.8250761965209572,0.2752081481912845,/home/prime/Documents/g3/tab-r1/paper/tables/source_data/full_fold_models/per_cancer/os_3yr/LUAD/repeat_00_fold_02/lightgbm/test_predictions.csv
per_cancer,os_3yr,LUAD,0,3,logistic_regression,204,51,63,success,0.5695191477704532,validation split balanced accuracy,0.010387843001808506,0.005031014999985928,0.4603174603174603,0.4642137096774194,0.2916666666666667,0.21875,0.7096774193548387,0.47883064516129037,0.5148234240968558,0.8056643313756076,0.28623280235269766,/home/prime/Documents/g3/tab-r1/paper/tables/source_data/full_fold_models/per_cancer/os_3yr/LUAD/repeat_00_fold_03/logistic_regression/test_predictions.csv
per_cancer,os_3yr,LUAD,0,3,random_forest,204,51,63,success,0.47,validation split balanced accuracy,0.35831686899837223,0.07547228600014932,0.6031746031746031,0.6033266129032258,0.6031746031746031,0.59375,0.6129032258064516,0.6607862903225806,0.6938111054858674,0.6612191587550577,0.234446725002664,/home/prime/Documents/g3/tab-r1/paper/tables/source_data/full_fold_models/per_cancer/os_3yr/LUAD/repeat_00_fold_03/random_forest/test_predictions.csv
per_cancer,os_3yr,LUAD,0,3,catboost,204,51,63,success,0.41095447615767766,validation split balanced accuracy,1.2969215580014861,0.005755248999776086,0.5238095238095238,0.5216733870967742,0.5833333333333334,0.65625,0.3870967741935484,0.6189516129032258,0.6616387638848946,0.6646227697326917,0.2366621072086077,/home/prime/Documents/g3/tab-r1/paper/tables/source_data/full_fold_models/per_cancer/os_3yr/LUAD/repeat_00_fold_03/catboost/test_predictions.csv
per_cancer,os_3yr,LUAD,0,3,xgboost,204,51,63,success,0.8897767663002014,validation split balanced accuracy,0.1399912699998822,0.006696365002426319,0.49206349206349204,0.49848790322580644,0.15789473684210525,0.09375,0.9032258064516129,0.625,0.591324215196449,0.7964839958749473,0.2652300739609713,/home/prime/Documents/g3/tab-r1/paper/tables/source_data/full_fold_models/per_cancer/os_3yr/LUAD/repeat_00_fold_03/xgboost/test_predictions.csv
per_cancer,os_3yr,LUAD,0,3,lightgbm,204,51,63,success,0.8107743640503466,validation split balanced accuracy,0.062027586998738116,0.0065610970013949554,0.5714285714285714,0.576108870967742,0.4,0.28125,0.8709677419354839,0.658266129032258,0.627183932034378,0.7331204415355302,0.25011996882070636,/home/prime/Documents/g3/tab-r1/paper/tables/source_data/full_fold_models/per_cancer/os_3yr/LUAD/repeat_00_fold_03/lightgbm/test_predictions.csv
per_cancer,os_3yr,LUAD,0,4,logistic_regression,204,51,63,success,0.3769964465922296,validation split balanced accuracy,0.010466663999977754,0.00492759799817577,0.4603174603174603,0.49642857142857144,0.575,0.8214285714285714,0.17142857142857143,0.5525510204081633,0.49854344495138364,0.7554545515480723,0.26968406418101776,/home/prime/Documents/g3/tab-r1/paper/tables/source_data/full_fold_models/per_cancer/os_3yr/LUAD/repeat_00_fold_04/logistic_regression/test_predictions.csv
per_cancer,os_3yr,LUAD,0,4,random_forest,204,51,63,success,0.42,validation split balanced accuracy,0.3604064989995095,0.07649877599760657,0.42857142857142855,0.4714285714285714,0.5714285714285714,0.8571428571428571,0.08571428571428572,0.4668367346938776,0.4835221989344553,0.7309692386409365,0.26817339810014973,/home/prime/Documents/g3/tab-r1/paper/tables/source_data/full_fold_models/per_cancer/os_3yr/LUAD/repeat_00_fold_04/random_forest/test_predictions.csv
per_cancer,os_3yr,LUAD,0,4,catboost,204,51,63,success,0.5983279736425361,validation split balanced accuracy,1.303168465001363,0.00574506900011329,0.5714285714285714,0.5392857142857144,0.34146341463414637,0.25,0.8285714285714286,0.5096938775510205,0.5423233525556146,0.7059728558916774,0.2563683479901152,/home/prime/Documents/g3/tab-r1/paper/tables/source_data/full_fold_models/per_cancer/os_3yr/LUAD/repeat_00_fold_04/catboost/test_predictions.csv
per_cancer,os_3yr,LUAD,0,4,xgboost,204,51,63,success,0.15152619779109955,validation split balanced accuracy,0.14661047700064955,0.006673912001133431,0.4444444444444444,0.4892857142857143,0.5882352941176471,0.8928571428571429,0.08571428571428572,0.48928571428571427,0.5332145781086468,0.8825390686986434,0.31857147262632785,/home/prime/Documents/g3/tab-r1/paper/tables/source_data/full_fold_models/per_cancer/os_3yr/LUAD/repeat_00_fold_04/xgboost/test_predictions.csv
per_cancer,os_3yr,LUAD,0,4,lightgbm,204,51,63,success,0.3529330263770666,validation split balanced accuracy,0.06193374800204765,0.006474281999544473,0.42857142857142855,0.46071428571428574,0.5384615384615384,0.75,0.17142857142857143,0.5341836734693878,0.5128845452059979,0.8351450482774259,0.29819779387833273,/home/prime/Documents/g3/tab-r1/paper/tables/source_data/full_fold_models/per_cancer/os_3yr/LUAD/repeat_00_fold_04/lightgbm/test_predictions.csv
per_cancer,os_3yr,LUAD,1,0,logistic_regression,203,51,64,success,0.7546093419372547,validation split balanced accuracy,0.010578345998510486,0.004754928002512315,0.53125,0.5568627450980392,0.25,0.14705882352941177,0.9666666666666667,0.509313725490196,0.5840568078480253,0.786114098524098,0.27960562454468896,/home/prime/Documents/g3/tab-r1/paper/tables/source_data/full_fold_models/per_cancer/os_3yr/LUAD/repeat_01_fold_00/logistic_regression/test_predictions.csv
per_cancer,os_3yr,LUAD,1,0,random_forest,203,51,64,success,0.32666666666666666,validation split balanced accuracy,0.355571828000393,0.07808268000007956,0.5,0.47058823529411764,0.6666666666666666,0.9411764705882353,0.0,0.5161764705882353,0.5617242005126386,0.7156371759008252,0.260441940737284,/home/prime/Documents/g3/tab-r1/paper/tables/source_data/full_fold_models/per_cancer/os_3yr/LUAD/repeat_01_fold_00/random_forest/test_predictions.csv
per_cancer,os_3yr,LUAD,1,0,catboost,203,51,64,success,0.657350139750769,validation split balanced accuracy,1.1069344430034107,0.005690224999852944,0.484375,0.5107843137254902,0.15384615384615385,0.08823529411764706,0.9333333333333333,0.47303921568627455,0.5569986423901566,0.7451644989929278,0.27419873294978186,/home/prime/Documents/g3/tab-r1/paper/tables/source_data/full_fold_models/per_cancer/os_3yr/LUAD/repeat_01_fold_00/catboost/test_predictions.csv
per_cancer,os_3yr,LUAD,1,0,xgboost,203,51,64,success,0.9301236867904663,validation split balanced accuracy,0.14238135300183785,0.006550326001161011,0.46875,0.4980392156862745,0.05555555555555555,0.029411764705882353,0.9666666666666667,0.4465686274509804,0.5309351879754891,1.0277191726825878,0.351708263569696,/home/prime/Documents/g3/tab-r1/paper/tables/source_data/full_fold_models/per_cancer/os_3yr/LUAD/repeat_01_fold_00/xgboost/test_predictions.csv
per_cancer,os_3yr,LUAD,1,0,lightgbm,203,51,64,success,0.9674914602812626,validation split balanced accuracy,0.0599100229992473,0.00651498899969738,0.4375,0.4666666666666667,0.0,0.0,0.9333333333333333,0.45833333333333337,0.5243095432450735,1.0565132897935867,0.34999016225979707,/home/prime/Documents/g3/tab-r1/paper/tables/source_data/full_fold_models/per_cancer/os_3yr/LUAD/repeat_01_fold_00/lightgbm/test_predictions.csv
per_cancer,os_3yr,LUAD,1,1,logistic_regression,203,51,64,success,0.49260895826523315,validation split balanced accuracy,0.010071698998217471,0.004944871001498541,0.484375,0.5019704433497537,0.4,0.3142857142857143,0.6896551724137931,0.458128078817734,0.5296465081266324,0.7856108417514895,0.28752325969266085,/home/prime/Documents/g3/tab-r1/paper/tables/source_data/full_fold_models/per_cancer/os_3yr/LUAD/repeat_01_fold_01/logistic_regression/test_predictions.csv
per_cancer,os_3yr,LUAD,1,1,random_forest,203,51,64,success,0.69,validation split balanced accuracy,0.3469958249988849,0.07622086600167677,0.5,0.5369458128078818,0.23809523809523808,0.14285714285714285,0.9310344827586207,0.5014778325123153,0.5634010157104754,0.7273872155551209,0.26551081097738893,/home/prime/Documents/g3/tab-r1/paper/tables/source_data/full_fold_models/per_cancer/os_3yr/LUAD/repeat_01_fold_01/random_forest/test_predictions.csv
per_cancer,os_3yr,LUAD,1,1,catboost,203,51,64,success,0.6157724378791495,validation split balanced accuracy,1.2227875870012213,0.0062610540007881355,0.4375,0.45615763546798027,0.3333333333333333,0.2571428571428571,0.6551724137931034,0.5064039408866995,0.5721478003722923,0.735972398635024,0.26927136527974793,/home/prime/Documents/g3/tab-r1/paper/tables/source_data/full_fold_models/per_cancer/os_3yr/LUAD/repeat_01_fold_01/catboost/test_predictions.csv
per_cancer,os_3yr,LUAD,1,1,xgboost,203,51,64,success,0.6250460147857666,validation split balanced accuracy,0.13507483300054446,0.006688929999654647,0.4375,0.44433497536945815,0.41935483870967744,0.37142857142857144,0.5172413793103449,0.4256157635467981,0.5361108183952471,1.0527717242603922,0.3685928312282716,/home/prime/Documents/g3/tab-r1/paper/tables/source_data/full_fold_models/per_cancer/os_3yr/LUAD/repeat_01_fold_01/xgboost/test_predictions.csv
per_cancer,os_3yr,LUAD,1,1,lightgbm,203,51,64,success,0.8099319354933212,validation split balanced accuracy,0.059378768997703446,0.006570424997335067,0.421875,0.43891625615763546,0.32727272727272727,0.2571428571428571,0.6206896551724138,0.3980295566502463,0.49513689966955815,1.128404635901414,0.38544241611960917,/home/prime/Documents/g3/tab-r1/paper/tables/source_data/full_fold_models/per_cancer/os_3yr/LUAD/repeat_01_fold_01/lightgbm/test_predictions.csv
per_cancer,os_3yr,LUAD,1,2,logistic_regression,203,51,64,success,0.4496084022268869,validation split balanced accuracy,0.010265849999996135,0.004693020000559045,0.5625,0.5852216748768473,0.631578947368421,0.8275862068965517,0.34285714285714286,0.6334975369458128,0.6071702762494475,0.687294269237884,0.24289771455576203,/home/prime/Documents/g3/tab-r1/paper/tables/source_data/full_fold_models/per_cancer/os_3yr/LUAD/repeat_01_fold_02/logistic_regression/test_predictions.csv
per_cancer,os_3yr,LUAD,1,2,random_forest,203,51,64,success,0.53,validation split balanced accuracy,0.3510576900007436,0.07414504199914518,0.546875,0.5236453201970444,0.35555555555555557,0.27586206896551724,0.7714285714285715,0.5369458128078818,0.5331973207666972,0.6865082388882495,0.24678089157714467,/home/prime/Documents/g3/tab-r1/paper/tables/source_data/full_fold_models/per_cancer/os_3yr/LUAD/repeat_01_fold_02/random_forest/test_predictions.csv
per_cancer,os_3yr,LUAD,1,2,catboost,203,51,64,success,0.5338596440475359,validation split balanced accuracy,1.2163640430007945,0.005847283999173669,0.59375,0.5783251231527093,0.48,0.41379310344827586,0.7428571428571429,0.5507389162561576,0.5471001978321199,0.6896116322313397,0.2479457885291455,/home/prime/Documents/g3/tab-r1/paper/tables/source_data/full_fold_models/per_cancer/os_3yr/LUAD/repeat_01_fold_02/catboost/test_predictions.csv
per_cancer,os_3yr,LUAD,1,2,xgboost,203,51,64,success,0.7297199964523315,validation split balanced accuracy,0.13755164200119907,0.006546328997501405,0.53125,0.5004926108374385,0.25,0.1724137931034483,0.8285714285714286,0.4679802955665025,0.4955306519325948,0.911180222605013,0.3217001526247013,/home/prime/Documents/g3/tab-r1/paper/tables/source_data/full_fold_models/per_cancer/os_3yr/LUAD/repeat_01_fold_02/xgboost/test_predictions.csv
per_cancer,os_3yr,LUAD,1,2,lightgbm,203,51,64,success,0.8271103444742137,validation split balanced accuracy,0.05763449900041451,0.006530958999064751,0.515625,0.480295566502463,0.16216216216216217,0.10344827586206896,0.8571428571428571,0.49359605911330057,0.4926148236283016,0.8582149190302122,0.3034208798411976,/home/prime/Documents/g3/tab-r1/paper/tables/source_data/full_fold_models/per_cancer/os_3yr/LUAD/repeat_01_fold_02/lightgbm/test_predictions.csv
per_cancer,os_3yr,LUAD,1,3,logistic_regression,204,51,63,success,0.3680012582317058,validation split balanced accuracy,0.010563799001829466,0.004724088998045772,0.47619047619047616,0.5452631578947369,0.5714285714285714,0.88,0.21052631578947367,0.6473684210526316,0.5582022431229969,0.6542995966811768,0.23212083617487153,/home/prime/Documents/g3/tab-r1/paper/tables/source_data/full_fold_models/per_cancer/os_3yr/LUAD/repeat_01_fold_03/logistic_regression/test_predictions.csv
per_cancer,os_3yr,LUAD,1,3,random_forest,204,51,63,success,0.5648039215686275,validation split balanced accuracy,0.35080788300183485,0.07417030000215163,0.6031746031746031,0.5752631578947368,0.46808510638297873,0.44,0.7105263157894737,0.6310526315789473,0.5862229767475193,0.6754508890717696,0.24167941185191788,/home/prime/Documents/g3/tab-r1/paper/tables/source_data/full_fold_models/per_cancer/os_3yr/LUAD/repeat_01_fold_03/random_forest/test_predictions.csv
per_cancer,os_3yr,LUAD,1,3,catboost,204,51,63,success,0.5229188375927498,validation split balanced accuracy,1.3448709860022063,0.005954198000836186,0.5714285714285714,0.5694736842105264,0.509090909090909,0.56,0.5789473684210527,0.6136842105263158,0.588638686712989,0.6718979437779999,0.2405627239951788,/home/prime/Documents/g3/tab-r1/paper/tables/source_data/full_fold_models/per_cancer/os_3yr/LUAD/repeat_01_fold_03/catboost/test_predictions.csv
per_cancer,os_3yr,LUAD,1,3,xgboost,204,51,63,success,0.8854340314865112,validation split balanced accuracy,0.15454610799861257,0.006507673999294639,0.6349206349206349,0.5742105263157895,0.3783783783783784,0.28,0.868421052631579,0.6494736842105263,0.6033933025299323,0.7755904109581788,0.2739100759256912,/home/prime/Documents/g3/tab-r1/paper/tables/source_data/full_fold_models/per_cancer/os_3yr/LUAD/repeat_01_fold_03/xgboost/test_predictions.csv
per_cancer,os_3yr,LUAD,1,3,lightgbm,204,51,63,success,0.33865958444896865,validation split balanced accuracy,0.062115875000017695,0.006475764002971118,0.4603174603174603,0.518421052631579,0.5405405405405406,0.8,0.23684210526315788,0.6094736842105263,0.5726531091772215,0.8129516186884491,0.2840913129658606,/home/prime/Documents/g3/tab-r1/paper/tables/source_data/full_fold_models/per_cancer/os_3yr/LUAD/repeat_01_fold_03/lightgbm/test_predictions.csv
per_cancer,os_3yr,LUAD,1,4,logistic_regression,204,51,63,success,0.8824601056625073,validation split balanced accuracy,0.01012135400014813,0.00478686900169123,0.49206349206349204,0.5294117647058824,0.1111111111111111,0.058823529411764705,1.0,0.5740365111561866,0.6271597208773836,0.770881945709525,0.2640751899749511,/home/prime/Documents/g3/tab-r1/paper/tables/source_data/full_fold_models/per_cancer/os_3yr/LUAD/repeat_01_fold_04/logistic_regression/test_predictions.csv
per_cancer,os_3yr,LUAD,1,4,random_forest,204,51,63,success,0.5566666666666666,validation split balanced accuracy,0.34669230500003323,0.07521373299823608,0.5714285714285714,0.597870182555781,0.4,0.2647058823529412,0.9310344827586207,0.6343813387423936,0.712137782218937,0.6665757871713928,0.2364657230683403,/home/prime/Documents/g3/tab-r1/paper/tables/source_data/full_fold_models/per_cancer/os_3yr/LUAD/repeat_01_fold_04/random_forest/test_predictions.csv
per_cancer,os_3yr,LUAD,1,4,catboost,204,51,63,success,0.5165519911811702,validation split balanced accuracy,1.2705001840004115,0.005885036000108812,0.6190476190476191,0.6369168356997972,0.5384615384615384,0.4117647058823529,0.8620689655172413,0.6683569979716024,0.7414875493806582,0.6462175516351496,0.22758741124756207,/home/prime/Documents/g3/tab-r1/paper/tables/source_data/full_fold_models/per_cancer/os_3yr/LUAD/repeat_01_fold_04/catboost/test_predictions.csv
per_cancer,os_3yr,LUAD,1,4,xgboost,204,51,63,success,0.5194849371910095,validation split balanced accuracy,0.14961982300155796,0.006608217001485173,0.6190476190476191,0.6369168356997972,0.5384615384615384,0.4117647058823529,0.8620689655172413,0.6612576064908722,0.6848181805286939,0.7931092467067481,0.25569911419454194,/home/prime/Documents/g3/tab-r1/paper/tables/source_data/full_fold_models/per_cancer/os_3yr/LUAD/repeat_01_fold_04/xgboost/test_predictions.csv
per_cancer,os_3yr,LUAD,1,4,lightgbm,204,51,63,success,0.48465126078551324,validation split balanced accuracy,0.058608557999832556,0.006478909999714233,0.6031746031746031,0.614604462474645,0.5614035087719298,0.47058823529411764,0.7586206896551724,0.665314401622718,0.660120515756381,0.8078130386490214,0.25760771467806987,/home/prime/Documents/g3/tab-r1/paper/tables/source_data/full_fold_models/per_cancer/os_3yr/LUAD/repeat_01_fold_04/lightgbm/test_predictions.csv
per_cancer,os_3yr,LUAD,2,0,logistic_regression,203,51,64,success,0.5106449716593544,validation split balanced accuracy,0.009768420000909828,0.0049022189996321686,0.59375,0.59375,0.59375,0.59375,0.59375,0.6005859375,0.6402956931799174,0.6924302767480963,0.24682073990747366,/home/prime/Documents/g3/tab-r1/paper/tables/source_data/full_fold_models/per_cancer/os_3yr/LUAD/repeat_02_fold_00/logistic_regression/test_predictions.csv
per_cancer,os_3yr,LUAD,2,0,random_forest,203,51,64,success,0.49839506172839504,validation split balanced accuracy,0.3528283699997701,0.0729436280016671,0.328125,0.328125,0.3582089552238806,0.375,0.28125,0.38134765625,0.43469838005116446,0.753121046443816,0.2791734528564485,/home/prime/Documents/g3/tab-r1/paper/tables/source_data/full_fold_models/per_cancer/os_3yr/LUAD/repeat_02_fold_00/random_forest/test_predictions.csv
per_cancer,os_3yr,LUAD,2,0,catboost,203,51,64,success,0.5001441156365901,validation split balanced accuracy,1.10154980399966,0.005707196996809216,0.359375,0.359375,0.4057971014492754,0.4375,0.28125,0.404296875,0.469456651316411,0.7254742889846412,0.2658745508644582,/home/prime/Documents/g3/tab-r1/paper/tables/source_data/full_fold_models/per_cancer/os_3yr/LUAD/repeat_02_fold_00/catboost/test_predictions.csv
per_cancer,os_3yr,LUAD,2,0,xgboost,203,51,64,success,0.1715010106563568,validation split balanced accuracy,0.1252569680000306,0.006536770997627173,0.453125,0.453125,0.5977011494252874,0.8125,0.09375,0.38671875,0.4480766626479873,1.0575900038276986,0.3741275121991872,/home/prime/Documents/g3/tab-r1/paper/tables/source_data/full_fold_models/per_cancer/os_3yr/LUAD/repeat_02_fold_00/xgboost/test_predictions.csv
per_cancer,os_3yr,LUAD,2,0,lightgbm,203,51,64,success,0.2728685872000048,validation split balanced accuracy,0.058129424000071594,0.0064666060025047045,0.46875,0.46875,0.575,0.71875,0.21875,0.4169921875,0.4585038408621849,1.0166448677861593,0.3546968499917625,/home/prime/Documents/g3/tab-r1/paper/tables/source_data/full_fold_models/per_cancer/os_3yr/LUAD/repeat_02_fold_00/lightgbm/test_predictions.csv
per_cancer,os_3yr,LUAD,2,1,logistic_regression,203,51,64,success,0.4756566102408455,validation split balanced accuracy,0.010564489999524085,0.00486602000091807,0.53125,0.53125,0.5833333333333334,0.65625,0.40625,0.57080078125,0.5852340744002263,0.6963222473293238,0.25035508846468013,/home/prime/Documents/g3/tab-r1/paper/tables/source_data/full_fold_models/per_cancer/os_3yr/LUAD/repeat_02_fold_01/logistic_regression/test_predictions.csv
per_cancer,os_3yr,LUAD,2,1,random_forest,203,51,64,success,0.6443150183150183,validation split balanced accuracy,0.3521758040005807,0.0748286569978518,0.546875,0.546875,0.17142857142857143,0.09375,1.0,0.52978515625,0.5754764187376463,0.6927559985882944,0.2501431721407149,/home/prime/Documents/g3/tab-r1/paper/tables/source_data/full_fold_models/per_cancer/os_3yr/LUAD/repeat_02_fold_01/random_forest/test_predictions.csv
per_cancer,os_3yr,LUAD,2,1,catboost,203,51,64,success,0.5633394943516592,validation split balanced accuracy,1.4046168269996997,0.005618858001980698,0.546875,0.546875,0.3829787234042553,0.28125,0.8125,0.55908203125,0.6111732124365834,0.6824322415179387,0.24537731607873747,/home/prime/Documents/g3/tab-r1/paper/tables/source_data/full_fold_models/per_cancer/os_3yr/LUAD/repeat_02_fold_01/catboost/test_predictions.csv
per_cancer,os_3yr,LUAD,2,1,xgboost,203,51,64,success,0.6499078869819641,validation split balanced accuracy,0.16277097200145363,0.00654045799819869,0.515625,0.515625,0.43636363636363634,0.375,0.65625,0.56982421875,0.6438760904815173,0.7978392989248037,0.2891391563237897,/home/prime/Documents/g3/tab-r1/paper/tables/source_data/full_fold_models/per_cancer/os_3yr/LUAD/repeat_02_fold_01/xgboost/test_predictions.csv
per_cancer,os_3yr,LUAD,2,1,lightgbm,203,51,64,success,0.7228150864820914,validation split balanced accuracy,0.06170241600193549,0.005973545001324965,0.515625,0.515625,0.41509433962264153,0.34375,0.6875,0.54931640625,0.6099680412161164,0.9064373523072574,0.31554728755899153,/home/prime/Documents/g3/tab-r1/paper/tables/source_data/full_fold_models/per_cancer/os_3yr/LUAD/repeat_02_fold_01/lightgbm/test_predictions.csv
per_cancer,os_3yr,LUAD,2,2,logistic_regression,203,51,64,success,0.419889052435828,validation split balanced accuracy,0.009927765000611544,0.004661389997636434,0.515625,0.48620689655172417,0.6436781609195402,0.8,0.1724137931034483,0.47881773399014776,0.5412234923192324,0.7922706912925176,0.28521247388038773,/home/prime/Documents/g3/tab-r1/paper/tables/source_data/full_fold_models/per_cancer/os_3yr/LUAD/repeat_02_fold_02/logistic_regression/test_predictions.csv
per_cancer,os_3yr,LUAD,2,2,random_forest,203,51,64,success,0.46142857142857147,validation split balanced accuracy,0.3528862509992905,0.07375285300076939,0.546875,0.538423645320197,0.6027397260273972,0.6285714285714286,0.4482758620689655,0.5123152709359605,0.5560470021845738,0.7049921964567432,0.2553655114883485,/home/prime/Documents/g3/tab-r1/paper/tables/source_data/full_fold_models/per_cancer/os_3yr/LUAD/repeat_02_fold_02/random_forest/test_predictions.csv
per_cancer,os_3yr,LUAD,2,2,catboost,203,51,64,success,0.47613396242389133,validation split balanced accuracy,1.0974789510000846,0.005832235001435038,0.515625,0.5098522167487685,0.5633802816901409,0.5714285714285714,0.4482758620689655,0.5399014778325123,0.5869422490771724,0.7066856962546355,0.25663834538235303,/home/prime/Documents/g3/tab-r1/paper/tables/source_data/full_fold_models/per_cancer/os_3yr/LUAD/repeat_02_fold_02/catboost/test_predictions.csv
per_cancer,os_3yr,LUAD,2,2,xgboost,203,51,64,success,0.5063576102256775,validation split balanced accuracy,0.15514680499836686,0.006653643999015912,0.515625,0.5157635467980295,0.5373134328358209,0.5142857142857142,0.5172413793103449,0.5231527093596059,0.5605215174966924,0.9655467459492713,0.31966296194832583,/home/prime/Documents/g3/tab-r1/paper/tables/source_data/full_fold_models/per_cancer/os_3yr/LUAD/repeat_02_fold_02/xgboost/test_predictions.csv
per_cancer,os_3yr,LUAD,2,2,lightgbm,203,51,64,success,0.6521836212248215,validation split balanced accuracy,0.061222069001814816,0.008487675000651507,0.4375,0.44433497536945815,0.41935483870967744,0.37142857142857144,0.5172413793103449,0.5073891625615764,0.5360444916985074,1.0674332210459139,0.3458126460326312,/home/prime/Documents/g3/tab-r1/paper/tables/source_data/full_fold_models/per_cancer/os_3yr/LUAD/repeat_02_fold_02/lightgbm/test_predictions.csv
per_cancer,os_3yr,LUAD,2,3,logistic_regression,204,51,63,success,0.5209423619729084,validation split balanced accuracy,0.010400918003142579,0.004745369999000104,0.47619047619047616,0.4665314401622718,0.37735849056603776,0.3448275862068966,0.5882352941176471,0.4437119675456389,0.4357367200513899,0.9067854453895624,0.3062868013881668,/home/prime/Documents/g3/tab-r1/paper/tables/source_data/full_fold_models/per_cancer/os_3yr/LUAD/repeat_02_fold_03/logistic_regression/test_predictions.csv
per_cancer,os_3yr,LUAD,2,3,random_forest,204,51,63,success,0.6033333333333334,validation split balanced accuracy,0.34943368899985217,0.07483276499988278,0.5873015873015873,0.5593306288032455,0.3157894736842105,0.20689655172413793,0.9117647058823529,0.6095334685598377,0.5738566467815448,0.6818437210629512,0.24437939213663956,/home/prime/Documents/g3/tab-r1/paper/tables/source_data/full_fold_models/per_cancer/os_3yr/LUAD/repeat_02_fold_03/random_forest/test_predictions.csv
per_cancer,os_3yr,LUAD,2,3,catboost,204,51,63,success,0.6255881051033404,validation split balanced accuracy,1.1416863539998303,0.005750218002503971,0.6031746031746031,0.5765720081135902,0.358974358974359,0.2413793103448276,0.9117647058823529,0.6080121703853957,0.5785085399235108,0.68227055005801,0.2445019895439076,/home/prime/Documents/g3/tab-r1/paper/tables/source_data/full_fold_models/per_cancer/os_3yr/LUAD/repeat_02_fold_03/catboost/test_predictions.csv
per_cancer,os_3yr,LUAD,2,3,xgboost,204,51,63,success,0.6928472518920898,validation split balanced accuracy,0.15475588900153525,0.006544735999341356,0.6190476190476191,0.5988843813387423,0.45454545454545453,0.3448275862068966,0.8529411764705882,0.6343813387423934,0.5729702752204624,0.7136544039141163,0.2473219002253883,/home/prime/Documents/g3/tab-r1/paper/tables/source_data/full_fold_models/per_cancer/os_3yr/LUAD/repeat_02_fold_03/xgboost/test_predictions.csv
per_cancer,os_3yr,LUAD,2,3,lightgbm,204,51,63,success,0.7325951203104615,validation split balanced accuracy,0.05340078600056586,0.005838828001287766,0.5714285714285714,0.5471602434077079,0.34146341463414637,0.2413793103448276,0.8529411764705882,0.5836713995943206,0.565174268408486,0.7665314923840625,0.26988501821294847,/home/prime/Documents/g3/tab-r1/paper/tables/source_data/full_fold_models/per_cancer/os_3yr/LUAD/repeat_02_fold_03/lightgbm/test_predictions.csv
per_cancer,os_3yr,LUAD,2,4,logistic_regression,204,51,63,success,0.6853368286165886,validation split balanced accuracy,0.009628042000258574,0.003924963999452302,0.5555555555555556,0.5223123732251521,0.17647058823529413,0.10344827586206896,0.9411764705882353,0.5872210953346856,0.5806045461429277,0.7113836840889985,0.2524923930864458,/home/prime/Documents/g3/tab-r1/paper/tables/source_data/full_fold_models/per_cancer/os_3yr/LUAD/repeat_02_fold_04/logistic_regression/test_predictions.csv
per_cancer,os_3yr,LUAD,2,4,random_forest,204,51,63,success,0.49333333333333335,validation split balanced accuracy,0.3473194219986908,0.07996643599835807,0.6031746031746031,0.5968559837728196,0.5454545454545454,0.5172413793103449,0.6764705882352942,0.6719066937119675,0.59729602607164,0.6536747519091107,0.23067933152733014,/home/prime/Documents/g3/tab-r1/paper/tables/source_data/full_fold_models/per_cancer/os_3yr/LUAD/repeat_02_fold_04/random_forest/test_predictions.csv
per_cancer,os_3yr,LUAD,2,4,catboost,204,51,63,success,0.5113098126369937,validation split balanced accuracy,1.2780596659977164,0.006056723999790847,0.6349206349206349,0.6237322515212982,0.5490196078431373,0.4827586206896552,0.7647058823529411,0.6430020283975659,0.6296697455364445,0.6499815175299364,0.2291963473787752,/home/prime/Documents/g3/tab-r1/paper/tables/source_data/full_fold_models/per_cancer/os_3yr/LUAD/repeat_02_fold_04/catboost/test_predictions.csv
per_cancer,os_3yr,LUAD,2,4,xgboost,204,51,63,success,0.3710337281227112,validation split balanced accuracy,0.14215499000056298,0.006269931000133511,0.6031746031746031,0.614604462474645,0.6376811594202898,0.7586206896551724,0.47058823529411764,0.6713995943204868,0.6125728242248658,0.7087295046292522,0.2440410202528991,/home/prime/Documents/g3/tab-r1/paper/tables/source_data/full_fold_models/per_cancer/os_3yr/LUAD/repeat_02_fold_04/xgboost/test_predictions.csv
per_cancer,os_3yr,LUAD,2,4,lightgbm,204,51,63,success,0.7238300455101238,validation split balanced accuracy,0.05206984399774228,0.005296802999509964,0.6031746031746031,0.5841784989858012,0.4444444444444444,0.3448275862068966,0.8235294117647058,0.6024340770791075,0.597493837324573,0.7842119406807523,0.2751245643575525,/home/prime/Documents/g3/tab-r1/paper/tables/source_data/full_fold_models/per_cancer/os_3yr/LUAD/repeat_02_fold_04/lightgbm/test_predictions.csv
per_cancer,os_3yr,LUAD,3,0,logistic_regression,203,51,64,success,0.44794869862274833,validation split balanced accuracy,0.00974297100037802,0.003954440002416959,0.5,0.5,0.5789473684210527,0.6875,0.3125,0.583984375,0.600643742978163,0.7449600123613527,0.262530565683692,/home/prime/Documents/g3/tab-r1/paper/tables/source_data/full_fold_models/per_cancer/os_3yr/LUAD/repeat_03_fold_00/logistic_regression/test_predictions.csv
per_cancer,os_3yr,LUAD,3,0,random_forest,203,51,64,success,0.41333333333333333,validation split balanced accuracy,0.3468940210004803,0.07568650499888463,0.46875,0.46875,0.6046511627906976,0.8125,0.125,0.5703125,0.6213088543559746,0.6939820493700275,0.24970276663660376,/home/prime/Documents/g3/tab-r1/paper/tables/source_data/full_fold_models/per_cancer/os_3yr/LUAD/repeat_03_fold_00/random_forest/test_predictions.csv
per_cancer,os_3yr,LUAD,3,0,catboost,203,51,64,success,0.4146991933690403,validation split balanced accuracy,1.3107339100024546,0.00569521400029771,0.5,0.5,0.6097560975609756,0.78125,0.21875,0.599609375,0.646466753500721,0.6773802015384353,0.24206765722768298,/home/prime/Documents/g3/tab-r1/paper/tables/source_data/full_fold_models/per_cancer/os_3yr/LUAD/repeat_03_fold_00/catboost/test_predictions.csv
per_cancer,os_3yr,LUAD,3,0,xgboost,203,51,64,success,0.23856191337108612,validation split balanced accuracy,0.15183735699974932,0.006463159999839263,0.53125,0.53125,0.625,0.78125,0.28125,0.556640625,0.6045488152114276,0.7893399347712037,0.2788079007404362,/home/prime/Documents/g3/tab-r1/paper/tables/source_data/full_fold_models/per_cancer/os_3yr/LUAD/repeat_03_fold_00/xgboost/test_predictions.csv
per_cancer,os_3yr,LUAD,3,0,lightgbm,203,51,64,success,0.3575941936013328,validation split balanced accuracy,0.051028576999669895,0.005745479000324849,0.59375,0.59375,0.6388888888888888,0.71875,0.46875,0.615234375,0.6091863414363657,0.7454837202542511,0.26394962633901664,/home/prime/Documents/g3/tab-r1/paper/tables/source_data/full_fold_models/per_cancer/os_3yr/LUAD/repeat_03_fold_00/lightgbm/test_predictions.csv
per_cancer,os_3yr,LUAD,3,1,logistic_regression,203,51,64,success,0.8087979286816517,validation split balanced accuracy,0.010214743000688031,0.004108465000172146,0.453125,0.47941176470588237,0.10256410256410256,0.058823529411764705,0.9,0.39313725490196083,0.47349642722750046,0.8390055843595847,0.30905275833484436,/home/prime/Documents/g3/tab-r1/paper/tables/source_data/full_fold_models/per_cancer/os_3yr/LUAD/repeat_03_fold_01/logistic_regression/test_predictions.csv
per_cancer,os_3yr,LUAD,3,1,random_forest,203,51,64,success,0.4866666666666667,validation split balanced accuracy,0.34408102899760706,0.07678875999772572,0.53125,0.5235294117647059,0.5945945945945946,0.6470588235294118,0.4,0.5441176470588235,0.5557477725348146,0.7065376186683607,0.2557403377660198,/home/prime/Documents/g3/tab-r1/paper/tables/source_data/full_fold_models/per_cancer/os_3yr/LUAD/repeat_03_fold_01/random_forest/test_predictions.csv
per_cancer,os_3yr,LUAD,3,1,catboost,203,51,64,success,0.44377793401813265,validation split balanced accuracy,1.0911348989975522,0.005671178001648514,0.53125,0.5078431372549019,0.6666666666666666,0.8823529411764706,0.13333333333333333,0.49411764705882355,0.5366518565903783,0.7140387122267389,0.25964465691939975,/home/prime/Documents/g3/tab-r1/paper/tables/source_data/full_fold_models/per_cancer/os_3yr/LUAD/repeat_03_fold_01/catboost/test_predictions.csv
per_cancer,os_3yr,LUAD,3,1,xgboost,203,51,64,success,0.4150852859020233,validation split balanced accuracy,0.14147370999853592,0.006249121001019375,0.515625,0.5009803921568627,0.6172839506172839,0.7352941176470589,0.26666666666666666,0.49313725490196086,0.5523391115294322,0.875526205590031,0.30978391710623543,/home/prime/Documents/g3/tab-r1/paper/tables/source_data/full_fold_models/per_cancer/os_3yr/LUAD/repeat_03_fold_01/xgboost/test_predictions.csv
per_cancer,os_3yr,LUAD,3,1,lightgbm,203,51,64,success,0.4431981669353062,validation split balanced accuracy,0.05948597400129074,0.0064360479991592,0.453125,0.44019607843137254,0.5569620253164557,0.6470588235294118,0.23333333333333334,0.442156862745098,0.52452614958925,0.983794855642321,0.3482998827364663,/home/prime/Documents/g3/tab-r1/paper/tables/source_data/full_fold_models/per_cancer/os_3yr/LUAD/repeat_03_fold_01/lightgbm/test_predictions.csv
per_cancer,os_3yr,LUAD,3,2,logistic_regression,203,51,64,success,0.38862705640994233,validation split balanced accuracy,0.009936442002071999,0.004646391000278527,0.5,0.5073313782991202,0.5897435897435898,0.7419354838709677,0.2727272727272727,0.45405669599217985,0.4669443802462725,0.8130371314798231,0.29525066859203203,/home/prime/Documents/g3/tab-r1/paper/tables/source_data/full_fold_models/per_cancer/os_3yr/LUAD/repeat_03_fold_02/logistic_regression/test_predictions.csv
per_cancer,os_3yr,LUAD,3,2,random_forest,203,51,64,success,0.5066666666666667,validation split balanced accuracy,0.3947217860004457,0.0738275550029357,0.609375,0.604594330400782,0.5283018867924528,0.45161290322580644,0.7575757575757576,0.6529814271749755,0.6744671200611094,0.6576373710554672,0.23265534268754726,/home/prime/Documents/g3/tab-r1/paper/tables/source_data/full_fold_models/per_cancer/os_3yr/LUAD/repeat_03_fold_02/random_forest/test_predictions.csv
per_cancer,os_3yr,LUAD,3,2,catboost,203,51,64,success,0.4580145212954551,validation split balanced accuracy,1.0875642909995804,0.005699501998606138,0.5625,0.563049853372434,0.5625,0.5806451612903226,0.5454545454545454,0.6270772238514174,0.6720699463672508,0.6561829932205241,0.23226382728432757,/home/prime/Documents/g3/tab-r1/paper/tables/source_data/full_fold_models/per_cancer/os_3yr/LUAD/repeat_03_fold_02/catboost/test_predictions.csv
per_cancer,os_3yr,LUAD,3,2,xgboost,203,51,64,success,0.665800154209137,validation split balanced accuracy,0.14512285700038774,0.006581375997484429,0.5625,0.5542521994134898,0.391304347826087,0.2903225806451613,0.8181818181818182,0.6036168132942327,0.6091839957420746,0.7790097021629581,0.27639247773950315,/home/prime/Documents/g3/tab-r1/paper/tables/source_data/full_fold_models/per_cancer/os_3yr/LUAD/repeat_03_fold_02/xgboost/test_predictions.csv
per_cancer,os_3yr,LUAD,3,2,lightgbm,203,51,64,success,0.5273741928075388,validation split balanced accuracy,0.059471977001521736,0.006644887002039468,0.578125,0.5733137829912024,0.49056603773584906,0.41935483870967744,0.7272727272727273,0.6251221896383187,0.5657572616161688,0.7626065286300698,0.26250891698051937,/home/prime/Documents/g3/tab-r1/paper/tables/source_data/full_fold_models/per_cancer/os_3yr/LUAD/repeat_03_fold_02/lightgbm/test_predictions.csv
per_cancer,os_3yr,LUAD,3,3,logistic_regression,204,51,63,success,0.5950963633316271,validation split balanced accuracy,0.009777627998118987,0.003915314999176189,0.5079365079365079,0.5060483870967742,0.43636363636363634,0.3870967741935484,0.625,0.5252016129032258,0.49529552188736187,0.7591584725434007,0.27546056161164223,/home/prime/Documents/g3/tab-r1/paper/tables/source_data/full_fold_models/per_cancer/os_3yr/LUAD/repeat_03_fold_03/logistic_regression/test_predictions.csv
per_cancer,os_3yr,LUAD,3,3,random_forest,204,51,63,success,0.5866666666666667,validation split balanced accuracy,0.3447438349976437,0.07412060600108816,0.49206349206349204,0.48689516129032256,0.23809523809523808,0.16129032258064516,0.8125,0.47580645161290325,0.5078226182494959,0.7136330019247685,0.25981074540615023,/home/prime/Documents/g3/tab-r1/paper/tables/source_data/full_fold_models/per_cancer/os_3yr/LUAD/repeat_03_fold_03/random_forest/test_predictions.csv
per_cancer,os_3yr,LUAD,3,3,catboost,204,51,63,success,0.5510835308745803,validation split balanced accuracy,1.3015040379978018,0.005808478999824729,0.4126984126984127,0.4102822580645161,0.3018867924528302,0.25806451612903225,0.5625,0.4415322580645161,0.5181042357161202,0.7292739695582733,0.2677804658979227,/home/prime/Documents/g3/tab-r1/paper/tables/source_data/full_fold_models/per_cancer/os_3yr/LUAD/repeat_03_fold_03/catboost/test_predictions.csv
per_cancer,os_3yr,LUAD,3,3,xgboost,204,51,63,success,0.82695472240448,validation split balanced accuracy,0.1441034910021699,0.006254551000893116,0.5238095238095238,0.5181451612903226,0.25,0.16129032258064516,0.875,0.4788306451612903,0.5157230298979054,0.9497367799313784,0.3344711086905315,/home/prime/Documents/g3/tab-r1/paper/tables/source_data/full_fold_models/per_cancer/os_3yr/LUAD/repeat_03_fold_03/xgboost/test_predictions.csv
per_cancer,os_3yr,LUAD,3,3,lightgbm,204,51,63,success,0.690501256939786,validation split balanced accuracy,0.06045468299998902,0.006252307000977453,0.4603174603174603,0.4571572580645161,0.32,0.25806451612903225,0.65625,0.4314516129032257,0.500650530183503,1.106976250785892,0.3711535215687389,/home/prime/Documents/g3/tab-r1/paper/tables/source_data/full_fold_models/per_cancer/os_3yr/LUAD/repeat_03_fold_03/lightgbm/test_predictions.csv
per_cancer,os_3yr,LUAD,3,4,logistic_regression,204,51,63,success,0.782945007051815,validation split balanced accuracy,0.009798597999179037,0.003961102996981936,0.5555555555555556,0.5172413793103449,0.06666666666666667,0.034482758620689655,1.0,0.579107505070994,0.5852165047685673,0.6902786765651636,0.24834184712776428,/home/prime/Documents/g3/tab-r1/paper/tables/source_data/full_fold_models/per_cancer/os_3yr/LUAD/repeat_03_fold_04/logistic_regression/test_predictions.csv
per_cancer,os_3yr,LUAD,3,4,random_forest,204,51,63,success,0.5017948717948718,validation split balanced accuracy,0.35149417300272034,0.0740908780026075,0.6190476190476191,0.6166328600405679,0.5862068965517241,0.5862068965517241,0.6470588235294118,0.6572008113590263,0.652375691312251,0.6577811542301342,0.23279142196122654,/home/prime/Documents/g3/tab-r1/paper/tables/source_data/full_fold_models/per_cancer/os_3yr/LUAD/repeat_03_fold_04/random_forest/test_predictions.csv
per_cancer,os_3yr,LUAD,3,4,catboost,204,51,63,success,0.4372431460503533,validation split balanced accuracy,1.234434064001107,0.005692138001904823,0.49206349206349204,0.5141987829614605,0.5897435897435898,0.7931034482758621,0.23529411764705882,0.6369168356997972,0.6852791328534786,0.6587013471675602,0.23324103014386285,/home/prime/Documents/g3/tab-r1/paper/tables/source_data/full_fold_models/per_cancer/os_3yr/LUAD/repeat_03_fold_04/catboost/test_predictions.csv
per_cancer,os_3yr,LUAD,3,4,xgboost,204,51,63,success,0.35039639472961426,validation split balanced accuracy,0.14213782799924957,0.006737212999723852,0.5555555555555556,0.5704868154158215,0.6111111111111112,0.7586206896551724,0.38235294117647056,0.6450304259634888,0.6539400772928757,0.7528480086551922,0.2559204251533617,/home/prime/Documents/g3/tab-r1/paper/tables/source_data/full_fold_models/per_cancer/os_3yr/LUAD/repeat_03_fold_04/xgboost/test_predictions.csv
per_cancer,os_3yr,LUAD,3,4,lightgbm,204,51,63,success,0.6194946816520713,validation split balanced accuracy,0.06281028100056574,0.006267156000831164,0.6190476190476191,0.5988843813387423,0.45454545454545453,0.3448275862068966,0.8529411764705882,0.6632860040567952,0.6399028282143235,0.7532291384949311,0.24318203675852784,/home/prime/Documents/g3/tab-r1/paper/tables/source_data/full_fold_models/per_cancer/os_3yr/LUAD/repeat_03_fold_04/lightgbm/test_predictions.csv
per_cancer,os_3yr,LUAD,4,0,logistic_regression,203,51,64,success,0.6233316972642611,validation split balanced accuracy,0.010038546002760995,0.003899576000549132,0.546875,0.48461538461538467,0.2564102564102564,0.2,0.7692307692307693,0.5256410256410257,0.4310711241154191,0.7884684673690117,0.2868526153527152,/home/prime/Documents/g3/tab-r1/paper/tables/source_data/full_fold_models/per_cancer/os_3yr/LUAD/repeat_04_fold_00/logistic_regression/test_predictions.csv
per_cancer,os_3yr,LUAD,4,0,random_forest,203,51,64,success,0.7633333333333333,validation split balanced accuracy,0.3436403589985275,0.07430654099880485,0.609375,0.5,0.0,0.0,1.0,0.5876923076923076,0.5349730912568686,0.7184008634137627,0.2620019579989133,/home/prime/Documents/g3/tab-r1/paper/tables/source_data/full_fold_models/per_cancer/os_3yr/LUAD/repeat_04_fold_00/random_forest/test_predictions.csv
per_cancer,os_3yr,LUAD,4,0,catboost,203,51,64,success,0.8086162486383199,validation split balanced accuracy,1.2743393630007631,0.005780576997494791,0.609375,0.5,0.0,0.0,1.0,0.5666666666666667,0.43985984875811673,0.7361195340364242,0.2692165772460143,/home/prime/Documents/g3/tab-r1/paper/tables/source_data/full_fold_models/per_cancer/os_3yr/LUAD/repeat_04_fold_00/catboost/test_predictions.csv
per_cancer,os_3yr,LUAD,4,0,xgboost,203,51,64,success,0.9819637537002563,validation split balanced accuracy,0.146733661997132,0.006548763998580398,0.609375,0.5,0.0,0.0,1.0,0.5738461538461539,0.4581320217350405,0.9531979900445418,0.3204247644862014,/home/prime/Documents/g3/tab-r1/paper/tables/source_data/full_fold_models/per_cancer/os_3yr/LUAD/repeat_04_fold_00/xgboost/test_predictions.csv
per_cancer,os_3yr,LUAD,4,0,lightgbm,203,51,64,success,0.9754991633968852,validation split balanced accuracy,0.05997590900005889,0.006402815000910778,0.59375,0.49435897435897436,0.07142857142857142,0.04,0.9487179487179487,0.5625641025641025,0.4891731007766943,1.0554255802670849,0.35017457564892274,/home/prime/Documents/g3/tab-r1/paper/tables/source_data/full_fold_models/per_cancer/os_3yr/LUAD/repeat_04_fold_00/lightgbm/test_predictions.csv
per_cancer,os_3yr,LUAD,4,1,logistic_regression,204,51,63,success,0.6912593106012257,validation split balanced accuracy,0.009588036002242006,0.004119405002711574,0.5079365079365079,0.5535714285714286,0.24390243902439024,0.14285714285714285,0.9642857142857143,0.6295918367346939,0.7037495430890827,0.6754897812428998,0.23977761247424192,/home/prime/Documents/g3/tab-r1/paper/tables/source_data/full_fold_models/per_cancer/os_3yr/LUAD/repeat_04_fold_01/logistic_regression/test_predictions.csv
per_cancer,os_3yr,LUAD,4,1,random_forest,204,51,63,success,0.5833333333333334,validation split balanced accuracy,0.342019423002057,0.0766329020007106,0.4444444444444444,0.46785714285714286,0.33962264150943394,0.2571428571428571,0.6785714285714286,0.4984693877551021,0.5751930383970434,0.7327647304086905,0.2682064088963361,/home/prime/Documents/g3/tab-r1/paper/tables/source_data/full_fold_models/per_cancer/os_3yr/LUAD/repeat_04_fold_01/random_forest/test_predictions.csv
per_cancer,os_3yr,LUAD,4,1,catboost,204,51,63,success,0.6068416737428298,validation split balanced accuracy,1.001932969000336,0.00578227999722003,0.5079365079365079,0.5428571428571428,0.3404255319148936,0.22857142857142856,0.8571428571428571,0.5224489795918368,0.5918113281303858,0.7091808004210026,0.25754698035825274,/home/prime/Documents/g3/tab-r1/paper/tables/source_data/full_fold_models/per_cancer/os_3yr/LUAD/repeat_04_fold_01/catboost/test_predictions.csv
per_cancer,os_3yr,LUAD,4,1,xgboost,204,51,63,success,0.9174920916557312,validation split balanced accuracy,0.13766743300220696,0.006418103999749292,0.42857142857142855,0.4785714285714286,0.05263157894736842,0.02857142857142857,0.9285714285714286,0.5173469387755102,0.5922111238818356,0.9097220065293795,0.3194856066383957,/home/prime/Documents/g3/tab-r1/paper/tables/source_data/full_fold_models/per_cancer/os_3yr/LUAD/repeat_04_fold_01/xgboost/test_predictions.csv
per_cancer,os_3yr,LUAD,4,1,lightgbm,204,51,63,success,0.28816921808440865,validation split balanced accuracy,0.0636213299985684,0.006525648997921962,0.5238095238095238,0.4928571428571429,0.6428571428571429,0.7714285714285715,0.21428571428571427,0.49387755102040815,0.5775451644715417,0.9736612638653023,0.3328959974376875,/home/prime/Documents/g3/tab-r1/paper/tables/source_data/full_fold_models/per_cancer/os_3yr/LUAD/repeat_04_fold_01/lightgbm/test_predictions.csv
per_cancer,os_3yr,LUAD,4,2,logistic_regression,203,51,64,success,0.3213273518956292,validation split balanced accuracy,0.009949695999239339,0.004097212997294264,0.625,0.5912698412698413,0.7209302325581395,0.8611111111111112,0.32142857142857145,0.5848214285714286,0.6845630738649633,0.7349600452011686,0.26441057867630735,/home/prime/Documents/g3/tab-r1/paper/tables/source_data/full_fold_models/per_cancer/os_3yr/LUAD/repeat_04_fold_02/logistic_regression/test_predictions.csv
per_cancer,os_3yr,LUAD,4,2,random_forest,203,51,64,success,0.6466666666666666,validation split balanced accuracy,0.34813737500007846,0.0726912549980625,0.5,0.5555555555555556,0.2,0.1111111111111111,1.0,0.4970238095238095,0.6364274401551665,0.7398078886972335,0.27161588322496616,/home/prime/Documents/g3/tab-r1/paper/tables/source_data/full_fold_models/per_cancer/os_3yr/LUAD/repeat_04_fold_02/random_forest/test_predictions.csv
per_cancer,os_3yr,LUAD,4,2,catboost,203,51,64,success,0.5122774284976351,validation split balanced accuracy,1.1972386380002717,0.005679524001607206,0.46875,0.47619047619047616,0.46875,0.4166666666666667,0.5357142857142857,0.47371031746031744,0.6187058738623031,0.7461889884412929,0.274715523222135,/home/prime/Documents/g3/tab-r1/paper/tables/source_data/full_fold_models/per_cancer/os_3yr/LUAD/repeat_04_fold_02/catboost/test_predictions.csv
per_cancer,os_3yr,LUAD,4,2,xgboost,203,51,64,success,0.16365472972393036,validation split balanced accuracy,0.12225378399671172,0.00545275100012077,0.5625,0.5238095238095238,0.6818181818181818,0.8333333333333334,0.21428571428571427,0.47668650793650796,0.5767910461099509,1.034534677155706,0.3561761117490132,/home/prime/Documents/g3/tab-r1/paper/tables/source_data/full_fold_models/per_cancer/os_3yr/LUAD/repeat_04_fold_02/xgboost/test_predictions.csv
per_cancer,os_3yr,LUAD,4,2,lightgbm,203,51,64,success,0.21218630649857287,validation split balanced accuracy,0.06144300000232761,0.00668993299768772,0.5625,0.5317460317460317,0.6666666666666666,0.7777777777777778,0.2857142857142857,0.5262896825396826,0.61409636538703,1.0217602408478645,0.33660102809613,/home/prime/Documents/g3/tab-r1/paper/tables/source_data/full_fold_models/per_cancer/os_3yr/LUAD/repeat_04_fold_02/lightgbm/test_predictions.csv
per_cancer,os_3yr,LUAD,4,3,logistic_regression,204,51,63,success,0.4222138139641054,validation split balanced accuracy,0.009551756000291789,0.0038311950011120643,0.3968253968253968,0.44526315789473686,0.4722222222222222,0.68,0.21052631578947367,0.47263157894736846,0.4377733862657035,0.8148465906242627,0.2956151467612606,/home/prime/Documents/g3/tab-r1/paper/tables/source_data/full_fold_models/per_cancer/os_3yr/LUAD/repeat_04_fold_03/logistic_regression/test_predictions.csv
per_cancer,os_3yr,LUAD,4,3,random_forest,204,51,63,success,0.6233333333333333,validation split balanced accuracy,0.338733519998641,0.07501308999781031,0.6190476190476191,0.5678947368421052,0.4,0.32,0.8157894736842105,0.6010526315789473,0.5024389788511228,0.6960766392535893,0.2509666365826943,/home/prime/Documents/g3/tab-r1/paper/tables/source_data/full_fold_models/per_cancer/os_3yr/LUAD/repeat_04_fold_03/random_forest/test_predictions.csv
per_cancer,os_3yr,LUAD,4,3,catboost,204,51,63,success,0.6017230936501025,validation split balanced accuracy,1.0443954910006141,0.0063320189983642194,0.5238095238095238,0.47526315789473683,0.2857142857142857,0.24,0.7105263157894737,0.5747368421052631,0.4989522637939717,0.707601019975773,0.256427327401435,/home/prime/Documents/g3/tab-r1/paper/tables/source_data/full_fold_models/per_cancer/os_3yr/LUAD/repeat_04_fold_03/catboost/test_predictions.csv
per_cancer,os_3yr,LUAD,4,3,xgboost,204,51,63,success,0.4496866762638092,validation split balanced accuracy,0.14460055900053703,0.006561488000443205,0.4603174603174603,0.5047368421052632,0.5142857142857142,0.72,0.2894736842105263,0.5494736842105263,0.48424106044662707,0.9679997798024418,0.32595511559602686,/home/prime/Documents/g3/tab-r1/paper/tables/source_data/full_fold_models/per_cancer/os_3yr/LUAD/repeat_04_fold_03/xgboost/test_predictions.csv
per_cancer,os_3yr,LUAD,4,3,lightgbm,204,51,63,success,0.4635353686053319,validation split balanced accuracy,0.06069541399847367,0.006550506997882621,0.3968253968253968,0.41105263157894734,0.3870967741935484,0.48,0.34210526315789475,0.4821052631578947,0.43992436179492045,0.9837267442493935,0.33238683763665083,/home/prime/Documents/g3/tab-r1/paper/tables/source_data/full_fold_models/per_cancer/os_3yr/LUAD/repeat_04_fold_03/lightgbm/test_predictions.csv
per_cancer,os_3yr,LUAD,4,4,logistic_regression,203,51,64,success,0.504020629399738,validation split balanced accuracy,0.009626107999793021,0.004087143002834637,0.5625,0.5476190476190476,0.631578947368421,0.6666666666666666,0.42857142857142855,0.591765873015873,0.6633983845328759,0.6815705765751217,0.24548860480214965,/home/prime/Documents/g3/tab-r1/paper/tables/source_data/full_fold_models/per_cancer/os_3yr/LUAD/repeat_04_fold_04/logistic_regression/test_predictions.csv
per_cancer,os_3yr,LUAD,4,4,random_forest,203,51,64,success,0.5333333333333333,validation split balanced accuracy,0.3460428350008442,0.07549615199968684,0.640625,0.6448412698412699,0.6567164179104478,0.6111111111111112,0.6785714285714286,0.6899801587301587,0.7422559279931612,0.6406509644143938,0.22487862061475275,/home/prime/Documents/g3/tab-r1/paper/tables/source_data/full_fold_models/per_cancer/os_3yr/LUAD/repeat_04_fold_04/random_forest/test_predictions.csv
per_cancer,os_3yr,LUAD,4,4,catboost,203,51,64,success,0.5423911120512119,validation split balanced accuracy,1.1243833279986575,0.005597456998657435,0.53125,0.5396825396825397,0.53125,0.4722222222222222,0.6071428571428571,0.6235119047619049,0.7164670350566453,0.6629954123613986,0.23581644566845902,/home/prime/Documents/g3/tab-r1/paper/tables/source_data/full_fold_models/per_cancer/os_3yr/LUAD/repeat_04_fold_04/catboost/test_predictions.csv
per_cancer,os_3yr,LUAD,4,4,xgboost,203,51,64,success,0.38230088353157043,validation split balanced accuracy,0.14038079300007666,0.00588279199655517,0.609375,0.5773809523809524,0.7058823529411765,0.8333333333333334,0.32142857142857145,0.6512896825396826,0.7389978273841425,0.6757919754663918,0.2420455033272518,/home/prime/Documents/g3/tab-r1/paper/tables/source_data/full_fold_models/per_cancer/os_3yr/LUAD/repeat_04_fold_04/xgboost/test_predictions.csv
per_cancer,os_3yr,LUAD,4,4,lightgbm,203,51,64,success,0.3828861364896289,validation split balanced accuracy,0.06390827699942747,0.006461496999691008,0.625,0.5992063492063492,0.7073170731707317,0.8055555555555556,0.39285714285714285,0.6334325396825398,0.6807674400201461,0.7611514090450798,0.2658912689378382,/home/prime/Documents/g3/tab-r1/paper/tables/source_data/full_fold_models/per_cancer/os_3yr/LUAD/repeat_04_fold_04/lightgbm/test_predictions.csv
pooled,os_3yr,ALL,0,0,logistic_regression,1053,263,329,success,0.4082336630279689,validation split balanced accuracy,0.015620975002093473,0.004408105996844824,0.47416413373860183,0.4925301970756516,0.4401294498381877,0.5619834710743802,0.4230769230769231,0.5179195804195804,0.4151766847239825,0.7152575877529379,0.2518613535442967,/home/prime/Documents/g3/tab-r1/paper/tables/source_data/full_fold_models/pooled/os_3yr/ALL/repeat_00_fold_00/logistic_regression/test_predictions.csv
pooled,os_3yr,ALL,0,0,random_forest,1053,263,329,success,0.32811594202898553,validation split balanced accuracy,0.4527498870011186,0.08353302599789458,0.60790273556231,0.672619993642721,0.6324786324786325,0.9173553719008265,0.42788461538461536,0.7367093134138589,0.573100107476257,0.575100733208413,0.19716831379799998,/home/prime/Documents/g3/tab-r1/paper/tables/source_data/full_fold_models/pooled/os_3yr/ALL/repeat_00_fold_00/random_forest/test_predictions.csv
pooled,os_3yr,ALL,0,0,catboost,1053,263,329,success,0.34172046377866505,validation split balanced accuracy,4.392059215999325,0.007787018003000412,0.6382978723404256,0.6932016846789574,0.6468842729970327,0.9008264462809917,0.4855769230769231,0.7508343928798473,0.6362940886798204,0.5587666794702105,0.19051889745103723,/home/prime/Documents/g3/tab-r1/paper/tables/source_data/full_fold_models/pooled/os_3yr/ALL/repeat_00_fold_00/catboost/test_predictions.csv
pooled,os_3yr,ALL,0,0,xgboost,1053,263,329,success,0.3321205675601959,validation split balanced accuracy,0.7050586090008437,0.006831632999819703,0.6322188449848024,0.6572830578512396,0.6006600660066007,0.7520661157024794,0.5625,0.7358550540368723,0.6029849553353501,0.6038413877071445,0.20381913487067588,/home/prime/Documents/g3/tab-r1/paper/tables/source_data/full_fold_models/pooled/os_3yr/ALL/repeat_00_fold_00/xgboost/test_predictions.csv
pooled,os_3yr,ALL,0,0,lightgbm,1053,263,329,success,0.10631872586837098,validation split balanced accuracy,0.37953347800066695,0.00938049999967916,0.6261398176291794,0.6801295295613478,0.6350148367952523,0.8842975206611571,0.47596153846153844,0.7388747616020344,0.6077800907330942,0.7179161741834424,0.22450799897702772,/home/prime/Documents/g3/tab-r1/paper/tables/source_data/full_fold_models/pooled/os_3yr/ALL/repeat_00_fold_00/lightgbm/test_predictions.csv
pooled,os_3yr,ALL,0,1,logistic_regression,1052,264,329,success,0.49264933293348945,validation split balanced accuracy,0.014772945000004256,0.00431688200114877,0.5683890577507599,0.551038961038961,0.37719298245614036,0.2792207792207792,0.8228571428571428,0.5397588126159555,0.5290695321871552,0.7475175664200213,0.2677075529294583,/home/prime/Documents/g3/tab-r1/paper/tables/source_data/full_fold_models/pooled/os_3yr/ALL/repeat_00_fold_01/logistic_regression/test_predictions.csv
pooled,os_3yr,ALL,0,1,random_forest,1052,264,329,success,0.33,validation split balanced accuracy,0.44912496500182897,0.09614689900263329,0.6778115501519757,0.6912987012987013,0.7239583333333334,0.9025974025974026,0.48,0.7557513914656772,0.6961010208641942,0.5993577919870781,0.20746672930025747,/home/prime/Documents/g3/tab-r1/paper/tables/source_data/full_fold_models/pooled/os_3yr/ALL/repeat_00_fold_01/random_forest/test_predictions.csv
pooled,os_3yr,ALL,0,1,catboost,1052,264,329,success,0.22038045543593715,validation split balanced accuracy,3.9538735360001738,0.007278727000084473,0.6565349544072948,0.6712987012987013,0.710997442455243,0.9025974025974026,0.44,0.7603153988868274,0.7135896291394753,0.6019882369322725,0.20560642886738836,/home/prime/Documents/g3/tab-r1/paper/tables/source_data/full_fold_models/pooled/os_3yr/ALL/repeat_00_fold_01/catboost/test_predictions.csv
pooled,os_3yr,ALL,0,1,xgboost,1052,264,329,success,0.16632048785686493,validation split balanced accuracy,0.7071352240018314,0.008063986999331973,0.668693009118541,0.6803896103896104,0.7093333333333334,0.8636363636363636,0.49714285714285716,0.7425417439703155,0.7218302137906768,0.6607031885576075,0.21952961087561906,/home/prime/Documents/g3/tab-r1/paper/tables/source_data/full_fold_models/pooled/os_3yr/ALL/repeat_00_fold_01/xgboost/test_predictions.csv
pooled,os_3yr,ALL,0,1,lightgbm,1052,264,329,success,0.199670096036779,validation split balanced accuracy,0.3489060120009526,0.008627772000181722,0.662613981762918,0.6676623376623376,0.6744868035190615,0.7467532467532467,0.5885714285714285,0.7214285714285714,0.6732428429242754,0.8524394026904392,0.24820321343370857,/home/prime/Documents/g3/tab-r1/paper/tables/source_data/full_fold_models/pooled/os_3yr/ALL/repeat_00_fold_01/lightgbm/test_predictions.csv
pooled,os_3yr,ALL,0,2,logistic_regression,1053,263,329,success,0.44809201381235614,validation split balanced accuracy,0.015659407999919495,0.005098104000353487,0.547112462006079,0.48800063572790847,0.3004694835680751,0.2644628099173554,0.7115384615384616,0.51203909726637,0.38056676084078184,0.7066235274273969,0.2506640061783726,/home/prime/Documents/g3/tab-r1/paper/tables/source_data/full_fold_models/pooled/os_3yr/ALL/repeat_00_fold_02/logistic_regression/test_predictions.csv
pooled,os_3yr,ALL,0,2,random_forest,1053,263,329,success,0.3907685759473222,validation split balanced accuracy,0.4314583859995764,0.08349445199928596,0.60790273556231,0.636323903369358,0.5825242718446602,0.743801652892562,0.5288461538461539,0.7091743483788938,0.5552393017043729,0.5875162272597928,0.2041282660079281,/home/prime/Documents/g3/tab-r1/paper/tables/source_data/full_fold_models/pooled/os_3yr/ALL/repeat_00_fold_02/random_forest/test_predictions.csv
pooled,os_3yr,ALL,0,2,catboost,1053,263,329,success,0.35170998063474257,validation split balanced accuracy,3.992619212000136,0.007398324996756855,0.601823708206687,0.6557136045772409,0.6135693215339233,0.859504132231405,0.4519230769230769,0.699618563254927,0.5506312591747885,0.5970320185998629,0.20793000243871745,/home/prime/Documents/g3/tab-r1/paper/tables/source_data/full_fold_models/pooled/os_3yr/ALL/repeat_00_fold_02/catboost/test_predictions.csv
pooled,os_3yr,ALL,0,2,xgboost,1053,263,329,success,0.24010132253170013,validation split balanced accuracy,0.6745290209983068,0.007839498000976164,0.60790273556231,0.6553361411315957,0.6102719033232629,0.8347107438016529,0.47596153846153844,0.6926652892561983,0.5242379475573827,0.6795746420189991,0.2329384351579533,/home/prime/Documents/g3/tab-r1/paper/tables/source_data/full_fold_models/pooled/os_3yr/ALL/repeat_00_fold_02/xgboost/test_predictions.csv
pooled,os_3yr,ALL,0,2,lightgbm,1053,263,329,success,0.0920720645541726,validation split balanced accuracy,0.34468525299962494,0.00886560599974473,0.5866261398176292,0.6454227590591227,0.6069364161849711,0.8677685950413223,0.4230769230769231,0.6767323585505404,0.5132175679955955,0.8076170010465376,0.25609210836426105,/home/prime/Documents/g3/tab-r1/paper/tables/source_data/full_fold_models/pooled/os_3yr/ALL/repeat_00_fold_02/lightgbm/test_predictions.csv
pooled,os_3yr,ALL,0,3,logistic_regression,1053,263,329,success,0.5242620040756232,validation split balanced accuracy,0.014769839999644319,0.004337731999839889,0.5957446808510638,0.5519399954883826,0.31794871794871793,0.21678321678321677,0.8870967741935484,0.5662831791864049,0.5123808485769084,0.7037729853080994,0.24893707021858563,/home/prime/Documents/g3/tab-r1/paper/tables/source_data/full_fold_models/pooled/os_3yr/ALL/repeat_00_fold_03/logistic_regression/test_predictions.csv
pooled,os_3yr,ALL,0,3,random_forest,1053,263,329,success,0.31666666666666665,validation split balanced accuracy,0.42472730400186265,0.09476956000071368,0.6413373860182371,0.6698623956688473,0.6827956989247311,0.8881118881118881,0.45161290322580644,0.7057485525227462,0.6057004020700705,0.6135906883622265,0.21398117666490823,/home/prime/Documents/g3/tab-r1/paper/tables/source_data/full_fold_models/pooled/os_3yr/ALL/repeat_00_fold_03/random_forest/test_predictions.csv
pooled,os_3yr,ALL,0,3,catboost,1053,263,329,success,0.21983319410113478,validation split balanced accuracy,3.505840656001965,0.007584180002595531,0.6413373860182371,0.6730957214828183,0.6894736842105263,0.916083916083916,0.43010752688172044,0.7039251071509136,0.6097129127887266,0.6221788972210432,0.21678378610753074,/home/prime/Documents/g3/tab-r1/paper/tables/source_data/full_fold_models/pooled/os_3yr/ALL/repeat_00_fold_03/catboost/test_predictions.csv
pooled,os_3yr,ALL,0,3,xgboost,1053,263,329,success,0.1834360659122467,validation split balanced accuracy,0.6364918379986193,0.007971880000695819,0.6322188449848024,0.6545228964583804,0.6610644257703081,0.8251748251748252,0.4838709677419355,0.6879464621400107,0.5731768723817091,0.7296185519383861,0.24346258722810032,/home/prime/Documents/g3/tab-r1/paper/tables/source_data/full_fold_models/pooled/os_3yr/ALL/repeat_00_fold_03/xgboost/test_predictions.csv
pooled,os_3yr,ALL,0,3,lightgbm,1053,263,329,success,0.16754175217459188,validation split balanced accuracy,0.3450416440027766,0.008917826002289075,0.6443768996960486,0.6596172644559741,0.6548672566371682,0.7762237762237763,0.543010752688172,0.6838860064666515,0.5852209008087608,0.8876751861582581,0.26739525598522756,/home/prime/Documents/g3/tab-r1/paper/tables/source_data/full_fold_models/pooled/os_3yr/ALL/repeat_00_fold_03/lightgbm/test_predictions.csv
pooled,os_3yr,ALL,0,4,logistic_regression,1053,263,329,success,0.4386947873760119,validation split balanced accuracy,0.01730665300055989,0.005568111002503429,0.5835866261398176,0.5522734184914841,0.4219409282700422,0.36496350364963503,0.7395833333333334,0.5500304136253042,0.4616694096963624,0.6980562097062216,0.24966497439723792,/home/prime/Documents/g3/tab-r1/paper/tables/source_data/full_fold_models/pooled/os_3yr/ALL/repeat_00_fold_04/logistic_regression/test_predictions.csv
pooled,os_3yr,ALL,0,4,random_forest,1053,263,329,success,0.42333333333333334,validation split balanced accuracy,0.4389017560024513,0.09446021899930201,0.6291793313069909,0.6362910583941606,0.6038961038961039,0.6788321167883211,0.59375,0.6692708333333334,0.5480302187103289,0.6385115162632078,0.22240495704586943,/home/prime/Documents/g3/tab-r1/paper/tables/source_data/full_fold_models/pooled/os_3yr/ALL/repeat_00_fold_04/random_forest/test_predictions.csv
pooled,os_3yr,ALL,0,4,catboost,1053,263,329,success,0.4081007020421686,validation split balanced accuracy,3.6012190869987535,0.007651037998584798,0.6170212765957447,0.6154197080291971,0.5684931506849316,0.6058394160583942,0.625,0.6697080291970803,0.5602191386536841,0.6374912821728864,0.22398827533167784,/home/prime/Documents/g3/tab-r1/paper/tables/source_data/full_fold_models/pooled/os_3yr/ALL/repeat_00_fold_04/catboost/test_predictions.csv
pooled,os_3yr,ALL,0,4,xgboost,1053,263,329,success,0.13223473727703094,validation split balanced accuracy,0.6583368659994449,0.007080789000610821,0.5987841945288754,0.636386100973236,0.6413043478260869,0.8613138686131386,0.4114583333333333,0.6554896593673966,0.5593311702139353,0.7349567286372911,0.2513171561062997,/home/prime/Documents/g3/tab-r1/paper/tables/source_data/full_fold_models/pooled/os_3yr/ALL/repeat_00_fold_04/xgboost/test_predictions.csv
pooled,os_3yr,ALL,0,4,lightgbm,1053,263,329,success,0.13936328544658458,validation split balanced accuracy,0.37595213999884436,0.009583717997884378,0.601823708206687,0.6274901155717761,0.6202898550724638,0.781021897810219,0.4739583333333333,0.655793795620438,0.5448866254558192,0.9027859834294981,0.2749353334533053,/home/prime/Documents/g3/tab-r1/paper/tables/source_data/full_fold_models/pooled/os_3yr/ALL/repeat_00_fold_04/lightgbm/test_predictions.csv
pooled,os_3yr,ALL,1,0,logistic_regression,1052,264,329,success,0.6124751332363888,validation split balanced accuracy,0.0160041459967033,0.0052164090011501685,0.6109422492401215,0.536922663802363,0.23809523809523808,0.15037593984962405,0.923469387755102,0.5912804971612704,0.48813126801068496,0.7121639585193187,0.24497097328172682,/home/prime/Documents/g3/tab-r1/paper/tables/source_data/full_fold_models/pooled/os_3yr/ALL/repeat_01_fold_00/logistic_regression/test_predictions.csv
pooled,os_3yr,ALL,1,0,random_forest,1052,264,329,success,0.45666666666666667,validation split balanced accuracy,0.44323055199856753,0.0944038419984281,0.662613981762918,0.6697099892588614,0.6287625418060201,0.706766917293233,0.6326530612244898,0.7213825379775971,0.5906995716237086,0.5984588545096176,0.2069223287902969,/home/prime/Documents/g3/tab-r1/paper/tables/source_data/full_fold_models/pooled/os_3yr/ALL/repeat_01_fold_00/random_forest/test_predictions.csv
pooled,os_3yr,ALL,1,0,catboost,1052,264,329,success,0.37378956157596627,validation split balanced accuracy,4.380899128002056,0.007476144000975182,0.6474164133738601,0.6762889366272824,0.6547619047619048,0.8270676691729323,0.5255102040816326,0.7082821850544729,0.5879916071985647,0.6242714049857254,0.21246798530409836,/home/prime/Documents/g3/tab-r1/paper/tables/source_data/full_fold_models/pooled/os_3yr/ALL/repeat_01_fold_00/catboost/test_predictions.csv
pooled,os_3yr,ALL,1,0,xgboost,1052,264,329,success,0.13735057413578033,validation split balanced accuracy,0.7400457479998295,0.00682034199780901,0.6048632218844985,0.6478249194414608,0.6408839779005525,0.8721804511278195,0.42346938775510207,0.6983082706766917,0.5827380120507,0.689020583383031,0.2268479986666498,/home/prime/Documents/g3/tab-r1/paper/tables/source_data/full_fold_models/pooled/os_3yr/ALL/repeat_01_fold_00/xgboost/test_predictions.csv
pooled,os_3yr,ALL,1,0,lightgbm,1052,264,329,success,0.17418407080287848,validation split balanced accuracy,0.38658484099869383,0.009718285000417382,0.6231003039513677,0.6450053705692804,0.6196319018404908,0.7593984962406015,0.5306122448979592,0.6853421819855762,0.5683028948573234,0.869373293126819,0.2532284090694274,/home/prime/Documents/g3/tab-r1/paper/tables/source_data/full_fold_models/pooled/os_3yr/ALL/repeat_01_fold_00/lightgbm/test_predictions.csv
pooled,os_3yr,ALL,1,1,logistic_regression,1053,263,329,success,0.3863484467797149,validation split balanced accuracy,0.014946817002055468,0.0043542029998207,0.5106382978723404,0.5231827186833282,0.5015479876160991,0.5955882352941176,0.45077720207253885,0.5106865284974094,0.422271646013746,0.726697765900028,0.2618015659296372,/home/prime/Documents/g3/tab-r1/paper/tables/source_data/full_fold_models/pooled/os_3yr/ALL/repeat_01_fold_01/logistic_regression/test_predictions.csv
pooled,os_3yr,ALL,1,1,random_forest,1053,263,329,success,0.49,validation split balanced accuracy,0.43045135300053516,0.09526735899999039,0.7021276595744681,0.6994247180737581,0.6549295774647887,0.6838235294117647,0.7150259067357513,0.769715787869552,0.6859387193110754,0.5715547386895183,0.1939118814895111,/home/prime/Documents/g3/tab-r1/paper/tables/source_data/full_fold_models/pooled/os_3yr/ALL/repeat_01_fold_01/random_forest/test_predictions.csv
pooled,os_3yr,ALL,1,1,catboost,1053,263,329,success,0.39982379941271406,validation split balanced accuracy,3.6472602430003462,0.007926373000373133,0.6960486322188449,0.6964149649497104,0.6551724137931034,0.6985294117647058,0.694300518134715,0.7592387991466016,0.6712678369784297,0.5731035507090767,0.1934382904674816,/home/prime/Documents/g3/tab-r1/paper/tables/source_data/full_fold_models/pooled/os_3yr/ALL/repeat_01_fold_01/catboost/test_predictions.csv
pooled,os_3yr,ALL,1,1,xgboost,1053,263,329,success,0.2213784158229828,validation split balanced accuracy,0.6202736220002407,0.008609196996985702,0.6504559270516718,0.6814423956110942,0.670487106017192,0.8602941176470589,0.5025906735751295,0.7585911307528193,0.6687305443705719,0.6224535571930491,0.2015313402092418,/home/prime/Documents/g3/tab-r1/paper/tables/source_data/full_fold_models/pooled/os_3yr/ALL/repeat_01_fold_01/xgboost/test_predictions.csv
pooled,os_3yr,ALL,1,1,lightgbm,1053,263,329,success,0.3291233183209901,validation split balanced accuracy,0.3510506769998756,0.00958986000114237,0.6838905775075987,0.6958244437671441,0.6666666666666666,0.7647058823529411,0.6269430051813472,0.7549337092349893,0.6507410052372715,0.7179681352992014,0.2143440179838366,/home/prime/Documents/g3/tab-r1/paper/tables/source_data/full_fold_models/pooled/os_3yr/ALL/repeat_01_fold_01/lightgbm/test_predictions.csv
pooled,os_3yr,ALL,1,2,logistic_regression,1053,263,329,success,0.5059615698093551,validation split balanced accuracy,0.016275765003229026,0.005772339998657117,0.6048632218844985,0.556815578465063,0.375,0.28888888888888886,0.8247422680412371,0.5770714012982054,0.498993277498076,0.6873402117816244,0.24454905162097654,/home/prime/Documents/g3/tab-r1/paper/tables/source_data/full_fold_models/pooled/os_3yr/ALL/repeat_01_fold_02/logistic_regression/test_predictions.csv
pooled,os_3yr,ALL,1,2,random_forest,1053,263,329,success,0.31,validation split balanced accuracy,0.4410240489996795,0.09555125200131442,0.601823708206687,0.6454753722794959,0.6469002695417789,0.8888888888888888,0.4020618556701031,0.7008018327605956,0.5570923767177598,0.6191693475299894,0.2135967755852633,/home/prime/Documents/g3/tab-r1/paper/tables/source_data/full_fold_models/pooled/os_3yr/ALL/repeat_01_fold_02/random_forest/test_predictions.csv
pooled,os_3yr,ALL,1,2,catboost,1053,263,329,success,0.3193629138409768,validation split balanced accuracy,3.926356019001105,0.00803699400057667,0.6200607902735562,0.6541809851088202,0.6458923512747875,0.8444444444444444,0.4639175257731959,0.7055555555555554,0.5984557705343434,0.6099956639445085,0.21115045202931185,/home/prime/Documents/g3/tab-r1/paper/tables/source_data/full_fold_models/pooled/os_3yr/ALL/repeat_01_fold_02/catboost/test_predictions.csv
pooled,os_3yr,ALL,1,2,xgboost,1053,263,329,success,0.19195343554019928,validation split balanced accuracy,0.6642819159969804,0.007564954001281876,0.6139817629179332,0.6478999618174875,0.6402266288951841,0.837037037037037,0.4587628865979381,0.6869606720122183,0.5667671444212165,0.7154167999450533,0.23727841611911643,/home/prime/Documents/g3/tab-r1/paper/tables/source_data/full_fold_models/pooled/os_3yr/ALL/repeat_01_fold_02/xgboost/test_predictions.csv
pooled,os_3yr,ALL,1,2,lightgbm,1053,263,329,success,0.06539194879351662,validation split balanced accuracy,0.3511842219995742,0.011509595002280548,0.5896656534954408,0.6295341733486064,0.6301369863013698,0.8518518518518519,0.4072164948453608,0.6869988545246277,0.5589807019096255,0.8758078808105211,0.2578468339839889,/home/prime/Documents/g3/tab-r1/paper/tables/source_data/full_fold_models/pooled/os_3yr/ALL/repeat_01_fold_02/lightgbm/test_predictions.csv
pooled,os_3yr,ALL,1,3,logistic_regression,1053,263,329,success,0.5993467874429244,validation split balanced accuracy,0.018519919001846574,0.005271865000395337,0.5896656534954408,0.4960077519379845,0.10596026490066225,0.06201550387596899,0.93,0.5310658914728682,0.42820019088548067,0.7038311518814907,0.2483245894774465,/home/prime/Documents/g3/tab-r1/paper/tables/source_data/full_fold_models/pooled/os_3yr/ALL/repeat_01_fold_03/logistic_regression/test_predictions.csv
pooled,os_3yr,ALL,1,3,random_forest,1053,263,329,success,0.27,validation split balanced accuracy,0.433361680003145,0.07225072599976556,0.6109422492401215,0.6621124031007752,0.6444444444444445,0.8992248062015504,0.425,0.6956976744186046,0.5779570898038112,0.6140911054287951,0.2112396089963708,/home/prime/Documents/g3/tab-r1/paper/tables/source_data/full_fold_models/pooled/os_3yr/ALL/repeat_01_fold_03/random_forest/test_predictions.csv
pooled,os_3yr,ALL,1,3,catboost,1053,263,329,success,0.280985695943982,validation split balanced accuracy,3.4947653300005186,0.007542389997979626,0.6109422492401215,0.657984496124031,0.6384180790960452,0.875968992248062,0.44,0.7121705426356589,0.580141191969604,0.5978834352773537,0.20827498686820362,/home/prime/Documents/g3/tab-r1/paper/tables/source_data/full_fold_models/pooled/os_3yr/ALL/repeat_01_fold_03/catboost/test_predictions.csv
pooled,os_3yr,ALL,1,3,xgboost,1053,263,329,success,0.2277626097202301,validation split balanced accuracy,0.5945152829990548,0.006943287000467535,0.60790273556231,0.6444767441860465,0.6194690265486725,0.813953488372093,0.475,0.6887790697674419,0.5341505049009464,0.6888041113487653,0.2349018104977931,/home/prime/Documents/g3/tab-r1/paper/tables/source_data/full_fold_models/pooled/os_3yr/ALL/repeat_01_fold_03/xgboost/test_predictions.csv
pooled,os_3yr,ALL,1,3,lightgbm,1053,263,329,success,0.07054670157475952,validation split balanced accuracy,0.345046012000239,0.009555423999699997,0.60790273556231,0.6582364341085272,0.6406685236768802,0.8914728682170543,0.425,0.6841472868217054,0.5314596353707364,0.8099351732228578,0.25464089250607447,/home/prime/Documents/g3/tab-r1/paper/tables/source_data/full_fold_models/pooled/os_3yr/ALL/repeat_01_fold_03/lightgbm/test_predictions.csv
pooled,os_3yr,ALL,1,4,logistic_regression,1052,264,329,success,0.41209604614739137,validation split balanced accuracy,0.015555219000816578,0.0055188170008477755,0.541033434650456,0.5229528535980149,0.421455938697318,0.38461538461538464,0.6612903225806451,0.5351530190239868,0.4890165255866262,0.7131099567719398,0.25426036493827836,/home/prime/Documents/g3/tab-r1/paper/tables/source_data/full_fold_models/pooled/os_3yr/ALL/repeat_01_fold_04/logistic_regression/test_predictions.csv
pooled,os_3yr,ALL,1,4,random_forest,1052,264,329,success,0.36666666666666664,validation split balanced accuracy,0.4414552219968755,0.08315290999962599,0.6352583586626139,0.6596360628618694,0.6685082872928176,0.8461538461538461,0.4731182795698925,0.6922137002782164,0.579885534885588,0.6227696608689609,0.2186607136390374,/home/prime/Documents/g3/tab-r1/paper/tables/source_data/full_fold_models/pooled/os_3yr/ALL/repeat_01_fold_04/random_forest/test_predictions.csv
pooled,os_3yr,ALL,1,4,catboost,1052,264,329,success,0.29093351376139504,validation split balanced accuracy,4.01536052099982,0.007052504999592202,0.6413373860182371,0.6658207384013836,0.6740331491712708,0.8531468531468531,0.478494623655914,0.6926460636138055,0.5712803658776914,0.6426415487851417,0.22581095601619738,/home/prime/Documents/g3/tab-r1/paper/tables/source_data/full_fold_models/pooled/os_3yr/ALL/repeat_01_fold_04/catboost/test_predictions.csv
pooled,os_3yr,ALL,1,4,xgboost,1052,264,329,success,0.1409485787153244,validation split balanced accuracy,0.6003940679984225,0.006502023999928497,0.6139817629179332,0.6432438529212723,0.6613333333333333,0.8671328671328671,0.41935483870967744,0.6934731934731935,0.5696089573480483,0.737933019887201,0.2468758622015647,/home/prime/Documents/g3/tab-r1/paper/tables/source_data/full_fold_models/pooled/os_3yr/ALL/repeat_01_fold_04/xgboost/test_predictions.csv
pooled,os_3yr,ALL,1,4,lightgbm,1052,264,329,success,0.05031667971582252,validation split balanced accuracy,0.3582287120007095,0.009429943998839008,0.6382978723404256,0.668790886532822,0.6843501326259946,0.9020979020979021,0.43548387096774194,0.6960673734867283,0.571425404032764,0.8860005983102066,0.2642220301232141,/home/prime/Documents/g3/tab-r1/paper/tables/source_data/full_fold_models/pooled/os_3yr/ALL/repeat_01_fold_04/lightgbm/test_predictions.csv
pooled,os_3yr,ALL,2,0,logistic_regression,1053,263,329,success,0.37667123822852944,validation split balanced accuracy,0.01646209999671555,0.004277126001397846,0.547112462006079,0.5601101494885916,0.5049833887043189,0.6129032258064516,0.5073170731707317,0.5766915814319433,0.5015230847807189,0.6775422428237129,0.23498999473947682,/home/prime/Documents/g3/tab-r1/paper/tables/source_data/full_fold_models/pooled/os_3yr/ALL/repeat_02_fold_00/logistic_regression/test_predictions.csv
pooled,os_3yr,ALL,2,0,random_forest,1053,263,329,success,0.3845345345345345,validation split balanced accuracy,0.44607834899943555,0.09640761700211442,0.5927051671732523,0.644492525570417,0.6127167630057804,0.8548387096774194,0.43414634146341463,0.7061172305271439,0.5849054516384493,0.6047714668462106,0.2080900261228225,/home/prime/Documents/g3/tab-r1/paper/tables/source_data/full_fold_models/pooled/os_3yr/ALL/repeat_02_fold_00/random_forest/test_predictions.csv
pooled,os_3yr,ALL,2,0,catboost,1053,263,329,success,0.380320869385134,validation split balanced accuracy,4.235915217002912,0.00751053899875842,0.5987841945288754,0.6398111723052714,0.6024096385542169,0.8064516129032258,0.47317073170731705,0.7171715184893784,0.6237070697592239,0.5900062472810416,0.20298140057176753,/home/prime/Documents/g3/tab-r1/paper/tables/source_data/full_fold_models/pooled/os_3yr/ALL/repeat_02_fold_00/catboost/test_predictions.csv
pooled,os_3yr,ALL,2,0,xgboost,1053,263,329,success,0.3019387423992157,validation split balanced accuracy,0.6668360929979826,0.006578168999112677,0.60790273556231,0.6359756097560976,0.5904761904761905,0.75,0.5219512195121951,0.7014358772619984,0.5585633106702452,0.6716655956932612,0.22041062874089443,/home/prime/Documents/g3/tab-r1/paper/tables/source_data/full_fold_models/pooled/os_3yr/ALL/repeat_02_fold_00/xgboost/test_predictions.csv
pooled,os_3yr,ALL,2,0,lightgbm,1053,263,329,success,0.344656743252333,validation split balanced accuracy,0.3990285590007261,0.009814869001274928,0.60790273556231,0.6120771046420141,0.5473684210526316,0.6290322580645161,0.5951219512195122,0.6864476789929189,0.5356179363010793,0.8112391698325271,0.24189454556242385,/home/prime/Documents/g3/tab-r1/paper/tables/source_data/full_fold_models/pooled/os_3yr/ALL/repeat_02_fold_00/lightgbm/test_predictions.csv
pooled,os_3yr,ALL,2,1,logistic_regression,1052,264,329,success,0.5854454193910895,validation split balanced accuracy,0.014722799001901876,0.004435537997778738,0.5866261398176292,0.5341755019174373,0.21839080459770116,0.13286713286713286,0.9354838709677419,0.4973494247687797,0.4697594889286353,0.7357772805882479,0.2651183550861064,/home/prime/Documents/g3/tab-r1/paper/tables/source_data/full_fold_models/pooled/os_3yr/ALL/repeat_02_fold_01/logistic_regression/test_predictions.csv
pooled,os_3yr,ALL,2,1,random_forest,1052,264,329,success,0.32,validation split balanced accuracy,0.44760469299944816,0.07210005699744215,0.6595744680851063,0.6867997593804045,0.6956521739130435,0.8951048951048951,0.478494623655914,0.7170839912775396,0.6092161332626533,0.615605352405978,0.2101390092466212,/home/prime/Documents/g3/tab-r1/paper/tables/source_data/full_fold_models/pooled/os_3yr/ALL/repeat_02_fold_01/random_forest/test_predictions.csv
pooled,os_3yr,ALL,2,1,catboost,1052,264,329,success,0.3340237498337932,validation split balanced accuracy,3.8035074990002613,0.007009553999523632,0.6565349544072948,0.6776449357094518,0.6798866855524079,0.8391608391608392,0.5161290322580645,0.6897323107000526,0.5561208539639503,0.6316201842787894,0.22295746072920775,/home/prime/Documents/g3/tab-r1/paper/tables/source_data/full_fold_models/pooled/os_3yr/ALL/repeat_02_fold_01/catboost/test_predictions.csv
pooled,os_3yr,ALL,2,1,xgboost,1052,264,329,success,0.2578396201133728,validation split balanced accuracy,0.6235882910004875,0.006616643000597833,0.6352583586626139,0.6499360854199563,0.6449704142011834,0.7622377622377622,0.5376344086021505,0.6753703285961351,0.5667859844467354,0.7397925392764467,0.2548544599058842,/home/prime/Documents/g3/tab-r1/paper/tables/source_data/full_fold_models/pooled/os_3yr/ALL/repeat_02_fold_01/xgboost/test_predictions.csv
pooled,os_3yr,ALL,2,1,lightgbm,1052,264,329,success,0.2775350303723176,validation split balanced accuracy,0.3854220799985342,0.0096624689977034,0.6352583586626139,0.641852770885029,0.6226415094339622,0.6923076923076923,0.5913978494623656,0.6906722309948117,0.5776254973275097,0.875760090179453,0.2735609085753403,/home/prime/Documents/g3/tab-r1/paper/tables/source_data/full_fold_models/pooled/os_3yr/ALL/repeat_02_fold_01/lightgbm/test_predictions.csv
pooled,os_3yr,ALL,2,2,logistic_regression,1053,263,329,success,0.7081315017421821,validation split balanced accuracy,0.017020004997903015,0.005377346999011934,0.5835866261398176,0.5017525144772935,0.05517241379310345,0.029411764705882353,0.9740932642487047,0.5919308137762876,0.4816534205892088,0.6962054045130417,0.24602783442502194,/home/prime/Documents/g3/tab-r1/paper/tables/source_data/full_fold_models/pooled/os_3yr/ALL/repeat_02_fold_02/logistic_regression/test_predictions.csv
pooled,os_3yr,ALL,2,2,random_forest,1053,263,329,success,0.421547619047619,validation split balanced accuracy,0.42442840300282114,0.09624213099959888,0.6656534954407295,0.6726798232246267,0.6381578947368421,0.7132352941176471,0.6321243523316062,0.7406659555013715,0.6505108681395675,0.5789045696658508,0.19948450578143712,/home/prime/Documents/g3/tab-r1/paper/tables/source_data/full_fold_models/pooled/os_3yr/ALL/repeat_02_fold_02/random_forest/test_predictions.csv
pooled,os_3yr,ALL,2,2,catboost,1053,263,329,success,0.41230572467758164,validation split balanced accuracy,3.852471764999791,0.007279908997588791,0.6747720364741642,0.6630790917403231,0.6022304832713755,0.5955882352941176,0.7305699481865285,0.7388753428832674,0.687392496239944,0.5861006567007778,0.19964097088554544,/home/prime/Documents/g3/tab-r1/paper/tables/source_data/full_fold_models/pooled/os_3yr/ALL/repeat_02_fold_02/catboost/test_predictions.csv
pooled,os_3yr,ALL,2,2,xgboost,1053,263,329,success,0.4315824806690216,validation split balanced accuracy,0.6767272969991609,0.006797368001571158,0.6534954407294833,0.6286574215178299,0.5365853658536586,0.4852941176470588,0.772020725388601,0.7114065833587321,0.6452610809584708,0.6762377965091348,0.22413769167529815,/home/prime/Documents/g3/tab-r1/paper/tables/source_data/full_fold_models/pooled/os_3yr/ALL/repeat_02_fold_02/xgboost/test_predictions.csv
pooled,os_3yr,ALL,2,2,lightgbm,1053,263,329,success,0.046445446293604156,validation split balanced accuracy,0.3821709030016791,0.010035910996521125,0.5987841945288754,0.6395725388601037,0.6432432432432432,0.875,0.40414507772020725,0.7336558975921974,0.6694991727347712,0.7612008945937092,0.2240454199218311,/home/prime/Documents/g3/tab-r1/paper/tables/source_data/full_fold_models/pooled/os_3yr/ALL/repeat_02_fold_02/lightgbm/test_predictions.csv
pooled,os_3yr,ALL,2,3,logistic_regression,1052,264,329,success,0.3272525606396173,validation split balanced accuracy,0.014468083001702325,0.004509659996983828,0.42857142857142855,0.48659821565912936,0.5228426395939086,0.7803030303030303,0.19289340101522842,0.5038071065989849,0.42784825600776394,0.7032240269562493,0.2522436801789937,/home/prime/Documents/g3/tab-r1/paper/tables/source_data/full_fold_models/pooled/os_3yr/ALL/repeat_02_fold_03/logistic_regression/test_predictions.csv
pooled,os_3yr,ALL,2,3,random_forest,1052,264,329,success,0.38,validation split balanced accuracy,0.4274799190025078,0.09482623799704015,0.6170212765957447,0.6577065066912783,0.6440677966101694,0.8636363636363636,0.4517766497461929,0.7049876942008922,0.5882653680943173,0.6036823551927236,0.20824770075254542,/home/prime/Documents/g3/tab-r1/paper/tables/source_data/full_fold_models/pooled/os_3yr/ALL/repeat_02_fold_03/random_forest/test_predictions.csv
pooled,os_3yr,ALL,2,3,catboost,1052,264,329,success,0.3021284392535922,validation split balanced accuracy,3.787879391002207,0.0072882749991549645,0.6139817629179332,0.6526688201815105,0.6381766381766382,0.8484848484848485,0.45685279187817257,0.6940470696815875,0.5994884936500586,0.6243548668820136,0.21364635154365383,/home/prime/Documents/g3/tab-r1/paper/tables/source_data/full_fold_models/pooled/os_3yr/ALL/repeat_02_fold_03/catboost/test_predictions.csv
pooled,os_3yr,ALL,2,3,xgboost,1052,264,329,success,0.22232574224472046,validation split balanced accuracy,0.6343293390018516,0.007510279003327014,0.5987841945288754,0.6287301953545608,0.6094674556213018,0.7803030303030303,0.47715736040609136,0.6848946315951392,0.5949072702287228,0.6992352003430059,0.23023649398261112,/home/prime/Documents/g3/tab-r1/paper/tables/source_data/full_fold_models/pooled/os_3yr/ALL/repeat_02_fold_03/xgboost/test_predictions.csv
pooled,os_3yr,ALL,2,3,lightgbm,1052,264,329,success,0.12097302003117019,validation split balanced accuracy,0.38373794500148506,0.009994502001063665,0.6261398176291794,0.6578218735579142,0.6371681415929203,0.8181818181818182,0.49746192893401014,0.6898938624826951,0.6073124747905884,0.8120963570590675,0.24719508596344159,/home/prime/Documents/g3/tab-r1/paper/tables/source_data/full_fold_models/pooled/os_3yr/ALL/repeat_02_fold_03/lightgbm/test_predictions.csv
pooled,os_3yr,ALL,2,4,logistic_regression,1052,264,329,success,0.5583402967094288,validation split balanced accuracy,0.01570088700100314,0.004510422000748804,0.574468085106383,0.5230496453900709,0.24731182795698925,0.16312056737588654,0.8829787234042553,0.4847593179417534,0.432514006183503,0.7426132184774938,0.2666722001572379,/home/prime/Documents/g3/tab-r1/paper/tables/source_data/full_fold_models/pooled/os_3yr/ALL/repeat_02_fold_04/logistic_regression/test_predictions.csv
pooled,os_3yr,ALL,2,4,random_forest,1052,264,329,success,0.3933333333333333,validation split balanced accuracy,0.44594323099954636,0.07299406500169425,0.6261398176291794,0.6560283687943262,0.6648501362397821,0.8652482269503546,0.44680851063829785,0.7145578693224686,0.6228938236770432,0.6170922614153497,0.21214282134301488,/home/prime/Documents/g3/tab-r1/paper/tables/source_data/full_fold_models/pooled/os_3yr/ALL/repeat_02_fold_04/random_forest/test_predictions.csv
pooled,os_3yr,ALL,2,4,catboost,1052,264,329,success,0.3181415077528535,validation split balanced accuracy,4.072929144997033,0.007451917997968849,0.6200607902735562,0.6507092198581561,0.6612466124661247,0.8652482269503546,0.43617021276595747,0.6979779689150445,0.6214689600728966,0.6249940220990683,0.2164289517437015,/home/prime/Documents/g3/tab-r1/paper/tables/source_data/full_fold_models/pooled/os_3yr/ALL/repeat_02_fold_04/catboost/test_predictions.csv
pooled,os_3yr,ALL,2,4,xgboost,1052,264,329,success,0.28699153661727905,validation split balanced accuracy,0.6232872459986538,0.0075183040025876835,0.6291793313069909,0.6507092198581561,0.6494252873563219,0.8014184397163121,0.5,0.7015240682058246,0.6112812158224004,0.7013296704498362,0.23129557916105456,/home/prime/Documents/g3/tab-r1/paper/tables/source_data/full_fold_models/pooled/os_3yr/ALL/repeat_02_fold_04/xgboost/test_predictions.csv
pooled,os_3yr,ALL,2,4,lightgbm,1052,264,329,success,0.13209340518019802,validation split balanced accuracy,0.3677325759999803,0.008778549999988172,0.6048632218844985,0.6320921985815603,0.6408839779005525,0.8226950354609929,0.44148936170212766,0.6894899652934963,0.610491284924285,0.8469674354099246,0.2516708171791157,/home/prime/Documents/g3/tab-r1/paper/tables/source_data/full_fold_models/pooled/os_3yr/ALL/repeat_02_fold_04/lightgbm/test_predictions.csv
pooled,os_3yr,ALL,3,0,logistic_regression,1053,263,329,success,0.47076113930936,validation split balanced accuracy,0.015159051999944495,0.004573170997900888,0.5501519756838906,0.5119191082322814,0.308411214953271,0.2323943661971831,0.7914438502673797,0.5161557580778791,0.4575843855226821,0.7295322858707056,0.2635522952017785,/home/prime/Documents/g3/tab-r1/paper/tables/source_data/full_fold_models/pooled/os_3yr/ALL/repeat_03_fold_00/logistic_regression/test_predictions.csv
pooled,os_3yr,ALL,3,0,random_forest,1053,263,329,success,0.48333333333333334,validation split balanced accuracy,0.47179163200053154,0.09612283399837906,0.6170212765957447,0.6105671461926641,0.5594405594405595,0.5633802816901409,0.6577540106951871,0.6844354899450178,0.5908899720474483,0.6296413278759799,0.21967354608860376,/home/prime/Documents/g3/tab-r1/paper/tables/source_data/full_fold_models/pooled/os_3yr/ALL/repeat_03_fold_00/random_forest/test_predictions.csv
pooled,os_3yr,ALL,3,0,catboost,1053,263,329,success,0.2702467022999186,validation split balanced accuracy,4.48042349699972,0.008549433001462603,0.6261398176291794,0.6550237252391353,0.6666666666666666,0.8661971830985915,0.44385026737967914,0.6820817955863524,0.5853801385582342,0.6400117207839426,0.2233768648051668,/home/prime/Documents/g3/tab-r1/paper/tables/source_data/full_fold_models/pooled/os_3yr/ALL/repeat_03_fold_00/catboost/test_predictions.csv
pooled,os_3yr,ALL,3,0,xgboost,1053,263,329,success,0.12704657018184662,validation split balanced accuracy,0.7111980010013212,0.006917527000041446,0.6291793313069909,0.6576975220305792,0.6684782608695652,0.8661971830985915,0.44919786096256686,0.6874293891692401,0.5971775119342936,0.7264925154268835,0.24207857708587516,/home/prime/Documents/g3/tab-r1/paper/tables/source_data/full_fold_models/pooled/os_3yr/ALL/repeat_03_fold_00/xgboost/test_predictions.csv
pooled,os_3yr,ALL,3,0,lightgbm,1053,263,329,success,0.11800562094203465,validation split balanced accuracy,0.3977707880003436,0.009990974998800084,0.6413373860182371,0.6599194095051593,0.6569767441860465,0.795774647887324,0.5240641711229946,0.6666039014837689,0.5648292449546599,0.8956708710243866,0.2729028327446663,/home/prime/Documents/g3/tab-r1/paper/tables/source_data/full_fold_models/pooled/os_3yr/ALL/repeat_03_fold_00/lightgbm/test_predictions.csv
pooled,os_3yr,ALL,3,1,logistic_regression,1053,263,329,success,0.4249759061438247,validation split balanced accuracy,0.0149671870021848,0.004661078997742152,0.5258358662613982,0.5066280033140017,0.4,0.36619718309859156,0.6470588235294118,0.5103750847329969,0.4659324008136331,0.7131052824648376,0.2557004791369222,/home/prime/Documents/g3/tab-r1/paper/tables/source_data/full_fold_models/pooled/os_3yr/ALL/repeat_03_fold_01/logistic_regression/test_predictions.csv
pooled,os_3yr,ALL,3,1,random_forest,1053,263,329,success,0.3888526167027326,validation split balanced accuracy,0.4421227060011006,0.07307251399834058,0.6808510638297872,0.7023047375160051,0.6991404011461319,0.8591549295774648,0.5454545454545454,0.7611659260375085,0.6617476552305879,0.5754220699177264,0.1967600509756536,/home/prime/Documents/g3/tab-r1/paper/tables/source_data/full_fold_models/pooled/os_3yr/ALL/repeat_03_fold_01/random_forest/test_predictions.csv
pooled,os_3yr,ALL,3,1,catboost,1053,263,329,success,0.3823058082048974,validation split balanced accuracy,4.106598809001298,0.007418733999656979,0.662613981762918,0.6743993371996686,0.6605504587155964,0.7605633802816901,0.5882352941176471,0.7535776154251715,0.6552792965802164,0.581538624042284,0.19870919849881688,/home/prime/Documents/g3/tab-r1/paper/tables/source_data/full_fold_models/pooled/os_3yr/ALL/repeat_03_fold_01/catboost/test_predictions.csv
pooled,os_3yr,ALL,3,1,xgboost,1053,263,329,success,0.2502796947956085,validation split balanced accuracy,0.6574901380008669,0.007434123999701114,0.668693009118541,0.6882202304737516,0.6840579710144927,0.8309859154929577,0.5454545454545454,0.7391165172855314,0.6340533084755541,0.6427474365858745,0.21657800378709097,/home/prime/Documents/g3/tab-r1/paper/tables/source_data/full_fold_models/pooled/os_3yr/ALL/repeat_03_fold_01/xgboost/test_predictions.csv
pooled,os_3yr,ALL,3,1,lightgbm,1053,263,329,success,0.23470728214891953,validation split balanced accuracy,0.37577166499977466,0.009129471000051126,0.6534954407294833,0.6612939670106199,0.6415094339622641,0.7183098591549296,0.6042780748663101,0.7216426903667996,0.6344413667708664,0.7965541318265384,0.24358965493817197,/home/prime/Documents/g3/tab-r1/paper/tables/source_data/full_fold_models/pooled/os_3yr/ALL/repeat_03_fold_01/lightgbm/test_predictions.csv
pooled,os_3yr,ALL,3,2,logistic_regression,1052,264,329,success,0.4321667126521049,validation split balanced accuracy,0.01565023099828977,0.005258299999695737,0.541033434650456,0.519395211442786,0.416988416988417,0.421875,0.6169154228855721,0.46278373756218905,0.37920552939074825,0.7420886571178349,0.26724822171967005,/home/prime/Documents/g3/tab-r1/paper/tables/source_data/full_fold_models/pooled/os_3yr/ALL/repeat_03_fold_02/logistic_regression/test_predictions.csv
pooled,os_3yr,ALL,3,2,random_forest,1052,264,329,success,0.419176108445976,validation split balanced accuracy,0.4579848920002405,0.07180327099922579,0.6534954407294833,0.7008123445273632,0.6724137931034483,0.9140625,0.48756218905472637,0.763506685323383,0.6164300547971037,0.5649334981341122,0.19309798529948974,/home/prime/Documents/g3/tab-r1/paper/tables/source_data/full_fold_models/pooled/os_3yr/ALL/repeat_03_fold_02/random_forest/test_predictions.csv
pooled,os_3yr,ALL,3,2,catboost,1052,264,329,success,0.3975100443515601,validation split balanced accuracy,4.430160831998364,0.0075180839994573034,0.6382978723404256,0.6727689676616915,0.6404833836858006,0.828125,0.5174129353233831,0.7525069962686568,0.6123063935363605,0.5661846085127258,0.19382077599498845,/home/prime/Documents/g3/tab-r1/paper/tables/source_data/full_fold_models/pooled/os_3yr/ALL/repeat_03_fold_02/catboost/test_predictions.csv
pooled,os_3yr,ALL,3,2,xgboost,1052,264,329,success,0.2299809604883194,validation split balanced accuracy,0.7290223419986432,0.007569071000034455,0.6170212765957447,0.6567747201492538,0.6294117647058823,0.8359375,0.47761194029850745,0.7194301927860697,0.5621522978486357,0.6387695908524774,0.21812481261244798,/home/prime/Documents/g3/tab-r1/paper/tables/source_data/full_fold_models/pooled/os_3yr/ALL/repeat_03_fold_02/xgboost/test_predictions.csv
pooled,os_3yr,ALL,3,2,lightgbm,1052,264,329,success,0.28687938447645295,validation split balanced accuracy,0.3597917259976384,0.009369938998133875,0.6231003039513677,0.6461442786069651,0.6075949367088608,0.75,0.5422885572139303,0.7123173196517413,0.5830737879550565,0.7346425777190285,0.23642340943246729,/home/prime/Documents/g3/tab-r1/paper/tables/source_data/full_fold_models/pooled/os_3yr/ALL/repeat_03_fold_02/lightgbm/test_predictions.csv
pooled,os_3yr,ALL,3,3,logistic_regression,1052,264,329,success,0.41572831337449,validation split balanced accuracy,0.015276396999979625,0.00432831400030409,0.574468085106383,0.5564341085271318,0.46564885496183206,0.4728682170542636,0.64,0.5740310077519379,0.460998919628868,0.6727863019497574,0.23872377094173514,/home/prime/Documents/g3/tab-r1/paper/tables/source_data/full_fold_models/pooled/os_3yr/ALL/repeat_03_fold_03/logistic_regression/test_predictions.csv
pooled,os_3yr,ALL,3,3,random_forest,1052,264,329,success,0.44155555555555553,validation split balanced accuracy,0.4457175499992445,0.09564745600073365,0.6139817629179332,0.6260852713178294,0.5808580858085809,0.6821705426356589,0.57,0.679922480620155,0.5961893350687254,0.6232758760168308,0.21734066972551266,/home/prime/Documents/g3/tab-r1/paper/tables/source_data/full_fold_models/pooled/os_3yr/ALL/repeat_03_fold_03/random_forest/test_predictions.csv
pooled,os_3yr,ALL,3,3,catboost,1052,264,329,success,0.4273978187220232,validation split balanced accuracy,3.92564011200011,0.0076230539998505265,0.6352583586626139,0.632577519379845,0.5714285714285714,0.6201550387596899,0.645,0.6833333333333333,0.5766084664024638,0.6223301758337442,0.21617640657239748,/home/prime/Documents/g3/tab-r1/paper/tables/source_data/full_fold_models/pooled/os_3yr/ALL/repeat_03_fold_03/catboost/test_predictions.csv
pooled,os_3yr,ALL,3,3,xgboost,1052,264,329,success,0.13889789581298828,validation split balanced accuracy,0.6819765090003784,0.007589259002998006,0.5866261398176292,0.6338565891472868,0.6179775280898876,0.8527131782945736,0.415,0.6930232558139534,0.5736223886308822,0.695778659046579,0.22964838032609744,/home/prime/Documents/g3/tab-r1/paper/tables/source_data/full_fold_models/pooled/os_3yr/ALL/repeat_03_fold_03/xgboost/test_predictions.csv
pooled,os_3yr,ALL,3,3,lightgbm,1052,264,329,success,0.08763824437344797,validation split balanced accuracy,0.3790577790023235,0.009679820999735966,0.5987841945288754,0.6411046511627907,0.6206896551724138,0.8372093023255814,0.445,0.6892248062015504,0.573010719686798,0.8405065334836231,0.2478711552429305,/home/prime/Documents/g3/tab-r1/paper/tables/source_data/full_fold_models/pooled/os_3yr/ALL/repeat_03_fold_03/lightgbm/test_predictions.csv
pooled,os_3yr,ALL,3,4,logistic_regression,1053,263,329,success,0.434587055417937,validation split balanced accuracy,0.020043096999870613,0.004431871002452681,0.5835866261398176,0.5613020236731577,0.4627450980392157,0.43703703703703706,0.6855670103092784,0.5828178694158076,0.5301334124048244,0.6768917591942524,0.23948902109434322,/home/prime/Documents/g3/tab-r1/paper/tables/source_data/full_fold_models/pooled/os_3yr/ALL/repeat_03_fold_04/logistic_regression/test_predictions.csv
pooled,os_3yr,ALL,3,4,random_forest,1053,263,329,success,0.4066666666666667,validation split balanced accuracy,0.43677850300082355,0.09523986699787201,0.6352583586626139,0.6535509736540664,0.6296296296296297,0.7555555555555555,0.5515463917525774,0.7042191676212295,0.5632253623192154,0.6054068586529354,0.21049038830694225,/home/prime/Documents/g3/tab-r1/paper/tables/source_data/full_fold_models/pooled/os_3yr/ALL/repeat_03_fold_04/random_forest/test_predictions.csv
pooled,os_3yr,ALL,3,4,catboost,1053,263,329,success,0.3520558401229957,validation split balanced accuracy,3.9218579510015843,0.00756672600255115,0.6322188449848024,0.6611111111111111,0.6472303206997084,0.8222222222222222,0.5,0.6835051546391753,0.5611664196938495,0.6307697369286062,0.22178579216107527,/home/prime/Documents/g3/tab-r1/paper/tables/source_data/full_fold_models/pooled/os_3yr/ALL/repeat_03_fold_04/catboost/test_predictions.csv
pooled,os_3yr,ALL,3,4,xgboost,1053,263,329,success,0.21901164948940277,validation split balanced accuracy,0.6497501209996699,0.007753132998914225,0.6048632218844985,0.633409698358152,0.622093023255814,0.7925925925925926,0.4742268041237113,0.681672394043528,0.5724000498279969,0.7334677728254421,0.24687528478273374,/home/prime/Documents/g3/tab-r1/paper/tables/source_data/full_fold_models/pooled/os_3yr/ALL/repeat_03_fold_04/xgboost/test_predictions.csv
pooled,os_3yr,ALL,3,4,lightgbm,1053,263,329,success,0.22832001961715087,validation split balanced accuracy,0.30925555899739265,0.00810329099840601,0.60790273556231,0.6281023291332569,0.60790273556231,0.7407407407407407,0.5154639175257731,0.6812905689194348,0.5729522977991406,0.8925256826442288,0.26844317367082277,/home/prime/Documents/g3/tab-r1/paper/tables/source_data/full_fold_models/pooled/os_3yr/ALL/repeat_03_fold_04/lightgbm/test_predictions.csv
pooled,os_3yr,ALL,4,0,logistic_regression,1053,263,329,success,0.5106368467097747,validation split balanced accuracy,0.018113733996869996,0.004404680003062822,0.5896656534954408,0.5336203597397627,0.3147208121827411,0.23134328358208955,0.8358974358974359,0.5444890929965557,0.446907298272745,0.695088152524151,0.24910768723865095,/home/prime/Documents/g3/tab-r1/paper/tables/source_data/full_fold_models/pooled/os_3yr/ALL/repeat_04_fold_00/logistic_regression/test_predictions.csv
pooled,os_3yr,ALL,4,0,random_forest,1053,263,329,success,0.4266666666666667,validation split balanced accuracy,0.45850970299943583,0.0943255220008723,0.6261398176291794,0.6355912743972445,0.5993485342019544,0.6865671641791045,0.5846153846153846,0.6782051282051283,0.5558241520221949,0.6427981268109949,0.22072352359960334,/home/prime/Documents/g3/tab-r1/paper/tables/source_data/full_fold_models/pooled/os_3yr/ALL/repeat_04_fold_00/random_forest/test_predictions.csv
pooled,os_3yr,ALL,4,0,catboost,1053,263,329,success,0.34813533434892235,validation split balanced accuracy,4.071967948999372,0.006837994998932118,0.6109422492401215,0.6437810945273632,0.632183908045977,0.8208955223880597,0.4666666666666667,0.6792384232682739,0.5876938616094182,0.6386422852756622,0.21981294938198595,/home/prime/Documents/g3/tab-r1/paper/tables/source_data/full_fold_models/pooled/os_3yr/ALL/repeat_04_fold_00/catboost/test_predictions.csv
pooled,os_3yr,ALL,4,0,xgboost,1053,263,329,success,0.24127286672592163,validation split balanced accuracy,0.6936345280009846,0.00799032600116334,0.6139817629179332,0.6393417527745886,0.6208955223880597,0.7761194029850746,0.5025641025641026,0.6822617680826636,0.5836151330670122,0.7339357483332933,0.23413667116467857,/home/prime/Documents/g3/tab-r1/paper/tables/source_data/full_fold_models/pooled/os_3yr/ALL/repeat_04_fold_00/xgboost/test_predictions.csv
pooled,os_3yr,ALL,4,0,lightgbm,1053,263,329,success,0.17916451865245853,validation split balanced accuracy,0.33952048199716955,0.008119531998090679,0.6413373860182371,0.6624186758515117,0.6380368098159509,0.7761194029850746,0.5487179487179488,0.6875047837734405,0.5679951163836915,0.9118766939186412,0.24709412585107965,/home/prime/Documents/g3/tab-r1/paper/tables/source_data/full_fold_models/pooled/os_3yr/ALL/repeat_04_fold_00/lightgbm/test_predictions.csv
pooled,os_3yr,ALL,4,1,logistic_regression,1053,263,329,success,0.3495313162645553,validation split balanced accuracy,0.018149941999581642,0.004583109999657609,0.48328267477203646,0.5288790422885572,0.5251396648044693,0.734375,0.32338308457711445,0.535117381840796,0.4449178394429789,0.6875208434684328,0.24377863446452216,/home/prime/Documents/g3/tab-r1/paper/tables/source_data/full_fold_models/pooled/os_3yr/ALL/repeat_04_fold_01/logistic_regression/test_predictions.csv
pooled,os_3yr,ALL,4,1,random_forest,1053,263,329,success,0.41333333333333333,validation split balanced accuracy,0.44412852599998587,0.09488895799950114,0.6504559270516718,0.6969060945273632,0.6685878962536023,0.90625,0.48756218905472637,0.7544504042288557,0.608297483813869,0.5582884334745498,0.19150471097676625,/home/prime/Documents/g3/tab-r1/paper/tables/source_data/full_fold_models/pooled/os_3yr/ALL/repeat_04_fold_01/random_forest/test_predictions.csv
pooled,os_3yr,ALL,4,1,catboost,1053,263,329,success,0.329101499856985,validation split balanced accuracy,4.062849499001459,0.00755165800001123,0.6534954407294833,0.7036497201492538,0.6761363636363636,0.9296875,0.47761194029850745,0.7651780161691543,0.6313091977169586,0.5542904647207161,0.18893695463637392,/home/prime/Documents/g3/tab-r1/paper/tables/source_data/full_fold_models/pooled/os_3yr/ALL/repeat_04_fold_01/catboost/test_predictions.csv
pooled,os_3yr,ALL,4,1,xgboost,1053,263,329,success,0.24460062384605408,validation split balanced accuracy,0.6733551689976593,0.00768538299962529,0.6504559270516718,0.6926500310945274,0.6627565982404692,0.8828125,0.5024875621890548,0.7189637748756218,0.5522170030555771,0.6346514050661364,0.214758704549957,/home/prime/Documents/g3/tab-r1/paper/tables/source_data/full_fold_models/pooled/os_3yr/ALL/repeat_04_fold_01/xgboost/test_predictions.csv
pooled,os_3yr,ALL,4,1,lightgbm,1053,263,329,success,0.08553554571509936,validation split balanced accuracy,0.37031042799935676,0.009630165997805307,0.6322188449848024,0.6819807213930349,0.6572237960339944,0.90625,0.4577114427860697,0.7288751554726368,0.575293369143485,0.7157509881774329,0.2275684035638376,/home/prime/Documents/g3/tab-r1/paper/tables/source_data/full_fold_models/pooled/os_3yr/ALL/repeat_04_fold_01/lightgbm/test_predictions.csv
pooled,os_3yr,ALL,4,2,logistic_regression,1053,263,329,success,0.4733230990148302,validation split balanced accuracy,0.01480398399871774,0.004545086998405168,0.5562310030395137,0.516256923894074,0.33636363636363636,0.26811594202898553,0.7643979057591623,0.542947112831019,0.465959873426803,0.7172847611244997,0.2543766383281597,/home/prime/Documents/g3/tab-r1/paper/tables/source_data/full_fold_models/pooled/os_3yr/ALL/repeat_04_fold_02/logistic_regression/test_predictions.csv
pooled,os_3yr,ALL,4,2,random_forest,1053,263,329,success,0.24666666666666667,validation split balanced accuracy,0.44007993699779036,0.07440963699991698,0.6231003039513677,0.6653387965703013,0.6736842105263158,0.927536231884058,0.4031413612565445,0.7224941194324304,0.6086726024997411,0.5899262714479635,0.20538680856837385,/home/prime/Documents/g3/tab-r1/paper/tables/source_data/full_fold_models/pooled/os_3yr/ALL/repeat_04_fold_02/random_forest/test_predictions.csv
pooled,os_3yr,ALL,4,2,catboost,1053,263,329,success,0.35373869171527544,validation split balanced accuracy,3.843479164999735,0.007479691001208266,0.6382978723404256,0.6482661810456029,0.6222222222222222,0.7101449275362319,0.5863874345549738,0.729778435389635,0.6269854508600665,0.5913616622447848,0.20476065963102622,/home/prime/Documents/g3/tab-r1/paper/tables/source_data/full_fold_models/pooled/os_3yr/ALL/repeat_04_fold_02/catboost/test_predictions.csv
pooled,os_3yr,ALL,4,2,xgboost,1053,263,329,success,0.15137049555778503,validation split balanced accuracy,0.6613922989999992,0.007613305999257136,0.6291793313069909,0.664542074512482,0.6666666666666666,0.8840579710144928,0.44502617801047123,0.7178465740951515,0.6018814805404618,0.6604914186473599,0.22445240211165893,/home/prime/Documents/g3/tab-r1/paper/tables/source_data/full_fold_models/pooled/os_3yr/ALL/repeat_04_fold_02/xgboost/test_predictions.csv
pooled,os_3yr,ALL,4,2,lightgbm,1053,263,329,success,0.09468843409531814,validation split balanced accuracy,0.3689871620008489,0.009710390000691405,0.6382978723404256,0.6693793155778132,0.6666666666666666,0.8623188405797102,0.47643979057591623,0.7300629789817134,0.6101182799421038,0.7608148637614062,0.23587540366108173,/home/prime/Documents/g3/tab-r1/paper/tables/source_data/full_fold_models/pooled/os_3yr/ALL/repeat_04_fold_02/lightgbm/test_predictions.csv
pooled,os_3yr,ALL,4,3,logistic_regression,1052,264,329,success,0.4680155949539037,validation split balanced accuracy,0.015838800001802156,0.004512144998443546,0.5714285714285714,0.534158377669828,0.3948497854077253,0.3511450381679389,0.7171717171717171,0.5232862980954583,0.41973942184710533,0.7156127245063736,0.2553776471498699,/home/prime/Documents/g3/tab-r1/paper/tables/source_data/full_fold_models/pooled/os_3yr/ALL/repeat_04_fold_03/logistic_regression/test_predictions.csv
pooled,os_3yr,ALL,4,3,random_forest,1052,264,329,success,0.4633333333333333,validation split balanced accuracy,0.4496104229983757,0.08577828299894463,0.6504559270516718,0.6618089289845015,0.6204620462046204,0.7175572519083969,0.6060606060606061,0.6982805150744082,0.5675906520668831,0.6110760658592013,0.21169379517209175,/home/prime/Documents/g3/tab-r1/paper/tables/source_data/full_fold_models/pooled/os_3yr/ALL/repeat_04_fold_03/random_forest/test_predictions.csv
pooled,os_3yr,ALL,4,3,catboost,1052,264,329,success,0.3288271425155993,validation split balanced accuracy,3.817155044998799,0.007266925000294577,0.5927051671732523,0.6332022515228622,0.6193181818181818,0.8320610687022901,0.43434343434343436,0.6690569820340813,0.5357152245095421,0.6324120849859833,0.22239560616040172,/home/prime/Documents/g3/tab-r1/paper/tables/source_data/full_fold_models/pooled/os_3yr/ALL/repeat_04_fold_03/catboost/test_predictions.csv
pooled,os_3yr,ALL,4,3,xgboost,1052,264,329,success,0.35042238235473633,validation split balanced accuracy,0.6500940570003877,0.006658583002717933,0.5866261398176292,0.5997378363790578,0.5612903225806452,0.6641221374045801,0.5353535353535354,0.6583776698280515,0.5182319112910532,0.7492461795491253,0.2513868288167285,/home/prime/Documents/g3/tab-r1/paper/tables/source_data/full_fold_models/pooled/os_3yr/ALL/repeat_04_fold_03/xgboost/test_predictions.csv
pooled,os_3yr,ALL,4,3,lightgbm,1052,264,329,success,0.20013343804839756,validation split balanced accuracy,0.36506168699997943,0.008953204000135884,0.5805471124620061,0.6024365795358162,0.5740740740740741,0.7099236641221374,0.494949494949495,0.6515922584624874,0.5125019377285318,0.912856341351665,0.277273886742269,/home/prime/Documents/g3/tab-r1/paper/tables/source_data/full_fold_models/pooled/os_3yr/ALL/repeat_04_fold_03/lightgbm/test_predictions.csv
pooled,os_3yr,ALL,4,4,logistic_regression,1052,264,329,success,0.43795322552580407,validation split balanced accuracy,0.016364293998776702,0.005217792000621557,0.5501519756838906,0.5218140929535233,0.3565217391304348,0.2827586206896552,0.7608695652173914,0.5200712143928036,0.4605352531954533,0.7126289774619129,0.25655388851841693,/home/prime/Documents/g3/tab-r1/paper/tables/source_data/full_fold_models/pooled/os_3yr/ALL/repeat_04_fold_04/logistic_regression/test_predictions.csv
pooled,os_3yr,ALL,4,4,random_forest,1052,264,329,success,0.38,validation split balanced accuracy,0.435460527001851,0.08447603700187756,0.6382978723404256,0.6590892053973013,0.6703601108033241,0.8344827586206897,0.483695652173913,0.7124250374812594,0.6063642275887409,0.6169785509310938,0.21375932871038628,/home/prime/Documents/g3/tab-r1/paper/tables/source_data/full_fold_models/pooled/os_3yr/ALL/repeat_04_fold_04/random_forest/test_predictions.csv
pooled,os_3yr,ALL,4,4,catboost,1052,264,329,success,0.2953495455556798,validation split balanced accuracy,3.658136619000288,0.00722019599925261,0.6382978723404256,0.6590892053973013,0.6703601108033241,0.8344827586206897,0.483695652173913,0.7251311844077961,0.6471850173408342,0.6155989300875864,0.211661916682182,/home/prime/Documents/g3/tab-r1/paper/tables/source_data/full_fold_models/pooled/os_3yr/ALL/repeat_04_fold_04/catboost/test_predictions.csv
pooled,os_3yr,ALL,4,4,xgboost,1052,264,329,success,0.33259764313697815,validation split balanced accuracy,0.5965620520000812,0.0073593410015746485,0.6382978723404256,0.6459332833583209,0.6338461538461538,0.7103448275862069,0.5815217391304348,0.7047788605697152,0.6123211248554474,0.7191415193576302,0.2360234645871268,/home/prime/Documents/g3/tab-r1/paper/tables/source_data/full_fold_models/pooled/os_3yr/ALL/repeat_04_fold_04/xgboost/test_predictions.csv
pooled,os_3yr,ALL,4,4,lightgbm,1052,264,329,success,0.3644920796748151,validation split balanced accuracy,0.35532543800218264,0.009685822999017546,0.6534954407294833,0.6536731634182908,0.625,0.6551724137931034,0.6521739130434783,0.7081146926536731,0.6218461606745116,0.8431688246697872,0.24986059532637053,/home/prime/Documents/g3/tab-r1/paper/tables/source_data/full_fold_models/pooled/os_3yr/ALL/repeat_04_fold_04/lightgbm/test_predictions.csv
per_cancer,os_5yr,BRCA,0,0,logistic_regression,224,56,70,success,0.2388691034150242,validation split balanced accuracy,0.010638321000442374,0.004033571000036318,0.45714285714285713,0.4318181818181818,0.2962962962962963,0.36363636363636365,0.5,0.42329545454545453,0.2901389491937918,0.9134562177832617,0.2727174591205162,/home/prime/Documents/g3/tab-r1/paper/tables/source_data/full_fold_models/per_cancer/os_5yr/BRCA/repeat_00_fold_00/logistic_regression/test_predictions.csv
per_cancer,os_5yr,BRCA,0,0,random_forest,224,56,70,success,0.33666666666666667,validation split balanced accuracy,0.3497226209983637,0.07582816599824582,0.6428571428571429,0.5672348484848485,0.3902439024390244,0.36363636363636365,0.7708333333333334,0.5572916666666665,0.4304137218261764,0.6294794963728461,0.2151484126984127,/home/prime/Documents/g3/tab-r1/paper/tables/source_data/full_fold_models/per_cancer/os_5yr/BRCA/repeat_00_fold_00/random_forest/test_predictions.csv
per_cancer,os_5yr,BRCA,0,0,catboost,224,56,70,success,0.1302026118621662,validation split balanced accuracy,1.6649881330013159,0.005991879999783123,0.38571428571428573,0.5151515151515151,0.4691358024691358,0.8636363636363636,0.16666666666666666,0.5416666666666666,0.36091424111132614,0.6639859599433174,0.2294451069315605,/home/prime/Documents/g3/tab-r1/paper/tables/source_data/full_fold_models/per_cancer/os_5yr/BRCA/repeat_00_fold_00/catboost/test_predictions.csv
per_cancer,os_5yr,BRCA,0,0,xgboost,224,56,70,success,0.01587865687906742,validation split balanced accuracy,0.16477455699714483,0.005666369001119165,0.38571428571428573,0.5397727272727273,0.49411764705882355,0.9545454545454546,0.125,0.5445075757575758,0.3423168547596596,0.8854252818234275,0.27398972957436957,/home/prime/Documents/g3/tab-r1/paper/tables/source_data/full_fold_models/per_cancer/os_5yr/BRCA/repeat_00_fold_00/xgboost/test_predictions.csv
per_cancer,os_5yr,BRCA,0,0,lightgbm,224,56,70,success,0.711516811168353,validation split balanced accuracy,0.06022330100313411,0.006628486000408884,0.6714285714285714,0.5142045454545454,0.14814814814814814,0.09090909090909091,0.9375,0.5691287878787878,0.36541805791977106,1.011029536768855,0.2850287504303273,/home/prime/Documents/g3/tab-r1/paper/tables/source_data/full_fold_models/per_cancer/os_5yr/BRCA/repeat_00_fold_00/lightgbm/test_predictions.csv
per_cancer,os_5yr,BRCA,0,1,logistic_regression,224,56,70,success,0.2728599570853374,validation split balanced accuracy,0.010576343000138877,0.00469415299812681,0.6714285714285714,0.6424148606811146,0.4888888888888889,0.5789473684210527,0.7058823529411765,0.6594427244582043,0.5324683720069258,0.5404280361991828,0.1776075385047587,/home/prime/Documents/g3/tab-r1/paper/tables/source_data/full_fold_models/per_cancer/os_5yr/BRCA/repeat_00_fold_01/logistic_regression/test_predictions.csv
per_cancer,os_5yr,BRCA,0,1,random_forest,224,56,70,success,0.30333333333333334,validation split balanced accuracy,0.34946181299892487,0.07494717300141929,0.6428571428571429,0.5897832817337462,0.4186046511627907,0.47368421052631576,0.7058823529411765,0.5345717234262126,0.37053642525961294,0.5935164595198411,0.19907158730158733,/home/prime/Documents/g3/tab-r1/paper/tables/source_data/full_fold_models/per_cancer/os_5yr/BRCA/repeat_00_fold_01/random_forest/test_predictions.csv
per_cancer,os_5yr,BRCA,0,1,catboost,224,56,70,success,0.2231875180624882,validation split balanced accuracy,1.766374265000195,0.0058966479991795495,0.6,0.5933952528379773,0.44,0.5789473684210527,0.6078431372549019,0.5675954592363261,0.3577731141566264,0.6086995742242673,0.2045079703217293,/home/prime/Documents/g3/tab-r1/paper/tables/source_data/full_fold_models/per_cancer/os_5yr/BRCA/repeat_00_fold_01/catboost/test_predictions.csv
per_cancer,os_5yr,BRCA,0,1,xgboost,224,56,70,success,0.032238397747278214,validation split balanced accuracy,0.1830193319983664,0.005435156999737956,0.34285714285714286,0.4499484004127967,0.3611111111111111,0.6842105263157895,0.21568627450980393,0.4458204334365325,0.2728774366770991,0.8766733606596492,0.2515230732004782,/home/prime/Documents/g3/tab-r1/paper/tables/source_data/full_fold_models/per_cancer/os_5yr/BRCA/repeat_00_fold_01/xgboost/test_predictions.csv
per_cancer,os_5yr,BRCA,0,1,lightgbm,224,56,70,success,0.004637293068875894,validation split balanced accuracy,0.06128476899903035,0.006666797999059781,0.34285714285714286,0.49948400412796695,0.41025641025641024,0.8421052631578947,0.1568627450980392,0.4551083591331269,0.2842876544616068,1.1693139110843316,0.28026846004475997,/home/prime/Documents/g3/tab-r1/paper/tables/source_data/full_fold_models/per_cancer/os_5yr/BRCA/repeat_00_fold_01/lightgbm/test_predictions.csv
per_cancer,os_5yr,BRCA,0,2,logistic_regression,224,56,70,success,0.3465922018016846,validation split balanced accuracy,0.010960045001411345,0.004940402999636717,0.5285714285714286,0.49484004127966974,0.32653061224489793,0.42105263157894735,0.5686274509803921,0.49742002063983487,0.3513192029991127,0.6490891386873218,0.2209502255448168,/home/prime/Documents/g3/tab-r1/paper/tables/source_data/full_fold_models/per_cancer/os_5yr/BRCA/repeat_00_fold_02/logistic_regression/test_predictions.csv
per_cancer,os_5yr,BRCA,0,2,random_forest,224,56,70,success,0.42333333333333334,validation split balanced accuracy,0.34429433699915535,0.07564262099913321,0.7714285714285715,0.6284829721362228,0.42857142857142855,0.3157894736842105,0.9411764705882353,0.567079463364293,0.4036797733355368,0.5847132162687797,0.19763666666666668,/home/prime/Documents/g3/tab-r1/paper/tables/source_data/full_fold_models/per_cancer/os_5yr/BRCA/repeat_00_fold_02/random_forest/test_predictions.csv
per_cancer,os_5yr,BRCA,0,2,catboost,224,56,70,success,0.3139331999540432,validation split balanced accuracy,1.766097396000987,0.006288156000664458,0.6571428571428571,0.56656346749226,0.3684210526315789,0.3684210526315789,0.7647058823529411,0.5479876160990712,0.5044767590604371,0.574018554264362,0.19071722563840987,/home/prime/Documents/g3/tab-r1/paper/tables/source_data/full_fold_models/per_cancer/os_5yr/BRCA/repeat_00_fold_02/catboost/test_predictions.csv
per_cancer,os_5yr,BRCA,0,2,xgboost,224,56,70,success,0.1466379314661026,validation split balanced accuracy,0.16919685099855997,0.005963915999018354,0.4857142857142857,0.4984520123839009,0.35714285714285715,0.5263157894736842,0.47058823529411764,0.5376676986584107,0.3655403300843186,0.7459664792526952,0.2444631909709403,/home/prime/Documents/g3/tab-r1/paper/tables/source_data/full_fold_models/per_cancer/os_5yr/BRCA/repeat_00_fold_02/xgboost/test_predictions.csv
per_cancer,os_5yr,BRCA,0,2,lightgbm,224,56,70,success,0.088367165117074,validation split balanced accuracy,0.06003489200156764,0.00675274300010642,0.42857142857142855,0.4757481940144479,0.3548387096774194,0.5789473684210527,0.37254901960784315,0.5562435500515996,0.3898115871687266,0.834271168120326,0.23275136842066693,/home/prime/Documents/g3/tab-r1/paper/tables/source_data/full_fold_models/per_cancer/os_5yr/BRCA/repeat_00_fold_02/lightgbm/test_predictions.csv
per_cancer,os_5yr,BRCA,0,3,logistic_regression,224,56,70,success,0.3485310879613542,validation split balanced accuracy,0.010256411998852855,0.004707126998255262,0.5571428571428572,0.4877913429522752,0.27906976744186046,0.35294117647058826,0.6226415094339622,0.4395116537180911,0.255116552737091,0.7328497459161849,0.2386561726985196,/home/prime/Documents/g3/tab-r1/paper/tables/source_data/full_fold_models/per_cancer/os_5yr/BRCA/repeat_00_fold_03/logistic_regression/test_predictions.csv
per_cancer,os_5yr,BRCA,0,3,random_forest,224,56,70,success,0.27888888888888885,validation split balanced accuracy,0.3491047809984593,0.07353821300057461,0.5714285714285714,0.6170921198668147,0.4444444444444444,0.7058823529411765,0.5283018867924528,0.6759156492785794,0.40606283329619774,0.529205252871809,0.17434284380314413,/home/prime/Documents/g3/tab-r1/paper/tables/source_data/full_fold_models/per_cancer/os_5yr/BRCA/repeat_00_fold_03/random_forest/test_predictions.csv
per_cancer,os_5yr,BRCA,0,3,catboost,224,56,70,success,0.2827046455301073,validation split balanced accuracy,1.7313611560020945,0.00580827899830183,0.6714285714285714,0.623196448390677,0.43902439024390244,0.5294117647058824,0.7169811320754716,0.6659267480577136,0.37103164611167516,0.5246899196960305,0.17364291861193026,/home/prime/Documents/g3/tab-r1/paper/tables/source_data/full_fold_models/per_cancer/os_5yr/BRCA/repeat_00_fold_03/catboost/test_predictions.csv
per_cancer,os_5yr,BRCA,0,3,xgboost,224,56,70,success,0.06273796409368515,validation split balanced accuracy,0.1919532079991768,0.005664756001351634,0.4714285714285714,0.5710321864594894,0.4126984126984127,0.7647058823529411,0.37735849056603776,0.6681465038845726,0.42948386315391557,0.6122681930467567,0.18876612636217907,/home/prime/Documents/g3/tab-r1/paper/tables/source_data/full_fold_models/per_cancer/os_5yr/BRCA/repeat_00_fold_03/xgboost/test_predictions.csv
per_cancer,os_5yr,BRCA,0,3,lightgbm,224,56,70,success,0.17130616973008375,validation split balanced accuracy,0.056394451999949524,0.006356746001983993,0.6857142857142857,0.6526082130965594,0.47619047619047616,0.5882352941176471,0.7169811320754716,0.664816870144284,0.407409367364836,0.7257766754122618,0.21747356486898617,/home/prime/Documents/g3/tab-r1/paper/tables/source_data/full_fold_models/per_cancer/os_5yr/BRCA/repeat_00_fold_03/lightgbm/test_predictions.csv
per_cancer,os_5yr,BRCA,0,4,logistic_regression,224,56,70,success,0.3444285146175603,validation split balanced accuracy,0.010485529997822596,0.004888212999503594,0.6571428571428571,0.5398550724637681,0.25,0.16666666666666666,0.9130434782608695,0.5634057971014492,0.45129865599777885,0.6817488345517247,0.2334621667419472,/home/prime/Documents/g3/tab-r1/paper/tables/source_data/full_fold_models/per_cancer/os_5yr/BRCA/repeat_00_fold_04/logistic_regression/test_predictions.csv
per_cancer,os_5yr,BRCA,0,4,random_forest,224,56,70,success,0.27166666666666667,validation split balanced accuracy,0.3448482649982907,0.07525660500323283,0.5285714285714286,0.5018115942028986,0.37735849056603776,0.4166666666666667,0.5869565217391305,0.6082427536231885,0.46074950949165705,0.6617537392885747,0.23170818844752183,/home/prime/Documents/g3/tab-r1/paper/tables/source_data/full_fold_models/per_cancer/os_5yr/BRCA/repeat_00_fold_04/random_forest/test_predictions.csv
per_cancer,os_5yr,BRCA,0,4,catboost,224,56,70,success,0.28574354493766607,validation split balanced accuracy,2.2465850619992125,0.005773934000899317,0.5857142857142857,0.4855072463768116,0.21621621621621623,0.16666666666666666,0.8043478260869565,0.5072463768115942,0.35847034515263165,0.722968991047451,0.25314521152597325,/home/prime/Documents/g3/tab-r1/paper/tables/source_data/full_fold_models/per_cancer/os_5yr/BRCA/repeat_00_fold_04/catboost/test_predictions.csv
per_cancer,os_5yr,BRCA,0,4,xgboost,224,56,70,success,0.03428950160741806,validation split balanced accuracy,0.2042287860022043,0.005419237000751309,0.34285714285714286,0.42028985507246375,0.41025641025641024,0.6666666666666666,0.17391304347826086,0.4284420289855072,0.3486850586639509,1.022856453046173,0.29733731403828806,/home/prime/Documents/g3/tab-r1/paper/tables/source_data/full_fold_models/per_cancer/os_5yr/BRCA/repeat_00_fold_04/xgboost/test_predictions.csv
per_cancer,os_5yr,BRCA,0,4,lightgbm,224,56,70,success,0.07479638257444995,validation split balanced accuracy,0.062175459002901334,0.0063034150007297285,0.4714285714285714,0.45833333333333337,0.3508771929824561,0.4166666666666667,0.5,0.4338768115942029,0.38311510623232753,1.2764113209767554,0.3053678444054188,/home/prime/Documents/g3/tab-r1/paper/tables/source_data/full_fold_models/per_cancer/os_5yr/BRCA/repeat_00_fold_04/lightgbm/test_predictions.csv
per_cancer,os_5yr,BRCA,1,0,logistic_regression,224,56,70,success,0.28558880015110116,validation split balanced accuracy,0.010254789001919562,0.003972493999754079,0.5571428571428572,0.4925994449583719,0.3111111111111111,0.30434782608695654,0.6808510638297872,0.5550416281221091,0.3672695373461687,0.7125830496641561,0.24114510213986573,/home/prime/Documents/g3/tab-r1/paper/tables/source_data/full_fold_models/per_cancer/os_5yr/BRCA/repeat_01_fold_00/logistic_regression/test_predictions.csv
per_cancer,os_5yr,BRCA,1,0,random_forest,224,56,70,success,0.2822222222222222,validation split balanced accuracy,0.3492325459992571,0.07589296899823239,0.6142857142857143,0.6350601295097132,0.5423728813559322,0.6956521739130435,0.574468085106383,0.656336725254394,0.5297639924130484,0.6132288797859542,0.2098928748254328,/home/prime/Documents/g3/tab-r1/paper/tables/source_data/full_fold_models/per_cancer/os_5yr/BRCA/repeat_01_fold_00/random_forest/test_predictions.csv
per_cancer,os_5yr,BRCA,1,0,catboost,224,56,70,success,0.13203508981758239,validation split balanced accuracy,1.6791443609981798,0.006161944998893887,0.45714285714285713,0.5513413506012951,0.5,0.8260869565217391,0.2765957446808511,0.6401480111008326,0.5345693016440105,0.6383410568076825,0.21524779307594752,/home/prime/Documents/g3/tab-r1/paper/tables/source_data/full_fold_models/per_cancer/os_5yr/BRCA/repeat_01_fold_00/catboost/test_predictions.csv
per_cancer,os_5yr,BRCA,1,0,xgboost,224,56,70,success,0.23103035986423492,validation split balanced accuracy,0.18500057399796788,0.006532701998366974,0.6428571428571429,0.589731729879741,0.4444444444444444,0.43478260869565216,0.7446808510638298,0.6604995374653099,0.5679781952085103,0.7389574590005188,0.21966658035307515,/home/prime/Documents/g3/tab-r1/paper/tables/source_data/full_fold_models/per_cancer/os_5yr/BRCA/repeat_01_fold_00/xgboost/test_predictions.csv
per_cancer,os_5yr,BRCA,1,0,lightgbm,224,56,70,success,0.21654833073559812,validation split balanced accuracy,0.05826539400004549,0.0065146979977726005,0.7,0.6655874190564293,0.5531914893617021,0.5652173913043478,0.7659574468085106,0.6651248843663276,0.5271815823342796,0.8674091536997811,0.22736104137709945,/home/prime/Documents/g3/tab-r1/paper/tables/source_data/full_fold_models/per_cancer/os_5yr/BRCA/repeat_01_fold_00/lightgbm/test_predictions.csv
per_cancer,os_5yr,BRCA,1,1,logistic_regression,224,56,70,success,0.10911456550740976,validation split balanced accuracy,0.010569120000582188,0.004741071999887936,0.35714285714285715,0.5754716981132075,0.43037974683544306,1.0,0.1509433962264151,0.5738068812430632,0.2908311449571583,0.5588007342680327,0.18942222928925895,/home/prime/Documents/g3/tab-r1/paper/tables/source_data/full_fold_models/per_cancer/os_5yr/BRCA/repeat_01_fold_01/logistic_regression/test_predictions.csv
per_cancer,os_5yr,BRCA,1,1,random_forest,224,56,70,success,0.2687037037037037,validation split balanced accuracy,0.3402243259988609,0.07591505200252868,0.4714285714285714,0.4711431742508324,0.3018867924528302,0.47058823529411764,0.4716981132075472,0.5305216426193119,0.30796917155912895,0.5685169723374006,0.19077291048829847,/home/prime/Documents/g3/tab-r1/paper/tables/source_data/full_fold_models/per_cancer/os_5yr/BRCA/repeat_01_fold_01/random_forest/test_predictions.csv
per_cancer,os_5yr,BRCA,1,1,catboost,224,56,70,success,0.35459378965310867,validation split balanced accuracy,1.7143574910005555,0.005757373000960797,0.6428571428571429,0.4644839067702553,0.13793103448275862,0.11764705882352941,0.8113207547169812,0.5249722530521643,0.27441943237494376,0.5810616582823119,0.19459916903770538,/home/prime/Documents/g3/tab-r1/paper/tables/source_data/full_fold_models/per_cancer/os_5yr/BRCA/repeat_01_fold_01/catboost/test_predictions.csv
per_cancer,os_5yr,BRCA,1,1,xgboost,224,56,70,success,0.21387948095798492,validation split balanced accuracy,0.18909093299953383,0.006776849000743823,0.5857142857142857,0.4866814650388457,0.2564102564102564,0.29411764705882354,0.6792452830188679,0.4572697003329633,0.25464204409113284,0.7483020915833879,0.22914313636892447,/home/prime/Documents/g3/tab-r1/paper/tables/source_data/full_fold_models/per_cancer/os_5yr/BRCA/repeat_01_fold_01/xgboost/test_predictions.csv
per_cancer,os_5yr,BRCA,1,1,lightgbm,224,56,70,success,0.06909569109507921,validation split balanced accuracy,0.05802443400170887,0.006587237003259361,0.45714285714285713,0.44173140954495005,0.2692307692307692,0.4117647058823529,0.4716981132075472,0.4916759156492786,0.3076648578359094,0.8193860599321438,0.23344871193723046,/home/prime/Documents/g3/tab-r1/paper/tables/source_data/full_fold_models/per_cancer/os_5yr/BRCA/repeat_01_fold_01/lightgbm/test_predictions.csv
per_cancer,os_5yr,BRCA,1,2,logistic_regression,224,56,70,success,0.20663484566549528,validation split balanced accuracy,0.011000693000823958,0.004715463001048192,0.3142857142857143,0.34739178690344064,0.22580645161290322,0.4117647058823529,0.2830188679245283,0.3584905660377358,0.2285130253126737,0.7176538907767527,0.22766864183315794,/home/prime/Documents/g3/tab-r1/paper/tables/source_data/full_fold_models/per_cancer/os_5yr/BRCA/repeat_01_fold_02/logistic_regression/test_predictions.csv
per_cancer,os_5yr,BRCA,1,2,random_forest,224,56,70,success,0.3333333333333333,validation split balanced accuracy,0.35136116899957415,0.07492059300057008,0.6714285714285714,0.52330743618202,0.25806451612903225,0.23529411764705882,0.8113207547169812,0.5116537180910099,0.2719986456858417,0.5757875042516024,0.19099190476190475,/home/prime/Documents/g3/tab-r1/paper/tables/source_data/full_fold_models/per_cancer/os_5yr/BRCA/repeat_01_fold_02/random_forest/test_predictions.csv
per_cancer,os_5yr,BRCA,1,2,catboost,224,56,70,success,0.2486039358449583,validation split balanced accuracy,1.4679490540002007,0.005775227000412997,0.6428571428571429,0.5443951165371809,0.32432432432432434,0.35294117647058826,0.7358490566037735,0.5538290788013318,0.2824315060732288,0.5663145203612613,0.1874780597730532,/home/prime/Documents/g3/tab-r1/paper/tables/source_data/full_fold_models/per_cancer/os_5yr/BRCA/repeat_01_fold_02/catboost/test_predictions.csv
per_cancer,os_5yr,BRCA,1,2,xgboost,224,56,70,success,0.255802720785141,validation split balanced accuracy,0.16526746800082037,0.006610721000470221,0.7,0.5621531631520533,0.3225806451612903,0.29411764705882354,0.8301886792452831,0.5749167591564928,0.2998107110300234,0.7533062024237469,0.22379840140886864,/home/prime/Documents/g3/tab-r1/paper/tables/source_data/full_fold_models/per_cancer/os_5yr/BRCA/repeat_01_fold_02/xgboost/test_predictions.csv
per_cancer,os_5yr,BRCA,1,2,lightgbm,224,56,70,success,0.03756147237400719,validation split balanced accuracy,0.05960514199978206,0.006599651002034079,0.5142857142857142,0.5394006659267481,0.37037037037037035,0.5882352941176471,0.49056603773584906,0.530521642619312,0.3296064903039802,0.949015143034123,0.22196316017951712,/home/prime/Documents/g3/tab-r1/paper/tables/source_data/full_fold_models/per_cancer/os_5yr/BRCA/repeat_01_fold_02/lightgbm/test_predictions.csv
per_cancer,os_5yr,BRCA,1,3,logistic_regression,224,56,70,success,0.2194589837888849,validation split balanced accuracy,0.010935448000964243,0.0047079089999897406,0.5714285714285714,0.547641073080481,0.4230769230769231,0.4782608695652174,0.6170212765957447,0.578168362627197,0.42258443610113994,0.7441293681287184,0.23915089321310284,/home/prime/Documents/g3/tab-r1/paper/tables/source_data/full_fold_models/per_cancer/os_5yr/BRCA/repeat_01_fold_03/logistic_regression/test_predictions.csv
per_cancer,os_5yr,BRCA,1,3,random_forest,224,56,70,success,0.29,validation split balanced accuracy,0.34784798200053046,0.0752546709991293,0.6285714285714286,0.5790934320074006,0.43478260869565216,0.43478260869565216,0.723404255319149,0.5712303422756706,0.45009873728845584,0.6376168181119197,0.2207395238095238,/home/prime/Documents/g3/tab-r1/paper/tables/source_data/full_fold_models/per_cancer/os_5yr/BRCA/repeat_01_fold_03/random_forest/test_predictions.csv
per_cancer,os_5yr,BRCA,1,3,catboost,224,56,70,success,0.2065378108394925,validation split balanced accuracy,2.005739204996644,0.005861892001121305,0.5428571428571428,0.5263644773358003,0.4074074074074074,0.4782608695652174,0.574468085106383,0.5679925994449584,0.3912206314046938,0.6803851828793663,0.23629620537404533,/home/prime/Documents/g3/tab-r1/paper/tables/source_data/full_fold_models/per_cancer/os_5yr/BRCA/repeat_01_fold_03/catboost/test_predictions.csv
per_cancer,os_5yr,BRCA,1,3,xgboost,224,56,70,success,0.14634563028812408,validation split balanced accuracy,0.1818029589994694,0.006637453003349947,0.5571428571428572,0.503700277520814,0.3404255319148936,0.34782608695652173,0.6595744680851063,0.5522664199814985,0.3860353775393358,0.9079578022673053,0.2702726227519599,/home/prime/Documents/g3/tab-r1/paper/tables/source_data/full_fold_models/per_cancer/os_5yr/BRCA/repeat_01_fold_03/xgboost/test_predictions.csv
per_cancer,os_5yr,BRCA,1,3,lightgbm,224,56,70,success,0.07473448907506748,validation split balanced accuracy,0.059575275001407135,0.006811033999838401,0.5,0.4833487511563367,0.36363636363636365,0.43478260869565216,0.5319148936170213,0.5087881591119334,0.3502201980962075,1.1810562982979769,0.3005383176213111,/home/prime/Documents/g3/tab-r1/paper/tables/source_data/full_fold_models/per_cancer/os_5yr/BRCA/repeat_01_fold_03/lightgbm/test_predictions.csv
per_cancer,os_5yr,BRCA,1,4,logistic_regression,224,56,70,success,0.4654350440667482,validation split balanced accuracy,0.010107277001225157,0.004056955000123708,0.7,0.554421768707483,0.27586206896551724,0.19047619047619047,0.9183673469387755,0.5665694849368318,0.4566610833561922,0.6905994740792288,0.2165219963126413,/home/prime/Documents/g3/tab-r1/paper/tables/source_data/full_fold_models/per_cancer/os_5yr/BRCA/repeat_01_fold_04/logistic_regression/test_predictions.csv
per_cancer,os_5yr,BRCA,1,4,random_forest,224,56,70,success,0.36833333333333335,validation split balanced accuracy,0.3478165109991096,0.07660599000155344,0.6285714285714286,0.5306122448979591,0.3157894736842105,0.2857142857142857,0.7755102040816326,0.6520894071914479,0.4168825058591608,0.5879408645672716,0.2024211591269841,/home/prime/Documents/g3/tab-r1/paper/tables/source_data/full_fold_models/per_cancer/os_5yr/BRCA/repeat_01_fold_04/random_forest/test_predictions.csv
per_cancer,os_5yr,BRCA,1,4,catboost,224,56,70,success,0.31223497615459783,validation split balanced accuracy,2.0059945819994027,0.005757321996497922,0.6428571428571429,0.5544217687074829,0.358974358974359,0.3333333333333333,0.7755102040816326,0.630709426627794,0.4082555171709321,0.6014576871464605,0.2076073191862432,/home/prime/Documents/g3/tab-r1/paper/tables/source_data/full_fold_models/per_cancer/os_5yr/BRCA/repeat_01_fold_04/catboost/test_predictions.csv
per_cancer,os_5yr,BRCA,1,4,xgboost,224,56,70,success,0.3729908764362335,validation split balanced accuracy,0.19314008499713964,0.0066991699968639296,0.6285714285714286,0.5306122448979591,0.3157894736842105,0.2857142857142857,0.7755102040816326,0.6608357628765791,0.3930958862937581,0.7012073106630616,0.24036807250954836,/home/prime/Documents/g3/tab-r1/paper/tables/source_data/full_fold_models/per_cancer/os_5yr/BRCA/repeat_01_fold_04/xgboost/test_predictions.csv
per_cancer,os_5yr,BRCA,1,4,lightgbm,224,56,70,success,0.6864772773250838,validation split balanced accuracy,0.060991628997726366,0.006538243000250077,0.6714285714285714,0.5204081632653061,0.20689655172413793,0.14285714285714285,0.8979591836734694,0.6258503401360543,0.40064386986099104,0.8988904331273386,0.27454390289152314,/home/prime/Documents/g3/tab-r1/paper/tables/source_data/full_fold_models/per_cancer/os_5yr/BRCA/repeat_01_fold_04/lightgbm/test_predictions.csv
per_cancer,os_5yr,BRCA,2,0,logistic_regression,224,56,70,success,0.5378885709716714,validation split balanced accuracy,0.010365189998992719,0.0040632880009070504,0.6571428571428571,0.46938775510204084,0.0,0.0,0.9387755102040817,0.5111758989310009,0.30154604298678256,0.8996238231764172,0.26098409485107005,/home/prime/Documents/g3/tab-r1/paper/tables/source_data/full_fold_models/per_cancer/os_5yr/BRCA/repeat_02_fold_00/logistic_regression/test_predictions.csv
per_cancer,os_5yr,BRCA,2,0,random_forest,224,56,70,success,0.3333333333333333,validation split balanced accuracy,0.34804927599907387,0.07433435399798327,0.6285714285714286,0.5578231292517006,0.38095238095238093,0.38095238095238093,0.7346938775510204,0.5558794946550047,0.43611249034961197,0.6172300886404977,0.20942151722381194,/home/prime/Documents/g3/tab-r1/paper/tables/source_data/full_fold_models/per_cancer/os_5yr/BRCA/repeat_02_fold_00/random_forest/test_predictions.csv
per_cancer,os_5yr,BRCA,2,0,catboost,224,56,70,success,0.21353482654625125,validation split balanced accuracy,1.6764210609981092,0.005915654001000803,0.5142857142857142,0.5170068027210885,0.39285714285714285,0.5238095238095238,0.5102040816326531,0.5592808551992225,0.419649372861403,0.6331225456114714,0.21400293958947142,/home/prime/Documents/g3/tab-r1/paper/tables/source_data/full_fold_models/per_cancer/os_5yr/BRCA/repeat_02_fold_00/catboost/test_predictions.csv
per_cancer,os_5yr,BRCA,2,0,xgboost,224,56,70,success,0.2510346472263336,validation split balanced accuracy,0.18196037899906514,0.006537732002470875,0.6,0.5102040816326531,0.3,0.2857142857142857,0.7346938775510204,0.586491739552964,0.38041300433764313,0.7990552263245956,0.24591134891085373,/home/prime/Documents/g3/tab-r1/paper/tables/source_data/full_fold_models/per_cancer/os_5yr/BRCA/repeat_02_fold_00/xgboost/test_predictions.csv
per_cancer,os_5yr,BRCA,2,0,lightgbm,224,56,70,success,0.2219007444940769,validation split balanced accuracy,0.05790778099981253,0.006572287999006221,0.6285714285714286,0.5306122448979591,0.3157894736842105,0.2857142857142857,0.7755102040816326,0.5923226433430515,0.418023207693555,1.0087294721760678,0.2547743356448448,/home/prime/Documents/g3/tab-r1/paper/tables/source_data/full_fold_models/per_cancer/os_5yr/BRCA/repeat_02_fold_00/lightgbm/test_predictions.csv
per_cancer,os_5yr,BRCA,2,1,logistic_regression,224,56,70,success,0.25608434212774644,validation split balanced accuracy,0.010236984999210108,0.0039485089982918,0.6,0.5578168362627197,0.4166666666666667,0.43478260869565216,0.6808510638297872,0.5087881591119334,0.44086443301613965,0.7573479175471741,0.2373898090856855,/home/prime/Documents/g3/tab-r1/paper/tables/source_data/full_fold_models/per_cancer/os_5yr/BRCA/repeat_02_fold_01/logistic_regression/test_predictions.csv
per_cancer,os_5yr,BRCA,2,1,random_forest,224,56,70,success,0.2833333333333333,validation split balanced accuracy,0.3441689769970253,0.07786612699783291,0.5428571428571428,0.5041628122109159,0.36,0.391304347826087,0.6170212765957447,0.5217391304347826,0.42792541008769214,1.068440657904194,0.2375339625396828,/home/prime/Documents/g3/tab-r1/paper/tables/source_data/full_fold_models/per_cancer/os_5yr/BRCA/repeat_02_fold_01/random_forest/test_predictions.csv
per_cancer,os_5yr,BRCA,2,1,catboost,224,56,70,success,0.2703837546100851,validation split balanced accuracy,1.5930684989980364,0.005875277001905488,0.5714285714285714,0.4810360777058279,0.25,0.21739130434782608,0.7446808510638298,0.4967622571692877,0.388512170179082,0.7147007207598678,0.24251968833043389,/home/prime/Documents/g3/tab-r1/paper/tables/source_data/full_fold_models/per_cancer/os_5yr/BRCA/repeat_02_fold_01/catboost/test_predictions.csv
per_cancer,os_5yr,BRCA,2,1,xgboost,224,56,70,success,0.21217146515846252,validation split balanced accuracy,0.16907921599704423,0.006349522998789325,0.5857142857142857,0.5138760407030527,0.32558139534883723,0.30434782608695654,0.723404255319149,0.49583718778908414,0.3857146464521609,1.000392019701607,0.2730741323324494,/home/prime/Documents/g3/tab-r1/paper/tables/source_data/full_fold_models/per_cancer/os_5yr/BRCA/repeat_02_fold_01/xgboost/test_predictions.csv
per_cancer,os_5yr,BRCA,2,1,lightgbm,224,56,70,success,0.10096259487316098,validation split balanced accuracy,0.05779741999867838,0.00667810999948415,0.5,0.43894542090656796,0.2553191489361702,0.2608695652173913,0.6170212765957447,0.43108233117483813,0.3344376596740446,1.4952015988051606,0.3084782104513826,/home/prime/Documents/g3/tab-r1/paper/tables/source_data/full_fold_models/per_cancer/os_5yr/BRCA/repeat_02_fold_01/lightgbm/test_predictions.csv
per_cancer,os_5yr,BRCA,2,2,logistic_regression,224,56,70,success,0.300978661437888,validation split balanced accuracy,0.010725868000008631,0.00407984900084557,0.5428571428571428,0.4716202270381837,0.2727272727272727,0.3157894736842105,0.6274509803921569,0.4396284829721362,0.2798028141466004,0.7333934068469076,0.23112120801439245,/home/prime/Documents/g3/tab-r1/paper/tables/source_data/full_fold_models/per_cancer/os_5yr/BRCA/repeat_02_fold_02/logistic_regression/test_predictions.csv
per_cancer,os_5yr,BRCA,2,2,random_forest,224,56,70,success,0.3602777777777778,validation split balanced accuracy,0.34826106100081233,0.07276430600177264,0.6857142857142857,0.6026831785345717,0.42105263157894735,0.42105263157894735,0.7843137254901961,0.6057791537667698,0.3796405558576616,0.5816340061426976,0.19567737114467476,/home/prime/Documents/g3/tab-r1/paper/tables/source_data/full_fold_models/per_cancer/os_5yr/BRCA/repeat_02_fold_02/random_forest/test_predictions.csv
per_cancer,os_5yr,BRCA,2,2,catboost,224,56,70,success,0.22530588550323533,validation split balanced accuracy,2.017049878999387,0.005937636997259688,0.6142857142857143,0.586687306501548,0.425531914893617,0.5263157894736842,0.6470588235294118,0.5335397316821465,0.3654107385586085,0.6078580716029583,0.20273590850701442,/home/prime/Documents/g3/tab-r1/paper/tables/source_data/full_fold_models/per_cancer/os_5yr/BRCA/repeat_02_fold_02/catboost/test_predictions.csv
per_cancer,os_5yr,BRCA,2,2,xgboost,224,56,70,success,0.06047990918159485,validation split balanced accuracy,0.20019499399859342,0.006800404000387061,0.4857142857142857,0.564499484004128,0.4375,0.7368421052631579,0.39215686274509803,0.5975232198142415,0.4194539048582778,0.7260740578699807,0.21837958064307164,/home/prime/Documents/g3/tab-r1/paper/tables/source_data/full_fold_models/per_cancer/os_5yr/BRCA/repeat_02_fold_02/xgboost/test_predictions.csv
per_cancer,os_5yr,BRCA,2,2,lightgbm,224,56,70,success,0.025702614615882285,validation split balanced accuracy,0.0622263559998828,0.006612053999560885,0.42857142857142855,0.5252837977296181,0.4117647058823529,0.7368421052631579,0.3137254901960784,0.5758513931888545,0.3514877739054475,0.8632123144663104,0.23660397453140705,/home/prime/Documents/g3/tab-r1/paper/tables/source_data/full_fold_models/per_cancer/os_5yr/BRCA/repeat_02_fold_02/lightgbm/test_predictions.csv
per_cancer,os_5yr,BRCA,2,3,logistic_regression,224,56,70,success,0.23558373145926637,validation split balanced accuracy,0.009962951000488829,0.003890007003064966,0.44285714285714284,0.50944669365722,0.2909090909090909,0.6153846153846154,0.40350877192982454,0.5519568151147098,0.23492276276263285,0.559942722748914,0.18855667536718357,/home/prime/Documents/g3/tab-r1/paper/tables/source_data/full_fold_models/per_cancer/os_5yr/BRCA/repeat_02_fold_03/logistic_regression/test_predictions.csv
per_cancer,os_5yr,BRCA,2,3,random_forest,224,56,70,success,0.205,validation split balanced accuracy,0.3519569970012526,0.0756300770008238,0.2714285714285714,0.4932523616734143,0.3013698630136986,0.8461538461538461,0.14035087719298245,0.5161943319838056,0.20517068401683788,0.5662743090269546,0.18547568100322137,/home/prime/Documents/g3/tab-r1/paper/tables/source_data/full_fold_models/per_cancer/os_5yr/BRCA/repeat_02_fold_03/random_forest/test_predictions.csv
per_cancer,os_5yr,BRCA,2,3,catboost,224,56,70,success,0.42955532619133724,validation split balanced accuracy,1.8588026739998895,0.0058795650002139155,0.7571428571428571,0.4946018893387314,0.10526315789473684,0.07692307692307693,0.9122807017543859,0.5195681511470984,0.2294342211635035,0.5648409456534622,0.17864653933314,/home/prime/Documents/g3/tab-r1/paper/tables/source_data/full_fold_models/per_cancer/os_5yr/BRCA/repeat_02_fold_03/catboost/test_predictions.csv
per_cancer,os_5yr,BRCA,2,3,xgboost,224,56,70,success,0.2581338882446289,validation split balanced accuracy,0.19159041500097374,0.006609619998926064,0.5714285714285714,0.5290148448043185,0.2857142857142857,0.46153846153846156,0.5964912280701754,0.5263157894736842,0.21353174471397735,0.6987075492110116,0.21337594785685365,/home/prime/Documents/g3/tab-r1/paper/tables/source_data/full_fold_models/per_cancer/os_5yr/BRCA/repeat_02_fold_03/xgboost/test_predictions.csv
per_cancer,os_5yr,BRCA,2,3,lightgbm,224,56,70,success,0.42499302836441294,validation split balanced accuracy,0.0579319669996039,0.006601674998819362,0.6571428571428571,0.46288798920377866,0.14285714285714285,0.15384615384615385,0.7719298245614035,0.5290148448043185,0.21094051735034083,0.8479788500711798,0.22864441350245984,/home/prime/Documents/g3/tab-r1/paper/tables/source_data/full_fold_models/per_cancer/os_5yr/BRCA/repeat_02_fold_03/lightgbm/test_predictions.csv
per_cancer,os_5yr,BRCA,2,4,logistic_regression,224,56,70,success,0.010510147813610357,validation split balanced accuracy,0.010322799000277882,0.004237070003000554,0.37142857142857144,0.5022222222222222,0.5217391304347826,0.96,0.044444444444444446,0.5742222222222223,0.46148820187229883,0.7789521946220533,0.2487735946182517,/home/prime/Documents/g3/tab-r1/paper/tables/source_data/full_fold_models/per_cancer/os_5yr/BRCA/repeat_02_fold_04/logistic_regression/test_predictions.csv
per_cancer,os_5yr,BRCA,2,4,random_forest,224,56,70,success,0.25333333333333335,validation split balanced accuracy,0.33992424399912124,0.07844861900230171,0.5,0.5222222222222221,0.46153846153846156,0.6,0.4444444444444444,0.5871111111111111,0.42351036570058426,0.687149250004702,0.24231158730158725,/home/prime/Documents/g3/tab-r1/paper/tables/source_data/full_fold_models/per_cancer/os_5yr/BRCA/repeat_02_fold_04/random_forest/test_predictions.csv
per_cancer,os_5yr,BRCA,2,4,catboost,224,56,70,success,0.38161930613280404,validation split balanced accuracy,1.882524276003096,0.006050551997759612,0.6142857142857143,0.4866666666666667,0.06896551724137931,0.04,0.9333333333333333,0.5493333333333333,0.3946121463679309,0.7237863230288522,0.25407898907008913,/home/prime/Documents/g3/tab-r1/paper/tables/source_data/full_fold_models/per_cancer/os_5yr/BRCA/repeat_02_fold_04/catboost/test_predictions.csv
per_cancer,os_5yr,BRCA,2,4,xgboost,224,56,70,success,0.028848694637417793,validation split balanced accuracy,0.17335606100095902,0.006389489000866888,0.44285714285714284,0.54,0.5301204819277109,0.88,0.2,0.6186666666666666,0.4649241344615703,0.8865233242806415,0.27496890467410917,/home/prime/Documents/g3/tab-r1/paper/tables/source_data/full_fold_models/per_cancer/os_5yr/BRCA/repeat_02_fold_04/xgboost/test_predictions.csv
per_cancer,os_5yr,BRCA,2,4,lightgbm,224,56,70,success,0.6550100180092093,validation split balanced accuracy,0.062442107999231666,0.006584462000319036,0.6571428571428571,0.5555555555555556,0.29411764705882354,0.2,0.9111111111111111,0.6346666666666667,0.4605201482338416,1.0587839480823305,0.28814585601768383,/home/prime/Documents/g3/tab-r1/paper/tables/source_data/full_fold_models/per_cancer/os_5yr/BRCA/repeat_02_fold_04/lightgbm/test_predictions.csv
per_cancer,os_5yr,BRCA,3,0,logistic_regression,224,56,70,success,0.2992558038566648,validation split balanced accuracy,0.010759582997707184,0.003983926999353571,0.5428571428571428,0.455,0.23809523809523808,0.25,0.66,0.505,0.31800655044989923,0.6863107653680002,0.23093276192393414,/home/prime/Documents/g3/tab-r1/paper/tables/source_data/full_fold_models/per_cancer/os_5yr/BRCA/repeat_03_fold_00/logistic_regression/test_predictions.csv
per_cancer,os_5yr,BRCA,3,0,random_forest,224,56,70,success,0.2963888888888889,validation split balanced accuracy,0.34999162500025705,0.07464689999687835,0.5714285714285714,0.5800000000000001,0.4444444444444444,0.6,0.56,0.6375,0.467199313211825,0.5768566390819375,0.19412997441396157,/home/prime/Documents/g3/tab-r1/paper/tables/source_data/full_fold_models/per_cancer/os_5yr/BRCA/repeat_03_fold_00/random_forest/test_predictions.csv
per_cancer,os_5yr,BRCA,3,0,catboost,224,56,70,success,0.1899649299204885,validation split balanced accuracy,2.0211623109971697,0.006050011001207167,0.4857142857142857,0.55,0.4375,0.7,0.4,0.5389999999999999,0.36553837484950064,0.6384847915123063,0.21542095488264582,/home/prime/Documents/g3/tab-r1/paper/tables/source_data/full_fold_models/per_cancer/os_5yr/BRCA/repeat_03_fold_00/catboost/test_predictions.csv
per_cancer,os_5yr,BRCA,3,0,xgboost,224,56,70,success,0.16473692655563354,validation split balanced accuracy,0.1912221020029392,0.006545536998601165,0.5571428571428572,0.555,0.41509433962264153,0.55,0.56,0.501,0.290094336843086,0.9062934832338505,0.2785202969456317,/home/prime/Documents/g3/tab-r1/paper/tables/source_data/full_fold_models/per_cancer/os_5yr/BRCA/repeat_03_fold_00/xgboost/test_predictions.csv
per_cancer,os_5yr,BRCA,3,0,lightgbm,224,56,70,success,0.8523100164109578,validation split balanced accuracy,0.054769468999438686,0.0064664160017855465,0.7,0.49,0.0,0.0,0.98,0.545,0.30890738561562925,1.0096815017732588,0.28768914316807287,/home/prime/Documents/g3/tab-r1/paper/tables/source_data/full_fold_models/per_cancer/os_5yr/BRCA/repeat_03_fold_00/lightgbm/test_predictions.csv
per_cancer,os_5yr,BRCA,3,1,logistic_regression,224,56,70,success,0.4896915337438439,validation split balanced accuracy,0.009985855998820625,0.0038487379970320035,0.7285714285714285,0.5121212121212121,0.17391304347826086,0.13333333333333333,0.8909090909090909,0.6545454545454545,0.3408986660080722,0.5443504095232227,0.177764671208837,/home/prime/Documents/g3/tab-r1/paper/tables/source_data/full_fold_models/per_cancer/os_5yr/BRCA/repeat_03_fold_01/logistic_regression/test_predictions.csv
per_cancer,os_5yr,BRCA,3,1,random_forest,224,56,70,success,0.29,validation split balanced accuracy,0.34756673499941826,0.07356731899926672,0.6,0.5757575757575757,0.36363636363636365,0.5333333333333333,0.6181818181818182,0.5909090909090909,0.32180166039590696,0.5323197117664555,0.17487190476190473,/home/prime/Documents/g3/tab-r1/paper/tables/source_data/full_fold_models/per_cancer/os_5yr/BRCA/repeat_03_fold_01/random_forest/test_predictions.csv
per_cancer,os_5yr,BRCA,3,1,catboost,224,56,70,success,0.15717312742146544,validation split balanced accuracy,1.8022029409985407,0.00577636900197831,0.45714285714285713,0.5575757575757576,0.36666666666666664,0.7333333333333333,0.38181818181818183,0.6096969696969697,0.280877210428292,0.533204000620716,0.1771857353402032,/home/prime/Documents/g3/tab-r1/paper/tables/source_data/full_fold_models/per_cancer/os_5yr/BRCA/repeat_03_fold_01/catboost/test_predictions.csv
per_cancer,os_5yr,BRCA,3,1,xgboost,224,56,70,success,0.06021995469927788,validation split balanced accuracy,0.20239023600151995,0.006723156002408359,0.45714285714285713,0.5575757575757576,0.36666666666666664,0.7333333333333333,0.38181818181818183,0.5842424242424242,0.27360974623241474,0.6865710411519513,0.20806136256710392,/home/prime/Documents/g3/tab-r1/paper/tables/source_data/full_fold_models/per_cancer/os_5yr/BRCA/repeat_03_fold_01/xgboost/test_predictions.csv
per_cancer,os_5yr,BRCA,3,1,lightgbm,224,56,70,success,0.011909045729828757,validation split balanced accuracy,0.060882090001541656,0.0066831900003307965,0.4,0.5212121212121212,0.34375,0.7333333333333333,0.3090909090909091,0.5878787878787879,0.291527933656406,0.8662726612789007,0.22111676275287487,/home/prime/Documents/g3/tab-r1/paper/tables/source_data/full_fold_models/per_cancer/os_5yr/BRCA/repeat_03_fold_01/lightgbm/test_predictions.csv
per_cancer,os_5yr,BRCA,3,2,logistic_regression,224,56,70,success,0.16664545732555408,validation split balanced accuracy,0.010093430999404518,0.004075510998518439,0.5,0.5388529139685476,0.46153846153846156,0.6521739130434783,0.425531914893617,0.5892691951896393,0.4698640460802047,0.8001035188084237,0.23071355813523547,/home/prime/Documents/g3/tab-r1/paper/tables/source_data/full_fold_models/per_cancer/os_5yr/BRCA/repeat_03_fold_02/logistic_regression/test_predictions.csv
per_cancer,os_5yr,BRCA,3,2,random_forest,224,56,70,success,0.25666666666666665,validation split balanced accuracy,0.3433888580002531,0.07493006000004243,0.6285714285714286,0.6567992599444958,0.5666666666666667,0.7391304347826086,0.574468085106383,0.7160037002775208,0.5903384513583264,0.5768011491714163,0.197405873015873,/home/prime/Documents/g3/tab-r1/paper/tables/source_data/full_fold_models/per_cancer/os_5yr/BRCA/repeat_03_fold_02/random_forest/test_predictions.csv
per_cancer,os_5yr,BRCA,3,2,catboost,224,56,70,success,0.17868172816710112,validation split balanced accuracy,2.017737662001309,0.0063499639982183,0.5714285714285714,0.5809435707678077,0.4827586206896552,0.6086956521739131,0.5531914893617021,0.6244218316373727,0.537277410505716,0.6573590921212216,0.2266815905822285,/home/prime/Documents/g3/tab-r1/paper/tables/source_data/full_fold_models/per_cancer/os_5yr/BRCA/repeat_03_fold_02/catboost/test_predictions.csv
per_cancer,os_5yr,BRCA,3,2,xgboost,224,56,70,success,0.06044602021574974,validation split balanced accuracy,0.20078003099843045,0.006714459999784594,0.5428571428571428,0.5596669750231267,0.4666666666666667,0.6086956521739131,0.5106382978723404,0.6336725254394079,0.5593263143719089,0.8344031901578893,0.2344861359396162,/home/prime/Documents/g3/tab-r1/paper/tables/source_data/full_fold_models/per_cancer/os_5yr/BRCA/repeat_03_fold_02/xgboost/test_predictions.csv
per_cancer,os_5yr,BRCA,3,2,lightgbm,224,56,70,success,0.014107846495155748,validation split balanced accuracy,0.06503324500226881,0.0066952429988305084,0.5142857142857142,0.5605920444033302,0.48484848484848486,0.6956521739130435,0.425531914893617,0.64477335800185,0.579668799972966,1.0625638722216841,0.23309631225835145,/home/prime/Documents/g3/tab-r1/paper/tables/source_data/full_fold_models/per_cancer/os_5yr/BRCA/repeat_03_fold_02/lightgbm/test_predictions.csv
per_cancer,os_5yr,BRCA,3,3,logistic_regression,224,56,70,success,0.19859175255771958,validation split balanced accuracy,0.010472694997588405,0.004076804001670098,0.4714285714285714,0.4668560606060606,0.3508771929824561,0.45454545454545453,0.4791666666666667,0.39488636363636365,0.2804832688178373,0.795331720610706,0.26010260051068135,/home/prime/Documents/g3/tab-r1/paper/tables/source_data/full_fold_models/per_cancer/os_5yr/BRCA/repeat_03_fold_03/logistic_regression/test_predictions.csv
per_cancer,os_5yr,BRCA,3,3,random_forest,224,56,70,success,0.2866666666666667,validation split balanced accuracy,0.3457018839981174,0.07398275200102944,0.5285714285714286,0.48390151515151514,0.32653061224489793,0.36363636363636365,0.6041666666666666,0.46875,0.30494614289191985,0.6743473240240968,0.23547460317460314,/home/prime/Documents/g3/tab-r1/paper/tables/source_data/full_fold_models/per_cancer/os_5yr/BRCA/repeat_03_fold_03/random_forest/test_predictions.csv
per_cancer,os_5yr,BRCA,3,3,catboost,224,56,70,success,0.22633823964995697,validation split balanced accuracy,1.7601691380004922,0.005436388997622998,0.5714285714285714,0.5151515151515151,0.34782608695652173,0.36363636363636365,0.6666666666666666,0.5132575757575757,0.3287221068276628,0.6940969126845634,0.2413288554583115,/home/prime/Documents/g3/tab-r1/paper/tables/source_data/full_fold_models/per_cancer/os_5yr/BRCA/repeat_03_fold_03/catboost/test_predictions.csv
per_cancer,os_5yr,BRCA,3,3,xgboost,224,56,70,success,0.11933547258377075,validation split balanced accuracy,0.1783977480008616,0.00665453499823343,0.5,0.47537878787878785,0.33962264150943394,0.4090909090909091,0.5416666666666666,0.46590909090909094,0.285288998799459,1.0028767441367685,0.31008461877558813,/home/prime/Documents/g3/tab-r1/paper/tables/source_data/full_fold_models/per_cancer/os_5yr/BRCA/repeat_03_fold_03/xgboost/test_predictions.csv
per_cancer,os_5yr,BRCA,3,3,lightgbm,224,56,70,success,0.17840462948414104,validation split balanced accuracy,0.060006347001035465,0.006574842998816166,0.45714285714285713,0.35795454545454547,0.09523809523809523,0.09090909090909091,0.625,0.42708333333333337,0.26817536441803846,1.2511198259329426,0.35147228230190913,/home/prime/Documents/g3/tab-r1/paper/tables/source_data/full_fold_models/per_cancer/os_5yr/BRCA/repeat_03_fold_03/lightgbm/test_predictions.csv
per_cancer,os_5yr,BRCA,3,4,logistic_regression,224,56,70,success,0.2872189162460604,validation split balanced accuracy,0.010776465998787899,0.003931415998522425,0.6,0.5238095238095238,0.3333333333333333,0.3333333333333333,0.7142857142857143,0.5218658892128281,0.3580268196769395,0.6580847730255506,0.2232860185846854,/home/prime/Documents/g3/tab-r1/paper/tables/source_data/full_fold_models/per_cancer/os_5yr/BRCA/repeat_03_fold_04/logistic_regression/test_predictions.csv
per_cancer,os_5yr,BRCA,3,4,random_forest,224,56,70,success,0.2866666666666667,validation split balanced accuracy,0.3493593669991242,0.07588160800150945,0.5857142857142857,0.5680272108843538,0.43137254901960786,0.5238095238095238,0.6122448979591837,0.5724003887269193,0.3411951579792203,0.6326530965976381,0.2209211111111111,/home/prime/Documents/g3/tab-r1/paper/tables/source_data/full_fold_models/per_cancer/os_5yr/BRCA/repeat_03_fold_04/random_forest/test_predictions.csv
per_cancer,os_5yr,BRCA,3,4,catboost,224,56,70,success,0.26951515343611415,validation split balanced accuracy,1.705433423001523,0.005889453997951932,0.6,0.564625850340136,0.4166666666666667,0.47619047619047616,0.6530612244897959,0.564625850340136,0.3831408772838256,0.6172460857981369,0.210857772261476,/home/prime/Documents/g3/tab-r1/paper/tables/source_data/full_fold_models/per_cancer/os_5yr/BRCA/repeat_03_fold_04/catboost/test_predictions.csv
per_cancer,os_5yr,BRCA,3,4,xgboost,224,56,70,success,0.07325522601604462,validation split balanced accuracy,0.17324115200244705,0.006597775998670841,0.5285714285714286,0.5408163265306123,0.42105263157894735,0.5714285714285714,0.5102040816326531,0.6025267249757046,0.4418107671861297,0.7545253057690756,0.21898532531148662,/home/prime/Documents/g3/tab-r1/paper/tables/source_data/full_fold_models/per_cancer/os_5yr/BRCA/repeat_03_fold_04/xgboost/test_predictions.csv
per_cancer,os_5yr,BRCA,3,4,lightgbm,224,56,70,success,0.052311675144676266,validation split balanced accuracy,0.05985981800040463,0.006728586999088293,0.5428571428571428,0.5510204081632653,0.42857142857142855,0.5714285714285714,0.5306122448979592,0.543245869776482,0.3528304520981246,1.0580444376271636,0.2679701587830019,/home/prime/Documents/g3/tab-r1/paper/tables/source_data/full_fold_models/per_cancer/os_5yr/BRCA/repeat_03_fold_04/lightgbm/test_predictions.csv
per_cancer,os_5yr,BRCA,4,0,logistic_regression,224,56,70,success,0.3188390951142813,validation split balanced accuracy,0.010144288000446977,0.003903242999513168,0.5142857142857142,0.4489795918367347,0.2608695652173913,0.2857142857142857,0.6122448979591837,0.5014577259475219,0.3321908013029799,0.7018021085704712,0.23935784232072074,/home/prime/Documents/g3/tab-r1/paper/tables/source_data/full_fold_models/per_cancer/os_5yr/BRCA/repeat_04_fold_00/logistic_regression/test_predictions.csv
per_cancer,os_5yr,BRCA,4,0,random_forest,224,56,70,success,0.25666666666666665,validation split balanced accuracy,0.35198730399861233,0.06710763600131031,0.5142857142857142,0.5170068027210885,0.39285714285714285,0.5238095238095238,0.5102040816326531,0.5369290573372205,0.41396465736878935,0.629354605153172,0.2129514451940035,/home/prime/Documents/g3/tab-r1/paper/tables/source_data/full_fold_models/per_cancer/os_5yr/BRCA/repeat_04_fold_00/random_forest/test_predictions.csv
per_cancer,os_5yr,BRCA,4,0,catboost,224,56,70,success,0.11442394829895325,validation split balanced accuracy,2.0740656979978667,0.006116167001891881,0.35714285714285715,0.5,0.4444444444444444,0.8571428571428571,0.14285714285714285,0.4917395529640427,0.3187825126608256,0.6829392842884973,0.2318202552168499,/home/prime/Documents/g3/tab-r1/paper/tables/source_data/full_fold_models/per_cancer/os_5yr/BRCA/repeat_04_fold_00/catboost/test_predictions.csv
per_cancer,os_5yr,BRCA,4,0,xgboost,224,56,70,success,0.0697396844625473,validation split balanced accuracy,0.19532559700019192,0.006523526000819402,0.4714285714285714,0.48639455782312924,0.3728813559322034,0.5238095238095238,0.4489795918367347,0.510204081632653,0.3231161985759898,0.9247611325275017,0.26931622720333076,/home/prime/Documents/g3/tab-r1/paper/tables/source_data/full_fold_models/per_cancer/os_5yr/BRCA/repeat_04_fold_00/xgboost/test_predictions.csv
per_cancer,os_5yr,BRCA,4,0,lightgbm,224,56,70,success,0.06499986797084621,validation split balanced accuracy,0.05946575499910978,0.00648216699846671,0.5428571428571428,0.5238095238095237,0.38461538461538464,0.47619047619047616,0.5714285714285714,0.5063168124392614,0.3392871111205418,1.2183335863463998,0.27795204405286456,/home/prime/Documents/g3/tab-r1/paper/tables/source_data/full_fold_models/per_cancer/os_5yr/BRCA/repeat_04_fold_00/lightgbm/test_predictions.csv
per_cancer,os_5yr,BRCA,4,1,logistic_regression,224,56,70,success,0.31884169899246606,validation split balanced accuracy,0.009711913000501227,0.003924853001080919,0.6142857142857143,0.5462534690101757,0.37209302325581395,0.34782608695652173,0.7446808510638298,0.49121184088806663,0.35330948885369434,0.7558425486062005,0.2540240497118506,/home/prime/Documents/g3/tab-r1/paper/tables/source_data/full_fold_models/per_cancer/os_5yr/BRCA/repeat_04_fold_01/logistic_regression/test_predictions.csv
per_cancer,os_5yr,BRCA,4,1,random_forest,224,56,70,success,0.2833333333333333,validation split balanced accuracy,0.35019259799810243,0.07578473199828295,0.6,0.5911193339500462,0.48148148148148145,0.5652173913043478,0.6170212765957447,0.5790934320074005,0.4073227569537381,0.6394490402237385,0.22229214000872838,/home/prime/Documents/g3/tab-r1/paper/tables/source_data/full_fold_models/per_cancer/os_5yr/BRCA/repeat_04_fold_01/random_forest/test_predictions.csv
per_cancer,os_5yr,BRCA,4,1,catboost,224,56,70,success,0.24052685218696632,validation split balanced accuracy,1.3419965379980567,0.00575902499986114,0.5571428571428572,0.5148011100832562,0.3673469387755102,0.391304347826087,0.6382978723404256,0.5383903792784459,0.3860594864651924,0.6740032816691964,0.23400240715645196,/home/prime/Documents/g3/tab-r1/paper/tables/source_data/full_fold_models/per_cancer/os_5yr/BRCA/repeat_04_fold_01/catboost/test_predictions.csv
per_cancer,os_5yr,BRCA,4,1,xgboost,224,56,70,success,0.0163077712059021,validation split balanced accuracy,0.1551762310009508,0.006552991999342339,0.37142857142857144,0.5208140610545791,0.5,0.9565217391304348,0.0851063829787234,0.5568917668825162,0.4194919644708631,0.8639237447565841,0.2568895049882109,/home/prime/Documents/g3/tab-r1/paper/tables/source_data/full_fold_models/per_cancer/os_5yr/BRCA/repeat_04_fold_01/xgboost/test_predictions.csv
per_cancer,os_5yr,BRCA,4,1,lightgbm,224,56,70,success,0.47629787727012757,validation split balanced accuracy,0.05617862999861245,0.006459092001023237,0.6714285714285714,0.5555041628122109,0.30303030303030304,0.21739130434782608,0.8936170212765957,0.5541165587419057,0.40062778922258246,0.989700792395554,0.2756558841959853,/home/prime/Documents/g3/tab-r1/paper/tables/source_data/full_fold_models/per_cancer/os_5yr/BRCA/repeat_04_fold_01/lightgbm/test_predictions.csv
per_cancer,os_5yr,BRCA,4,2,logistic_regression,224,56,70,success,0.15273592198852445,validation split balanced accuracy,0.010564320000412408,0.003935803997592302,0.37142857142857144,0.5049944506104328,0.37142857142857144,0.7647058823529411,0.24528301886792453,0.5238623751387348,0.26435944013249685,0.7216581786442114,0.23584202358581585,/home/prime/Documents/g3/tab-r1/paper/tables/source_data/full_fold_models/per_cancer/os_5yr/BRCA/repeat_04_fold_02/logistic_regression/test_predictions.csv
per_cancer,os_5yr,BRCA,4,2,random_forest,224,56,70,success,0.47333333333333333,validation split balanced accuracy,0.3458718290021352,0.07586359299966716,0.7714285714285715,0.5493895671476138,0.2,0.11764705882352941,0.9811320754716981,0.6903440621531631,0.4442057176539935,0.5329288174844211,0.1757311111111111,/home/prime/Documents/g3/tab-r1/paper/tables/source_data/full_fold_models/per_cancer/os_5yr/BRCA/repeat_04_fold_02/random_forest/test_predictions.csv
per_cancer,os_5yr,BRCA,4,2,catboost,224,56,70,success,0.19159978947337322,validation split balanced accuracy,1.7423936489976768,0.005716563999158097,0.4,0.5438401775804661,0.4,0.8235294117647058,0.2641509433962264,0.6681465038845726,0.4562313543448432,0.5230790458210214,0.17152767072062683,/home/prime/Documents/g3/tab-r1/paper/tables/source_data/full_fold_models/per_cancer/os_5yr/BRCA/repeat_04_fold_02/catboost/test_predictions.csv
per_cancer,os_5yr,BRCA,4,2,xgboost,224,56,70,success,0.18214324116706848,validation split balanced accuracy,0.17505343299853848,0.006584441001905361,0.6428571428571429,0.6642619311875694,0.4897959183673469,0.7058823529411765,0.6226415094339622,0.6970033296337402,0.5127372134489094,0.5322270976343584,0.16913234471374441,/home/prime/Documents/g3/tab-r1/paper/tables/source_data/full_fold_models/per_cancer/os_5yr/BRCA/repeat_04_fold_02/xgboost/test_predictions.csv
per_cancer,os_5yr,BRCA,4,2,lightgbm,224,56,70,success,0.08998016333196981,validation split balanced accuracy,0.06046560500180931,0.0066674099980446044,0.6,0.6359600443951166,0.46153846153846156,0.7058823529411765,0.5660377358490566,0.6681465038845726,0.4723757189275008,0.6285864368425012,0.19021781583483513,/home/prime/Documents/g3/tab-r1/paper/tables/source_data/full_fold_models/per_cancer/os_5yr/BRCA/repeat_04_fold_02/lightgbm/test_predictions.csv
per_cancer,os_5yr,BRCA,4,3,logistic_regression,224,56,70,success,0.21206056084148187,validation split balanced accuracy,0.00998108700150624,0.004675276999478228,0.4142857142857143,0.4659442724458205,0.3492063492063492,0.5789473684210527,0.35294117647058826,0.499484004127967,0.30430393219184876,0.6605748403494579,0.22392446194243007,/home/prime/Documents/g3/tab-r1/paper/tables/source_data/full_fold_models/per_cancer/os_5yr/BRCA/repeat_04_fold_03/logistic_regression/test_predictions.csv
per_cancer,os_5yr,BRCA,4,3,random_forest,224,56,70,success,0.33666666666666667,validation split balanced accuracy,0.3496361159996013,0.06708843000160414,0.6285714285714286,0.5304437564499485,0.3157894736842105,0.3157894736842105,0.7450980392156863,0.5154798761609907,0.28080168249206183,0.6244464628080013,0.21624317460317458,/home/prime/Documents/g3/tab-r1/paper/tables/source_data/full_fold_models/per_cancer/os_5yr/BRCA/repeat_04_fold_03/random_forest/test_predictions.csv
per_cancer,os_5yr,BRCA,4,3,catboost,224,56,70,success,0.3689414125038976,validation split balanced accuracy,1.9092346020006516,0.005885327002033591,0.6714285714285714,0.4938080495356037,0.14814814814814814,0.10526315789473684,0.8823529411764706,0.5810113519091847,0.33579508201200603,0.5991222785109586,0.20396692221069362,/home/prime/Documents/g3/tab-r1/paper/tables/source_data/full_fold_models/per_cancer/os_5yr/BRCA/repeat_04_fold_03/catboost/test_predictions.csv
per_cancer,os_5yr,BRCA,4,3,xgboost,224,56,70,success,0.15273484587669373,validation split balanced accuracy,0.1926463119998516,0.006603097001061542,0.5285714285714286,0.5278637770897833,0.37735849056603776,0.5263157894736842,0.5294117647058824,0.5521155830753354,0.3252886793887305,0.7861185674539181,0.24235980703551932,/home/prime/Documents/g3/tab-r1/paper/tables/source_data/full_fold_models/per_cancer/os_5yr/BRCA/repeat_04_fold_03/xgboost/test_predictions.csv
per_cancer,os_5yr,BRCA,4,3,lightgbm,224,56,70,success,0.23276189823119647,validation split balanced accuracy,0.060283918002824066,0.006556277003255673,0.6285714285714286,0.5799793601651186,0.4090909090909091,0.47368421052631576,0.6862745098039216,0.5356037151702786,0.3048204270777465,0.9627923236100855,0.2622771210171106,/home/prime/Documents/g3/tab-r1/paper/tables/source_data/full_fold_models/per_cancer/os_5yr/BRCA/repeat_04_fold_03/lightgbm/test_predictions.csv
per_cancer,os_5yr,BRCA,4,4,logistic_regression,224,56,70,success,0.2219620191668301,validation split balanced accuracy,0.009964716002286877,0.003937468001822708,0.42857142857142855,0.48299319727891155,0.3939393939393939,0.6190476190476191,0.3469387755102041,0.5393586005830904,0.3834446875130081,0.68791149267075,0.22516127684481801,/home/prime/Documents/g3/tab-r1/paper/tables/source_data/full_fold_models/per_cancer/os_5yr/BRCA/repeat_04_fold_04/logistic_regression/test_predictions.csv
per_cancer,os_5yr,BRCA,4,4,random_forest,224,56,70,success,0.31666666666666665,validation split balanced accuracy,0.35264432999974815,0.07472408799731056,0.6428571428571429,0.5952380952380952,0.4444444444444444,0.47619047619047616,0.7142857142857143,0.5864917395529641,0.4340026539181506,0.601286244135291,0.20485412698412697,/home/prime/Documents/g3/tab-r1/paper/tables/source_data/full_fold_models/per_cancer/os_5yr/BRCA/repeat_04_fold_04/random_forest/test_predictions.csv
per_cancer,os_5yr,BRCA,4,4,catboost,224,56,70,success,0.18735410278456008,validation split balanced accuracy,1.8801041850019828,0.005777941001724685,0.4142857142857143,0.5,0.4225352112676056,0.7142857142857143,0.2857142857142857,0.5952380952380952,0.45552747090455586,0.6017403774204677,0.20466038271257694,/home/prime/Documents/g3/tab-r1/paper/tables/source_data/full_fold_models/per_cancer/os_5yr/BRCA/repeat_04_fold_04/catboost/test_predictions.csv
per_cancer,os_5yr,BRCA,4,4,xgboost,224,56,70,success,0.02127947472035885,validation split balanced accuracy,0.1951541599992197,0.006779874001949793,0.32857142857142857,0.5068027210884354,0.45977011494252873,0.9523809523809523,0.061224489795918366,0.6137026239067055,0.4545570447492967,0.699784406672868,0.2202807269238724,/home/prime/Documents/g3/tab-r1/paper/tables/source_data/full_fold_models/per_cancer/os_5yr/BRCA/repeat_04_fold_04/xgboost/test_predictions.csv
per_cancer,os_5yr,BRCA,4,4,lightgbm,224,56,70,success,0.013363477898716312,validation split balanced accuracy,0.061517171998275444,0.006610551998164738,0.4142857142857143,0.5272108843537415,0.4533333333333333,0.8095238095238095,0.24489795918367346,0.5952380952380953,0.46157121638367954,0.894321108640861,0.23534553196322555,/home/prime/Documents/g3/tab-r1/paper/tables/source_data/full_fold_models/per_cancer/os_5yr/BRCA/repeat_04_fold_04/lightgbm/test_predictions.csv
per_cancer,os_5yr,HNSCC,0,0,logistic_regression,182,46,58,success,0.8738056598891312,validation split balanced accuracy,0.010042433998023625,0.0039130609984567855,0.6206896551724138,0.6963249516441006,0.7105263157894737,0.574468085106383,0.8181818181818182,0.7311411992263056,0.9114788940516465,0.44140052740783714,0.13887705435910308,/home/prime/Documents/g3/tab-r1/paper/tables/source_data/full_fold_models/per_cancer/os_5yr/HNSCC/repeat_00_fold_00/logistic_regression/test_predictions.csv
per_cancer,os_5yr,HNSCC,0,0,random_forest,182,46,58,success,0.8066666666666666,validation split balanced accuracy,0.3530220200009353,0.07346830999813392,0.6551724137931034,0.7176015473887815,0.7435897435897436,0.6170212765957447,0.8181818181818182,0.7330754352030947,0.9142449147591329,0.4400234470968555,0.140121839080461,/home/prime/Documents/g3/tab-r1/paper/tables/source_data/full_fold_models/per_cancer/os_5yr/HNSCC/repeat_00_fold_00/random_forest/test_predictions.csv
per_cancer,os_5yr,HNSCC,0,0,catboost,182,46,58,success,0.8698090233624579,validation split balanced accuracy,1.8970686449974892,0.006133030001365114,0.6896551724137931,0.6692456479690523,0.7857142857142857,0.7021276595744681,0.6363636363636364,0.6847195357833656,0.8926688160957986,0.47107665314296815,0.1501520492471821,/home/prime/Documents/g3/tab-r1/paper/tables/source_data/full_fold_models/per_cancer/os_5yr/HNSCC/repeat_00_fold_00/catboost/test_predictions.csv
per_cancer,os_5yr,HNSCC,0,0,xgboost,182,46,58,success,0.9868862628936768,validation split balanced accuracy,0.13374838999880012,0.005482586999278283,0.39655172413793105,0.59284332688588,0.4262295081967213,0.2765957446808511,0.9090909090909091,0.6615087040618955,0.8902308884182832,0.5717309422835437,0.14867173187265326,/home/prime/Documents/g3/tab-r1/paper/tables/source_data/full_fold_models/per_cancer/os_5yr/HNSCC/repeat_00_fold_00/xgboost/test_predictions.csv
per_cancer,os_5yr,HNSCC,0,0,lightgbm,182,46,58,success,0.9995880738844419,validation split balanced accuracy,0.05548452500079293,0.005811966999317519,0.3103448275862069,0.5396518375241779,0.2857142857142857,0.1702127659574468,0.9090909090909091,0.6924564796905222,0.8984310730469525,0.7782721909160605,0.15586078212330515,/home/prime/Documents/g3/tab-r1/paper/tables/source_data/full_fold_models/per_cancer/os_5yr/HNSCC/repeat_00_fold_00/lightgbm/test_predictions.csv
per_cancer,os_5yr,HNSCC,0,1,logistic_regression,183,46,57,success,0.9473409716122395,validation split balanced accuracy,0.011144737996801268,0.003990037999756169,0.2982456140350877,0.5306324110671936,0.25925925925925924,0.15217391304347827,0.9090909090909091,0.6067193675889329,0.8702462265651695,0.5483659432788576,0.17755576849020993,/home/prime/Documents/g3/tab-r1/paper/tables/source_data/full_fold_models/per_cancer/os_5yr/HNSCC/repeat_00_fold_01/logistic_regression/test_predictions.csv
per_cancer,os_5yr,HNSCC,0,1,random_forest,183,46,57,success,0.78,validation split balanced accuracy,0.35289805399952456,0.07557819900102913,0.6666666666666666,0.5859683794466403,0.7764705882352941,0.717391304347826,0.45454545454545453,0.6284584980237153,0.8869501562600913,0.4624084682780805,0.14973528265107333,/home/prime/Documents/g3/tab-r1/paper/tables/source_data/full_fold_models/per_cancer/os_5yr/HNSCC/repeat_00_fold_01/random_forest/test_predictions.csv
per_cancer,os_5yr,HNSCC,0,1,catboost,183,46,57,success,0.9388405153118694,validation split balanced accuracy,2.2997293779990287,0.005762251999840373,0.3508771929824561,0.5978260869565217,0.32727272727272727,0.1956521739130435,1.0,0.5731225296442688,0.8823300546584121,0.5114643444486259,0.16154012408021592,/home/prime/Documents/g3/tab-r1/paper/tables/source_data/full_fold_models/per_cancer/os_5yr/HNSCC/repeat_00_fold_01/catboost/test_predictions.csv
per_cancer,os_5yr,HNSCC,0,1,xgboost,183,46,57,success,0.9850330948829651,validation split balanced accuracy,0.1488092260005942,0.005645248002110748,0.42105263157894735,0.5721343873517787,0.47619047619047616,0.32608695652173914,0.8181818181818182,0.5849802371541503,0.879690435758507,0.6521779336545056,0.17533407246001542,/home/prime/Documents/g3/tab-r1/paper/tables/source_data/full_fold_models/per_cancer/os_5yr/HNSCC/repeat_00_fold_01/xgboost/test_predictions.csv
per_cancer,os_5yr,HNSCC,0,1,lightgbm,183,46,57,success,0.8948455528085442,validation split balanced accuracy,0.055214448999322485,0.005976320000627311,0.7368421052631579,0.49110671936758893,0.845360824742268,0.8913043478260869,0.09090909090909091,0.6086956521739131,0.8903637615938723,0.9208478011407563,0.18727330658296884,/home/prime/Documents/g3/tab-r1/paper/tables/source_data/full_fold_models/per_cancer/os_5yr/HNSCC/repeat_00_fold_01/lightgbm/test_predictions.csv
per_cancer,os_5yr,HNSCC,0,2,logistic_regression,183,46,57,success,0.8033300789619642,validation split balanced accuracy,0.009890583998640068,0.003965762000007089,0.47368421052631576,0.3314285714285714,0.6341463414634146,0.52,0.14285714285714285,0.2485714285714286,0.8233263710810481,0.49553367500024165,0.1462753908818295,/home/prime/Documents/g3/tab-r1/paper/tables/source_data/full_fold_models/per_cancer/os_5yr/HNSCC/repeat_00_fold_02/logistic_regression/test_predictions.csv
per_cancer,os_5yr,HNSCC,0,2,random_forest,183,46,57,success,0.8066666666666666,validation split balanced accuracy,0.34297337499810965,0.07714511099766241,0.3684210526315789,0.45571428571428574,0.4857142857142857,0.34,0.5714285714285714,0.46428571428571425,0.9024985238603777,0.41502584212734467,0.1287974658869408,/home/prime/Documents/g3/tab-r1/paper/tables/source_data/full_fold_models/per_cancer/os_5yr/HNSCC/repeat_00_fold_02/random_forest/test_predictions.csv
per_cancer,os_5yr,HNSCC,0,2,catboost,183,46,57,success,0.8149024565773572,validation split balanced accuracy,1.859580279000511,0.005862423000507988,0.5614035087719298,0.5042857142857142,0.6987951807228916,0.58,0.42857142857142855,0.4942857142857143,0.8954893245225156,0.38506695404915586,0.1144233171399673,/home/prime/Documents/g3/tab-r1/paper/tables/source_data/full_fold_models/per_cancer/os_5yr/HNSCC/repeat_00_fold_02/catboost/test_predictions.csv
per_cancer,os_5yr,HNSCC,0,2,xgboost,183,46,57,success,0.9917762279510498,validation split balanced accuracy,0.14770389499972225,0.006006027000694303,0.2631578947368421,0.58,0.27586206896551724,0.16,1.0,0.4742857142857143,0.885270006626179,0.5069994172301034,0.1347603697464481,/home/prime/Documents/g3/tab-r1/paper/tables/source_data/full_fold_models/per_cancer/os_5yr/HNSCC/repeat_00_fold_02/xgboost/test_predictions.csv
per_cancer,os_5yr,HNSCC,0,2,lightgbm,183,46,57,success,0.9660949434858658,validation split balanced accuracy,0.06462645799911115,0.00628827599939541,0.5614035087719298,0.5657142857142857,0.691358024691358,0.56,0.5714285714285714,0.5942857142857143,0.9165214574238615,0.5300477972609158,0.1255266794899305,/home/prime/Documents/g3/tab-r1/paper/tables/source_data/full_fold_models/per_cancer/os_5yr/HNSCC/repeat_00_fold_02/lightgbm/test_predictions.csv
per_cancer,os_5yr,HNSCC,0,3,logistic_regression,183,46,57,success,0.6558585084322294,validation split balanced accuracy,0.010629304000758566,0.004033159999380587,0.6842105263157895,0.4944444444444444,0.8043478260869565,0.8222222222222222,0.16666666666666666,0.5407407407407407,0.8444838138107746,0.5352100744032233,0.17386654264450582,/home/prime/Documents/g3/tab-r1/paper/tables/source_data/full_fold_models/per_cancer/os_5yr/HNSCC/repeat_00_fold_03/logistic_regression/test_predictions.csv
per_cancer,os_5yr,HNSCC,0,3,random_forest,183,46,57,success,0.7433333333333333,validation split balanced accuracy,0.34422774099948583,0.07428179199996521,0.6140350877192983,0.44999999999999996,0.75,0.7333333333333333,0.16666666666666666,0.4361111111111111,0.8008458344411848,0.5353104612419792,0.17586647173489384,/home/prime/Documents/g3/tab-r1/paper/tables/source_data/full_fold_models/per_cancer/os_5yr/HNSCC/repeat_00_fold_03/random_forest/test_predictions.csv
per_cancer,os_5yr,HNSCC,0,3,catboost,183,46,57,success,0.9422821424688642,validation split balanced accuracy,2.1753397259999474,0.006158287997095613,0.3333333333333333,0.5472222222222222,0.2962962962962963,0.17777777777777778,0.9166666666666666,0.5055555555555556,0.8322253740156375,0.5555364954293802,0.17666310440844138,/home/prime/Documents/g3/tab-r1/paper/tables/source_data/full_fold_models/per_cancer/os_5yr/HNSCC/repeat_00_fold_03/catboost/test_predictions.csv
per_cancer,os_5yr,HNSCC,0,3,xgboost,183,46,57,success,0.9334121942520142,validation split balanced accuracy,0.13599872700069682,0.0055049710026651155,0.5614035087719298,0.44722222222222224,0.6987951807228916,0.6444444444444445,0.25,0.4425925925925926,0.8075558418751974,0.8490536512652589,0.20822213818667795,/home/prime/Documents/g3/tab-r1/paper/tables/source_data/full_fold_models/per_cancer/os_5yr/HNSCC/repeat_00_fold_03/xgboost/test_predictions.csv
per_cancer,os_5yr,HNSCC,0,3,lightgbm,183,46,57,success,0.983685115093046,validation split balanced accuracy,0.05174205900038942,0.005384390002291184,0.543859649122807,0.49722222222222223,0.6666666666666666,0.5777777777777777,0.4166666666666667,0.47777777777777775,0.8198365638390042,1.2576805144169463,0.24610951159694017,/home/prime/Documents/g3/tab-r1/paper/tables/source_data/full_fold_models/per_cancer/os_5yr/HNSCC/repeat_00_fold_03/lightgbm/test_predictions.csv
per_cancer,os_5yr,HNSCC,0,4,logistic_regression,183,46,57,success,0.8911946101508852,validation split balanced accuracy,0.010050239001429873,0.004000328000984155,0.42105263157894735,0.5166083916083916,0.47619047619047616,0.3409090909090909,0.6923076923076923,0.5961538461538461,0.8109638468289129,0.6119882383042914,0.17528192987332952,/home/prime/Documents/g3/tab-r1/paper/tables/source_data/full_fold_models/per_cancer/os_5yr/HNSCC/repeat_00_fold_04/logistic_regression/test_predictions.csv
per_cancer,os_5yr,HNSCC,0,4,random_forest,183,46,57,success,0.65,validation split balanced accuracy,0.34383404800246353,0.07587163900097948,0.7543859649122807,0.48863636363636365,0.86,0.9772727272727273,0.0,0.48776223776223776,0.7919912323336883,0.5748984210625845,0.18664736842105367,/home/prime/Documents/g3/tab-r1/paper/tables/source_data/full_fold_models/per_cancer/os_5yr/HNSCC/repeat_00_fold_04/random_forest/test_predictions.csv
per_cancer,os_5yr,HNSCC,0,4,catboost,183,46,57,success,0.9178168521093533,validation split balanced accuracy,1.7180013779980072,0.00571798699820647,0.42105263157894735,0.5437062937062938,0.45901639344262296,0.3181818181818182,0.7692307692307693,0.493006993006993,0.8038089242165877,0.6016248076130681,0.19126733790977332,/home/prime/Documents/g3/tab-r1/paper/tables/source_data/full_fold_models/per_cancer/os_5yr/HNSCC/repeat_00_fold_04/catboost/test_predictions.csv
per_cancer,os_5yr,HNSCC,0,4,xgboost,183,46,57,success,0.9774293899536133,validation split balanced accuracy,0.12988228900212562,0.00642994600275415,0.42105263157894735,0.5437062937062938,0.45901639344262296,0.3181818181818182,0.7692307692307693,0.5332167832167832,0.819476292835411,0.7975858592164371,0.21664580508522036,/home/prime/Documents/g3/tab-r1/paper/tables/source_data/full_fold_models/per_cancer/os_5yr/HNSCC/repeat_00_fold_04/xgboost/test_predictions.csv
per_cancer,os_5yr,HNSCC,0,4,lightgbm,183,46,57,success,0.997441621498828,validation split balanced accuracy,0.051472003000526456,0.006050191001122585,0.49122807017543857,0.534965034965035,0.5797101449275363,0.45454545454545453,0.6153846153846154,0.5209790209790209,0.8289308788427904,1.2497787464099057,0.23869288063096536,/home/prime/Documents/g3/tab-r1/paper/tables/source_data/full_fold_models/per_cancer/os_5yr/HNSCC/repeat_00_fold_04/lightgbm/test_predictions.csv
per_cancer,os_5yr,HNSCC,1,0,logistic_regression,183,46,57,success,0.8382835471167251,validation split balanced accuracy,0.010022073998698033,0.003925835000700317,0.5263157894736842,0.4298418972332016,0.6666666666666666,0.5869565217391305,0.2727272727272727,0.44466403162055335,0.7810381897609088,0.5655305993302696,0.1735405460371183,/home/prime/Documents/g3/tab-r1/paper/tables/source_data/full_fold_models/per_cancer/os_5yr/HNSCC/repeat_01_fold_00/logistic_regression/test_predictions.csv
per_cancer,os_5yr,HNSCC,1,0,random_forest,183,46,57,success,0.8266666666666667,validation split balanced accuracy,0.3440945059992373,0.07750274299905868,0.5087719298245614,0.5573122529644269,0.6111111111111112,0.4782608695652174,0.6363636363636364,0.6027667984189724,0.8663324119984483,0.47757330962181455,0.15214424951267175,/home/prime/Documents/g3/tab-r1/paper/tables/source_data/full_fold_models/per_cancer/os_5yr/HNSCC/repeat_01_fold_00/random_forest/test_predictions.csv
per_cancer,os_5yr,HNSCC,1,0,catboost,183,46,57,success,0.9282773638177444,validation split balanced accuracy,2.2775172789988574,0.006251835999137256,0.38596491228070173,0.5158102766798419,0.4444444444444444,0.30434782608695654,0.7272727272727273,0.541501976284585,0.8511682503915756,0.5320620141075926,0.16401495752130596,/home/prime/Documents/g3/tab-r1/paper/tables/source_data/full_fold_models/per_cancer/os_5yr/HNSCC/repeat_01_fold_00/catboost/test_predictions.csv
per_cancer,os_5yr,HNSCC,1,0,xgboost,183,46,57,success,0.9866108894348145,validation split balanced accuracy,0.1484758389997296,0.006310447999567259,0.43859649122807015,0.6175889328063241,0.4838709677419355,0.32608695652173914,0.9090909090909091,0.5988142292490118,0.8814277260687936,0.6629584793553794,0.18176100333369705,/home/prime/Documents/g3/tab-r1/paper/tables/source_data/full_fold_models/per_cancer/os_5yr/HNSCC/repeat_01_fold_00/xgboost/test_predictions.csv
per_cancer,os_5yr,HNSCC,1,0,lightgbm,183,46,57,success,0.9995690171560818,validation split balanced accuracy,0.06290439000076731,0.006404929001291748,0.3684210526315789,0.5741106719367589,0.3793103448275862,0.2391304347826087,0.9090909090909091,0.5948616600790514,0.8725559865516408,1.0163842965774013,0.19542286793083793,/home/prime/Documents/g3/tab-r1/paper/tables/source_data/full_fold_models/per_cancer/os_5yr/HNSCC/repeat_01_fold_00/lightgbm/test_predictions.csv
per_cancer,os_5yr,HNSCC,1,1,logistic_regression,183,46,57,success,0.7565770170289802,validation split balanced accuracy,0.009857439999905182,0.0038744369994674344,0.6491228070175439,0.4329787234042553,0.782608695652174,0.7659574468085106,0.1,0.46595744680851064,0.8137860260068175,0.5063138627821007,0.15531043281527343,/home/prime/Documents/g3/tab-r1/paper/tables/source_data/full_fold_models/per_cancer/os_5yr/HNSCC/repeat_01_fold_01/logistic_regression/test_predictions.csv
per_cancer,os_5yr,HNSCC,1,1,random_forest,183,46,57,success,0.8966666666666666,validation split balanced accuracy,0.34346995299711125,0.07376800199926947,0.2982456140350877,0.5351063829787234,0.2857142857142857,0.1702127659574468,0.9,0.4180851063829787,0.8307549354926139,0.5095498749173735,0.162658479532165,/home/prime/Documents/g3/tab-r1/paper/tables/source_data/full_fold_models/per_cancer/os_5yr/HNSCC/repeat_01_fold_01/random_forest/test_predictions.csv
per_cancer,os_5yr,HNSCC,1,1,catboost,183,46,57,success,0.8582370785112352,validation split balanced accuracy,2.1953846770011296,0.006380501999956323,0.543859649122807,0.4085106382978724,0.6904761904761905,0.6170212765957447,0.2,0.4425531914893617,0.8443118395896076,0.5243069696442677,0.1623106282542036,/home/prime/Documents/g3/tab-r1/paper/tables/source_data/full_fold_models/per_cancer/os_5yr/HNSCC/repeat_01_fold_01/catboost/test_predictions.csv
per_cancer,os_5yr,HNSCC,1,1,xgboost,183,46,57,success,0.9870051145553589,validation split balanced accuracy,0.156431507999514,0.006306991999736056,0.3684210526315789,0.49893617021276593,0.4375,0.2978723404255319,0.7,0.423404255319149,0.8427917053533869,0.7925221449621511,0.20400250512811174,/home/prime/Documents/g3/tab-r1/paper/tables/source_data/full_fold_models/per_cancer/os_5yr/HNSCC/repeat_01_fold_01/xgboost/test_predictions.csv
per_cancer,os_5yr,HNSCC,1,1,lightgbm,183,46,57,success,0.9516273157376715,validation split balanced accuracy,0.05479337499855319,0.005879554999410175,0.631578947368421,0.5010638297872341,0.7586206896551724,0.7021276595744681,0.3,0.4340425531914894,0.8377792147049823,1.1686109753152532,0.21545083059672793,/home/prime/Documents/g3/tab-r1/paper/tables/source_data/full_fold_models/per_cancer/os_5yr/HNSCC/repeat_01_fold_01/lightgbm/test_predictions.csv
per_cancer,os_5yr,HNSCC,1,2,logistic_regression,182,46,58,success,0.4730355787949624,validation split balanced accuracy,0.010013859002356185,0.0038975410025159363,0.7586206896551724,0.4583333333333333,0.8627450980392157,0.9166666666666666,0.0,0.4,0.8236236839807084,0.6061792423362374,0.19079290673584798,/home/prime/Documents/g3/tab-r1/paper/tables/source_data/full_fold_models/per_cancer/os_5yr/HNSCC/repeat_01_fold_02/logistic_regression/test_predictions.csv
per_cancer,os_5yr,HNSCC,1,2,random_forest,182,46,58,success,0.8166666666666667,validation split balanced accuracy,0.3504061860003276,0.07413813899984234,0.46551724137931033,0.5979166666666667,0.5507246376811594,0.3958333333333333,0.8,0.51875,0.8749145558276573,0.46424219830884594,0.14979406130268308,/home/prime/Documents/g3/tab-r1/paper/tables/source_data/full_fold_models/per_cancer/os_5yr/HNSCC/repeat_01_fold_02/random_forest/test_predictions.csv
per_cancer,os_5yr,HNSCC,1,2,catboost,182,46,58,success,0.9223877321249261,validation split balanced accuracy,2.137694550998276,0.005781367999588838,0.3448275862068966,0.5645833333333333,0.36666666666666664,0.22916666666666666,0.9,0.5291666666666667,0.8755162988727204,0.4771318344180399,0.14932082752112927,/home/prime/Documents/g3/tab-r1/paper/tables/source_data/full_fold_models/per_cancer/os_5yr/HNSCC/repeat_01_fold_02/catboost/test_predictions.csv
per_cancer,os_5yr,HNSCC,1,2,xgboost,182,46,58,success,0.980991542339325,validation split balanced accuracy,0.15017011300005834,0.006296932999248384,0.4482758620689655,0.46875,0.5675675675675675,0.4375,0.5,0.54375,0.8869745568838642,0.6916321799788162,0.1807908680108271,/home/prime/Documents/g3/tab-r1/paper/tables/source_data/full_fold_models/per_cancer/os_5yr/HNSCC/repeat_01_fold_02/xgboost/test_predictions.csv
per_cancer,os_5yr,HNSCC,1,2,lightgbm,182,46,58,success,0.9994772062282099,validation split balanced accuracy,0.05429776800156105,0.005758434999734163,0.43103448275862066,0.5770833333333334,0.5074626865671642,0.3541666666666667,0.8,0.5541666666666667,0.8825499537787056,1.0104444884628159,0.17994091142335386,/home/prime/Documents/g3/tab-r1/paper/tables/source_data/full_fold_models/per_cancer/os_5yr/HNSCC/repeat_01_fold_02/lightgbm/test_predictions.csv
per_cancer,os_5yr,HNSCC,1,3,logistic_regression,183,46,57,success,0.8488761161692991,validation split balanced accuracy,0.009929236999596469,0.003950313002860639,0.543859649122807,0.5265957446808511,0.6666666666666666,0.5531914893617021,0.5,0.5297872340425531,0.8519729822469743,0.480132581917334,0.14998401469647457,/home/prime/Documents/g3/tab-r1/paper/tables/source_data/full_fold_models/per_cancer/os_5yr/HNSCC/repeat_01_fold_03/logistic_regression/test_predictions.csv
per_cancer,os_5yr,HNSCC,1,3,random_forest,183,46,57,success,0.8066666666666666,validation split balanced accuracy,0.34074984900144045,0.08002587000009953,0.5789473684210527,0.5085106382978724,0.7073170731707317,0.6170212765957447,0.4,0.40212765957446805,0.814168676617069,0.5340540354551205,0.16499844054581003,/home/prime/Documents/g3/tab-r1/paper/tables/source_data/full_fold_models/per_cancer/os_5yr/HNSCC/repeat_01_fold_03/random_forest/test_predictions.csv
per_cancer,os_5yr,HNSCC,1,3,catboost,183,46,57,success,0.8850400930912802,validation split balanced accuracy,1.9057047230016906,0.005892280001717154,0.49122807017543857,0.4553191489361702,0.6233766233766234,0.5106382978723404,0.4,0.43617021276595747,0.8364780839146169,0.5023493791975275,0.15408274813947107,/home/prime/Documents/g3/tab-r1/paper/tables/source_data/full_fold_models/per_cancer/os_5yr/HNSCC/repeat_01_fold_03/catboost/test_predictions.csv
per_cancer,os_5yr,HNSCC,1,3,xgboost,183,46,57,success,0.9622141718864441,validation split balanced accuracy,0.1489235640001425,0.006328563002170995,0.40350877192982454,0.44148936170212766,0.5142857142857142,0.3829787234042553,0.5,0.47446808510638294,0.8352516692516753,0.6692542984637555,0.17156986732285723,/home/prime/Documents/g3/tab-r1/paper/tables/source_data/full_fold_models/per_cancer/os_5yr/HNSCC/repeat_01_fold_03/xgboost/test_predictions.csv
per_cancer,os_5yr,HNSCC,1,3,lightgbm,183,46,57,success,0.9928174424496206,validation split balanced accuracy,0.06673529500039876,0.0062867229971743654,0.47368421052631576,0.48404255319148937,0.5945945945945946,0.46808510638297873,0.5,0.4574468085106383,0.8377914805910734,1.1777622906474559,0.21544042901831523,/home/prime/Documents/g3/tab-r1/paper/tables/source_data/full_fold_models/per_cancer/os_5yr/HNSCC/repeat_01_fold_03/lightgbm/test_predictions.csv
per_cancer,os_5yr,HNSCC,1,4,logistic_regression,183,46,57,success,0.8619739098412083,validation split balanced accuracy,0.01029358300002059,0.0038853379992360715,0.47368421052631576,0.4152097902097902,0.6052631578947368,0.5227272727272727,0.3076923076923077,0.3601398601398601,0.7326980161202211,0.6697209465125856,0.2119673328716354,/home/prime/Documents/g3/tab-r1/paper/tables/source_data/full_fold_models/per_cancer/os_5yr/HNSCC/repeat_01_fold_04/logistic_regression/test_predictions.csv
per_cancer,os_5yr,HNSCC,1,4,random_forest,183,46,57,success,0.9366666666666666,validation split balanced accuracy,0.34351503899961244,0.07724377900012769,0.3333333333333333,0.5410839160839161,0.2692307692307692,0.1590909090909091,0.9230769230769231,0.506993006993007,0.816664269478837,0.5690104010789966,0.18473450292397783,/home/prime/Documents/g3/tab-r1/paper/tables/source_data/full_fold_models/per_cancer/os_5yr/HNSCC/repeat_01_fold_04/random_forest/test_predictions.csv
per_cancer,os_5yr,HNSCC,1,4,catboost,183,46,57,success,0.9028438344031834,validation split balanced accuracy,2.0184074610006064,0.00579203800225514,0.47368421052631576,0.5236013986013986,0.5588235294117647,0.4318181818181818,0.6153846153846154,0.506993006993007,0.8206896580561507,0.6109950566382196,0.1945359186487976,/home/prime/Documents/g3/tab-r1/paper/tables/source_data/full_fold_models/per_cancer/os_5yr/HNSCC/repeat_01_fold_04/catboost/test_predictions.csv
per_cancer,os_5yr,HNSCC,1,4,xgboost,183,46,57,success,0.9630006551742554,validation split balanced accuracy,0.14700200500010396,0.006274178998864954,0.43859649122807015,0.5008741258741258,0.5151515151515151,0.38636363636363635,0.6153846153846154,0.5297202797202797,0.816078933123321,0.8326095018608806,0.21393383622768736,/home/prime/Documents/g3/tab-r1/paper/tables/source_data/full_fold_models/per_cancer/os_5yr/HNSCC/repeat_01_fold_04/xgboost/test_predictions.csv
per_cancer,os_5yr,HNSCC,1,4,lightgbm,183,46,57,success,0.9828305133274448,validation split balanced accuracy,0.06548236299931887,0.006487226000899682,0.631578947368421,0.5445804195804196,0.7469879518072289,0.7045454545454546,0.38461538461538464,0.5856643356643356,0.8434786862283716,1.1741172695804685,0.23271603285018747,/home/prime/Documents/g3/tab-r1/paper/tables/source_data/full_fold_models/per_cancer/os_5yr/HNSCC/repeat_01_fold_04/lightgbm/test_predictions.csv
per_cancer,os_5yr,HNSCC,2,0,logistic_regression,182,46,58,success,0.853865520272074,validation split balanced accuracy,0.009865396001259796,0.003865189999487484,0.5862068965517241,0.5145299145299146,0.7073170731707317,0.6444444444444445,0.38461538461538464,0.46495726495726486,0.786937603808097,0.6297034259992993,0.196952425351444,/home/prime/Documents/g3/tab-r1/paper/tables/source_data/full_fold_models/per_cancer/os_5yr/HNSCC/repeat_02_fold_00/logistic_regression/test_predictions.csv
per_cancer,os_5yr,HNSCC,2,0,random_forest,182,46,58,success,0.82,validation split balanced accuracy,0.3405117149995931,0.0761259440005233,0.5517241379310345,0.5470085470085471,0.6578947368421053,0.5555555555555556,0.5384615384615384,0.6418803418803418,0.8651297421583157,0.5057871943437277,0.16744003831417745,/home/prime/Documents/g3/tab-r1/paper/tables/source_data/full_fold_models/per_cancer/os_5yr/HNSCC/repeat_02_fold_00/random_forest/test_predictions.csv
per_cancer,os_5yr,HNSCC,2,0,catboost,182,46,58,success,0.8489993602073993,validation split balanced accuracy,2.0984104580020357,0.00626059299975168,0.7241379310344828,0.5487179487179488,0.8297872340425532,0.8666666666666667,0.23076923076923078,0.747008547008547,0.923175721261373,0.5410518659408277,0.1778740594514754,/home/prime/Documents/g3/tab-r1/paper/tables/source_data/full_fold_models/per_cancer/os_5yr/HNSCC/repeat_02_fold_00/catboost/test_predictions.csv
per_cancer,os_5yr,HNSCC,2,0,xgboost,182,46,58,success,0.9786152839660645,validation split balanced accuracy,0.14530176900007064,0.005274740000459133,0.5172413793103449,0.6888888888888889,0.5483870967741935,0.37777777777777777,1.0,0.6427350427350427,0.8982790763122818,0.6962390525352227,0.21327776029183768,/home/prime/Documents/g3/tab-r1/paper/tables/source_data/full_fold_models/per_cancer/os_5yr/HNSCC/repeat_02_fold_00/xgboost/test_predictions.csv
per_cancer,os_5yr,HNSCC,2,0,lightgbm,182,46,58,success,0.9983615494782583,validation split balanced accuracy,0.06414537100135931,0.006583931000932353,0.5,0.6230769230769231,0.5538461538461539,0.4,0.8461538461538461,0.6256410256410256,0.8820818466582917,1.0856985911846304,0.2087665113339257,/home/prime/Documents/g3/tab-r1/paper/tables/source_data/full_fold_models/per_cancer/os_5yr/HNSCC/repeat_02_fold_00/lightgbm/test_predictions.csv
per_cancer,os_5yr,HNSCC,2,1,logistic_regression,183,46,57,success,0.7526252055975816,validation split balanced accuracy,0.011458566998044262,0.004505130997131346,0.7543859649122807,0.575531914893617,0.851063829787234,0.851063829787234,0.3,0.7085106382978723,0.9000835480495654,0.42246926608171376,0.1294082153070491,/home/prime/Documents/g3/tab-r1/paper/tables/source_data/full_fold_models/per_cancer/os_5yr/HNSCC/repeat_02_fold_01/logistic_regression/test_predictions.csv
per_cancer,os_5yr,HNSCC,2,1,random_forest,183,46,57,success,0.8,validation split balanced accuracy,0.3507726759999059,0.07908095600214438,0.5087719298245614,0.623404255319149,0.6,0.44680851063829785,0.8,0.626595744680851,0.8958950867199695,0.44328950813747414,0.1421769980506835,/home/prime/Documents/g3/tab-r1/paper/tables/source_data/full_fold_models/per_cancer/os_5yr/HNSCC/repeat_02_fold_01/random_forest/test_predictions.csv
per_cancer,os_5yr,HNSCC,2,1,catboost,183,46,57,success,0.8980968864877732,validation split balanced accuracy,1.845644713001093,0.006291081001108978,0.42105263157894735,0.648936170212766,0.45901639344262296,0.2978723404255319,1.0,0.6382978723404255,0.9114003324114649,0.4455341225179757,0.14232782066348681,/home/prime/Documents/g3/tab-r1/paper/tables/source_data/full_fold_models/per_cancer/os_5yr/HNSCC/repeat_02_fold_01/catboost/test_predictions.csv
per_cancer,os_5yr,HNSCC,2,1,xgboost,183,46,57,success,0.9909005165100098,validation split balanced accuracy,0.1445747100005974,0.006386453998857178,0.2982456140350877,0.5351063829787234,0.2857142857142857,0.1702127659574468,0.9,0.6191489361702127,0.8957380869742715,0.5488882830020344,0.15351476032588957,/home/prime/Documents/g3/tab-r1/paper/tables/source_data/full_fold_models/per_cancer/os_5yr/HNSCC/repeat_02_fold_01/xgboost/test_predictions.csv
per_cancer,os_5yr,HNSCC,2,1,lightgbm,183,46,57,success,0.9990796268475889,validation split balanced accuracy,0.06210495399864158,0.006596704999537906,0.38596491228070173,0.6276595744680851,0.4067796610169492,0.2553191489361702,1.0,0.6404255319148936,0.9121282316524351,0.712328192755595,0.170482152349922,/home/prime/Documents/g3/tab-r1/paper/tables/source_data/full_fold_models/per_cancer/os_5yr/HNSCC/repeat_02_fold_01/lightgbm/test_predictions.csv
per_cancer,os_5yr,HNSCC,2,2,logistic_regression,183,46,57,success,0.8864829227392553,validation split balanced accuracy,0.01062291199923493,0.004767102000187151,0.3157894736842105,0.5361111111111111,0.2641509433962264,0.15555555555555556,0.9166666666666666,0.5185185185185185,0.8282833413144837,0.5114596128912671,0.16323077828375349,/home/prime/Documents/g3/tab-r1/paper/tables/source_data/full_fold_models/per_cancer/os_5yr/HNSCC/repeat_02_fold_02/logistic_regression/test_predictions.csv
per_cancer,os_5yr,HNSCC,2,2,random_forest,183,46,57,success,1.0,validation split balanced accuracy,0.3445329930000298,0.07757003100050497,0.21052631578947367,0.5,0.0,0.0,1.0,0.6074074074074074,0.8659007446839211,0.4936107356286876,0.1616040935672527,/home/prime/Documents/g3/tab-r1/paper/tables/source_data/full_fold_models/per_cancer/os_5yr/HNSCC/repeat_02_fold_02/random_forest/test_predictions.csv
per_cancer,os_5yr,HNSCC,2,2,catboost,183,46,57,success,0.9180627611301746,validation split balanced accuracy,2.118167579999863,0.005793440999696031,0.3508771929824561,0.5583333333333333,0.32727272727272727,0.2,0.9166666666666666,0.5944444444444443,0.8563402527187484,0.5156219330338293,0.1660030593401988,/home/prime/Documents/g3/tab-r1/paper/tables/source_data/full_fold_models/per_cancer/os_5yr/HNSCC/repeat_02_fold_02/catboost/test_predictions.csv
per_cancer,os_5yr,HNSCC,2,2,xgboost,183,46,57,success,0.9793916344642639,validation split balanced accuracy,0.1548913980004727,0.006484680998255499,0.42105263157894735,0.6027777777777777,0.4406779661016949,0.28888888888888886,0.9166666666666666,0.6314814814814815,0.8812740737082813,0.5953443015147493,0.17207490841823359,/home/prime/Documents/g3/tab-r1/paper/tables/source_data/full_fold_models/per_cancer/os_5yr/HNSCC/repeat_02_fold_02/xgboost/test_predictions.csv
per_cancer,os_5yr,HNSCC,2,2,lightgbm,183,46,57,success,0.998863613041061,validation split balanced accuracy,0.060337389000778785,0.006650226998317521,0.38596491228070173,0.6111111111111112,0.36363636363636365,0.2222222222222222,1.0,0.6574074074074074,0.8893583758911334,0.7827734575629731,0.17600642691505894,/home/prime/Documents/g3/tab-r1/paper/tables/source_data/full_fold_models/per_cancer/os_5yr/HNSCC/repeat_02_fold_02/lightgbm/test_predictions.csv
per_cancer,os_5yr,HNSCC,2,3,logistic_regression,183,46,57,success,0.865974476020012,validation split balanced accuracy,0.010021604000939988,0.003923289998056134,0.5789473684210527,0.5872340425531914,0.6923076923076923,0.574468085106383,0.6,0.6170212765957447,0.8710676822526258,0.47266405378045634,0.14091454602411108,/home/prime/Documents/g3/tab-r1/paper/tables/source_data/full_fold_models/per_cancer/os_5yr/HNSCC/repeat_02_fold_03/logistic_regression/test_predictions.csv
per_cancer,os_5yr,HNSCC,2,3,random_forest,183,46,57,success,0.8233333333333334,validation split balanced accuracy,0.33791015799943125,0.07558790600160137,0.45614035087719296,0.4734042553191489,0.5753424657534246,0.44680851063829785,0.5,0.4446808510638298,0.8464323288199304,0.49315021094432365,0.15908869395711608,/home/prime/Documents/g3/tab-r1/paper/tables/source_data/full_fold_models/per_cancer/os_5yr/HNSCC/repeat_02_fold_03/random_forest/test_predictions.csv
per_cancer,os_5yr,HNSCC,2,3,catboost,183,46,57,success,0.9238332803916899,validation split balanced accuracy,1.784278789000382,0.005759095998655539,0.3508771929824561,0.5670212765957447,0.3728813559322034,0.23404255319148937,0.9,0.4617021276595744,0.8518685251028244,0.5012079679322424,0.15739574283420596,/home/prime/Documents/g3/tab-r1/paper/tables/source_data/full_fold_models/per_cancer/os_5yr/HNSCC/repeat_02_fold_03/catboost/test_predictions.csv
per_cancer,os_5yr,HNSCC,2,3,xgboost,183,46,57,success,0.9662821292877197,validation split balanced accuracy,0.13253280899880338,0.006310287997621344,0.45614035087719296,0.5127659574468085,0.5633802816901409,0.425531914893617,0.6,0.474468085106383,0.8646972448029837,0.6460903587855427,0.1767256590761169,/home/prime/Documents/g3/tab-r1/paper/tables/source_data/full_fold_models/per_cancer/os_5yr/HNSCC/repeat_02_fold_03/xgboost/test_predictions.csv
per_cancer,os_5yr,HNSCC,2,3,lightgbm,183,46,57,success,0.9948314774831444,validation split balanced accuracy,0.053996724000171525,0.0057332560027134605,0.49122807017543857,0.573404255319149,0.5915492957746479,0.44680851063829785,0.7,0.4659574468085106,0.8605928567530322,0.9643791834843042,0.1938842751493811,/home/prime/Documents/g3/tab-r1/paper/tables/source_data/full_fold_models/per_cancer/os_5yr/HNSCC/repeat_02_fold_03/lightgbm/test_predictions.csv
per_cancer,os_5yr,HNSCC,2,4,logistic_regression,183,46,57,success,0.8280018403203561,validation split balanced accuracy,0.010436386000947095,0.00392344099964248,0.543859649122807,0.5486111111111112,0.6666666666666666,0.5416666666666666,0.5555555555555556,0.5717592592592593,0.8476282282800519,0.49058780503225746,0.1342313852402078,/home/prime/Documents/g3/tab-r1/paper/tables/source_data/full_fold_models/per_cancer/os_5yr/HNSCC/repeat_02_fold_04/logistic_regression/test_predictions.csv
per_cancer,os_5yr,HNSCC,2,4,random_forest,183,46,57,success,0.7433333333333333,validation split balanced accuracy,0.3535144710003806,0.07725924799888162,0.6666666666666666,0.5763888888888888,0.7816091954022989,0.7083333333333334,0.4444444444444444,0.5462962962962963,0.8740943229959809,0.4567122064802191,0.14213762183235973,/home/prime/Documents/g3/tab-r1/paper/tables/source_data/full_fold_models/per_cancer/os_5yr/HNSCC/repeat_02_fold_04/random_forest/test_predictions.csv
per_cancer,os_5yr,HNSCC,2,4,catboost,183,46,57,success,0.9212730848015261,validation split balanced accuracy,2.0150595890008844,0.005949939997663023,0.3333333333333333,0.6041666666666666,0.3448275862068966,0.20833333333333334,1.0,0.47916666666666663,0.8706551909441279,0.4462236516116689,0.1381915684757028,/home/prime/Documents/g3/tab-r1/paper/tables/source_data/full_fold_models/per_cancer/os_5yr/HNSCC/repeat_02_fold_04/catboost/test_predictions.csv
per_cancer,os_5yr,HNSCC,2,4,xgboost,183,46,57,success,0.9884916543960571,validation split balanced accuracy,0.15400622800007113,0.006356826001137961,0.3333333333333333,0.6041666666666666,0.3448275862068966,0.20833333333333334,1.0,0.5578703703703703,0.8870428766516117,0.5499325254525853,0.1519473414295687,/home/prime/Documents/g3/tab-r1/paper/tables/source_data/full_fold_models/per_cancer/os_5yr/HNSCC/repeat_02_fold_04/xgboost/test_predictions.csv
per_cancer,os_5yr,HNSCC,2,4,lightgbm,183,46,57,success,0.9997652779592225,validation split balanced accuracy,0.06382201299857115,0.006667179000942269,0.2807017543859649,0.5729166666666666,0.2545454545454545,0.14583333333333334,1.0,0.6226851851851852,0.9079206439655975,0.7344974596310253,0.16347077952199487,/home/prime/Documents/g3/tab-r1/paper/tables/source_data/full_fold_models/per_cancer/os_5yr/HNSCC/repeat_02_fold_04/lightgbm/test_predictions.csv
per_cancer,os_5yr,HNSCC,3,0,logistic_regression,182,46,58,success,0.8541326137969301,validation split balanced accuracy,0.010508374001801712,0.004695725001511164,0.5689655172413793,0.5573643410852713,0.6666666666666666,0.5813953488372093,0.5333333333333333,0.5085271317829457,0.7616961077421481,0.6526719113288685,0.21198609393916623,/home/prime/Documents/g3/tab-r1/paper/tables/source_data/full_fold_models/per_cancer/os_5yr/HNSCC/repeat_03_fold_00/logistic_regression/test_predictions.csv
per_cancer,os_5yr,HNSCC,3,0,random_forest,182,46,58,success,0.8233333333333334,validation split balanced accuracy,0.3486879849988327,0.07558432999940123,0.5689655172413793,0.6441860465116279,0.6268656716417911,0.4883720930232558,0.8,0.6790697674418604,0.8677351963055449,0.5334452604574558,0.18264463601532685,/home/prime/Documents/g3/tab-r1/paper/tables/source_data/full_fold_models/per_cancer/os_5yr/HNSCC/repeat_03_fold_00/random_forest/test_predictions.csv
per_cancer,os_5yr,HNSCC,3,0,catboost,182,46,58,success,0.8625153093412403,validation split balanced accuracy,2.1168202869994275,0.005837454998982139,0.5689655172413793,0.5573643410852713,0.6666666666666666,0.5813953488372093,0.5333333333333333,0.6015503875968992,0.8531235538074022,0.5995583594162067,0.20102484966720896,/home/prime/Documents/g3/tab-r1/paper/tables/source_data/full_fold_models/per_cancer/os_5yr/HNSCC/repeat_03_fold_00/catboost/test_predictions.csv
per_cancer,os_5yr,HNSCC,3,0,xgboost,182,46,58,success,0.9541195034980774,validation split balanced accuracy,0.15055565000147908,0.006502915999590186,0.5,0.44573643410852715,0.6233766233766234,0.5581395348837209,0.3333333333333333,0.5534883720930233,0.8175957657145143,0.8540438771878014,0.22496421231474373,/home/prime/Documents/g3/tab-r1/paper/tables/source_data/full_fold_models/per_cancer/os_5yr/HNSCC/repeat_03_fold_00/xgboost/test_predictions.csv
per_cancer,os_5yr,HNSCC,3,0,lightgbm,182,46,58,success,0.9978012108759322,validation split balanced accuracy,0.06230113900164724,0.006542461000208277,0.5,0.5108527131782945,0.5915492957746479,0.4883720930232558,0.5333333333333333,0.6155038759689923,0.8421256309548331,1.2538213857236484,0.21676070231296604,/home/prime/Documents/g3/tab-r1/paper/tables/source_data/full_fold_models/per_cancer/os_5yr/HNSCC/repeat_03_fold_00/lightgbm/test_predictions.csv
per_cancer,os_5yr,HNSCC,3,1,logistic_regression,183,46,57,success,0.7960853625946158,validation split balanced accuracy,0.0105902290015365,0.00466228100049193,0.6140350877192983,0.4094387755102041,0.7555555555555555,0.6938775510204082,0.125,0.30102040816326525,0.8030122087955434,0.51677531286704,0.1435571175577458,/home/prime/Documents/g3/tab-r1/paper/tables/source_data/full_fold_models/per_cancer/os_5yr/HNSCC/repeat_03_fold_01/logistic_regression/test_predictions.csv
per_cancer,os_5yr,HNSCC,3,1,random_forest,183,46,57,success,0.8433333333333334,validation split balanced accuracy,0.3491281659989909,0.07436906900329632,0.38596491228070173,0.485969387755102,0.4927536231884058,0.3469387755102041,0.625,0.576530612244898,0.9031443660696907,0.4242156316347956,0.1340869395711513,/home/prime/Documents/g3/tab-r1/paper/tables/source_data/full_fold_models/per_cancer/os_5yr/HNSCC/repeat_03_fold_01/random_forest/test_predictions.csv
per_cancer,os_5yr,HNSCC,3,1,catboost,183,46,57,success,0.8781147807942659,validation split balanced accuracy,2.153606732001208,0.005804160999105079,0.47368421052631576,0.5892857142857143,0.5833333333333334,0.42857142857142855,0.75,0.5433673469387754,0.8887672889987817,0.42397442515052025,0.12995333417548877,/home/prime/Documents/g3/tab-r1/paper/tables/source_data/full_fold_models/per_cancer/os_5yr/HNSCC/repeat_03_fold_01/catboost/test_predictions.csv
per_cancer,os_5yr,HNSCC,3,1,xgboost,183,46,57,success,0.9403128623962402,validation split balanced accuracy,0.15748311599963927,0.0063139350022538565,0.5964912280701754,0.5561224489795918,0.7228915662650602,0.6122448979591837,0.5,0.5867346938775511,0.9140387533222285,0.49803391050585577,0.1425834937635569,/home/prime/Documents/g3/tab-r1/paper/tables/source_data/full_fold_models/per_cancer/os_5yr/HNSCC/repeat_03_fold_01/xgboost/test_predictions.csv
per_cancer,os_5yr,HNSCC,3,1,lightgbm,183,46,57,success,0.9931069150784979,validation split balanced accuracy,0.061019020999083295,0.006403726001735777,0.43859649122807015,0.5165816326530612,0.5555555555555556,0.40816326530612246,0.625,0.5408163265306122,0.9035447014595481,0.7817151974457317,0.18267996439388798,/home/prime/Documents/g3/tab-r1/paper/tables/source_data/full_fold_models/per_cancer/os_5yr/HNSCC/repeat_03_fold_01/lightgbm/test_predictions.csv
per_cancer,os_5yr,HNSCC,3,2,logistic_regression,183,46,57,success,0.8176343194453224,validation split balanced accuracy,0.010435344000143232,0.004670376998546999,0.5614035087719298,0.6159574468085106,0.6666666666666666,0.5319148936170213,0.7,0.5914893617021276,0.8985651897759228,0.46378868867990103,0.15052754783322111,/home/prime/Documents/g3/tab-r1/paper/tables/source_data/full_fold_models/per_cancer/os_5yr/HNSCC/repeat_03_fold_02/logistic_regression/test_predictions.csv
per_cancer,os_5yr,HNSCC,3,2,random_forest,183,46,57,success,0.8,validation split balanced accuracy,0.35322099999757484,0.07503333799832035,0.49122807017543857,0.573404255319149,0.5915492957746479,0.44680851063829785,0.7,0.5861702127659575,0.883280604513726,0.44855427343174414,0.14356101364522522,/home/prime/Documents/g3/tab-r1/paper/tables/source_data/full_fold_models/per_cancer/os_5yr/HNSCC/repeat_03_fold_02/random_forest/test_predictions.csv
per_cancer,os_5yr,HNSCC,3,2,catboost,183,46,57,success,0.9029859267445232,validation split balanced accuracy,1.951174516001629,0.005799051999929361,0.40350877192982454,0.6382978723404256,0.43333333333333335,0.2765957446808511,1.0,0.6468085106382978,0.9198179120226108,0.43793261146998724,0.14079785797112981,/home/prime/Documents/g3/tab-r1/paper/tables/source_data/full_fold_models/per_cancer/os_5yr/HNSCC/repeat_03_fold_02/catboost/test_predictions.csv
per_cancer,os_5yr,HNSCC,3,2,xgboost,183,46,57,success,0.9511029124259949,validation split balanced accuracy,0.14849252099884325,0.006340505999105517,0.5614035087719298,0.6553191489361703,0.6575342465753424,0.5106382978723404,0.8,0.6702127659574468,0.9157815502806715,0.540723359795592,0.16885450709998429,/home/prime/Documents/g3/tab-r1/paper/tables/source_data/full_fold_models/per_cancer/os_5yr/HNSCC/repeat_03_fold_02/xgboost/test_predictions.csv
per_cancer,os_5yr,HNSCC,3,2,lightgbm,183,46,57,success,0.9918049064898906,validation split balanced accuracy,0.06299890100126504,0.0065885090007213876,0.543859649122807,0.6446808510638298,0.6388888888888888,0.48936170212765956,0.8,0.6553191489361703,0.9053504407965817,0.729346322304515,0.1719989351203187,/home/prime/Documents/g3/tab-r1/paper/tables/source_data/full_fold_models/per_cancer/os_5yr/HNSCC/repeat_03_fold_02/lightgbm/test_predictions.csv
per_cancer,os_5yr,HNSCC,3,3,logistic_regression,183,46,57,success,0.9600156898605336,validation split balanced accuracy,0.010549863000051118,0.0046559399997931905,0.19298245614035087,0.5306122448979592,0.11538461538461539,0.061224489795918366,1.0,0.673469387755102,0.9380356004649437,0.41103394280449906,0.12912735500044442,/home/prime/Documents/g3/tab-r1/paper/tables/source_data/full_fold_models/per_cancer/os_5yr/HNSCC/repeat_03_fold_03/logistic_regression/test_predictions.csv
per_cancer,os_5yr,HNSCC,3,3,random_forest,183,46,57,success,0.8166666666666667,validation split balanced accuracy,0.3514998239988927,0.07584241299991845,0.40350877192982454,0.3392857142857143,0.5526315789473685,0.42857142857142855,0.25,0.360969387755102,0.8504647650609982,0.46026935818499604,0.14142319688109267,/home/prime/Documents/g3/tab-r1/paper/tables/source_data/full_fold_models/per_cancer/os_5yr/HNSCC/repeat_03_fold_03/random_forest/test_predictions.csv
per_cancer,os_5yr,HNSCC,3,3,catboost,183,46,57,success,0.9389404007814374,validation split balanced accuracy,2.156600857997546,0.005936854999163188,0.24561403508771928,0.5089285714285714,0.24561403508771928,0.14285714285714285,0.875,0.42091836734693877,0.8577960507462034,0.4337554791127615,0.12777184031845978,/home/prime/Documents/g3/tab-r1/paper/tables/source_data/full_fold_models/per_cancer/os_5yr/HNSCC/repeat_03_fold_03/catboost/test_predictions.csv
per_cancer,os_5yr,HNSCC,3,3,xgboost,183,46,57,success,0.9989557266235352,validation split balanced accuracy,0.15419152100002975,0.006526451001263922,0.24561403508771928,0.5612244897959183,0.21818181818181817,0.12244897959183673,1.0,0.5127551020408163,0.8957451810463734,0.5243399089259847,0.14031895797785293,/home/prime/Documents/g3/tab-r1/paper/tables/source_data/full_fold_models/per_cancer/os_5yr/HNSCC/repeat_03_fold_03/xgboost/test_predictions.csv
per_cancer,os_5yr,HNSCC,3,3,lightgbm,183,46,57,success,0.9999918291654948,validation split balanced accuracy,0.057566669001971604,0.0058698069988167845,0.24561403508771928,0.5612244897959183,0.21818181818181817,0.12244897959183673,1.0,0.5331632653061225,0.8978021434699062,0.7705974544409069,0.16846879323275307,/home/prime/Documents/g3/tab-r1/paper/tables/source_data/full_fold_models/per_cancer/os_5yr/HNSCC/repeat_03_fold_03/lightgbm/test_predictions.csv
per_cancer,os_5yr,HNSCC,3,4,logistic_regression,183,46,57,success,0.8636737937507313,validation split balanced accuracy,0.010127475998160662,0.003912880998541368,0.5789473684210527,0.5917832167832169,0.6756756756756757,0.5681818181818182,0.6153846153846154,0.5419580419580419,0.8175276415333124,0.5973475536678369,0.191797517964879,/home/prime/Documents/g3/tab-r1/paper/tables/source_data/full_fold_models/per_cancer/os_5yr/HNSCC/repeat_03_fold_04/logistic_regression/test_predictions.csv
per_cancer,os_5yr,HNSCC,3,4,random_forest,183,46,57,success,0.8533333333333334,validation split balanced accuracy,0.34288521700000274,0.0790620290026709,0.5087719298245614,0.5734265734265734,0.5882352941176471,0.45454545454545453,0.6923076923076923,0.6337412587412588,0.8565260749184618,0.5214145099293414,0.17318304093567374,/home/prime/Documents/g3/tab-r1/paper/tables/source_data/full_fold_models/per_cancer/os_5yr/HNSCC/repeat_03_fold_04/random_forest/test_predictions.csv
per_cancer,os_5yr,HNSCC,3,4,catboost,183,46,57,success,0.9123515760746055,validation split balanced accuracy,1.9285724440014747,0.006135373998404248,0.5789473684210527,0.6730769230769231,0.6470588235294118,0.5,0.8461538461538461,0.7465034965034965,0.9120747101511061,0.5511779637498829,0.18164797147429093,/home/prime/Documents/g3/tab-r1/paper/tables/source_data/full_fold_models/per_cancer/os_5yr/HNSCC/repeat_03_fold_04/catboost/test_predictions.csv
per_cancer,os_5yr,HNSCC,3,4,xgboost,183,46,57,success,0.9780963063240051,validation split balanced accuracy,0.12441185400166432,0.005511522998858709,0.6140350877192983,0.6958041958041958,0.6857142857142857,0.5454545454545454,0.8461538461538461,0.7622377622377622,0.921909695131227,0.653722689542645,0.18864682748912612,/home/prime/Documents/g3/tab-r1/paper/tables/source_data/full_fold_models/per_cancer/os_5yr/HNSCC/repeat_03_fold_04/xgboost/test_predictions.csv
per_cancer,os_5yr,HNSCC,3,4,lightgbm,183,46,57,success,0.9988164992651177,validation split balanced accuracy,0.05601897399901645,0.00585201300054905,0.45614035087719296,0.5664335664335665,0.5079365079365079,0.36363636363636365,0.7692307692307693,0.5979020979020979,0.8517565969093105,1.211411024676975,0.21498689939358795,/home/prime/Documents/g3/tab-r1/paper/tables/source_data/full_fold_models/per_cancer/os_5yr/HNSCC/repeat_03_fold_04/lightgbm/test_predictions.csv
per_cancer,os_5yr,HNSCC,4,0,logistic_regression,182,46,58,success,0.8055237364817123,validation split balanced accuracy,0.01028415499968105,0.004053087999636773,0.7068965517241379,0.538961038961039,0.8172043010752689,0.8636363636363636,0.21428571428571427,0.6688311688311688,0.8901705358308458,0.5765994746874812,0.192111674738897,/home/prime/Documents/g3/tab-r1/paper/tables/source_data/full_fold_models/per_cancer/os_5yr/HNSCC/repeat_04_fold_00/logistic_regression/test_predictions.csv
per_cancer,os_5yr,HNSCC,4,0,random_forest,182,46,58,success,0.77,validation split balanced accuracy,0.35362072399948374,0.08164486100213253,0.7586206896551724,0.6461038961038961,0.8444444444444444,0.8636363636363636,0.42857142857142855,0.7288961038961039,0.8919235087909355,0.5123841674529025,0.1719536398467445,/home/prime/Documents/g3/tab-r1/paper/tables/source_data/full_fold_models/per_cancer/os_5yr/HNSCC/repeat_04_fold_00/random_forest/test_predictions.csv
per_cancer,os_5yr,HNSCC,4,0,catboost,182,46,58,success,0.9478558241211033,validation split balanced accuracy,1.9840312480009743,0.005830952999531291,0.39655172413793105,0.6022727272727273,0.33962264150943394,0.20454545454545456,1.0,0.8116883116883117,0.9260398962602995,0.5768164675798677,0.19157597808622337,/home/prime/Documents/g3/tab-r1/paper/tables/source_data/full_fold_models/per_cancer/os_5yr/HNSCC/repeat_04_fold_00/catboost/test_predictions.csv
per_cancer,os_5yr,HNSCC,4,0,xgboost,182,46,58,success,0.996605634689331,validation split balanced accuracy,0.133387751000555,0.006325708000076702,0.3793103448275862,0.5909090909090909,0.3076923076923077,0.18181818181818182,1.0,0.7467532467532467,0.9011840481733102,0.6693344349649213,0.19285610832086253,/home/prime/Documents/g3/tab-r1/paper/tables/source_data/full_fold_models/per_cancer/os_5yr/HNSCC/repeat_04_fold_00/xgboost/test_predictions.csv
per_cancer,os_5yr,HNSCC,4,0,lightgbm,182,46,58,success,0.9999963533006537,validation split balanced accuracy,0.06469945800199639,0.006722325000737328,0.3620689655172414,0.5795454545454546,0.27450980392156865,0.1590909090909091,1.0,0.7597402597402597,0.8967257324466417,1.065140512101508,0.21241943448670092,/home/prime/Documents/g3/tab-r1/paper/tables/source_data/full_fold_models/per_cancer/os_5yr/HNSCC/repeat_04_fold_00/lightgbm/test_predictions.csv
per_cancer,os_5yr,HNSCC,4,1,logistic_regression,183,46,57,success,0.8034307078838335,validation split balanced accuracy,0.010791323999001179,0.004689754001447,0.7192982456140351,0.5625,0.8260869565217391,0.7916666666666666,0.3333333333333333,0.5416666666666666,0.8491064463874991,0.4408313511375036,0.13247289941218754,/home/prime/Documents/g3/tab-r1/paper/tables/source_data/full_fold_models/per_cancer/os_5yr/HNSCC/repeat_04_fold_01/logistic_regression/test_predictions.csv
per_cancer,os_5yr,HNSCC,4,1,random_forest,183,46,57,success,1.0,validation split balanced accuracy,0.35323750200041104,0.06670964599834406,0.15789473684210525,0.5,0.0,0.0,1.0,0.47800925925925924,0.867985452016058,0.43998491212692514,0.13816588693957238,/home/prime/Documents/g3/tab-r1/paper/tables/source_data/full_fold_models/per_cancer/os_5yr/HNSCC/repeat_04_fold_01/random_forest/test_predictions.csv
per_cancer,os_5yr,HNSCC,4,1,catboost,183,46,57,success,0.8974797428731905,validation split balanced accuracy,2.1688829090016952,0.005878092997591011,0.45614035087719296,0.4965277777777778,0.5753424657534246,0.4375,0.5555555555555556,0.47685185185185186,0.855863966064535,0.4598807572303295,0.1379177161835096,/home/prime/Documents/g3/tab-r1/paper/tables/source_data/full_fold_models/per_cancer/os_5yr/HNSCC/repeat_04_fold_01/catboost/test_predictions.csv
per_cancer,os_5yr,HNSCC,4,1,xgboost,183,46,57,success,0.9910727143287659,validation split balanced accuracy,0.15424614499715972,0.006445035000069765,0.2982456140350877,0.5833333333333334,0.2857142857142857,0.16666666666666666,1.0,0.5601851851851852,0.8884566561863977,0.538700691485836,0.1458575232462077,/home/prime/Documents/g3/tab-r1/paper/tables/source_data/full_fold_models/per_cancer/os_5yr/HNSCC/repeat_04_fold_01/xgboost/test_predictions.csv
per_cancer,os_5yr,HNSCC,4,1,lightgbm,183,46,57,success,0.9997395205870543,validation split balanced accuracy,0.06475323099948582,0.006569191999005852,0.2807017543859649,0.5729166666666666,0.2545454545454545,0.14583333333333334,1.0,0.5185185185185185,0.8745682068916824,0.776276887280916,0.15775640270581426,/home/prime/Documents/g3/tab-r1/paper/tables/source_data/full_fold_models/per_cancer/os_5yr/HNSCC/repeat_04_fold_01/lightgbm/test_predictions.csv
per_cancer,os_5yr,HNSCC,4,2,logistic_regression,183,46,57,success,0.8138293222562423,validation split balanced accuracy,0.010699979000492021,0.003974158000346506,0.6491228070175439,0.5208333333333334,0.7727272727272727,0.7083333333333334,0.3333333333333333,0.576388888888889,0.9067697652632891,0.458457343125828,0.14766091882896376,/home/prime/Documents/g3/tab-r1/paper/tables/source_data/full_fold_models/per_cancer/os_5yr/HNSCC/repeat_04_fold_02/logistic_regression/test_predictions.csv
per_cancer,os_5yr,HNSCC,4,2,random_forest,183,46,57,success,0.7733333333333333,validation split balanced accuracy,0.3462216969965084,0.07853575499757426,0.5087719298245614,0.3472222222222222,0.6666666666666666,0.5833333333333334,0.1111111111111111,0.4155092592592593,0.8573764201128339,0.4814160864893284,0.15491734892787645,/home/prime/Documents/g3/tab-r1/paper/tables/source_data/full_fold_models/per_cancer/os_5yr/HNSCC/repeat_04_fold_02/random_forest/test_predictions.csv
per_cancer,os_5yr,HNSCC,4,2,catboost,183,46,57,success,0.9010036446650684,validation split balanced accuracy,2.0428607590001775,0.0060177499981364235,0.2631578947368421,0.3368055555555555,0.34375,0.22916666666666666,0.4444444444444444,0.3495370370370371,0.832884536847578,0.4825042064716019,0.1459599763207441,/home/prime/Documents/g3/tab-r1/paper/tables/source_data/full_fold_models/per_cancer/os_5yr/HNSCC/repeat_04_fold_02/catboost/test_predictions.csv
per_cancer,os_5yr,HNSCC,4,2,xgboost,183,46,57,success,0.9516588449478149,validation split balanced accuracy,0.14834401700136368,0.0065000499998859596,0.5087719298245614,0.4375,0.65,0.5416666666666666,0.3333333333333333,0.4398148148148148,0.8493782873163805,0.6702104132095388,0.1711839752707401,/home/prime/Documents/g3/tab-r1/paper/tables/source_data/full_fold_models/per_cancer/os_5yr/HNSCC/repeat_04_fold_02/xgboost/test_predictions.csv
per_cancer,os_5yr,HNSCC,4,2,lightgbm,183,46,57,success,0.9754398604001492,validation split balanced accuracy,0.0648357579993899,0.006426209001801908,0.6491228070175439,0.3854166666666667,0.7872340425531915,0.7708333333333334,0.0,0.4513888888888889,0.8725690927761259,1.0273463846747173,0.19602664044870444,/home/prime/Documents/g3/tab-r1/paper/tables/source_data/full_fold_models/per_cancer/os_5yr/HNSCC/repeat_04_fold_02/lightgbm/test_predictions.csv
per_cancer,os_5yr,HNSCC,4,3,logistic_regression,183,46,57,success,0.8799289113727864,validation split balanced accuracy,0.00990054299836629,0.003897291000612313,0.3684210526315789,0.42021276595744683,0.47058823529411764,0.3404255319148936,0.5,0.39148936170212767,0.7991297495488507,0.552959908919601,0.17311801899749849,/home/prime/Documents/g3/tab-r1/paper/tables/source_data/full_fold_models/per_cancer/os_5yr/HNSCC/repeat_04_fold_03/logistic_regression/test_predictions.csv
per_cancer,os_5yr,HNSCC,4,3,random_forest,183,46,57,success,0.7866666666666666,validation split balanced accuracy,0.34839272200042615,0.08196536300238222,0.543859649122807,0.6053191489361702,0.6486486486486487,0.5106382978723404,0.7,0.6563829787234042,0.8995058576674467,0.4381991513282528,0.13863489278752542,/home/prime/Documents/g3/tab-r1/paper/tables/source_data/full_fold_models/per_cancer/os_5yr/HNSCC/repeat_04_fold_03/random_forest/test_predictions.csv
per_cancer,os_5yr,HNSCC,4,3,catboost,183,46,57,success,0.9201096270429789,validation split balanced accuracy,1.7775924729976396,0.005796346998977242,0.3157894736842105,0.5457446808510639,0.3157894736842105,0.19148936170212766,0.9,0.6638297872340425,0.9058838003447878,0.4414910822206283,0.13969258908920978,/home/prime/Documents/g3/tab-r1/paper/tables/source_data/full_fold_models/per_cancer/os_5yr/HNSCC/repeat_04_fold_03/catboost/test_predictions.csv
per_cancer,os_5yr,HNSCC,4,3,xgboost,183,46,57,success,0.9654343724250793,validation split balanced accuracy,0.14148917000056827,0.006276965003053192,0.45614035087719296,0.5914893617021277,0.5373134328358209,0.3829787234042553,0.8,0.6191489361702128,0.8930204620414436,0.535699832284993,0.15741078782287038,/home/prime/Documents/g3/tab-r1/paper/tables/source_data/full_fold_models/per_cancer/os_5yr/HNSCC/repeat_04_fold_03/xgboost/test_predictions.csv
per_cancer,os_5yr,HNSCC,4,3,lightgbm,183,46,57,success,0.99870813379359,validation split balanced accuracy,0.0665188519997173,0.00650014999700943,0.3508771929824561,0.5670212765957447,0.3728813559322034,0.23404255319148937,0.9,0.7000000000000001,0.9188145397624989,0.6669214656813207,0.15059531443159632,/home/prime/Documents/g3/tab-r1/paper/tables/source_data/full_fold_models/per_cancer/os_5yr/HNSCC/repeat_04_fold_03/lightgbm/test_predictions.csv
per_cancer,os_5yr,HNSCC,4,4,logistic_regression,183,46,57,success,0.8254651041285476,validation split balanced accuracy,0.010275137999997241,0.004025124999316176,0.7017543859649122,0.5361111111111111,0.8131868131868132,0.8222222222222222,0.25,0.44999999999999996,0.7919156970455735,0.546974619840553,0.1698669913787099,/home/prime/Documents/g3/tab-r1/paper/tables/source_data/full_fold_models/per_cancer/os_5yr/HNSCC/repeat_04_fold_04/logistic_regression/test_predictions.csv
per_cancer,os_5yr,HNSCC,4,4,random_forest,183,46,57,success,0.8966666666666666,validation split balanced accuracy,0.3521569689983153,0.07683298399933847,0.3684210526315789,0.5083333333333333,0.4,0.26666666666666666,0.75,0.4805555555555555,0.8198429729072446,0.5795005879214109,0.1828668615984416,/home/prime/Documents/g3/tab-r1/paper/tables/source_data/full_fold_models/per_cancer/os_5yr/HNSCC/repeat_04_fold_04/random_forest/test_predictions.csv
per_cancer,os_5yr,HNSCC,4,4,catboost,183,46,57,success,0.8983096312939208,validation split balanced accuracy,2.019840316999762,0.006096039000112796,0.5263157894736842,0.48611111111111116,0.6493506493506493,0.5555555555555556,0.4166666666666667,0.5148148148148148,0.8442120957448606,0.5848545779064227,0.18201078562420558,/home/prime/Documents/g3/tab-r1/paper/tables/source_data/full_fold_models/per_cancer/os_5yr/HNSCC/repeat_04_fold_04/catboost/test_predictions.csv
per_cancer,os_5yr,HNSCC,4,4,xgboost,183,46,57,success,0.816656231880188,validation split balanced accuracy,0.14118819500072277,0.0063430310001422185,0.7368421052631579,0.4666666666666667,0.8484848484848485,0.9333333333333333,0.0,0.524074074074074,0.8392863031027303,0.809344640199483,0.20520413488363232,/home/prime/Documents/g3/tab-r1/paper/tables/source_data/full_fold_models/per_cancer/os_5yr/HNSCC/repeat_04_fold_04/xgboost/test_predictions.csv
per_cancer,os_5yr,HNSCC,4,4,lightgbm,183,46,57,success,0.9998729332657651,validation split balanced accuracy,0.06160119200285408,0.00664038799732225,0.3508771929824561,0.49722222222222223,0.3728813559322034,0.24444444444444444,0.75,0.5351851851851852,0.8360516204401457,1.2595320847321994,0.2070606687753614,/home/prime/Documents/g3/tab-r1/paper/tables/source_data/full_fold_models/per_cancer/os_5yr/HNSCC/repeat_04_fold_04/lightgbm/test_predictions.csv
per_cancer,os_5yr,LSCC,0,0,logistic_regression,180,45,56,success,0.6974290957784564,validation split balanced accuracy,0.009909849999530707,0.004843116999836639,0.4642857142857143,0.4016260162601626,0.5945945945945946,0.5365853658536586,0.26666666666666666,0.44878048780487806,0.7488769235050148,0.5860280555093851,0.1980767277675993,/home/prime/Documents/g3/tab-r1/paper/tables/source_data/full_fold_models/per_cancer/os_5yr/LSCC/repeat_00_fold_00/logistic_regression/test_predictions.csv
per_cancer,os_5yr,LSCC,0,0,random_forest,180,45,56,success,0.7833333333333333,validation split balanced accuracy,0.3489372320000257,0.07386888499968336,0.5535714285714286,0.6105691056910569,0.6153846153846154,0.4878048780487805,0.7333333333333333,0.5902439024390244,0.7989653499184173,0.6024153252062374,0.20217353277909697,/home/prime/Documents/g3/tab-r1/paper/tables/source_data/full_fold_models/per_cancer/os_5yr/LSCC/repeat_00_fold_00/random_forest/test_predictions.csv
per_cancer,os_5yr,LSCC,0,0,catboost,180,45,56,success,0.6641782073324269,validation split balanced accuracy,0.7899554389987316,0.0056930690006993245,0.6428571428571429,0.5235772357723577,0.7619047619047619,0.7804878048780488,0.26666666666666666,0.526829268292683,0.7797500902472071,0.5585376534680888,0.1897547127906845,/home/prime/Documents/g3/tab-r1/paper/tables/source_data/full_fold_models/per_cancer/os_5yr/LSCC/repeat_00_fold_00/catboost/test_predictions.csv
per_cancer,os_5yr,LSCC,0,0,xgboost,180,45,56,success,0.7805334329605103,validation split balanced accuracy,0.09386460200039437,0.006490012001449941,0.6428571428571429,0.6292682926829268,0.7297297297297297,0.6585365853658537,0.6,0.6048780487804878,0.790731654855988,0.7068358552646868,0.22596612764489749,/home/prime/Documents/g3/tab-r1/paper/tables/source_data/full_fold_models/per_cancer/os_5yr/LSCC/repeat_00_fold_00/xgboost/test_predictions.csv
per_cancer,os_5yr,LSCC,0,0,lightgbm,180,45,56,success,0.39680779553738205,validation split balanced accuracy,0.04005619699819363,0.0060702100017806515,0.8035714285714286,0.6967479674796748,0.8735632183908046,0.926829268292683,0.4666666666666667,0.6422764227642277,0.7893192528164925,0.5891382441634805,0.1865074846036602,/home/prime/Documents/g3/tab-r1/paper/tables/source_data/full_fold_models/per_cancer/os_5yr/LSCC/repeat_00_fold_00/lightgbm/test_predictions.csv
per_cancer,os_5yr,LSCC,0,1,logistic_regression,179,45,57,success,0.7203430417622912,validation split balanced accuracy,0.010270159000356216,0.004744698999274988,0.5964912280701754,0.6190476190476191,0.676056338028169,0.5714285714285714,0.6666666666666666,0.6825396825396826,0.8223558165079004,0.571296602207602,0.18962770209705737,/home/prime/Documents/g3/tab-r1/paper/tables/source_data/full_fold_models/per_cancer/os_5yr/LSCC/repeat_00_fold_01/logistic_regression/test_predictions.csv
per_cancer,os_5yr,LSCC,0,1,random_forest,179,45,57,success,0.7464285714285714,validation split balanced accuracy,0.3454163089991198,0.07445537399689783,0.5789473684210527,0.6285714285714286,0.6470588235294118,0.5238095238095238,0.7333333333333333,0.6055555555555555,0.8339535477666954,0.574038913011655,0.19696240016775574,/home/prime/Documents/g3/tab-r1/paper/tables/source_data/full_fold_models/per_cancer/os_5yr/LSCC/repeat_00_fold_01/random_forest/test_predictions.csv
per_cancer,os_5yr,LSCC,0,1,catboost,179,45,57,success,0.7634309125390618,validation split balanced accuracy,0.652370282998163,0.005568561999098165,0.42105263157894735,0.5642857142857143,0.4,0.2619047619047619,0.8666666666666667,0.6460317460317461,0.8485811185309592,0.5383962171891743,0.1817883716824229,/home/prime/Documents/g3/tab-r1/paper/tables/source_data/full_fold_models/per_cancer/os_5yr/LSCC/repeat_00_fold_01/catboost/test_predictions.csv
per_cancer,os_5yr,LSCC,0,1,xgboost,179,45,57,success,0.9296868443489075,validation split balanced accuracy,0.10357472100076848,0.00645881200034637,0.47368421052631576,0.5785714285714286,0.5,0.35714285714285715,0.8,0.5968253968253968,0.7789366322898719,0.7381091382822788,0.2340687368660384,/home/prime/Documents/g3/tab-r1/paper/tables/source_data/full_fold_models/per_cancer/os_5yr/LSCC/repeat_00_fold_01/xgboost/test_predictions.csv
per_cancer,os_5yr,LSCC,0,1,lightgbm,179,45,57,success,0.4028344827072213,validation split balanced accuracy,0.04541910699845175,0.0062832469993736595,0.7192982456140351,0.5523809523809524,0.8260869565217391,0.9047619047619048,0.2,0.6015873015873016,0.7989216784480206,0.6845085115183227,0.22015579453687575,/home/prime/Documents/g3/tab-r1/paper/tables/source_data/full_fold_models/per_cancer/os_5yr/LSCC/repeat_00_fold_01/lightgbm/test_predictions.csv
per_cancer,os_5yr,LSCC,0,2,logistic_regression,180,45,56,success,0.7517862050662726,validation split balanced accuracy,0.009880233999865595,0.004653124000469688,0.39285714285714285,0.47953216374269003,0.34615384615384615,0.23684210526315788,0.7222222222222222,0.4605263157894736,0.6522485008585649,0.6483129475613865,0.2256993249566471,/home/prime/Documents/g3/tab-r1/paper/tables/source_data/full_fold_models/per_cancer/os_5yr/LSCC/repeat_00_fold_02/logistic_regression/test_predictions.csv
per_cancer,os_5yr,LSCC,0,2,random_forest,180,45,56,success,0.8,validation split balanced accuracy,0.3463603320014954,0.0742597710013797,0.5,0.5730994152046783,0.5,0.3684210526315789,0.7777777777777778,0.5869883040935672,0.7373947441283601,0.8809214259451911,0.22280059166666757,/home/prime/Documents/g3/tab-r1/paper/tables/source_data/full_fold_models/per_cancer/os_5yr/LSCC/repeat_00_fold_02/random_forest/test_predictions.csv
per_cancer,os_5yr,LSCC,0,2,catboost,180,45,56,success,0.770159670832101,validation split balanced accuracy,0.8408864599987282,0.005633105000015348,0.39285714285714285,0.5233918128654971,0.2608695652173913,0.15789473684210525,0.8888888888888888,0.5584795321637427,0.7310131701903642,0.6609633307974047,0.22079396917634372,/home/prime/Documents/g3/tab-r1/paper/tables/source_data/full_fold_models/per_cancer/os_5yr/LSCC/repeat_00_fold_02/catboost/test_predictions.csv
per_cancer,os_5yr,LSCC,0,2,xgboost,180,45,56,success,0.7753162384033203,validation split balanced accuracy,0.09926685599930352,0.006169689000671497,0.5714285714285714,0.5380116959064327,0.6666666666666666,0.631578947368421,0.4444444444444444,0.5116959064327485,0.69600194980634,0.9084080454797002,0.2614813670967019,/home/prime/Documents/g3/tab-r1/paper/tables/source_data/full_fold_models/per_cancer/os_5yr/LSCC/repeat_00_fold_02/xgboost/test_predictions.csv
per_cancer,os_5yr,LSCC,0,2,lightgbm,180,45,56,success,0.774221858328772,validation split balanced accuracy,0.043597899999440415,0.00639199399665813,0.5178571428571429,0.48391812865497075,0.6197183098591549,0.5789473684210527,0.3888888888888889,0.5014619883040936,0.6937411440856047,0.9567242378167131,0.28274937604535727,/home/prime/Documents/g3/tab-r1/paper/tables/source_data/full_fold_models/per_cancer/os_5yr/LSCC/repeat_00_fold_02/lightgbm/test_predictions.csv
per_cancer,os_5yr,LSCC,0,3,logistic_regression,180,45,56,success,0.8264431796783921,validation split balanced accuracy,0.00984527699984028,0.004102211998542771,0.5714285714285714,0.5818713450292399,0.6363636363636364,0.5526315789473685,0.6111111111111112,0.5146198830409356,0.7010520244343653,0.7275163544089389,0.2513336320318868,/home/prime/Documents/g3/tab-r1/paper/tables/source_data/full_fold_models/per_cancer/os_5yr/LSCC/repeat_00_fold_03/logistic_regression/test_predictions.csv
per_cancer,os_5yr,LSCC,0,3,random_forest,180,45,56,success,0.7566666666666667,validation split balanced accuracy,0.3476233020010113,0.07682609100083937,0.5535714285714286,0.597953216374269,0.5901639344262295,0.47368421052631576,0.7222222222222222,0.6695906432748538,0.8257939880574503,0.5886695993201583,0.20383729077523455,/home/prime/Documents/g3/tab-r1/paper/tables/source_data/full_fold_models/per_cancer/os_5yr/LSCC/repeat_00_fold_03/random_forest/test_predictions.csv
per_cancer,os_5yr,LSCC,0,3,catboost,180,45,56,success,0.779912946904298,validation split balanced accuracy,1.8439851549992454,0.006137096999736968,0.6428571428571429,0.6345029239766082,0.7142857142857143,0.6578947368421053,0.6111111111111112,0.6681286549707603,0.8465116080182177,0.618389149715824,0.2167693453977193,/home/prime/Documents/g3/tab-r1/paper/tables/source_data/full_fold_models/per_cancer/os_5yr/LSCC/repeat_00_fold_03/catboost/test_predictions.csv
per_cancer,os_5yr,LSCC,0,3,xgboost,180,45,56,success,0.837594211101532,validation split balanced accuracy,0.17636476600091555,0.006340796000586124,0.6607142857142857,0.6330409356725146,0.7397260273972602,0.7105263157894737,0.5555555555555556,0.6754385964912281,0.8409828607181321,0.741410526025196,0.25040441434696986,/home/prime/Documents/g3/tab-r1/paper/tables/source_data/full_fold_models/per_cancer/os_5yr/LSCC/repeat_00_fold_03/xgboost/test_predictions.csv
per_cancer,os_5yr,LSCC,0,3,lightgbm,180,45,56,success,0.9341589871779997,validation split balanced accuracy,0.05450338100126828,0.00632972500170581,0.625,0.6213450292397661,0.6956521739130435,0.631578947368421,0.6111111111111112,0.6140350877192982,0.7984640681010915,0.9617274472649991,0.28170126344021557,/home/prime/Documents/g3/tab-r1/paper/tables/source_data/full_fold_models/per_cancer/os_5yr/LSCC/repeat_00_fold_03/lightgbm/test_predictions.csv
per_cancer,os_5yr,LSCC,0,4,logistic_regression,180,45,56,success,0.7215200043157267,validation split balanced accuracy,0.009624915997846983,0.004004414997325512,0.5892857142857143,0.65625,0.6349206349206349,0.5,0.8125,0.734375,0.8501575466245115,0.5673932140306256,0.19103732268936088,/home/prime/Documents/g3/tab-r1/paper/tables/source_data/full_fold_models/per_cancer/os_5yr/LSCC/repeat_00_fold_04/logistic_regression/test_predictions.csv
per_cancer,os_5yr,LSCC,0,4,random_forest,180,45,56,success,0.75,validation split balanced accuracy,0.34299489600016386,0.07288629899994703,0.48214285714285715,0.525,0.5396825396825397,0.425,0.625,0.5882812500000001,0.7787259082312568,0.6080962646844651,0.2063057648851864,/home/prime/Documents/g3/tab-r1/paper/tables/source_data/full_fold_models/per_cancer/os_5yr/LSCC/repeat_00_fold_04/random_forest/test_predictions.csv
per_cancer,os_5yr,LSCC,0,4,catboost,180,45,56,success,0.7051628297842233,validation split balanced accuracy,0.7888529640003981,0.005708339002012508,0.5357142857142857,0.54375,0.6176470588235294,0.525,0.5625,0.5968749999999999,0.7847931035457737,0.5733295338548601,0.1956362618713378,/home/prime/Documents/g3/tab-r1/paper/tables/source_data/full_fold_models/per_cancer/os_5yr/LSCC/repeat_00_fold_04/catboost/test_predictions.csv
per_cancer,os_5yr,LSCC,0,4,xgboost,180,45,56,success,0.8858694434165955,validation split balanced accuracy,0.10651249999864376,0.0064773669982969295,0.5178571428571429,0.55,0.5846153846153846,0.475,0.625,0.5921875,0.7818231655559083,0.6996757293122788,0.22573540550864304,/home/prime/Documents/g3/tab-r1/paper/tables/source_data/full_fold_models/per_cancer/os_5yr/LSCC/repeat_00_fold_04/xgboost/test_predictions.csv
per_cancer,os_5yr,LSCC,0,4,lightgbm,180,45,56,success,0.9406212388996562,validation split balanced accuracy,0.04787850299908314,0.006296060000750003,0.375,0.46875,0.36363636363636365,0.25,0.6875,0.5765625,0.7272734377059166,0.7521690549899771,0.22997679096340354,/home/prime/Documents/g3/tab-r1/paper/tables/source_data/full_fold_models/per_cancer/os_5yr/LSCC/repeat_00_fold_04/lightgbm/test_predictions.csv
per_cancer,os_5yr,LSCC,1,0,logistic_regression,179,45,57,success,0.7449815593892771,validation split balanced accuracy,0.009860637001111172,0.003982554000685923,0.6666666666666666,0.6349085365853658,0.7532467532467533,0.7073170731707317,0.5625,0.6295731707317074,0.8242483853773335,0.6166865142469907,0.21029781337870043,/home/prime/Documents/g3/tab-r1/paper/tables/source_data/full_fold_models/per_cancer/os_5yr/LSCC/repeat_01_fold_00/logistic_regression/test_predictions.csv
per_cancer,os_5yr,LSCC,1,0,random_forest,179,45,57,success,0.7633333333333333,validation split balanced accuracy,0.3425444159984181,0.07418000899997423,0.38596491228070173,0.47789634146341464,0.38596491228070173,0.2682926829268293,0.6875,0.5777439024390243,0.7929300458931994,0.5805243961741232,0.19781743607445593,/home/prime/Documents/g3/tab-r1/paper/tables/source_data/full_fold_models/per_cancer/os_5yr/LSCC/repeat_01_fold_00/random_forest/test_predictions.csv
per_cancer,os_5yr,LSCC,1,0,catboost,179,45,57,success,0.7724353470542596,validation split balanced accuracy,2.16663426499872,0.005744448000768898,0.5789473684210527,0.5739329268292683,0.6666666666666666,0.5853658536585366,0.5625,0.5655487804878049,0.7944933615565549,0.5915350538999016,0.20129427598132013,/home/prime/Documents/g3/tab-r1/paper/tables/source_data/full_fold_models/per_cancer/os_5yr/LSCC/repeat_01_fold_00/catboost/test_predictions.csv
per_cancer,os_5yr,LSCC,1,0,xgboost,179,45,57,success,0.8913092613220215,validation split balanced accuracy,0.17905487199823256,0.006457638999563642,0.42105263157894735,0.4832317073170732,0.45901639344262296,0.34146341463414637,0.625,0.5472560975609756,0.7418011412158597,0.7069209001726928,0.22458520289895764,/home/prime/Documents/g3/tab-r1/paper/tables/source_data/full_fold_models/per_cancer/os_5yr/LSCC/repeat_01_fold_00/xgboost/test_predictions.csv
per_cancer,os_5yr,LSCC,1,0,lightgbm,179,45,57,success,0.9334398011555269,validation split balanced accuracy,0.057264943003247026,0.006517653997434536,0.5087719298245614,0.5823170731707317,0.5483870967741935,0.4146341463414634,0.75,0.5533536585365855,0.7283645572274942,0.821063639678627,0.23627825781778575,/home/prime/Documents/g3/tab-r1/paper/tables/source_data/full_fold_models/per_cancer/os_5yr/LSCC/repeat_01_fold_00/lightgbm/test_predictions.csv
per_cancer,os_5yr,LSCC,1,1,logistic_regression,180,45,56,success,0.7180605940658038,validation split balanced accuracy,0.009540254999592435,0.004681878999690525,0.5357142857142857,0.5007541478129713,0.6388888888888888,0.5897435897435898,0.4117647058823529,0.4419306184012066,0.6716423599674154,0.6366802230908777,0.22055967412572314,/home/prime/Documents/g3/tab-r1/paper/tables/source_data/full_fold_models/per_cancer/os_5yr/LSCC/repeat_01_fold_01/logistic_regression/test_predictions.csv
per_cancer,os_5yr,LSCC,1,1,random_forest,180,45,56,success,0.7766666666666666,validation split balanced accuracy,0.34788587399816606,0.0749845259997528,0.4642857142857143,0.5324283559577677,0.4827586206896552,0.358974358974359,0.7058823529411765,0.5384615384615385,0.7698176785326887,0.6284208778268064,0.21837929058385155,/home/prime/Documents/g3/tab-r1/paper/tables/source_data/full_fold_models/per_cancer/os_5yr/LSCC/repeat_01_fold_01/random_forest/test_predictions.csv
per_cancer,os_5yr,LSCC,1,1,catboost,180,45,56,success,0.6002492153939153,validation split balanced accuracy,0.7814172079997661,0.005557541000598576,0.6428571428571429,0.4947209653092006,0.7727272727272727,0.8717948717948718,0.11764705882352941,0.5248868778280542,0.775992173870404,0.613495294839148,0.21407848890004688,/home/prime/Documents/g3/tab-r1/paper/tables/source_data/full_fold_models/per_cancer/os_5yr/LSCC/repeat_01_fold_01/catboost/test_predictions.csv
per_cancer,os_5yr,LSCC,1,1,xgboost,180,45,56,success,0.8185667991638184,validation split balanced accuracy,0.10389999199833255,0.006494518998806598,0.6071428571428571,0.5354449472096531,0.717948717948718,0.717948717948718,0.35294117647058826,0.5188536953242835,0.7387048293194877,0.9121933267875038,0.29763270649851936,/home/prime/Documents/g3/tab-r1/paper/tables/source_data/full_fold_models/per_cancer/os_5yr/LSCC/repeat_01_fold_01/xgboost/test_predictions.csv
per_cancer,os_5yr,LSCC,1,1,lightgbm,180,45,56,success,0.6112236295214967,validation split balanced accuracy,0.04581713699735701,0.006484009998530382,0.5535714285714286,0.4306184012066365,0.6987951807228916,0.7435897435897436,0.11764705882352941,0.4479638009049774,0.6738894178146855,0.9642837127994153,0.29468814185751224,/home/prime/Documents/g3/tab-r1/paper/tables/source_data/full_fold_models/per_cancer/os_5yr/LSCC/repeat_01_fold_01/lightgbm/test_predictions.csv
per_cancer,os_5yr,LSCC,1,2,logistic_regression,180,45,56,success,0.7830348327460266,validation split balanced accuracy,0.010281961000146111,0.004690344998380169,0.5535714285714286,0.5,0.6666666666666666,0.625,0.375,0.5390625,0.7487568701172771,0.6739613954836455,0.22069672159789316,/home/prime/Documents/g3/tab-r1/paper/tables/source_data/full_fold_models/per_cancer/os_5yr/LSCC/repeat_01_fold_02/logistic_regression/test_predictions.csv
per_cancer,os_5yr,LSCC,1,2,random_forest,180,45,56,success,0.8033333333333333,validation split balanced accuracy,0.34739197100134334,0.0744258880004054,0.375,0.54375,0.2553191489361702,0.15,0.9375,0.6695312499999999,0.8082663963443146,0.8072942381609095,0.19283531388888978,/home/prime/Documents/g3/tab-r1/paper/tables/source_data/full_fold_models/per_cancer/os_5yr/LSCC/repeat_01_fold_02/random_forest/test_predictions.csv
per_cancer,os_5yr,LSCC,1,2,catboost,180,45,56,success,0.8156333174186863,validation split balanced accuracy,1.9419667260008282,0.006626090998906875,0.4642857142857143,0.56875,0.4642857142857143,0.325,0.8125,0.69375,0.8210437935460067,0.5835864705653336,0.18827813146048886,/home/prime/Documents/g3/tab-r1/paper/tables/source_data/full_fold_models/per_cancer/os_5yr/LSCC/repeat_01_fold_02/catboost/test_predictions.csv
per_cancer,os_5yr,LSCC,1,2,xgboost,180,45,56,success,0.9671584367752075,validation split balanced accuracy,0.17231677700328873,0.006333532997814473,0.42857142857142855,0.5625,0.38461538461538464,0.25,0.875,0.609375,0.7800276935567605,0.7620593668911765,0.21784692170152484,/home/prime/Documents/g3/tab-r1/paper/tables/source_data/full_fold_models/per_cancer/os_5yr/LSCC/repeat_01_fold_02/xgboost/test_predictions.csv
per_cancer,os_5yr,LSCC,1,2,lightgbm,180,45,56,success,0.9830976813993868,validation split balanced accuracy,0.05637806999948225,0.006613767000089865,0.4642857142857143,0.56875,0.4642857142857143,0.325,0.8125,0.5890624999999999,0.7806615704018043,1.0031804257153099,0.25163292459042264,/home/prime/Documents/g3/tab-r1/paper/tables/source_data/full_fold_models/per_cancer/os_5yr/LSCC/repeat_01_fold_02/lightgbm/test_predictions.csv
per_cancer,os_5yr,LSCC,1,3,logistic_regression,180,45,56,success,0.7371115147391477,validation split balanced accuracy,0.009775784998055315,0.004922729000099935,0.5892857142857143,0.525,0.7012987012987013,0.675,0.375,0.4625,0.7069009146006433,0.5950956837883202,0.20314506541517754,/home/prime/Documents/g3/tab-r1/paper/tables/source_data/full_fold_models/per_cancer/os_5yr/LSCC/repeat_01_fold_03/logistic_regression/test_predictions.csv
per_cancer,os_5yr,LSCC,1,3,random_forest,180,45,56,success,0.6492156862745098,validation split balanced accuracy,0.34359206600129255,0.08247928399941884,0.5535714285714286,0.5,0.6666666666666666,0.625,0.375,0.54375,0.8024242602663555,0.6455063136115194,0.2297346304277628,/home/prime/Documents/g3/tab-r1/paper/tables/source_data/full_fold_models/per_cancer/os_5yr/LSCC/repeat_01_fold_03/random_forest/test_predictions.csv
per_cancer,os_5yr,LSCC,1,3,catboost,180,45,56,success,0.7106280309754297,validation split balanced accuracy,0.6998641019999923,0.00564526800008025,0.5535714285714286,0.55625,0.6376811594202898,0.55,0.5625,0.575,0.8182181978365994,0.5728413665217683,0.1976919655409834,/home/prime/Documents/g3/tab-r1/paper/tables/source_data/full_fold_models/per_cancer/os_5yr/LSCC/repeat_01_fold_03/catboost/test_predictions.csv
per_cancer,os_5yr,LSCC,1,3,xgboost,180,45,56,success,0.930655837059021,validation split balanced accuracy,0.09851166500084219,0.006468298997788224,0.5357142857142857,0.6375,0.5517241379310345,0.4,0.875,0.5796875,0.8189673548123613,0.8478059881491623,0.282386100457919,/home/prime/Documents/g3/tab-r1/paper/tables/source_data/full_fold_models/per_cancer/os_5yr/LSCC/repeat_01_fold_03/xgboost/test_predictions.csv
per_cancer,os_5yr,LSCC,1,3,lightgbm,180,45,56,success,0.9031130244113907,validation split balanced accuracy,0.043316833001881605,0.006254582000110531,0.5,0.575,0.5333333333333333,0.4,0.75,0.5937499999999999,0.8079929665933294,0.7731498689625883,0.2538488129585846,/home/prime/Documents/g3/tab-r1/paper/tables/source_data/full_fold_models/per_cancer/os_5yr/LSCC/repeat_01_fold_03/lightgbm/test_predictions.csv
per_cancer,os_5yr,LSCC,1,4,logistic_regression,180,45,56,success,0.6917143977077698,validation split balanced accuracy,0.009589689001586521,0.004735642000014195,0.6428571428571429,0.6274509803921569,0.7222222222222222,0.6666666666666666,0.5882352941176471,0.5444947209653093,0.7037677693042984,0.634373043003686,0.21631056112910668,/home/prime/Documents/g3/tab-r1/paper/tables/source_data/full_fold_models/per_cancer/os_5yr/LSCC/repeat_01_fold_04/logistic_regression/test_predictions.csv
per_cancer,os_5yr,LSCC,1,4,random_forest,180,45,56,success,0.71,validation split balanced accuracy,0.3563762539997697,0.07630819200130645,0.5892857142857143,0.605580693815988,0.6567164179104478,0.5641025641025641,0.6470588235294118,0.5460030165912518,0.7752446455298926,0.6344092665658171,0.2233445497796529,/home/prime/Documents/g3/tab-r1/paper/tables/source_data/full_fold_models/per_cancer/os_5yr/LSCC/repeat_01_fold_04/random_forest/test_predictions.csv
per_cancer,os_5yr,LSCC,1,4,catboost,180,45,56,success,0.7207602673322799,validation split balanced accuracy,0.8549336590003804,0.005647461999615189,0.5357142857142857,0.55052790346908,0.6060606060606061,0.5128205128205128,0.5882352941176471,0.5580693815987934,0.7891396764457195,0.632381849692976,0.22378322612830834,/home/prime/Documents/g3/tab-r1/paper/tables/source_data/full_fold_models/per_cancer/os_5yr/LSCC/repeat_01_fold_04/catboost/test_predictions.csv
per_cancer,os_5yr,LSCC,1,4,xgboost,180,45,56,success,0.9327353835105896,validation split balanced accuracy,0.10917747799976496,0.006491914002253907,0.48214285714285715,0.528657616892911,0.5245901639344263,0.41025641025641024,0.6470588235294118,0.5595776772247361,0.729233162065036,0.8363439368209402,0.25175098488657355,/home/prime/Documents/g3/tab-r1/paper/tables/source_data/full_fold_models/per_cancer/os_5yr/LSCC/repeat_01_fold_04/xgboost/test_predictions.csv
per_cancer,os_5yr,LSCC,1,4,lightgbm,180,45,56,success,0.9625425827299683,validation split balanced accuracy,0.04328087500107358,0.006386052999005187,0.39285714285714285,0.530920060331825,0.2916666666666667,0.1794871794871795,0.8823529411764706,0.5987933634992458,0.7470013072981276,0.7726451415625565,0.2391510924761838,/home/prime/Documents/g3/tab-r1/paper/tables/source_data/full_fold_models/per_cancer/os_5yr/LSCC/repeat_01_fold_04/lightgbm/test_predictions.csv
per_cancer,os_5yr,LSCC,2,0,logistic_regression,180,45,56,success,0.7054844615972872,validation split balanced accuracy,0.009744203998707235,0.00469577499825391,0.5178571428571429,0.4642857142857143,0.64,0.5714285714285714,0.35714285714285715,0.45408163265306123,0.7607872411124378,0.5782423158380036,0.19396297908587096,/home/prime/Documents/g3/tab-r1/paper/tables/source_data/full_fold_models/per_cancer/os_5yr/LSCC/repeat_02_fold_00/logistic_regression/test_predictions.csv
per_cancer,os_5yr,LSCC,2,0,random_forest,180,45,56,success,0.75,validation split balanced accuracy,0.3442446230001224,0.08051909200003138,0.48214285714285715,0.4642857142857143,0.5915492957746479,0.5,0.42857142857142855,0.548469387755102,0.7977352375782721,0.5970440027535313,0.20015077302043163,/home/prime/Documents/g3/tab-r1/paper/tables/source_data/full_fold_models/per_cancer/os_5yr/LSCC/repeat_02_fold_00/random_forest/test_predictions.csv
per_cancer,os_5yr,LSCC,2,0,catboost,180,45,56,success,0.7146478866479826,validation split balanced accuracy,0.6801250749995233,0.005530979997274699,0.5178571428571429,0.6309523809523809,0.5573770491803278,0.40476190476190477,0.8571428571428571,0.5459183673469388,0.8301645481113106,0.5446883435199253,0.1837030221375334,/home/prime/Documents/g3/tab-r1/paper/tables/source_data/full_fold_models/per_cancer/os_5yr/LSCC/repeat_02_fold_00/catboost/test_predictions.csv
per_cancer,os_5yr,LSCC,2,0,xgboost,180,45,56,success,0.8486776947975159,validation split balanced accuracy,0.09769083700302872,0.006434694998461055,0.625,0.6309523809523809,0.7123287671232876,0.6190476190476191,0.6428571428571429,0.6921768707482994,0.8286468247650637,0.6043060936990157,0.17775543055973714,/home/prime/Documents/g3/tab-r1/paper/tables/source_data/full_fold_models/per_cancer/os_5yr/LSCC/repeat_02_fold_00/xgboost/test_predictions.csv
per_cancer,os_5yr,LSCC,2,0,lightgbm,180,45,56,success,0.8832299010372836,validation split balanced accuracy,0.042367250000097556,0.006275591000303393,0.48214285714285715,0.6071428571428571,0.5084745762711864,0.35714285714285715,0.8571428571428571,0.7074829931972789,0.8421851170574236,0.5231866159164458,0.16450026190253622,/home/prime/Documents/g3/tab-r1/paper/tables/source_data/full_fold_models/per_cancer/os_5yr/LSCC/repeat_02_fold_00/lightgbm/test_predictions.csv
per_cancer,os_5yr,LSCC,2,1,logistic_regression,179,45,57,success,0.6192047094386562,validation split balanced accuracy,0.009560263002640568,0.003940844002499944,0.6140350877192983,0.4868421052631579,0.75,0.868421052631579,0.10526315789473684,0.5706371191135735,0.7267757732315857,0.7084500143369443,0.23768078863253309,/home/prime/Documents/g3/tab-r1/paper/tables/source_data/full_fold_models/per_cancer/os_5yr/LSCC/repeat_02_fold_01/logistic_regression/test_predictions.csv
per_cancer,os_5yr,LSCC,2,1,random_forest,179,45,57,success,0.67,validation split balanced accuracy,0.3457900030007295,0.07710280000173952,0.5789473684210527,0.5,0.7,0.7368421052631579,0.2631578947368421,0.5186980609418282,0.7416144400723352,0.6652919738784463,0.2345316813547957,/home/prime/Documents/g3/tab-r1/paper/tables/source_data/full_fold_models/per_cancer/os_5yr/LSCC/repeat_02_fold_01/random_forest/test_predictions.csv
per_cancer,os_5yr,LSCC,2,1,catboost,179,45,57,success,0.7769556788200226,validation split balanced accuracy,2.131136259999039,0.006249030997423688,0.631578947368421,0.6052631578947368,0.7123287671232876,0.6842105263157895,0.5263157894736842,0.5720221606648199,0.7636908816525803,0.6853547102471754,0.23791959502715943,/home/prime/Documents/g3/tab-r1/paper/tables/source_data/full_fold_models/per_cancer/os_5yr/LSCC/repeat_02_fold_01/catboost/test_predictions.csv
per_cancer,os_5yr,LSCC,2,1,xgboost,179,45,57,success,0.7608368396759033,validation split balanced accuracy,0.16884057999777724,0.006364951997966273,0.5964912280701754,0.5526315789473684,0.6933333333333334,0.6842105263157895,0.42105263157894735,0.4833795013850415,0.6427427944935697,0.9536542929436587,0.2804395196764668,/home/prime/Documents/g3/tab-r1/paper/tables/source_data/full_fold_models/per_cancer/os_5yr/LSCC/repeat_02_fold_01/xgboost/test_predictions.csv
per_cancer,os_5yr,LSCC,2,1,lightgbm,179,45,57,success,0.4916488547908842,validation split balanced accuracy,0.054816207997646416,0.006563441002072068,0.6140350877192983,0.5,0.7441860465116279,0.8421052631578947,0.15789473684210525,0.5166204986149585,0.6557691911494087,1.11667158442322,0.2772960156962331,/home/prime/Documents/g3/tab-r1/paper/tables/source_data/full_fold_models/per_cancer/os_5yr/LSCC/repeat_02_fold_01/lightgbm/test_predictions.csv
per_cancer,os_5yr,LSCC,2,2,logistic_regression,180,45,56,success,0.7291469064256272,validation split balanced accuracy,0.009990784998080926,0.003944731000956381,0.48214285714285715,0.540650406504065,0.5396825396825397,0.4146341463414634,0.6666666666666666,0.6495934959349593,0.7956664880053269,0.5711539050052664,0.19211931016302314,/home/prime/Documents/g3/tab-r1/paper/tables/source_data/full_fold_models/per_cancer/os_5yr/LSCC/repeat_02_fold_02/logistic_regression/test_predictions.csv
per_cancer,os_5yr,LSCC,2,2,random_forest,180,45,56,success,0.73,validation split balanced accuracy,0.3433210789989971,0.07524895999813452,0.44642857142857145,0.4951219512195122,0.5079365079365079,0.3902439024390244,0.6,0.4934959349593496,0.7534300139541767,0.8495721367643758,0.21228253611111184,/home/prime/Documents/g3/tab-r1/paper/tables/source_data/full_fold_models/per_cancer/os_5yr/LSCC/repeat_02_fold_02/random_forest/test_predictions.csv
per_cancer,os_5yr,LSCC,2,2,catboost,180,45,56,success,0.7104475935628921,validation split balanced accuracy,0.8180487470017397,0.005551027999899816,0.4642857142857143,0.5073170731707317,0.53125,0.4146341463414634,0.6,0.49999999999999994,0.742311553423963,0.630660514262213,0.20414740841375228,/home/prime/Documents/g3/tab-r1/paper/tables/source_data/full_fold_models/per_cancer/os_5yr/LSCC/repeat_02_fold_02/catboost/test_predictions.csv
per_cancer,os_5yr,LSCC,2,2,xgboost,180,45,56,success,0.6063506007194519,validation split balanced accuracy,0.09947245900184498,0.00615978100177017,0.5535714285714286,0.4626016260162602,0.6835443037974683,0.6585365853658537,0.26666666666666666,0.4642276422764227,0.728009415242542,0.8529678050544458,0.26960220167066906,/home/prime/Documents/g3/tab-r1/paper/tables/source_data/full_fold_models/per_cancer/os_5yr/LSCC/repeat_02_fold_02/xgboost/test_predictions.csv
per_cancer,os_5yr,LSCC,2,2,lightgbm,180,45,56,success,0.8042580385820457,validation split balanced accuracy,0.0443368800006283,0.006080379000195535,0.39285714285714285,0.3951219512195122,0.48484848484848486,0.3902439024390244,0.4,0.4772357723577236,0.7213894157151035,0.8534389316048587,0.26025158739619964,/home/prime/Documents/g3/tab-r1/paper/tables/source_data/full_fold_models/per_cancer/os_5yr/LSCC/repeat_02_fold_02/lightgbm/test_predictions.csv
per_cancer,os_5yr,LSCC,2,3,logistic_regression,180,45,56,success,0.7344121620296115,validation split balanced accuracy,0.009341805998701602,0.003909613998985151,0.5714285714285714,0.6257309941520468,0.6,0.47368421052631576,0.7777777777777778,0.6008771929824561,0.7479230896428325,0.6260562506595138,0.21727493402005962,/home/prime/Documents/g3/tab-r1/paper/tables/source_data/full_fold_models/per_cancer/os_5yr/LSCC/repeat_02_fold_03/logistic_regression/test_predictions.csv
per_cancer,os_5yr,LSCC,2,3,random_forest,180,45,56,success,0.5166666666666667,validation split balanced accuracy,0.3483212760002061,0.0773299530010263,0.6785714285714286,0.543859649122807,0.7954545454545454,0.9210526315789473,0.16666666666666666,0.5467836257309941,0.7370607532036939,0.6556590944321111,0.2258344489897326,/home/prime/Documents/g3/tab-r1/paper/tables/source_data/full_fold_models/per_cancer/os_5yr/LSCC/repeat_02_fold_03/random_forest/test_predictions.csv
per_cancer,os_5yr,LSCC,2,3,catboost,180,45,56,success,0.7504124001698134,validation split balanced accuracy,0.7557532079990779,0.005818459001602605,0.44642857142857145,0.5482456140350878,0.39215686274509803,0.2631578947368421,0.8333333333333334,0.5102339181286549,0.7399002068464977,0.6211343680324031,0.21789170241296826,/home/prime/Documents/g3/tab-r1/paper/tables/source_data/full_fold_models/per_cancer/os_5yr/LSCC/repeat_02_fold_03/catboost/test_predictions.csv
per_cancer,os_5yr,LSCC,2,3,xgboost,180,45,56,success,0.34798920154571533,validation split balanced accuracy,0.10180221700284164,0.006441698998969514,0.6428571428571429,0.5175438596491229,0.7674418604651163,0.868421052631579,0.16666666666666666,0.5233918128654971,0.7331962713221746,0.9541470457304181,0.3055205554895764,/home/prime/Documents/g3/tab-r1/paper/tables/source_data/full_fold_models/per_cancer/os_5yr/LSCC/repeat_02_fold_03/xgboost/test_predictions.csv
per_cancer,os_5yr,LSCC,2,3,lightgbm,180,45,56,success,0.4176315514623005,validation split balanced accuracy,0.04411959500066587,0.006322301000182051,0.6071428571428571,0.5058479532163742,0.7317073170731707,0.7894736842105263,0.2222222222222222,0.6140350877192983,0.8018979673664413,0.8144208976948983,0.27988296068049384,/home/prime/Documents/g3/tab-r1/paper/tables/source_data/full_fold_models/per_cancer/os_5yr/LSCC/repeat_02_fold_03/lightgbm/test_predictions.csv
per_cancer,os_5yr,LSCC,2,4,logistic_regression,180,45,56,success,0.7443051010618843,validation split balanced accuracy,0.009514505996776279,0.003914463999535656,0.5714285714285714,0.625,0.625,0.5,0.75,0.6593749999999999,0.8091497400198654,0.5982133461133878,0.20347245714397372,/home/prime/Documents/g3/tab-r1/paper/tables/source_data/full_fold_models/per_cancer/os_5yr/LSCC/repeat_02_fold_04/logistic_regression/test_predictions.csv
per_cancer,os_5yr,LSCC,2,4,random_forest,180,45,56,success,0.8366666666666667,validation split balanced accuracy,0.3402798019997135,0.07319223300146405,0.32142857142857145,0.45,0.24,0.15,0.75,0.43906249999999997,0.7231328917356227,0.651768487007213,0.2254244867126407,/home/prime/Documents/g3/tab-r1/paper/tables/source_data/full_fold_models/per_cancer/os_5yr/LSCC/repeat_02_fold_04/random_forest/test_predictions.csv
per_cancer,os_5yr,LSCC,2,4,catboost,180,45,56,success,0.9373694101799209,validation split balanced accuracy,0.6965056400003959,0.005668261997925583,0.375,0.5625,0.2222222222222222,0.125,1.0,0.45937500000000003,0.7424075511176116,0.5949897347657614,0.20557884979635652,/home/prime/Documents/g3/tab-r1/paper/tables/source_data/full_fold_models/per_cancer/os_5yr/LSCC/repeat_02_fold_04/catboost/test_predictions.csv
per_cancer,os_5yr,LSCC,2,4,xgboost,180,45,56,success,0.516085684299469,validation split balanced accuracy,0.1037940489986795,0.0064611560010234825,0.5178571428571429,0.38125,0.6746987951807228,0.7,0.0625,0.3125,0.6331323600677012,0.9817809394917644,0.3232268633531245,/home/prime/Documents/g3/tab-r1/paper/tables/source_data/full_fold_models/per_cancer/os_5yr/LSCC/repeat_02_fold_04/xgboost/test_predictions.csv
per_cancer,os_5yr,LSCC,2,4,lightgbm,180,45,56,success,0.5980124901430555,validation split balanced accuracy,0.0455635420003091,0.0063110089977271855,0.5,0.36875,0.6585365853658537,0.675,0.0625,0.43125,0.696428233181903,0.8639858768192455,0.29430086262325084,/home/prime/Documents/g3/tab-r1/paper/tables/source_data/full_fold_models/per_cancer/os_5yr/LSCC/repeat_02_fold_04/lightgbm/test_predictions.csv
per_cancer,os_5yr,LSCC,3,0,logistic_regression,179,45,57,success,0.718806243487877,validation split balanced accuracy,0.009351815002446529,0.004037497998069739,0.42105263157894735,0.38111888111888115,0.547945205479452,0.45454545454545453,0.3076923076923077,0.3618881118881119,0.7174023672062744,0.5845095516157084,0.19408218073269887,/home/prime/Documents/g3/tab-r1/paper/tables/source_data/full_fold_models/per_cancer/os_5yr/LSCC/repeat_03_fold_00/logistic_regression/test_predictions.csv
per_cancer,os_5yr,LSCC,3,0,random_forest,179,45,57,success,0.64,validation split balanced accuracy,0.3388495109975338,0.07555079600206227,0.6491228070175439,0.4475524475524476,0.782608695652174,0.8181818181818182,0.07692307692307693,0.5043706293706294,0.8171946949889898,0.5849480656296511,0.20073602965245488,/home/prime/Documents/g3/tab-r1/paper/tables/source_data/full_fold_models/per_cancer/os_5yr/LSCC/repeat_03_fold_00/random_forest/test_predictions.csv
per_cancer,os_5yr,LSCC,3,0,catboost,179,45,57,success,0.6675165345412596,validation split balanced accuracy,0.7802964680013247,0.005531431001145393,0.631578947368421,0.4632867132867133,0.7640449438202247,0.7727272727272727,0.15384615384615385,0.48776223776223776,0.8198756910961044,0.5802317475357736,0.19934371170305595,/home/prime/Documents/g3/tab-r1/paper/tables/source_data/full_fold_models/per_cancer/os_5yr/LSCC/repeat_03_fold_00/catboost/test_predictions.csv
per_cancer,os_5yr,LSCC,3,0,xgboost,179,45,57,success,0.4142419397830963,validation split balanced accuracy,0.1037409780001326,0.006437079999159323,0.7192982456140351,0.493006993006993,0.8333333333333334,0.9090909090909091,0.07692307692307693,0.47902097902097895,0.7682538839497396,0.7835824093672523,0.23944041040951988,/home/prime/Documents/g3/tab-r1/paper/tables/source_data/full_fold_models/per_cancer/os_5yr/LSCC/repeat_03_fold_00/xgboost/test_predictions.csv
per_cancer,os_5yr,LSCC,3,0,lightgbm,179,45,57,success,0.4548325070632544,validation split balanced accuracy,0.04619202299727476,0.006569822999153985,0.7017543859649122,0.48164335664335667,0.8210526315789474,0.8863636363636364,0.07692307692307693,0.4755244755244755,0.7637683781047742,0.7616476776936398,0.23294539373295103,/home/prime/Documents/g3/tab-r1/paper/tables/source_data/full_fold_models/per_cancer/os_5yr/LSCC/repeat_03_fold_00/lightgbm/test_predictions.csv
per_cancer,os_5yr,LSCC,3,1,logistic_regression,180,45,56,success,0.7371247463642696,validation split balanced accuracy,0.009798266997677274,0.0038843160000396892,0.6071428571428571,0.5234708392603129,0.725,0.7837837837837838,0.2631578947368421,0.4665718349928876,0.6805874971305015,0.8273979812694991,0.27134895968412776,/home/prime/Documents/g3/tab-r1/paper/tables/source_data/full_fold_models/per_cancer/os_5yr/LSCC/repeat_03_fold_01/logistic_regression/test_predictions.csv
per_cancer,os_5yr,LSCC,3,1,random_forest,180,45,56,success,0.72,validation split balanced accuracy,0.33737552800084813,0.07645685600073193,0.5535714285714286,0.5725462304409672,0.6031746031746031,0.5135135135135135,0.631578947368421,0.5988620199146516,0.7525812501853952,0.6404520432644473,0.22259742063492152,/home/prime/Documents/g3/tab-r1/paper/tables/source_data/full_fold_models/per_cancer/os_5yr/LSCC/repeat_03_fold_01/random_forest/test_predictions.csv
per_cancer,os_5yr,LSCC,3,1,catboost,180,45,56,success,0.8205523053166806,validation split balanced accuracy,2.1585817510022025,0.006048908999218838,0.5357142857142857,0.5590327169274538,0.5806451612903226,0.4864864864864865,0.631578947368421,0.6187766714082504,0.7750126558452151,0.6597034598054623,0.22664790183928968,/home/prime/Documents/g3/tab-r1/paper/tables/source_data/full_fold_models/per_cancer/os_5yr/LSCC/repeat_03_fold_01/catboost/test_predictions.csv
per_cancer,os_5yr,LSCC,3,1,xgboost,180,45,56,success,0.9254019856452942,validation split balanced accuracy,0.1634424539988686,0.005599760999757564,0.48214285714285715,0.5056899004267426,0.5245901639344263,0.43243243243243246,0.5789473684210527,0.5732574679943101,0.7563605020357587,0.9036336869604822,0.2642729391607723,/home/prime/Documents/g3/tab-r1/paper/tables/source_data/full_fold_models/per_cancer/os_5yr/LSCC/repeat_03_fold_01/xgboost/test_predictions.csv
per_cancer,os_5yr,LSCC,3,1,lightgbm,180,45,56,success,0.970868233469495,validation split balanced accuracy,0.05681927299883682,0.00651490800009924,0.5,0.5320056899004267,0.5333333333333333,0.43243243243243246,0.631578947368421,0.5291607396870555,0.7357767476655872,1.2795360248169274,0.3245639308491109,/home/prime/Documents/g3/tab-r1/paper/tables/source_data/full_fold_models/per_cancer/os_5yr/LSCC/repeat_03_fold_01/lightgbm/test_predictions.csv
per_cancer,os_5yr,LSCC,3,2,logistic_regression,180,45,56,success,0.7144600655459359,validation split balanced accuracy,0.00926184300260502,0.004725131002487615,0.6607142857142857,0.6152204836415363,0.7466666666666667,0.7567567567567568,0.47368421052631576,0.6017069701280227,0.7332094895982644,0.6451978407033978,0.22685792398305513,/home/prime/Documents/g3/tab-r1/paper/tables/source_data/full_fold_models/per_cancer/os_5yr/LSCC/repeat_03_fold_02/logistic_regression/test_predictions.csv
per_cancer,os_5yr,LSCC,3,2,random_forest,180,45,56,success,0.8766666666666667,validation split balanced accuracy,0.34289942299801623,0.07353054900158895,0.42857142857142855,0.5419630156472262,0.30434782608695654,0.1891891891891892,0.8947368421052632,0.6187766714082504,0.7523988304531248,0.8933247003317033,0.2260934488095247,/home/prime/Documents/g3/tab-r1/paper/tables/source_data/full_fold_models/per_cancer/os_5yr/LSCC/repeat_03_fold_02/random_forest/test_predictions.csv
per_cancer,os_5yr,LSCC,3,2,catboost,180,45,56,success,0.7805607725891139,validation split balanced accuracy,0.7882399939990137,0.005695905001630308,0.39285714285714285,0.5149359886201992,0.22727272727272727,0.13513513513513514,0.8947368421052632,0.539118065433855,0.7266150393599836,0.6789911167510893,0.22844305926838984,/home/prime/Documents/g3/tab-r1/paper/tables/source_data/full_fold_models/per_cancer/os_5yr/LSCC/repeat_03_fold_02/catboost/test_predictions.csv
per_cancer,os_5yr,LSCC,3,2,xgboost,180,45,56,success,0.993039608001709,validation split balanced accuracy,0.08627858799809474,0.0055331939984171186,0.375,0.5014224751066856,0.18604651162790697,0.10810810810810811,0.8947368421052632,0.49786628733997157,0.6608437955173312,1.0172334026323326,0.295552753522818,/home/prime/Documents/g3/tab-r1/paper/tables/source_data/full_fold_models/per_cancer/os_5yr/LSCC/repeat_03_fold_02/xgboost/test_predictions.csv
per_cancer,os_5yr,LSCC,3,2,lightgbm,180,45,56,success,0.9816172115541396,validation split balanced accuracy,0.04275383799904375,0.006331599000986898,0.375,0.4886201991465149,0.2222222222222222,0.13513513513513514,0.8421052631578947,0.5021337126600285,0.659575014702286,0.9583786844701544,0.2801686891129966,/home/prime/Documents/g3/tab-r1/paper/tables/source_data/full_fold_models/per_cancer/os_5yr/LSCC/repeat_03_fold_02/lightgbm/test_predictions.csv
per_cancer,os_5yr,LSCC,3,3,logistic_regression,180,45,56,success,0.7094580458246278,validation split balanced accuracy,0.00970003900147276,0.004655437998735579,0.7142857142857143,0.6261180679785331,0.8095238095238095,0.7906976744186046,0.46153846153846156,0.6940966010733453,0.8267110884595665,0.5362399475075389,0.1740044688951061,/home/prime/Documents/g3/tab-r1/paper/tables/source_data/full_fold_models/per_cancer/os_5yr/LSCC/repeat_03_fold_03/logistic_regression/test_predictions.csv
per_cancer,os_5yr,LSCC,3,3,random_forest,180,45,56,success,0.6333333333333333,validation split balanced accuracy,0.34911282599932747,0.07537875799971516,0.6785714285714286,0.5491949910554561,0.7906976744186046,0.7906976744186046,0.3076923076923077,0.5536672629695885,0.8186788760561239,0.5682554084189575,0.18834356268877944,/home/prime/Documents/g3/tab-r1/paper/tables/source_data/full_fold_models/per_cancer/os_5yr/LSCC/repeat_03_fold_03/random_forest/test_predictions.csv
per_cancer,os_5yr,LSCC,3,3,catboost,180,45,56,success,0.7205806824727833,validation split balanced accuracy,0.7026867610002228,0.0055760470022505615,0.48214285714285715,0.501788908765653,0.5797101449275363,0.46511627906976744,0.5384615384615384,0.590339892665474,0.8376462167902652,0.529862940540099,0.1765708393686253,/home/prime/Documents/g3/tab-r1/paper/tables/source_data/full_fold_models/per_cancer/os_5yr/LSCC/repeat_03_fold_03/catboost/test_predictions.csv
per_cancer,os_5yr,LSCC,3,3,xgboost,180,45,56,success,0.832129955291748,validation split balanced accuracy,0.09061488700172049,0.005620802003249992,0.48214285714285715,0.4481216457960644,0.6027397260273972,0.5116279069767442,0.38461538461538464,0.45796064400715564,0.7503785088483084,0.7582676535352771,0.21568852866344526,/home/prime/Documents/g3/tab-r1/paper/tables/source_data/full_fold_models/per_cancer/os_5yr/LSCC/repeat_03_fold_03/xgboost/test_predictions.csv
per_cancer,os_5yr,LSCC,3,3,lightgbm,180,45,56,success,0.8639491899068064,validation split balanced accuracy,0.04196204599793418,0.00643143900015275,0.4642857142857143,0.49016100178890876,0.5588235294117647,0.4418604651162791,0.5384615384615384,0.5062611806797853,0.7769270428869857,0.7639087754137185,0.23136334118926208,/home/prime/Documents/g3/tab-r1/paper/tables/source_data/full_fold_models/per_cancer/os_5yr/LSCC/repeat_03_fold_03/lightgbm/test_predictions.csv
per_cancer,os_5yr,LSCC,3,4,logistic_regression,180,45,56,success,0.7315324688189183,validation split balanced accuracy,0.009513854001852451,0.004658104000554886,0.5714285714285714,0.49415204678362573,0.6923076923076923,0.7105263157894737,0.2777777777777778,0.5350877192982456,0.7323331714455524,0.6336651045277553,0.22057901958183365,/home/prime/Documents/g3/tab-r1/paper/tables/source_data/full_fold_models/per_cancer/os_5yr/LSCC/repeat_03_fold_04/logistic_regression/test_predictions.csv
per_cancer,os_5yr,LSCC,3,4,random_forest,180,45,56,success,0.8766666666666667,validation split balanced accuracy,0.35382423199916957,0.07610469299834222,0.42857142857142855,0.5789473684210527,0.2727272727272727,0.15789473684210525,1.0,0.5928362573099415,0.7919000702428375,0.5950177004236562,0.20740537255469452,/home/prime/Documents/g3/tab-r1/paper/tables/source_data/full_fold_models/per_cancer/os_5yr/LSCC/repeat_03_fold_04/random_forest/test_predictions.csv
per_cancer,os_5yr,LSCC,3,4,catboost,180,45,56,success,0.6967361832309759,validation split balanced accuracy,0.7810043089993997,0.005899342999327928,0.5892857142857143,0.5804093567251463,0.6666666666666666,0.6052631578947368,0.5555555555555556,0.5423976608187135,0.753263796919583,0.6079292451243862,0.2120058788314351,/home/prime/Documents/g3/tab-r1/paper/tables/source_data/full_fold_models/per_cancer/os_5yr/LSCC/repeat_03_fold_04/catboost/test_predictions.csv
per_cancer,os_5yr,LSCC,3,4,xgboost,180,45,56,success,0.8764176368713379,validation split balanced accuracy,0.09695231699879514,0.005670124999596737,0.42857142857142855,0.52046783625731,0.38461538461538464,0.2631578947368421,0.7777777777777778,0.6008771929824561,0.7220127289691612,0.7008596510917265,0.2358200372681429,/home/prime/Documents/g3/tab-r1/paper/tables/source_data/full_fold_models/per_cancer/os_5yr/LSCC/repeat_03_fold_04/xgboost/test_predictions.csv
per_cancer,os_5yr,LSCC,3,4,lightgbm,180,45,56,success,0.7252147938262765,validation split balanced accuracy,0.04646801900162245,0.006525378001242643,0.5178571428571429,0.5570175438596491,0.5573770491803278,0.4473684210526316,0.6666666666666666,0.5964912280701754,0.7300310605237917,0.7368052706334994,0.2503293446511512,/home/prime/Documents/g3/tab-r1/paper/tables/source_data/full_fold_models/per_cancer/os_5yr/LSCC/repeat_03_fold_04/lightgbm/test_predictions.csv
per_cancer,os_5yr,LSCC,4,0,logistic_regression,180,45,56,success,0.8074978049842904,validation split balanced accuracy,0.010088071001518983,0.004001370001788018,0.5892857142857143,0.5833333333333333,0.684931506849315,0.5952380952380952,0.5714285714285714,0.5850340136054422,0.8332890087698435,0.5864375452943976,0.19774029412632993,/home/prime/Documents/g3/tab-r1/paper/tables/source_data/full_fold_models/per_cancer/os_5yr/LSCC/repeat_04_fold_00/logistic_regression/test_predictions.csv
per_cancer,os_5yr,LSCC,4,0,random_forest,180,45,56,success,0.6866666666666666,validation split balanced accuracy,0.3428699180003605,0.0732627279976441,0.5714285714285714,0.5952380952380953,0.6571428571428571,0.5476190476190477,0.6428571428571429,0.5433673469387755,0.799988452125962,0.586015211896758,0.19826195840959834,/home/prime/Documents/g3/tab-r1/paper/tables/source_data/full_fold_models/per_cancer/os_5yr/LSCC/repeat_04_fold_00/random_forest/test_predictions.csv
per_cancer,os_5yr,LSCC,4,0,catboost,180,45,56,success,0.7676486971446551,validation split balanced accuracy,2.0593288210002356,0.005915443998674164,0.44642857142857145,0.5119047619047619,0.5079365079365079,0.38095238095238093,0.6428571428571429,0.5578231292517006,0.8055712410440832,0.5760461757647999,0.19361318062747396,/home/prime/Documents/g3/tab-r1/paper/tables/source_data/full_fold_models/per_cancer/os_5yr/LSCC/repeat_04_fold_00/catboost/test_predictions.csv
per_cancer,os_5yr,LSCC,4,0,xgboost,180,45,56,success,0.6781922578811646,validation split balanced accuracy,0.17456775500249933,0.005565245002799202,0.6428571428571429,0.5714285714285714,0.75,0.7142857142857143,0.42857142857142855,0.5493197278911565,0.7780510321376554,0.6795282262239335,0.20725411827585313,/home/prime/Documents/g3/tab-r1/paper/tables/source_data/full_fold_models/per_cancer/os_5yr/LSCC/repeat_04_fold_00/xgboost/test_predictions.csv
per_cancer,os_5yr,LSCC,4,0,lightgbm,180,45,56,success,0.4962089284297392,validation split balanced accuracy,0.05482923300223774,0.005850450001162244,0.6428571428571429,0.5,0.7674418604651163,0.7857142857142857,0.21428571428571427,0.5459183673469388,0.767730346205222,0.8712336582726038,0.2521170384076397,/home/prime/Documents/g3/tab-r1/paper/tables/source_data/full_fold_models/per_cancer/os_5yr/LSCC/repeat_04_fold_00/lightgbm/test_predictions.csv
per_cancer,os_5yr,LSCC,4,1,logistic_regression,180,45,56,success,0.7132888636522051,validation split balanced accuracy,0.009198593001201516,0.003898282997397473,0.5357142857142857,0.4875,0.6486486486486487,0.6,0.375,0.425,0.6589509958137392,0.6699050405793692,0.2224975865296876,/home/prime/Documents/g3/tab-r1/paper/tables/source_data/full_fold_models/per_cancer/os_5yr/LSCC/repeat_04_fold_01/logistic_regression/test_predictions.csv
per_cancer,os_5yr,LSCC,4,1,random_forest,180,45,56,success,0.5766666666666667,validation split balanced accuracy,0.3385320650013455,0.07482151399744907,0.6607142857142857,0.48125,0.7912087912087912,0.9,0.0625,0.5890624999999999,0.767290828850665,0.8404776394121362,0.20697162341269928,/home/prime/Documents/g3/tab-r1/paper/tables/source_data/full_fold_models/per_cancer/os_5yr/LSCC/repeat_04_fold_01/random_forest/test_predictions.csv
per_cancer,os_5yr,LSCC,4,1,catboost,180,45,56,success,0.6837546648270011,validation split balanced accuracy,0.8232876190013485,0.005657110999891302,0.625,0.55,0.7341772151898734,0.725,0.375,0.571875,0.7673552660018743,0.63153027416139,0.2042684154132815,/home/prime/Documents/g3/tab-r1/paper/tables/source_data/full_fold_models/per_cancer/os_5yr/LSCC/repeat_04_fold_01/catboost/test_predictions.csv
per_cancer,os_5yr,LSCC,4,1,xgboost,180,45,56,success,0.7828855514526367,validation split balanced accuracy,0.08948899700044421,0.005821123999339761,0.625,0.56875,0.7272727272727273,0.7,0.4375,0.5921875,0.7806269452730563,0.8074131996587094,0.24161590061338428,/home/prime/Documents/g3/tab-r1/paper/tables/source_data/full_fold_models/per_cancer/os_5yr/LSCC/repeat_04_fold_01/xgboost/test_predictions.csv
per_cancer,os_5yr,LSCC,4,1,lightgbm,180,45,56,success,0.7224298285639149,validation split balanced accuracy,0.04738109200116014,0.006690595000691246,0.5892857142857143,0.50625,0.7088607594936709,0.7,0.3125,0.5140625000000001,0.7275833260599622,0.9608342626076435,0.2519408885499779,/home/prime/Documents/g3/tab-r1/paper/tables/source_data/full_fold_models/per_cancer/os_5yr/LSCC/repeat_04_fold_01/lightgbm/test_predictions.csv
per_cancer,os_5yr,LSCC,4,2,logistic_regression,180,45,56,success,0.7391099854306808,validation split balanced accuracy,0.009622110999771394,0.0039050560008035973,0.4107142857142857,0.5769230769230769,0.26666666666666666,0.15384615384615385,1.0,0.5897435897435898,0.7836666341193349,0.6083858374510849,0.2093378563607555,/home/prime/Documents/g3/tab-r1/paper/tables/source_data/full_fold_models/per_cancer/os_5yr/LSCC/repeat_04_fold_02/logistic_regression/test_predictions.csv
per_cancer,os_5yr,LSCC,4,2,random_forest,180,45,56,success,0.7933333333333333,validation split balanced accuracy,0.34021550900069997,0.07535588400060078,0.5,0.5580693815987934,0.5333333333333333,0.41025641025641024,0.7058823529411765,0.5897435897435898,0.7958189394153998,0.6312887576167476,0.2212697629378271,/home/prime/Documents/g3/tab-r1/paper/tables/source_data/full_fold_models/per_cancer/os_5yr/LSCC/repeat_04_fold_02/random_forest/test_predictions.csv
per_cancer,os_5yr,LSCC,4,2,catboost,180,45,56,success,0.7889697067509034,validation split balanced accuracy,0.6879590820026351,0.0056422420020680875,0.42857142857142855,0.5897435897435898,0.30434782608695654,0.1794871794871795,1.0,0.4901960784313726,0.7592822307030574,0.5983331402775925,0.20830930231665298,/home/prime/Documents/g3/tab-r1/paper/tables/source_data/full_fold_models/per_cancer/os_5yr/LSCC/repeat_04_fold_02/catboost/test_predictions.csv
per_cancer,os_5yr,LSCC,4,2,xgboost,180,45,56,success,0.9027453064918518,validation split balanced accuracy,0.08231106300081592,0.0055716679999022745,0.4642857142857143,0.5490196078431372,0.4642857142857143,0.3333333333333333,0.7647058823529411,0.4660633484162896,0.7219362973267884,1.0169844631603415,0.34542913055173635,/home/prime/Documents/g3/tab-r1/paper/tables/source_data/full_fold_models/per_cancer/os_5yr/LSCC/repeat_04_fold_02/xgboost/test_predictions.csv
per_cancer,os_5yr,LSCC,4,2,lightgbm,180,45,56,success,0.920279758904543,validation split balanced accuracy,0.04088059099740349,0.006115927000791999,0.5178571428571429,0.6538461538461539,0.47058823529411764,0.3076923076923077,1.0,0.5935143288084465,0.819356240773963,0.7819503227652358,0.2772208247329966,/home/prime/Documents/g3/tab-r1/paper/tables/source_data/full_fold_models/per_cancer/os_5yr/LSCC/repeat_04_fold_02/lightgbm/test_predictions.csv
per_cancer,os_5yr,LSCC,4,3,logistic_regression,180,45,56,success,0.9538961589430719,validation split balanced accuracy,0.009957631998986471,0.003906558999005938,0.2857142857142857,0.4444444444444444,0.0,0.0,0.8888888888888888,0.3260233918128655,0.5743129348724884,0.868732750041597,0.2799141088724851,/home/prime/Documents/g3/tab-r1/paper/tables/source_data/full_fold_models/per_cancer/os_5yr/LSCC/repeat_04_fold_03/logistic_regression/test_predictions.csv
per_cancer,os_5yr,LSCC,4,3,random_forest,180,45,56,success,0.8159649122807018,validation split balanced accuracy,0.3452795880002668,0.07869318499797373,0.42857142857142855,0.5643274853801169,0.30434782608695654,0.18421052631578946,0.9444444444444444,0.5599415204678363,0.7736654207869189,0.6221251189382765,0.218500129923906,/home/prime/Documents/g3/tab-r1/paper/tables/source_data/full_fold_models/per_cancer/os_5yr/LSCC/repeat_04_fold_03/random_forest/test_predictions.csv
per_cancer,os_5yr,LSCC,4,3,catboost,180,45,56,success,0.6668966590724175,validation split balanced accuracy,2.0954144170027575,0.0056888020008045714,0.6428571428571429,0.5467836257309941,0.7560975609756098,0.8157894736842105,0.2777777777777778,0.5453216374269005,0.7567377508801745,0.6507705952970414,0.22809050759801158,/home/prime/Documents/g3/tab-r1/paper/tables/source_data/full_fold_models/per_cancer/os_5yr/LSCC/repeat_04_fold_03/catboost/test_predictions.csv
per_cancer,os_5yr,LSCC,4,3,xgboost,180,45,56,success,0.740215003490448,validation split balanced accuracy,0.18686181799785118,0.00634898200223688,0.6071428571428571,0.5935672514619883,0.6857142857142857,0.631578947368421,0.5555555555555556,0.5394736842105263,0.7273243306148597,0.8152040749855446,0.26599477025940405,/home/prime/Documents/g3/tab-r1/paper/tables/source_data/full_fold_models/per_cancer/os_5yr/LSCC/repeat_04_fold_03/xgboost/test_predictions.csv
per_cancer,os_5yr,LSCC,4,3,lightgbm,180,45,56,success,0.7803903755215246,validation split balanced accuracy,0.048156573000596836,0.005734178001148393,0.5892857142857143,0.5511695906432749,0.684931506849315,0.6578947368421053,0.4444444444444444,0.5365497076023391,0.7102840537116192,0.976549213062315,0.28650936213658024,/home/prime/Documents/g3/tab-r1/paper/tables/source_data/full_fold_models/per_cancer/os_5yr/LSCC/repeat_04_fold_03/lightgbm/test_predictions.csv
per_cancer,os_5yr,LSCC,4,4,logistic_regression,179,45,57,success,0.7515099130501695,validation split balanced accuracy,0.00896842300062417,0.00393357999928412,0.7017543859649122,0.6522058823529412,0.7848101265822784,0.775,0.5294117647058824,0.6838235294117647,0.8280468029279041,0.6031895493037165,0.2077111909610144,/home/prime/Documents/g3/tab-r1/paper/tables/source_data/full_fold_models/per_cancer/os_5yr/LSCC/repeat_04_fold_04/logistic_regression/test_predictions.csv
per_cancer,os_5yr,LSCC,4,4,random_forest,179,45,57,success,0.8466666666666667,validation split balanced accuracy,0.3478918760010856,0.07849710200025584,0.3684210526315789,0.46544117647058825,0.3333333333333333,0.225,0.7058823529411765,0.5139705882352941,0.759808542719018,0.6611218368981475,0.22772026315981128,/home/prime/Documents/g3/tab-r1/paper/tables/source_data/full_fold_models/per_cancer/os_5yr/LSCC/repeat_04_fold_04/random_forest/test_predictions.csv
per_cancer,os_5yr,LSCC,4,4,catboost,179,45,57,success,0.8095592169258575,validation split balanced accuracy,0.6547896529991704,0.0058671419974416494,0.40350877192982454,0.575,0.2608695652173913,0.15,1.0,0.5720588235294117,0.788160837000029,0.595717117559342,0.20640042497933256,/home/prime/Documents/g3/tab-r1/paper/tables/source_data/full_fold_models/per_cancer/os_5yr/LSCC/repeat_04_fold_04/catboost/test_predictions.csv
per_cancer,os_5yr,LSCC,4,4,xgboost,179,45,57,success,0.971057116985321,validation split balanced accuracy,0.10222383200016338,0.00641147100031958,0.3157894736842105,0.4617647058823529,0.1702127659574468,0.1,0.8235294117647058,0.5264705882352941,0.6848471541047028,0.802506476337415,0.23313939447866977,/home/prime/Documents/g3/tab-r1/paper/tables/source_data/full_fold_models/per_cancer/os_5yr/LSCC/repeat_04_fold_04/xgboost/test_predictions.csv
per_cancer,os_5yr,LSCC,4,4,lightgbm,179,45,57,success,0.9604167888716829,validation split balanced accuracy,0.03977797599873156,0.005431751000287477,0.3508771929824561,0.4698529411764706,0.27450980392156865,0.175,0.7647058823529411,0.5426470588235295,0.7211607751187274,0.8253947077797067,0.24815985729291792,/home/prime/Documents/g3/tab-r1/paper/tables/source_data/full_fold_models/per_cancer/os_5yr/LSCC/repeat_04_fold_04/lightgbm/test_predictions.csv
per_cancer,os_5yr,LUAD,0,0,logistic_regression,160,41,50,success,0.8450667119284792,validation split balanced accuracy,0.009747651001816848,0.00405935099843191,0.36,0.44642857142857145,0.36,0.25,0.6428571428571429,0.45932539682539686,0.6875481343990821,0.6985846818945025,0.2338302583805006,/home/prime/Documents/g3/tab-r1/paper/tables/source_data/full_fold_models/per_cancer/os_5yr/LUAD/repeat_00_fold_00/logistic_regression/test_predictions.csv
per_cancer,os_5yr,LUAD,0,0,random_forest,160,41,50,success,0.6866666666666666,validation split balanced accuracy,0.3438650680000137,0.07754434200251126,0.68,0.5376984126984127,0.7948717948717948,0.8611111111111112,0.21428571428571427,0.4990079365079365,0.7326133201063849,0.6540936619794665,0.2164155877590763,/home/prime/Documents/g3/tab-r1/paper/tables/source_data/full_fold_models/per_cancer/os_5yr/LUAD/repeat_00_fold_00/random_forest/test_predictions.csv
per_cancer,os_5yr,LUAD,0,0,catboost,160,41,50,success,0.8241153671416447,validation split balanced accuracy,1.26017250500081,0.0057450089989288244,0.48,0.42063492063492064,0.6060606060606061,0.5555555555555556,0.2857142857142857,0.439484126984127,0.7074499136439889,0.6824168329659298,0.22387037006414356,/home/prime/Documents/g3/tab-r1/paper/tables/source_data/full_fold_models/per_cancer/os_5yr/LUAD/repeat_00_fold_00/catboost/test_predictions.csv
per_cancer,os_5yr,LUAD,0,0,xgboost,160,41,50,success,0.9745668768882751,validation split balanced accuracy,0.11307056100122281,0.0062838979974912945,0.42,0.48809523809523814,0.4528301886792453,0.3333333333333333,0.6428571428571429,0.44146825396825395,0.6816121819349259,1.0260188222910045,0.2696567147288423,/home/prime/Documents/g3/tab-r1/paper/tables/source_data/full_fold_models/per_cancer/os_5yr/LUAD/repeat_00_fold_00/xgboost/test_predictions.csv
per_cancer,os_5yr,LUAD,0,0,lightgbm,160,41,50,success,0.9793812571139304,validation split balanced accuracy,0.04872526899998775,0.006631039999774657,0.38,0.3948412698412698,0.45614035087719296,0.3611111111111111,0.42857142857142855,0.39583333333333337,0.6517303982659498,1.3141207705910254,0.29120368178485373,/home/prime/Documents/g3/tab-r1/paper/tables/source_data/full_fold_models/per_cancer/os_5yr/LUAD/repeat_00_fold_00/lightgbm/test_predictions.csv
per_cancer,os_5yr,LUAD,0,1,logistic_regression,160,40,51,success,0.8093342810653946,validation split balanced accuracy,0.009390088001964614,0.004693490998761263,0.5490196078431373,0.5147727272727273,0.6666666666666666,0.575,0.45454545454545453,0.4772727272727273,0.781590785414801,0.5665589370761223,0.18613895397792518,/home/prime/Documents/g3/tab-r1/paper/tables/source_data/full_fold_models/per_cancer/os_5yr/LUAD/repeat_00_fold_01/logistic_regression/test_predictions.csv
per_cancer,os_5yr,LUAD,0,1,random_forest,160,40,51,success,0.6755072463768116,validation split balanced accuracy,0.3402103590015031,0.07712303799780784,0.7647058823529411,0.553409090909091,0.8604651162790697,0.925,0.18181818181818182,0.5329545454545455,0.8191310237097318,0.528069913299634,0.17150979060805216,/home/prime/Documents/g3/tab-r1/paper/tables/source_data/full_fold_models/per_cancer/os_5yr/LUAD/repeat_00_fold_01/random_forest/test_predictions.csv
per_cancer,os_5yr,LUAD,0,1,catboost,160,40,51,success,0.7848738278352965,validation split balanced accuracy,1.1091687990010541,0.005660588001774158,0.6078431372549019,0.5522727272727272,0.7222222222222222,0.65,0.45454545454545453,0.5045454545454546,0.8037103937084362,0.5299963121712101,0.17273111518019627,/home/prime/Documents/g3/tab-r1/paper/tables/source_data/full_fold_models/per_cancer/os_5yr/LUAD/repeat_00_fold_01/catboost/test_predictions.csv
per_cancer,os_5yr,LUAD,0,1,xgboost,160,40,51,success,0.8230734467506409,validation split balanced accuracy,0.10760031699828687,0.006744436999724712,0.7058823529411765,0.5159090909090909,0.8192771084337349,0.85,0.18181818181818182,0.5772727272727273,0.8321913829229867,0.6866362668564516,0.20601124054722425,/home/prime/Documents/g3/tab-r1/paper/tables/source_data/full_fold_models/per_cancer/os_5yr/LUAD/repeat_00_fold_01/xgboost/test_predictions.csv
per_cancer,os_5yr,LUAD,0,1,lightgbm,160,40,51,success,0.790570202112759,validation split balanced accuracy,0.044176434003020404,0.006260542999370955,0.7254901960784313,0.5613636363636363,0.8292682926829268,0.85,0.2727272727272727,0.6022727272727273,0.8510259085404256,0.6252484935245985,0.1900230152630392,/home/prime/Documents/g3/tab-r1/paper/tables/source_data/full_fold_models/per_cancer/os_5yr/LUAD/repeat_00_fold_01/lightgbm/test_predictions.csv
per_cancer,os_5yr,LUAD,0,2,logistic_regression,160,41,50,success,0.8470853743047561,validation split balanced accuracy,0.010035299997980474,0.003960742000344908,0.54,0.5419580419580419,0.6461538461538462,0.5384615384615384,0.5454545454545454,0.5687645687645688,0.8115388289279462,0.5988345497432708,0.1896150500959589,/home/prime/Documents/g3/tab-r1/paper/tables/source_data/full_fold_models/per_cancer/os_5yr/LUAD/repeat_00_fold_02/logistic_regression/test_predictions.csv
per_cancer,os_5yr,LUAD,0,2,random_forest,160,41,50,success,0.8862653619095927,validation split balanced accuracy,0.3433420289984497,0.07344287199885002,0.38,0.5046620046620047,0.41509433962264153,0.28205128205128205,0.7272727272727273,0.5151515151515151,0.825677079706147,0.5543280699906707,0.1819415365826303,/home/prime/Documents/g3/tab-r1/paper/tables/source_data/full_fold_models/per_cancer/os_5yr/LUAD/repeat_00_fold_02/random_forest/test_predictions.csv
per_cancer,os_5yr,LUAD,0,2,catboost,160,41,50,success,0.8715095599166152,validation split balanced accuracy,1.2004398799981573,0.006041323998942971,0.42,0.49766899766899764,0.49122807017543857,0.358974358974359,0.6363636363636364,0.4965034965034965,0.7684721485659943,0.5555557832194833,0.18093352415370995,/home/prime/Documents/g3/tab-r1/paper/tables/source_data/full_fold_models/per_cancer/os_5yr/LUAD/repeat_00_fold_02/catboost/test_predictions.csv
per_cancer,os_5yr,LUAD,0,2,xgboost,160,41,50,success,0.7543733716011047,validation split balanced accuracy,0.11628709200158482,0.006364160999510204,0.66,0.520979020979021,0.7792207792207793,0.7692307692307693,0.2727272727272727,0.5920745920745921,0.8589155901808181,0.6841794030273263,0.21580079089654666,/home/prime/Documents/g3/tab-r1/paper/tables/source_data/full_fold_models/per_cancer/os_5yr/LUAD/repeat_00_fold_02/xgboost/test_predictions.csv
per_cancer,os_5yr,LUAD,0,2,lightgbm,160,41,50,success,0.795183954126019,validation split balanced accuracy,0.047627593001379864,0.006525538999994751,0.64,0.5081585081585082,0.7631578947368421,0.7435897435897436,0.2727272727272727,0.5477855477855478,0.8486646227593652,0.7422881091069335,0.22503981280394839,/home/prime/Documents/g3/tab-r1/paper/tables/source_data/full_fold_models/per_cancer/os_5yr/LUAD/repeat_00_fold_02/lightgbm/test_predictions.csv
per_cancer,os_5yr,LUAD,0,3,logistic_regression,161,40,50,success,0.8267720548048109,validation split balanced accuracy,0.009827001998928608,0.0038801580012659542,0.5,0.5163170163170163,0.6031746031746031,0.48717948717948717,0.5454545454545454,0.4918414918414919,0.7464190669267738,0.5889673345722294,0.18228340671120652,/home/prime/Documents/g3/tab-r1/paper/tables/source_data/full_fold_models/per_cancer/os_5yr/LUAD/repeat_00_fold_03/logistic_regression/test_predictions.csv
per_cancer,os_5yr,LUAD,0,3,random_forest,161,40,50,success,0.6552857142857142,validation split balanced accuracy,0.3459113239987346,0.07451161200151546,0.78,0.5652680652680653,0.8705882352941177,0.9487179487179487,0.18181818181818182,0.4662004662004662,0.7677249375587846,0.5786957141242293,0.18426568958299006,/home/prime/Documents/g3/tab-r1/paper/tables/source_data/full_fold_models/per_cancer/os_5yr/LUAD/repeat_00_fold_03/random_forest/test_predictions.csv
per_cancer,os_5yr,LUAD,0,3,catboost,161,40,50,success,0.7645144997152514,validation split balanced accuracy,1.1666265919993748,0.005779144001280656,0.64,0.41025641025641024,0.7804878048780488,0.8205128205128205,0.0,0.39160839160839167,0.7689670784566286,0.563611776134784,0.18300500109884,/home/prime/Documents/g3/tab-r1/paper/tables/source_data/full_fold_models/per_cancer/os_5yr/LUAD/repeat_00_fold_03/catboost/test_predictions.csv
per_cancer,os_5yr,LUAD,0,3,xgboost,161,40,50,success,0.5720162987709045,validation split balanced accuracy,0.1113987589997123,0.006180320000567008,0.72,0.46153846153846156,0.8372093023255814,0.9230769230769231,0.0,0.44755244755244755,0.7951308199186095,0.7746006940374138,0.21443279183689762,/home/prime/Documents/g3/tab-r1/paper/tables/source_data/full_fold_models/per_cancer/os_5yr/LUAD/repeat_00_fold_03/xgboost/test_predictions.csv
per_cancer,os_5yr,LUAD,0,3,lightgbm,161,40,50,success,0.5913692264363163,validation split balanced accuracy,0.04583628399996087,0.0062511849973816425,0.7,0.4813519813519814,0.8192771084337349,0.8717948717948718,0.09090909090909091,0.4592074592074592,0.7971576501269869,0.8767321943853869,0.22124641298027206,/home/prime/Documents/g3/tab-r1/paper/tables/source_data/full_fold_models/per_cancer/os_5yr/LUAD/repeat_00_fold_03/lightgbm/test_predictions.csv
per_cancer,os_5yr,LUAD,0,4,logistic_regression,160,41,50,success,0.8457674057253773,validation split balanced accuracy,0.009749163000378758,0.003889085000992054,0.3,0.44999999999999996,0.3137254901960784,0.2,0.7,0.5525,0.8098836518707048,0.5610777805504733,0.17689735804863235,/home/prime/Documents/g3/tab-r1/paper/tables/source_data/full_fold_models/per_cancer/os_5yr/LUAD/repeat_00_fold_04/logistic_regression/test_predictions.csv
per_cancer,os_5yr,LUAD,0,4,random_forest,160,41,50,success,0.7125,validation split balanced accuracy,0.3432923539985495,0.07557834899853333,0.7,0.625,0.8,0.75,0.5,0.7274999999999999,0.9328625784962471,0.47433668347121966,0.15528203323305617,/home/prime/Documents/g3/tab-r1/paper/tables/source_data/full_fold_models/per_cancer/os_5yr/LUAD/repeat_00_fold_04/random_forest/test_predictions.csv
per_cancer,os_5yr,LUAD,0,4,catboost,160,41,50,success,0.7904077561004212,validation split balanced accuracy,1.0994568669993896,0.006164669997815508,0.64,0.5875,0.75,0.675,0.5,0.6825,0.9099886824887633,0.4681526407936679,0.1492796167208385,/home/prime/Documents/g3/tab-r1/paper/tables/source_data/full_fold_models/per_cancer/os_5yr/LUAD/repeat_00_fold_04/catboost/test_predictions.csv
per_cancer,os_5yr,LUAD,0,4,xgboost,160,41,50,success,0.9918988943099976,validation split balanced accuracy,0.1190790830005426,0.0062645200014230795,0.28,0.55,0.18181818181818182,0.1,1.0,0.545,0.8513534237127078,0.5942796315272,0.1790888481705744,/home/prime/Documents/g3/tab-r1/paper/tables/source_data/full_fold_models/per_cancer/os_5yr/LUAD/repeat_00_fold_04/xgboost/test_predictions.csv
per_cancer,os_5yr,LUAD,0,4,lightgbm,160,41,50,success,0.9013686670675242,validation split balanced accuracy,0.04913029200179153,0.006520458999148104,0.52,0.5125,0.6363636363636364,0.525,0.5,0.53,0.8473251016200214,0.6589202490366128,0.18980127651908507,/home/prime/Documents/g3/tab-r1/paper/tables/source_data/full_fold_models/per_cancer/os_5yr/LUAD/repeat_00_fold_04/lightgbm/test_predictions.csv
per_cancer,os_5yr,LUAD,1,0,logistic_regression,160,40,51,success,0.5759467351072093,validation split balanced accuracy,0.010169656998186838,0.005440588000055868,0.803921568627451,0.5784883720930232,0.8863636363636364,0.9069767441860465,0.25,0.4840116279069767,0.8429989361624951,0.5090463227429796,0.15891440583556385,/home/prime/Documents/g3/tab-r1/paper/tables/source_data/full_fold_models/per_cancer/os_5yr/LUAD/repeat_01_fold_00/logistic_regression/test_predictions.csv
per_cancer,os_5yr,LUAD,1,0,random_forest,160,40,51,success,0.8266666666666667,validation split balanced accuracy,0.35923205700237304,0.07689963099983288,0.37254901960784315,0.5770348837209303,0.42857142857142855,0.27906976744186046,0.875,0.5581395348837209,0.8713579532295748,0.4708852763608061,0.14860896485345768,/home/prime/Documents/g3/tab-r1/paper/tables/source_data/full_fold_models/per_cancer/os_5yr/LUAD/repeat_01_fold_00/random_forest/test_predictions.csv
per_cancer,os_5yr,LUAD,1,0,catboost,160,40,51,success,0.7892684832712641,validation split balanced accuracy,1.1966648130000976,0.006131968002591748,0.5686274509803921,0.5406976744186047,0.6944444444444444,0.5813953488372093,0.5,0.5363372093023255,0.8610896336867797,0.44929083712617224,0.1375844042665639,/home/prime/Documents/g3/tab-r1/paper/tables/source_data/full_fold_models/per_cancer/os_5yr/LUAD/repeat_01_fold_00/catboost/test_predictions.csv
per_cancer,os_5yr,LUAD,1,0,xgboost,160,40,51,success,0.9649292826652527,validation split balanced accuracy,0.1252721169985307,0.006355655001243576,0.29411764705882354,0.5305232558139534,0.3076923076923077,0.18604651162790697,0.875,0.5101744186046512,0.868738069426533,0.5069954433782234,0.1512060154310817,/home/prime/Documents/g3/tab-r1/paper/tables/source_data/full_fold_models/per_cancer/os_5yr/LUAD/repeat_01_fold_00/xgboost/test_predictions.csv
per_cancer,os_5yr,LUAD,1,0,lightgbm,160,40,51,success,0.9761688623361353,validation split balanced accuracy,0.04301309299989953,0.005671017002896406,0.3137254901960784,0.49127906976744184,0.36363636363636365,0.23255813953488372,0.75,0.5479651162790697,0.8728597373200612,0.5920872763533634,0.17707933358428704,/home/prime/Documents/g3/tab-r1/paper/tables/source_data/full_fold_models/per_cancer/os_5yr/LUAD/repeat_01_fold_00/lightgbm/test_predictions.csv
per_cancer,os_5yr,LUAD,1,1,logistic_regression,160,41,50,success,0.5075343767075321,validation split balanced accuracy,0.009173103997454746,0.004177656999672763,0.74,0.5498960498960499,0.8433734939759037,0.9459459459459459,0.15384615384615385,0.4553014553014553,0.7355813181144015,0.6329925729775533,0.21095355132080315,/home/prime/Documents/g3/tab-r1/paper/tables/source_data/full_fold_models/per_cancer/os_5yr/LUAD/repeat_01_fold_01/logistic_regression/test_predictions.csv
per_cancer,os_5yr,LUAD,1,1,random_forest,160,41,50,success,0.8533333333333334,validation split balanced accuracy,0.345037716000661,0.0738580239994917,0.46,0.5602910602910603,0.49056603773584906,0.35135135135135137,0.7692307692307693,0.6403326403326404,0.8238427685373411,0.5514039173360096,0.1811994199231638,/home/prime/Documents/g3/tab-r1/paper/tables/source_data/full_fold_models/per_cancer/os_5yr/LUAD/repeat_01_fold_01/random_forest/test_predictions.csv
per_cancer,os_5yr,LUAD,1,1,catboost,160,41,50,success,0.7236695554435181,validation split balanced accuracy,1.1655532419972587,0.005775085999630392,0.74,0.6496881496881497,0.8266666666666667,0.8378378378378378,0.46153846153846156,0.6507276507276507,0.835390623914648,0.5499990864637555,0.181792827102542,/home/prime/Documents/g3/tab-r1/paper/tables/source_data/full_fold_models/per_cancer/os_5yr/LUAD/repeat_01_fold_01/catboost/test_predictions.csv
per_cancer,os_5yr,LUAD,1,1,xgboost,160,41,50,success,0.8135913610458374,validation split balanced accuracy,0.10522542299804627,0.0059996349991706666,0.7,0.6725571725571726,0.782608695652174,0.7297297297297297,0.6153846153846154,0.7817047817047816,0.9084692603916551,0.4984616236275468,0.1600705497171667,/home/prime/Documents/g3/tab-r1/paper/tables/source_data/full_fold_models/per_cancer/os_5yr/LUAD/repeat_01_fold_01/xgboost/test_predictions.csv
per_cancer,os_5yr,LUAD,1,1,lightgbm,160,41,50,success,0.8808229940806502,validation split balanced accuracy,0.03978434900272987,0.005736621998948976,0.74,0.6995841995841996,0.8169014084507042,0.7837837837837838,0.6153846153846154,0.762993762993763,0.8882456116763258,0.5709191647823445,0.16907003772852636,/home/prime/Documents/g3/tab-r1/paper/tables/source_data/full_fold_models/per_cancer/os_5yr/LUAD/repeat_01_fold_01/lightgbm/test_predictions.csv
per_cancer,os_5yr,LUAD,1,2,logistic_regression,160,41,50,success,0.6482888239279689,validation split balanced accuracy,0.01009786899885512,0.003885237998474622,0.64,0.4444444444444444,0.7804878048780488,0.8888888888888888,0.0,0.5347222222222222,0.7781445337637423,0.6342944871884807,0.22011775911231876,/home/prime/Documents/g3/tab-r1/paper/tables/source_data/full_fold_models/per_cancer/os_5yr/LUAD/repeat_01_fold_02/logistic_regression/test_predictions.csv
per_cancer,os_5yr,LUAD,1,2,random_forest,160,41,50,success,0.7628070175438596,validation split balanced accuracy,0.3444385630027682,0.07631359200240695,0.66,0.5456349206349207,0.7733333333333333,0.8055555555555556,0.2857142857142857,0.5783730158730158,0.7802530334231114,0.5869427335486747,0.19687579562034854,/home/prime/Documents/g3/tab-r1/paper/tables/source_data/full_fold_models/per_cancer/os_5yr/LUAD/repeat_01_fold_02/random_forest/test_predictions.csv
per_cancer,os_5yr,LUAD,1,2,catboost,160,41,50,success,0.6197089459946206,validation split balanced accuracy,1.2139111710021098,0.006030093001754722,0.74,0.5357142857142857,0.8470588235294118,1.0,0.07142857142857142,0.5922619047619048,0.8129551426840425,0.5990143723419772,0.20161387581476375,/home/prime/Documents/g3/tab-r1/paper/tables/source_data/full_fold_models/per_cancer/os_5yr/LUAD/repeat_01_fold_02/catboost/test_predictions.csv
per_cancer,os_5yr,LUAD,1,2,xgboost,160,41,50,success,0.5487837791442871,validation split balanced accuracy,0.11598111800049082,0.006288445998507086,0.7,0.5079365079365079,0.8192771084337349,0.9444444444444444,0.07142857142857142,0.5922619047619048,0.7851694115888869,0.7469092054292255,0.22230467857038974,/home/prime/Documents/g3/tab-r1/paper/tables/source_data/full_fold_models/per_cancer/os_5yr/LUAD/repeat_01_fold_02/xgboost/test_predictions.csv
per_cancer,os_5yr,LUAD,1,2,lightgbm,160,41,50,success,0.8217808355813857,validation split balanced accuracy,0.04166353700202308,0.0056096810003509745,0.66,0.5238095238095238,0.7792207792207793,0.8333333333333334,0.21428571428571427,0.5525793650793651,0.7850180168291717,0.8365481870039954,0.22261440144652336,/home/prime/Documents/g3/tab-r1/paper/tables/source_data/full_fold_models/per_cancer/os_5yr/LUAD/repeat_01_fold_02/lightgbm/test_predictions.csv
per_cancer,os_5yr,LUAD,1,3,logistic_regression,161,40,50,success,0.8526980767040443,validation split balanced accuracy,0.010305075000360375,0.003957706001529004,0.52,0.55,0.625,0.5,0.6,0.5625,0.8555671483386313,0.5419131398360278,0.1779118848573752,/home/prime/Documents/g3/tab-r1/paper/tables/source_data/full_fold_models/per_cancer/os_5yr/LUAD/repeat_01_fold_03/logistic_regression/test_predictions.csv
per_cancer,os_5yr,LUAD,1,3,random_forest,161,40,50,success,0.6923529411764706,validation split balanced accuracy,0.3489914450001379,0.0741175100010878,0.7,0.475,0.8192771084337349,0.85,0.1,0.36249999999999993,0.7421590708533057,0.5662998013482893,0.1799763072345193,/home/prime/Documents/g3/tab-r1/paper/tables/source_data/full_fold_models/per_cancer/os_5yr/LUAD/repeat_01_fold_03/random_forest/test_predictions.csv
per_cancer,os_5yr,LUAD,1,3,catboost,161,40,50,success,0.9255510684173657,validation split balanced accuracy,1.007117056997231,0.0061960000020917505,0.2,0.5,0.0,0.0,1.0,0.37250000000000005,0.7604178400052188,0.5436447285617863,0.17347519160854774,/home/prime/Documents/g3/tab-r1/paper/tables/source_data/full_fold_models/per_cancer/os_5yr/LUAD/repeat_01_fold_03/catboost/test_predictions.csv
per_cancer,os_5yr,LUAD,1,3,xgboost,161,40,50,success,0.22461073100566864,validation split balanced accuracy,0.11660989899974084,0.006300941000517923,0.8,0.5,0.8888888888888888,1.0,0.0,0.38999999999999996,0.7535462202912075,0.7505443985503755,0.2086815822694745,/home/prime/Documents/g3/tab-r1/paper/tables/source_data/full_fold_models/per_cancer/os_5yr/LUAD/repeat_01_fold_03/xgboost/test_predictions.csv
per_cancer,os_5yr,LUAD,1,3,lightgbm,161,40,50,success,0.2898060202698052,validation split balanced accuracy,0.044433936000132235,0.005535457999940263,0.76,0.475,0.8636363636363636,0.95,0.0,0.3625,0.735718084669727,0.9215236513288392,0.23334377945623344,/home/prime/Documents/g3/tab-r1/paper/tables/source_data/full_fold_models/per_cancer/os_5yr/LUAD/repeat_01_fold_03/lightgbm/test_predictions.csv
per_cancer,os_5yr,LUAD,1,4,logistic_regression,160,41,50,success,0.8010014844297035,validation split balanced accuracy,0.009613624999474268,0.0038796269982412923,0.4,0.4627192982456141,0.4642857142857143,0.34210526315789475,0.5833333333333334,0.4780701754385965,0.7321411913053418,0.687808993409336,0.20720967277602118,/home/prime/Documents/g3/tab-r1/paper/tables/source_data/full_fold_models/per_cancer/os_5yr/LUAD/repeat_01_fold_04/logistic_regression/test_predictions.csv
per_cancer,os_5yr,LUAD,1,4,random_forest,160,41,50,success,0.7,validation split balanced accuracy,0.34395327599850134,0.07620744000087143,0.66,0.49122807017543857,0.7848101265822784,0.8157894736842105,0.16666666666666666,0.4002192982456141,0.7213347193590663,0.5841813015515689,0.1920023083727174,/home/prime/Documents/g3/tab-r1/paper/tables/source_data/full_fold_models/per_cancer/os_5yr/LUAD/repeat_01_fold_04/random_forest/test_predictions.csv
per_cancer,os_5yr,LUAD,1,4,catboost,160,41,50,success,0.7170108604329003,validation split balanced accuracy,1.3046734890012885,0.005796566998469643,0.68,0.4758771929824562,0.8048780487804879,0.868421052631579,0.08333333333333333,0.3201754385964912,0.7007180748508127,0.6102444835690263,0.19984509365474415,/home/prime/Documents/g3/tab-r1/paper/tables/source_data/full_fold_models/per_cancer/os_5yr/LUAD/repeat_01_fold_04/catboost/test_predictions.csv
per_cancer,os_5yr,LUAD,1,4,xgboost,160,41,50,success,0.9356226325035095,validation split balanced accuracy,0.11993271199753508,0.00628839600176434,0.4,0.4057017543859649,0.5,0.39473684210526316,0.4166666666666667,0.4451754385964912,0.7951220957786443,0.8121683854173516,0.23985780416547564,/home/prime/Documents/g3/tab-r1/paper/tables/source_data/full_fold_models/per_cancer/os_5yr/LUAD/repeat_01_fold_04/xgboost/test_predictions.csv
per_cancer,os_5yr,LUAD,1,4,lightgbm,160,41,50,success,0.9989942551251074,validation split balanced accuracy,0.04115208000075654,0.00584959900152171,0.24,0.5,0.0,0.0,1.0,0.4671052631578948,0.7851805505876288,0.9447789891958811,0.2763887096451378,/home/prime/Documents/g3/tab-r1/paper/tables/source_data/full_fold_models/per_cancer/os_5yr/LUAD/repeat_01_fold_04/lightgbm/test_predictions.csv
per_cancer,os_5yr,LUAD,2,0,logistic_regression,160,41,50,success,0.8448086532188341,validation split balanced accuracy,0.010140161000890657,0.003973347000282956,0.36,0.5230352303523036,0.4074074074074074,0.2682926829268293,0.7777777777777778,0.524390243902439,0.8469007191829223,0.556825723163511,0.18480565984611844,/home/prime/Documents/g3/tab-r1/paper/tables/source_data/full_fold_models/per_cancer/os_5yr/LUAD/repeat_02_fold_00/logistic_regression/test_predictions.csv
per_cancer,os_5yr,LUAD,2,0,random_forest,160,41,50,success,0.7062962962962963,validation split balanced accuracy,0.34233129900167114,0.0745921259986062,0.6,0.49593495934959353,0.7297297297297297,0.6585365853658537,0.3333333333333333,0.5067750677506775,0.8200676136346214,0.5300247169783476,0.16942748161466958,/home/prime/Documents/g3/tab-r1/paper/tables/source_data/full_fold_models/per_cancer/os_5yr/LUAD/repeat_02_fold_00/random_forest/test_predictions.csv
per_cancer,os_5yr,LUAD,2,0,catboost,160,41,50,success,0.7462878030632021,validation split balanced accuracy,1.1891029350008466,0.006375823002599645,0.6,0.49593495934959353,0.7297297297297297,0.6585365853658537,0.3333333333333333,0.4295392953929539,0.7976604147537891,0.5311332485823822,0.16894756879349151,/home/prime/Documents/g3/tab-r1/paper/tables/source_data/full_fold_models/per_cancer/os_5yr/LUAD/repeat_02_fold_00/catboost/test_predictions.csv
per_cancer,os_5yr,LUAD,2,0,xgboost,160,41,50,success,0.7089375853538513,validation split balanced accuracy,0.1148160539996752,0.006163758000184316,0.66,0.575880758807588,0.7733333333333333,0.7073170731707317,0.4444444444444444,0.5650406504065041,0.8727139319570782,0.6320611133583103,0.1933214533991872,/home/prime/Documents/g3/tab-r1/paper/tables/source_data/full_fold_models/per_cancer/os_5yr/LUAD/repeat_02_fold_00/xgboost/test_predictions.csv
per_cancer,os_5yr,LUAD,2,0,lightgbm,160,41,50,success,0.9822000915378886,validation split balanced accuracy,0.04659559299761895,0.006342398999549914,0.26,0.462059620596206,0.24489795918367346,0.14634146341463414,0.7777777777777778,0.47831978319783197,0.820614016858023,0.7405936223239168,0.20352544701368194,/home/prime/Documents/g3/tab-r1/paper/tables/source_data/full_fold_models/per_cancer/os_5yr/LUAD/repeat_02_fold_00/lightgbm/test_predictions.csv
per_cancer,os_5yr,LUAD,2,1,logistic_regression,161,40,50,success,0.8298987256254512,validation split balanced accuracy,0.009818676000577398,0.0040553930011810735,0.52,0.5428571428571428,0.5862068965517241,0.4857142857142857,0.6,0.540952380952381,0.737117212201862,0.6910234646820703,0.23463040356936002,/home/prime/Documents/g3/tab-r1/paper/tables/source_data/full_fold_models/per_cancer/os_5yr/LUAD/repeat_02_fold_01/logistic_regression/test_predictions.csv
per_cancer,os_5yr,LUAD,2,1,random_forest,161,40,50,success,0.8866666666666667,validation split balanced accuracy,0.33799381800054107,0.07675938399916049,0.46,0.5571428571428572,0.4489795918367347,0.3142857142857143,0.8,0.5638095238095238,0.7238084615020474,0.6793991898767707,0.22573837785749656,/home/prime/Documents/g3/tab-r1/paper/tables/source_data/full_fold_models/per_cancer/os_5yr/LUAD/repeat_02_fold_01/random_forest/test_predictions.csv
per_cancer,os_5yr,LUAD,2,1,catboost,161,40,50,success,0.921151194254395,validation split balanced accuracy,1.194954898001015,0.005577248000918189,0.36,0.5047619047619047,0.23809523809523808,0.14285714285714285,0.8666666666666667,0.5542857142857143,0.7148888407132482,0.675844804261895,0.22498992750531602,/home/prime/Documents/g3/tab-r1/paper/tables/source_data/full_fold_models/per_cancer/os_5yr/LUAD/repeat_02_fold_01/catboost/test_predictions.csv
per_cancer,os_5yr,LUAD,2,1,xgboost,161,40,50,success,0.97379070520401,validation split balanced accuracy,0.11217590199885308,0.006406922999303788,0.4,0.4952380952380952,0.375,0.2571428571428571,0.7333333333333333,0.6876190476190476,0.7934377002538368,0.7233725509442018,0.20226665228919694,/home/prime/Documents/g3/tab-r1/paper/tables/source_data/full_fold_models/per_cancer/os_5yr/LUAD/repeat_02_fold_01/xgboost/test_predictions.csv
per_cancer,os_5yr,LUAD,2,1,lightgbm,161,40,50,success,0.9796161718441314,validation split balanced accuracy,0.04764842300210148,0.006140022996987682,0.5,0.5857142857142857,0.5098039215686274,0.37142857142857144,0.8,0.6971428571428571,0.8412772382149559,0.78527056758743,0.21749517123664666,/home/prime/Documents/g3/tab-r1/paper/tables/source_data/full_fold_models/per_cancer/os_5yr/LUAD/repeat_02_fold_01/lightgbm/test_predictions.csv
per_cancer,os_5yr,LUAD,2,2,logistic_regression,161,40,50,success,0.8234459681396971,validation split balanced accuracy,0.010116245000972413,0.003954470001190202,0.44,0.48509485094850946,0.5483870967741935,0.4146341463414634,0.5555555555555556,0.41192411924119243,0.775775042768149,0.6034073228101218,0.1863863322555834,/home/prime/Documents/g3/tab-r1/paper/tables/source_data/full_fold_models/per_cancer/os_5yr/LUAD/repeat_02_fold_02/logistic_regression/test_predictions.csv
per_cancer,os_5yr,LUAD,2,2,random_forest,161,40,50,success,0.79,validation split balanced accuracy,0.3438270750011725,0.07395605200144928,0.64,0.5636856368563685,0.7567567567567568,0.6829268292682927,0.4444444444444444,0.5420054200542006,0.8709610988318739,0.48868210291786357,0.15681158365603293,/home/prime/Documents/g3/tab-r1/paper/tables/source_data/full_fold_models/per_cancer/os_5yr/LUAD/repeat_02_fold_02/random_forest/test_predictions.csv
per_cancer,os_5yr,LUAD,2,2,catboost,161,40,50,success,0.7701246662166661,validation split balanced accuracy,1.291039476996957,0.00635669700204744,0.74,0.537940379403794,0.8433734939759037,0.8536585365853658,0.2222222222222222,0.5907859078590786,0.8587201510291022,0.48144125743500754,0.15363136262744675,/home/prime/Documents/g3/tab-r1/paper/tables/source_data/full_fold_models/per_cancer/os_5yr/LUAD/repeat_02_fold_02/catboost/test_predictions.csv
per_cancer,os_5yr,LUAD,2,2,xgboost,161,40,50,success,0.5839993953704834,validation split balanced accuracy,0.11777215799884289,0.006414346000383375,0.78,0.47560975609756095,0.8764044943820225,0.9512195121951219,0.0,0.5609756097560976,0.8430767083769641,0.6120494149561838,0.1709301028895172,/home/prime/Documents/g3/tab-r1/paper/tables/source_data/full_fold_models/per_cancer/os_5yr/LUAD/repeat_02_fold_02/xgboost/test_predictions.csv
per_cancer,os_5yr,LUAD,2,2,lightgbm,161,40,50,success,0.9864562800812399,validation split balanced accuracy,0.0465726190013811,0.006186782000440871,0.4,0.5040650406504065,0.4827586206896552,0.34146341463414637,0.6666666666666666,0.6043360433604336,0.8710857068824465,0.6071676520569498,0.15331979068071122,/home/prime/Documents/g3/tab-r1/paper/tables/source_data/full_fold_models/per_cancer/os_5yr/LUAD/repeat_02_fold_02/lightgbm/test_predictions.csv
per_cancer,os_5yr,LUAD,2,3,logistic_regression,160,40,51,success,0.736305429571858,validation split balanced accuracy,0.009438520999538014,0.003954941003030399,0.6274509803921569,0.6170731707317073,0.7323943661971831,0.6341463414634146,0.6,0.6048780487804878,0.8401226959808751,0.5136775181200471,0.156385148178304,/home/prime/Documents/g3/tab-r1/paper/tables/source_data/full_fold_models/per_cancer/os_5yr/LUAD/repeat_02_fold_03/logistic_regression/test_predictions.csv
per_cancer,os_5yr,LUAD,2,3,random_forest,160,40,51,success,0.8021428571428572,validation split balanced accuracy,0.34267077700133086,0.07821180599785293,0.5882352941176471,0.5926829268292683,0.6956521739130435,0.5853658536585366,0.6,0.624390243902439,0.8389828144127432,0.4878094400835237,0.15270307839291491,/home/prime/Documents/g3/tab-r1/paper/tables/source_data/full_fold_models/per_cancer/os_5yr/LUAD/repeat_02_fold_03/random_forest/test_predictions.csv
per_cancer,os_5yr,LUAD,2,3,catboost,160,40,51,success,0.8183814303924609,validation split balanced accuracy,1.072027246998914,0.005706345000362489,0.6470588235294118,0.6292682926829268,0.75,0.6585365853658537,0.6,0.6097560975609756,0.8446189746246854,0.4869348820958175,0.1547260709060894,/home/prime/Documents/g3/tab-r1/paper/tables/source_data/full_fold_models/per_cancer/os_5yr/LUAD/repeat_02_fold_03/catboost/test_predictions.csv
per_cancer,os_5yr,LUAD,2,3,xgboost,160,40,51,success,0.915717601776123,validation split balanced accuracy,0.1119727849982155,0.006372517000272637,0.5098039215686274,0.4682926829268293,0.6376811594202898,0.5365853658536586,0.4,0.5170731707317073,0.8106947651943753,0.6742291559238274,0.18686203023049944,/home/prime/Documents/g3/tab-r1/paper/tables/source_data/full_fold_models/per_cancer/os_5yr/LUAD/repeat_02_fold_03/xgboost/test_predictions.csv
per_cancer,os_5yr,LUAD,2,3,lightgbm,160,40,51,success,0.9866869463860317,validation split balanced accuracy,0.038684367998939706,0.005774956000095699,0.45098039215686275,0.6207317073170732,0.5,0.34146341463414637,0.9,0.5,0.8334631362943026,0.8413716354646014,0.20835797075612372,/home/prime/Documents/g3/tab-r1/paper/tables/source_data/full_fold_models/per_cancer/os_5yr/LUAD/repeat_02_fold_03/lightgbm/test_predictions.csv
per_cancer,os_5yr,LUAD,2,4,logistic_regression,161,40,50,success,0.7459638740168854,validation split balanced accuracy,0.009865515999990748,0.0038587669987464324,0.58,0.4464285714285714,0.72,0.75,0.14285714285714285,0.40476190476190477,0.6710206863311673,0.713386848043915,0.22829062205716255,/home/prime/Documents/g3/tab-r1/paper/tables/source_data/full_fold_models/per_cancer/os_5yr/LUAD/repeat_02_fold_04/logistic_regression/test_predictions.csv
per_cancer,os_5yr,LUAD,2,4,random_forest,161,40,50,success,0.7494202898550725,validation split balanced accuracy,0.3406028489989694,0.07331183099813643,0.66,0.5674603174603174,0.7671232876712328,0.7777777777777778,0.35714285714285715,0.566468253968254,0.7799127145037805,0.613890308507389,0.20820207998943366,/home/prime/Documents/g3/tab-r1/paper/tables/source_data/full_fold_models/per_cancer/os_5yr/LUAD/repeat_02_fold_04/random_forest/test_predictions.csv
per_cancer,os_5yr,LUAD,2,4,catboost,161,40,50,success,0.8605809538509762,validation split balanced accuracy,1.0568569830029446,0.005716895000659861,0.46,0.5376984126984127,0.49056603773584906,0.3611111111111111,0.7142857142857143,0.5634920634920635,0.7649607241913059,0.6212509312821114,0.20851801992980817,/home/prime/Documents/g3/tab-r1/paper/tables/source_data/full_fold_models/per_cancer/os_5yr/LUAD/repeat_02_fold_04/catboost/test_predictions.csv
per_cancer,os_5yr,LUAD,2,4,xgboost,161,40,50,success,0.9493546485900879,validation split balanced accuracy,0.11681012099870713,0.006500851002783747,0.46,0.49404761904761907,0.5263157894736842,0.4166666666666667,0.5714285714285714,0.4464285714285715,0.7019319326954571,0.9263488208437471,0.2548569496083319,/home/prime/Documents/g3/tab-r1/paper/tables/source_data/full_fold_models/per_cancer/os_5yr/LUAD/repeat_02_fold_04/xgboost/test_predictions.csv
per_cancer,os_5yr,LUAD,2,4,lightgbm,161,40,50,success,0.9718500632483131,validation split balanced accuracy,0.04764117900049314,0.006387866000295617,0.46,0.49404761904761907,0.5263157894736842,0.4166666666666667,0.5714285714285714,0.49603174603174605,0.7296011905318218,1.0101627096764814,0.25868151155217367,/home/prime/Documents/g3/tab-r1/paper/tables/source_data/full_fold_models/per_cancer/os_5yr/LUAD/repeat_02_fold_04/lightgbm/test_predictions.csv
per_cancer,os_5yr,LUAD,3,0,logistic_regression,160,40,51,success,0.8973198570270978,validation split balanced accuracy,0.009383305001392728,0.0038925020016904455,0.2549019607843137,0.4920454545454545,0.13636363636363635,0.075,0.9090909090909091,0.5636363636363636,0.8246472637598156,0.5744871983231065,0.1899367923020864,/home/prime/Documents/g3/tab-r1/paper/tables/source_data/full_fold_models/per_cancer/os_5yr/LUAD/repeat_03_fold_00/logistic_regression/test_predictions.csv
per_cancer,os_5yr,LUAD,3,0,random_forest,160,40,51,success,0.7516666666666667,validation split balanced accuracy,0.3410545810002077,0.07526475000122446,0.7254901960784313,0.6602272727272727,0.8157894736842105,0.775,0.5454545454545454,0.6125,0.8296350057917261,0.5141904049253617,0.16612258389062745,/home/prime/Documents/g3/tab-r1/paper/tables/source_data/full_fold_models/per_cancer/os_5yr/LUAD/repeat_03_fold_00/random_forest/test_predictions.csv
per_cancer,os_5yr,LUAD,3,0,catboost,160,40,51,success,0.7824133081700005,validation split balanced accuracy,1.074959415000194,0.00610904300265247,0.7450980392156863,0.7386363636363636,0.821917808219178,0.75,0.7272727272727273,0.6727272727272727,0.8407372547311838,0.4903701152226304,0.1573652538285754,/home/prime/Documents/g3/tab-r1/paper/tables/source_data/full_fold_models/per_cancer/os_5yr/LUAD/repeat_03_fold_00/catboost/test_predictions.csv
per_cancer,os_5yr,LUAD,3,0,xgboost,160,40,51,success,0.8136424422264099,validation split balanced accuracy,0.12017479499991168,0.0063516869995510206,0.7254901960784313,0.6272727272727273,0.8205128205128205,0.8,0.45454545454545453,0.6227272727272728,0.8381673132345313,0.5600101133794737,0.1639169927509957,/home/prime/Documents/g3/tab-r1/paper/tables/source_data/full_fold_models/per_cancer/os_5yr/LUAD/repeat_03_fold_00/xgboost/test_predictions.csv
per_cancer,os_5yr,LUAD,3,0,lightgbm,160,40,51,success,0.6489496464188826,validation split balanced accuracy,0.04949928699716111,0.006324145000689896,0.803921568627451,0.6113636363636363,0.8837209302325582,0.95,0.2727272727272727,0.6386363636363637,0.8689250644919646,0.5698600526972699,0.16778659781664196,/home/prime/Documents/g3/tab-r1/paper/tables/source_data/full_fold_models/per_cancer/os_5yr/LUAD/repeat_03_fold_00/lightgbm/test_predictions.csv
per_cancer,os_5yr,LUAD,3,1,logistic_regression,161,40,50,success,0.8403038514339072,validation split balanced accuracy,0.009884633000183385,0.0040377799996349495,0.42,0.5614035087719298,0.43137254901960786,0.2894736842105263,0.8333333333333334,0.6074561403508772,0.8512835430905001,0.5436147082972128,0.18169838409627964,/home/prime/Documents/g3/tab-r1/paper/tables/source_data/full_fold_models/per_cancer/os_5yr/LUAD/repeat_03_fold_01/logistic_regression/test_predictions.csv
per_cancer,os_5yr,LUAD,3,1,random_forest,161,40,50,success,0.8790476190476191,validation split balanced accuracy,0.34102729900041595,0.07503420000284677,0.46,0.5592105263157895,0.509090909090909,0.3684210526315789,0.75,0.5120614035087719,0.7876403748724733,0.5979697099739457,0.19419242719547453,/home/prime/Documents/g3/tab-r1/paper/tables/source_data/full_fold_models/per_cancer/os_5yr/LUAD/repeat_03_fold_01/random_forest/test_predictions.csv
per_cancer,os_5yr,LUAD,3,1,catboost,161,40,50,success,0.7660357844790202,validation split balanced accuracy,1.1140258030027326,0.005652683001244441,0.56,0.3969298245614035,0.7105263157894737,0.7105263157894737,0.08333333333333333,0.43201754385964913,0.7337493473100897,0.6026718235095114,0.19702835380286218,/home/prime/Documents/g3/tab-r1/paper/tables/source_data/full_fold_models/per_cancer/os_5yr/LUAD/repeat_03_fold_01/catboost/test_predictions.csv
per_cancer,os_5yr,LUAD,3,1,xgboost,161,40,50,success,0.1277761161327362,validation split balanced accuracy,0.10337851599979331,0.006235114000446629,0.76,0.5,0.8636363636363636,1.0,0.0,0.44956140350877194,0.7608324728143031,0.8644315569176311,0.24268848360935252,/home/prime/Documents/g3/tab-r1/paper/tables/source_data/full_fold_models/per_cancer/os_5yr/LUAD/repeat_03_fold_01/xgboost/test_predictions.csv
per_cancer,os_5yr,LUAD,3,1,lightgbm,161,40,50,success,0.09880592011472714,validation split balanced accuracy,0.04491677800251637,0.006250384001759812,0.74,0.4868421052631579,0.8505747126436781,0.9736842105263158,0.0,0.4605263157894737,0.7332890167222409,0.9537558374911924,0.2566786611614489,/home/prime/Documents/g3/tab-r1/paper/tables/source_data/full_fold_models/per_cancer/os_5yr/LUAD/repeat_03_fold_01/lightgbm/test_predictions.csv
per_cancer,os_5yr,LUAD,3,2,logistic_regression,160,41,50,success,0.8432968801188913,validation split balanced accuracy,0.009881024998321664,0.0038755290006520227,0.48,0.4875,0.59375,0.475,0.5,0.54,0.8363131896311083,0.561204050111413,0.1859810712663052,/home/prime/Documents/g3/tab-r1/paper/tables/source_data/full_fold_models/per_cancer/os_5yr/LUAD/repeat_03_fold_02/logistic_regression/test_predictions.csv
per_cancer,os_5yr,LUAD,3,2,random_forest,160,41,50,success,0.82,validation split balanced accuracy,0.3409121389995562,0.08212534799895366,0.4,0.4,0.5161290322580645,0.4,0.4,0.41875,0.789055727587842,0.5712172247028363,0.18614900687097471,/home/prime/Documents/g3/tab-r1/paper/tables/source_data/full_fold_models/per_cancer/os_5yr/LUAD/repeat_03_fold_02/random_forest/test_predictions.csv
per_cancer,os_5yr,LUAD,3,2,catboost,160,41,50,success,0.87838339815603,validation split balanced accuracy,0.9791326679987833,0.005714450002415106,0.32,0.5,0.32,0.2,0.8,0.4775,0.8055611171816905,0.5365026882806204,0.17357923799037525,/home/prime/Documents/g3/tab-r1/paper/tables/source_data/full_fold_models/per_cancer/os_5yr/LUAD/repeat_03_fold_02/catboost/test_predictions.csv
per_cancer,os_5yr,LUAD,3,2,xgboost,160,41,50,success,0.26700547337532043,validation split balanced accuracy,0.10875716499867849,0.006333743000141112,0.8,0.5375,0.8863636363636364,0.975,0.1,0.45249999999999996,0.8001968363791537,0.6812912952309985,0.19861926983320152,/home/prime/Documents/g3/tab-r1/paper/tables/source_data/full_fold_models/per_cancer/os_5yr/LUAD/repeat_03_fold_02/xgboost/test_predictions.csv
per_cancer,os_5yr,LUAD,3,2,lightgbm,160,41,50,success,0.22422275245663287,validation split balanced accuracy,0.04801354099981836,0.006364392000250518,0.8,0.5375,0.8863636363636364,0.975,0.1,0.49,0.8290639645459734,0.713219084563561,0.201077797837961,/home/prime/Documents/g3/tab-r1/paper/tables/source_data/full_fold_models/per_cancer/os_5yr/LUAD/repeat_03_fold_02/lightgbm/test_predictions.csv
per_cancer,os_5yr,LUAD,3,3,logistic_regression,160,41,50,success,0.6676646622028647,validation split balanced accuracy,0.010099212002387503,0.003966022999520646,0.7,0.5727650727650728,0.8051948051948052,0.8378378378378378,0.3076923076923077,0.5883575883575883,0.7701322844541919,0.6340328252132192,0.19971387878918884,/home/prime/Documents/g3/tab-r1/paper/tables/source_data/full_fold_models/per_cancer/os_5yr/LUAD/repeat_03_fold_03/logistic_regression/test_predictions.csv
per_cancer,os_5yr,LUAD,3,3,random_forest,160,41,50,success,0.76,validation split balanced accuracy,0.3322427669991157,0.07786489499994786,0.66,0.5706860706860707,0.7671232876712328,0.7567567567567568,0.38461538461538464,0.5914760914760915,0.8141580126513326,0.5718361584474567,0.18976252586475856,/home/prime/Documents/g3/tab-r1/paper/tables/source_data/full_fold_models/per_cancer/os_5yr/LUAD/repeat_03_fold_03/random_forest/test_predictions.csv
per_cancer,os_5yr,LUAD,3,3,catboost,160,41,50,success,0.87713076072173,validation split balanced accuracy,1.3928742169991892,0.005934581000474282,0.56,0.6278586278586279,0.6206896551724138,0.4864864864864865,0.7692307692307693,0.6465696465696466,0.8646166721287902,0.5863230814206684,0.19534795093440768,/home/prime/Documents/g3/tab-r1/paper/tables/source_data/full_fold_models/per_cancer/os_5yr/LUAD/repeat_03_fold_03/catboost/test_predictions.csv
per_cancer,os_5yr,LUAD,3,3,xgboost,160,41,50,success,0.9861626029014587,validation split balanced accuracy,0.10546942899964051,0.005511251998541411,0.42,0.6081081081081081,0.35555555555555557,0.21621621621621623,1.0,0.6299376299376299,0.8472625986567592,0.742324766244655,0.21429758970094986,/home/prime/Documents/g3/tab-r1/paper/tables/source_data/full_fold_models/per_cancer/os_5yr/LUAD/repeat_03_fold_03/xgboost/test_predictions.csv
per_cancer,os_5yr,LUAD,3,3,lightgbm,160,41,50,success,0.2912875591432135,validation split balanced accuracy,0.04697075899821357,0.006457850002334453,0.74,0.524948024948025,0.8470588235294118,0.972972972972973,0.07692307692307693,0.6735966735966736,0.8595969881691425,0.8237970047741204,0.21761968175818594,/home/prime/Documents/g3/tab-r1/paper/tables/source_data/full_fold_models/per_cancer/os_5yr/LUAD/repeat_03_fold_03/lightgbm/test_predictions.csv
per_cancer,os_5yr,LUAD,3,4,logistic_regression,161,40,50,success,0.6982801199481449,validation split balanced accuracy,0.009810720999666955,0.003893624001648277,0.66,0.520979020979021,0.7792207792207793,0.7692307692307693,0.2727272727272727,0.5034965034965035,0.7978547870711207,0.6165652743806198,0.1918443500549495,/home/prime/Documents/g3/tab-r1/paper/tables/source_data/full_fold_models/per_cancer/os_5yr/LUAD/repeat_03_fold_04/logistic_regression/test_predictions.csv
per_cancer,os_5yr,LUAD,3,4,random_forest,161,40,50,success,0.7533333333333333,validation split balanced accuracy,0.3454197959981684,0.07623950199922547,0.62,0.4300699300699301,0.759493670886076,0.7692307692307693,0.09090909090909091,0.37762237762237766,0.7655094099711605,0.576750064540841,0.18503779055923059,/home/prime/Documents/g3/tab-r1/paper/tables/source_data/full_fold_models/per_cancer/os_5yr/LUAD/repeat_03_fold_04/random_forest/test_predictions.csv
per_cancer,os_5yr,LUAD,3,4,catboost,161,40,50,success,0.8179823119669808,validation split balanced accuracy,1.3241738909964624,0.006182593999255914,0.56,0.4568764568764569,0.6944444444444444,0.6410256410256411,0.2727272727272727,0.44755244755244755,0.7739128950135151,0.5945959349923815,0.18640405907654603,/home/prime/Documents/g3/tab-r1/paper/tables/source_data/full_fold_models/per_cancer/os_5yr/LUAD/repeat_03_fold_04/catboost/test_predictions.csv
per_cancer,os_5yr,LUAD,3,4,xgboost,161,40,50,success,0.9376288652420044,validation split balanced accuracy,0.11631732999740052,0.005989224999211729,0.58,0.5675990675990676,0.6865671641791045,0.5897435897435898,0.5454545454545454,0.49184149184149184,0.8175155974990164,0.7635141113787485,0.21690934162906855,/home/prime/Documents/g3/tab-r1/paper/tables/source_data/full_fold_models/per_cancer/os_5yr/LUAD/repeat_03_fold_04/xgboost/test_predictions.csv
per_cancer,os_5yr,LUAD,3,4,lightgbm,161,40,50,success,0.9652830413205622,validation split balanced accuracy,0.05111492200012435,0.0061211169995658565,0.52,0.5291375291375291,0.625,0.5128205128205128,0.5454545454545454,0.5384615384615384,0.8571530015516828,0.8730207740686136,0.22429710656633353,/home/prime/Documents/g3/tab-r1/paper/tables/source_data/full_fold_models/per_cancer/os_5yr/LUAD/repeat_03_fold_04/lightgbm/test_predictions.csv
per_cancer,os_5yr,LUAD,4,0,logistic_regression,160,40,51,success,0.9802316213990259,validation split balanced accuracy,0.00995651999983238,0.004216390003421111,0.17647058823529413,0.5,0.0,0.0,1.0,0.5132275132275131,0.8695161450379387,0.5261525633747902,0.17614562460166025,/home/prime/Documents/g3/tab-r1/paper/tables/source_data/full_fold_models/per_cancer/os_5yr/LUAD/repeat_04_fold_00/logistic_regression/test_predictions.csv
per_cancer,os_5yr,LUAD,4,0,random_forest,160,40,51,success,0.8274355742296919,validation split balanced accuracy,0.33890389500083984,0.08066283600055613,0.5294117647058824,0.5833333333333333,0.6363636363636364,0.5,0.6666666666666666,0.6150793650793651,0.8723464017709992,0.4682149425185311,0.147600446329673,/home/prime/Documents/g3/tab-r1/paper/tables/source_data/full_fold_models/per_cancer/os_5yr/LUAD/repeat_04_fold_00/random_forest/test_predictions.csv
per_cancer,os_5yr,LUAD,4,0,catboost,160,40,51,success,0.8124865374576877,validation split balanced accuracy,1.1724377860009554,0.005671940001775511,0.6078431372549019,0.5873015873015873,0.7222222222222222,0.6190476190476191,0.5555555555555556,0.5634920634920635,0.8623733640389553,0.4775119804076835,0.15087379127296469,/home/prime/Documents/g3/tab-r1/paper/tables/source_data/full_fold_models/per_cancer/os_5yr/LUAD/repeat_04_fold_00/catboost/test_predictions.csv
per_cancer,os_5yr,LUAD,4,0,xgboost,160,40,51,success,0.9105518460273743,validation split balanced accuracy,0.1049332750008034,0.0056850639994081575,0.5294117647058824,0.5833333333333333,0.6363636363636364,0.5,0.6666666666666666,0.5476190476190477,0.8279026381542416,0.6238600582436228,0.1641014154451825,/home/prime/Documents/g3/tab-r1/paper/tables/source_data/full_fold_models/per_cancer/os_5yr/LUAD/repeat_04_fold_00/xgboost/test_predictions.csv
per_cancer,os_5yr,LUAD,4,0,lightgbm,160,40,51,success,0.9527469335535792,validation split balanced accuracy,0.046146214997861534,0.006414006002160022,0.4117647058823529,0.46825396825396826,0.5161290322580645,0.38095238095238093,0.5555555555555556,0.5211640211640212,0.8330600170367756,0.6663052194583535,0.1586053715056695,/home/prime/Documents/g3/tab-r1/paper/tables/source_data/full_fold_models/per_cancer/os_5yr/LUAD/repeat_04_fold_00/lightgbm/test_predictions.csv
per_cancer,os_5yr,LUAD,4,1,logistic_regression,161,40,50,success,0.9142830241246476,validation split balanced accuracy,0.009577505999914138,0.003882573000737466,0.42,0.5857142857142857,0.2926829268292683,0.17142857142857143,1.0,0.5495238095238095,0.7814937955462453,0.6376214497816264,0.21679130409852548,/home/prime/Documents/g3/tab-r1/paper/tables/source_data/full_fold_models/per_cancer/os_5yr/LUAD/repeat_04_fold_01/logistic_regression/test_predictions.csv
per_cancer,os_5yr,LUAD,4,1,random_forest,161,40,50,success,0.8333333333333334,validation split balanced accuracy,0.3450597880000714,0.07390002399915829,0.42,0.5095238095238095,0.40816326530612246,0.2857142857142857,0.7333333333333333,0.5647619047619048,0.7028195882662763,0.6739762151277233,0.21907686308517563,/home/prime/Documents/g3/tab-r1/paper/tables/source_data/full_fold_models/per_cancer/os_5yr/LUAD/repeat_04_fold_01/random_forest/test_predictions.csv
per_cancer,os_5yr,LUAD,4,1,catboost,161,40,50,success,0.8051481476776892,validation split balanced accuracy,1.0182752609980525,0.00579903199832188,0.6,0.5809523809523809,0.6875,0.6285714285714286,0.5333333333333333,0.5933333333333333,0.7119758501312076,0.6692832027253874,0.22137254614595467,/home/prime/Documents/g3/tab-r1/paper/tables/source_data/full_fold_models/per_cancer/os_5yr/LUAD/repeat_04_fold_01/catboost/test_predictions.csv
per_cancer,os_5yr,LUAD,4,1,xgboost,161,40,50,success,0.9334280490875244,validation split balanced accuracy,0.12089745499906712,0.006309878001047764,0.58,0.5857142857142856,0.6557377049180327,0.5714285714285714,0.6,0.6599999999999999,0.7927463229987418,0.7746718007479254,0.23261133596293845,/home/prime/Documents/g3/tab-r1/paper/tables/source_data/full_fold_models/per_cancer/os_5yr/LUAD/repeat_04_fold_01/xgboost/test_predictions.csv
per_cancer,os_5yr,LUAD,4,1,lightgbm,161,40,50,success,0.22272027332726274,validation split balanced accuracy,0.03990927699851454,0.005377486999350367,0.72,0.5333333333333333,0.8333333333333334,1.0,0.06666666666666667,0.6485714285714286,0.8191810225228425,0.8603633609781748,0.23428911249650425,/home/prime/Documents/g3/tab-r1/paper/tables/source_data/full_fold_models/per_cancer/os_5yr/LUAD/repeat_04_fold_01/lightgbm/test_predictions.csv
per_cancer,os_5yr,LUAD,4,2,logistic_regression,160,41,50,success,0.8105131660938196,validation split balanced accuracy,0.009787816998141352,0.003904565000993898,0.64,0.5635964912280702,0.75,0.7105263157894737,0.4166666666666667,0.5921052631578948,0.8206921730099327,0.6019366226945817,0.1937962508571589,/home/prime/Documents/g3/tab-r1/paper/tables/source_data/full_fold_models/per_cancer/os_5yr/LUAD/repeat_04_fold_02/logistic_regression/test_predictions.csv
per_cancer,os_5yr,LUAD,4,2,random_forest,160,41,50,success,0.7532892874580778,validation split balanced accuracy,0.3461633850020007,0.07450807599889231,0.62,0.43640350877192985,0.759493670886076,0.7894736842105263,0.08333333333333333,0.42872807017543857,0.7642465501485877,0.6133031217301307,0.20403445085102007,/home/prime/Documents/g3/tab-r1/paper/tables/source_data/full_fold_models/per_cancer/os_5yr/LUAD/repeat_04_fold_02/random_forest/test_predictions.csv
per_cancer,os_5yr,LUAD,4,2,catboost,160,41,50,success,0.7997412998544757,validation split balanced accuracy,1.2224477980016673,0.006034901998646092,0.58,0.4956140350877193,0.704225352112676,0.6578947368421053,0.3333333333333333,0.4517543859649123,0.7667384624915893,0.5907026891028633,0.1951963673100159,/home/prime/Documents/g3/tab-r1/paper/tables/source_data/full_fold_models/per_cancer/os_5yr/LUAD/repeat_04_fold_02/catboost/test_predictions.csv
per_cancer,os_5yr,LUAD,4,2,xgboost,160,41,50,success,0.8862389326095581,validation split balanced accuracy,0.1028801550019125,0.005525929998839274,0.52,0.45614035087719296,0.6470588235294118,0.5789473684210527,0.3333333333333333,0.5197368421052632,0.8108314974425147,0.7338009097069771,0.22032062408784314,/home/prime/Documents/g3/tab-r1/paper/tables/source_data/full_fold_models/per_cancer/os_5yr/LUAD/repeat_04_fold_02/xgboost/test_predictions.csv
per_cancer,os_5yr,LUAD,4,2,lightgbm,160,41,50,success,0.9989983121247072,validation split balanced accuracy,0.04621429499820806,0.006313304002105724,0.26,0.5131578947368421,0.05128205128205128,0.02631578947368421,1.0,0.4671052631578947,0.7735711144513682,0.9787665927504752,0.23788709960155885,/home/prime/Documents/g3/tab-r1/paper/tables/source_data/full_fold_models/per_cancer/os_5yr/LUAD/repeat_04_fold_02/lightgbm/test_predictions.csv
per_cancer,os_5yr,LUAD,4,3,logistic_regression,160,41,50,success,0.7965583450200501,validation split balanced accuracy,0.009863191000476945,0.003932527997676516,0.56,0.5049833887043189,0.6944444444444444,0.5813953488372093,0.42857142857142855,0.4750830564784053,0.8476701988223654,0.48588211039162454,0.14550124467226672,/home/prime/Documents/g3/tab-r1/paper/tables/source_data/full_fold_models/per_cancer/os_5yr/LUAD/repeat_04_fold_03/logistic_regression/test_predictions.csv
per_cancer,os_5yr,LUAD,4,3,random_forest,160,41,50,success,0.83,validation split balanced accuracy,0.34209542900134693,0.08146759300143458,0.28,0.46179401993355484,0.3333333333333333,0.20930232558139536,0.7142857142857143,0.5299003322259137,0.8496022937434965,0.46359437059135167,0.1369461722240526,/home/prime/Documents/g3/tab-r1/paper/tables/source_data/full_fold_models/per_cancer/os_5yr/LUAD/repeat_04_fold_03/random_forest/test_predictions.csv
per_cancer,os_5yr,LUAD,4,3,catboost,160,41,50,success,0.8506728709804505,validation split balanced accuracy,1.1998845189991698,0.005617155002255458,0.34,0.49667774086378735,0.42105263157894735,0.27906976744186046,0.7142857142857143,0.53156146179402,0.848092994349113,0.43002440722247626,0.12304748786151125,/home/prime/Documents/g3/tab-r1/paper/tables/source_data/full_fold_models/per_cancer/os_5yr/LUAD/repeat_04_fold_03/catboost/test_predictions.csv
per_cancer,os_5yr,LUAD,4,3,xgboost,160,41,50,success,0.9549633264541626,validation split balanced accuracy,0.1219481709995307,0.0063025429990375414,0.32,0.4850498338870432,0.39285714285714285,0.2558139534883721,0.7142857142857143,0.4750830564784053,0.852650232222046,0.5412137061327558,0.1570612798470551,/home/prime/Documents/g3/tab-r1/paper/tables/source_data/full_fold_models/per_cancer/os_5yr/LUAD/repeat_04_fold_03/xgboost/test_predictions.csv
per_cancer,os_5yr,LUAD,4,3,lightgbm,160,41,50,success,0.9889336279825922,validation split balanced accuracy,0.04503585500060581,0.005721434001316084,0.34,0.5564784053156147,0.4,0.2558139534883721,0.8571428571428571,0.4950166112956811,0.8814518938736798,0.6127113926455965,0.17054910163777814,/home/prime/Documents/g3/tab-r1/paper/tables/source_data/full_fold_models/per_cancer/os_5yr/LUAD/repeat_04_fold_03/lightgbm/test_predictions.csv
per_cancer,os_5yr,LUAD,4,4,logistic_regression,161,40,50,success,0.7073525849012533,validation split balanced accuracy,0.009636899001634447,0.003904083998349961,0.64,0.5317460317460317,0.7567567567567568,0.7777777777777778,0.2857142857142857,0.498015873015873,0.6958944303512355,0.7310987030670355,0.2257547249594467,/home/prime/Documents/g3/tab-r1/paper/tables/source_data/full_fold_models/per_cancer/os_5yr/LUAD/repeat_04_fold_04/logistic_regression/test_predictions.csv
per_cancer,os_5yr,LUAD,4,4,random_forest,161,40,50,success,0.86,validation split balanced accuracy,0.3506512340027257,0.07557172599990736,0.34,0.4107142857142857,0.35294117647058826,0.25,0.5714285714285714,0.4841269841269841,0.7048772512171618,0.6648634051046044,0.21862266423606688,/home/prime/Documents/g3/tab-r1/paper/tables/source_data/full_fold_models/per_cancer/os_5yr/LUAD/repeat_04_fold_04/random_forest/test_predictions.csv
per_cancer,os_5yr,LUAD,4,4,catboost,161,40,50,success,0.8482638661931042,validation split balanced accuracy,1.1398092199997336,0.0055922569990798365,0.54,0.4841269841269842,0.6567164179104478,0.6111111111111112,0.35714285714285715,0.5,0.7402064857713058,0.6630289996295775,0.2209624825139556,/home/prime/Documents/g3/tab-r1/paper/tables/source_data/full_fold_models/per_cancer/os_5yr/LUAD/repeat_04_fold_04/catboost/test_predictions.csv
per_cancer,os_5yr,LUAD,4,4,xgboost,161,40,50,success,0.7447680830955505,validation split balanced accuracy,0.11021406799773104,0.00635439200050314,0.7,0.5079365079365079,0.8192771084337349,0.9444444444444444,0.07142857142857142,0.5198412698412699,0.7373307363540528,0.9050972293910421,0.24157021361016284,/home/prime/Documents/g3/tab-r1/paper/tables/source_data/full_fold_models/per_cancer/os_5yr/LUAD/repeat_04_fold_04/xgboost/test_predictions.csv
per_cancer,os_5yr,LUAD,4,4,lightgbm,161,40,50,success,0.8908550335597183,validation split balanced accuracy,0.041918724000424845,0.005983883998851525,0.54,0.46230158730158727,0.6666666666666666,0.6388888888888888,0.2857142857142857,0.5138888888888888,0.7160128341460841,1.0302784670360627,0.24849444440204724,/home/prime/Documents/g3/tab-r1/paper/tables/source_data/full_fold_models/per_cancer/os_5yr/LUAD/repeat_04_fold_04/lightgbm/test_predictions.csv
pooled,os_5yr,ALL,0,0,logistic_regression,747,187,234,success,0.6634822078504808,validation split balanced accuracy,0.014826628001173958,0.00443514799917466,0.49145299145299143,0.5340883093113704,0.43601895734597157,0.3262411347517731,0.7419354838709677,0.5274918020285214,0.639385436209901,0.7362614138922432,0.2612299934076092,/home/prime/Documents/g3/tab-r1/paper/tables/source_data/full_fold_models/pooled/os_5yr/ALL/repeat_00_fold_00/logistic_regression/test_predictions.csv
pooled,os_5yr,ALL,0,0,random_forest,747,187,234,success,0.5066666666666667,validation split balanced accuracy,0.38368004400035716,0.07529018800050835,0.7478632478632479,0.7157401052390757,0.8065573770491803,0.8723404255319149,0.5591397849462365,0.7738503774879891,0.8253638461565302,0.5425710281993783,0.1812173749322315,/home/prime/Documents/g3/tab-r1/paper/tables/source_data/full_fold_models/pooled/os_5yr/ALL/repeat_00_fold_00/random_forest/test_predictions.csv
pooled,os_5yr,ALL,0,0,catboost,747,187,234,success,0.4314141091510299,validation split balanced accuracy,2.951364728000044,0.006855108000308974,0.7435897435897436,0.7067032715625714,0.8064516129032258,0.8865248226950354,0.5268817204301075,0.7801418439716312,0.842327245641582,0.5455997829746766,0.18243350017873172,/home/prime/Documents/g3/tab-r1/paper/tables/source_data/full_fold_models/pooled/os_5yr/ALL/repeat_00_fold_00/catboost/test_predictions.csv
pooled,os_5yr,ALL,0,0,xgboost,747,187,234,success,0.47525477409362793,validation split balanced accuracy,0.4629403030012327,0.007183385998359881,0.7521367521367521,0.7266071837108213,0.8053691275167785,0.851063829787234,0.6021505376344086,0.7913520933424845,0.8417363486931262,0.5823186001199452,0.18688533646869684,/home/prime/Documents/g3/tab-r1/paper/tables/source_data/full_fold_models/pooled/os_5yr/ALL/repeat_00_fold_00/xgboost/test_predictions.csv
pooled,os_5yr,ALL,0,0,lightgbm,747,187,234,success,0.17376933988674917,validation split balanced accuracy,0.2286382099991897,0.007873021000705194,0.7008547008547008,0.6492793411118737,0.7839506172839507,0.900709219858156,0.3978494623655914,0.7743460687867003,0.8190717357529905,0.7130122625208285,0.20660791877433832,/home/prime/Documents/g3/tab-r1/paper/tables/source_data/full_fold_models/pooled/os_5yr/ALL/repeat_00_fold_00/lightgbm/test_predictions.csv
pooled,os_5yr,ALL,0,1,logistic_regression,747,187,234,success,0.6406788085338028,validation split balanced accuracy,0.015521504999924218,0.004148981002799701,0.5341880341880342,0.522977022977023,0.6007326007326007,0.5734265734265734,0.4725274725274725,0.5048797356489664,0.6255322496105291,0.7148642707991388,0.25357009497457766,/home/prime/Documents/g3/tab-r1/paper/tables/source_data/full_fold_models/pooled/os_5yr/ALL/repeat_00_fold_01/logistic_regression/test_predictions.csv
pooled,os_5yr,ALL,0,1,random_forest,747,187,234,success,0.6130734126984126,validation split balanced accuracy,0.3768912720006483,0.07525965999957407,0.7136752136752137,0.6938061938061938,0.7697594501718213,0.7832167832167832,0.6043956043956044,0.7506339814032122,0.8032991004597274,0.5745553784862509,0.18934355496146058,/home/prime/Documents/g3/tab-r1/paper/tables/source_data/full_fold_models/pooled/os_5yr/ALL/repeat_00_fold_01/random_forest/test_predictions.csv
pooled,os_5yr,ALL,0,1,catboost,747,187,234,success,0.6453739056684582,validation split balanced accuracy,2.1840755049997824,0.006928358001459856,0.7435897435897436,0.7222777222777224,0.7959183673469388,0.8181818181818182,0.6263736263736264,0.7559363713209868,0.8128575817778887,0.558241037841893,0.1853658570243304,/home/prime/Documents/g3/tab-r1/paper/tables/source_data/full_fold_models/pooled/os_5yr/ALL/repeat_00_fold_01/catboost/test_predictions.csv
pooled,os_5yr,ALL,0,1,xgboost,747,187,234,success,0.6723648905754089,validation split balanced accuracy,0.32414906399935717,0.007044761001452571,0.7136752136752137,0.6898101898101898,0.7728813559322034,0.7972027972027972,0.5824175824175825,0.7238914931222624,0.7678638380020648,0.7114721861649204,0.21664389899630854,/home/prime/Documents/g3/tab-r1/paper/tables/source_data/full_fold_models/pooled/os_5yr/ALL/repeat_00_fold_01/xgboost/test_predictions.csv
pooled,os_5yr,ALL,0,1,lightgbm,747,187,234,success,0.8156598927466004,validation split balanced accuracy,0.2372347729979083,0.007757931998639833,0.7051282051282052,0.6908091908091908,0.7578947368421053,0.7552447552447552,0.6263736263736264,0.7213555675094137,0.7780023525760162,0.882191557670186,0.22908394059248066,/home/prime/Documents/g3/tab-r1/paper/tables/source_data/full_fold_models/pooled/os_5yr/ALL/repeat_00_fold_01/lightgbm/test_predictions.csv
pooled,os_5yr,ALL,0,2,logistic_regression,748,187,233,success,0.6503292844191503,validation split balanced accuracy,0.013754120001976844,0.004505091001192341,0.5836909871244635,0.5981341521020311,0.6196078431372549,0.541095890410959,0.6551724137931034,0.5449141867422453,0.6802446285184106,0.7492738093903469,0.2640978824425101,/home/prime/Documents/g3/tab-r1/paper/tables/source_data/full_fold_models/pooled/os_5yr/ALL/repeat_00_fold_02/logistic_regression/test_predictions.csv
pooled,os_5yr,ALL,0,2,random_forest,748,187,233,success,0.5733333333333334,validation split balanced accuracy,0.37761040599798434,0.0725062439996691,0.7167381974248928,0.6880412533459297,0.78,0.8013698630136986,0.5747126436781609,0.742638954495355,0.806991589325781,0.5590840720824515,0.18745629886109225,/home/prime/Documents/g3/tab-r1/paper/tables/source_data/full_fold_models/pooled/os_5yr/ALL/repeat_00_fold_02/random_forest/test_predictions.csv
pooled,os_5yr,ALL,0,2,catboost,748,187,233,success,0.5833276296153576,validation split balanced accuracy,2.2356685790000483,0.0068418430018937215,0.7339055793991416,0.6994174145803811,0.7973856209150327,0.8356164383561644,0.5632183908045977,0.7364588253818295,0.8031659182246814,0.5675875579412591,0.19054500292232707,/home/prime/Documents/g3/tab-r1/paper/tables/source_data/full_fold_models/pooled/os_5yr/ALL/repeat_00_fold_02/catboost/test_predictions.csv
pooled,os_5yr,ALL,0,2,xgboost,748,187,233,success,0.6594704389572144,validation split balanced accuracy,0.3455534599997918,0.007482775999960722,0.703862660944206,0.6847346874507951,0.7628865979381443,0.7602739726027398,0.6091954022988506,0.7199259959061565,0.7718340605348126,0.6872385193217997,0.21900284933819247,/home/prime/Documents/g3/tab-r1/paper/tables/source_data/full_fold_models/pooled/os_5yr/ALL/repeat_00_fold_02/xgboost/test_predictions.csv
pooled,os_5yr,ALL,0,2,lightgbm,748,187,233,success,0.8128033373867598,validation split balanced accuracy,0.24313595900093787,0.008233479999034898,0.6738197424892703,0.6630845536136042,0.7304964539007093,0.7054794520547946,0.6206896551724138,0.7032357109116675,0.7399129243766103,0.8515086926231537,0.22903795381893965,/home/prime/Documents/g3/tab-r1/paper/tables/source_data/full_fold_models/pooled/os_5yr/ALL/repeat_00_fold_02/lightgbm/test_predictions.csv
pooled,os_5yr,ALL,0,3,logistic_regression,747,187,234,success,0.8287364843417045,validation split balanced accuracy,0.016069411001808476,0.004360555001767352,0.36324786324786323,0.4745238095238095,0.13872832369942195,0.08,0.8690476190476191,0.4720238095238095,0.6261956610616349,0.8408824192685875,0.2776987091226526,/home/prime/Documents/g3/tab-r1/paper/tables/source_data/full_fold_models/pooled/os_5yr/ALL/repeat_00_fold_03/logistic_regression/test_predictions.csv
pooled,os_5yr,ALL,0,3,random_forest,747,187,234,success,0.41333333333333333,validation split balanced accuracy,0.381808230002207,0.07669971900031669,0.7393162393162394,0.684047619047619,0.8123076923076923,0.88,0.4880952380952381,0.7310714285714286,0.8012081920025258,0.623881288221595,0.1915046547736454,/home/prime/Documents/g3/tab-r1/paper/tables/source_data/full_fold_models/pooled/os_5yr/ALL/repeat_00_fold_03/random_forest/test_predictions.csv
pooled,os_5yr,ALL,0,3,catboost,747,187,234,success,0.6345199547922568,validation split balanced accuracy,1.976624407001509,0.006870847999380203,0.7051282051282052,0.6888095238095238,0.764505119453925,0.7466666666666667,0.6309523809523809,0.7124999999999999,0.7873157914916887,0.5889480818235934,0.19635248738809719,/home/prime/Documents/g3/tab-r1/paper/tables/source_data/full_fold_models/pooled/os_5yr/ALL/repeat_00_fold_03/catboost/test_predictions.csv
pooled,os_5yr,ALL,0,3,xgboost,747,187,234,success,0.6003156304359436,validation split balanced accuracy,0.33544120399892563,0.007198534000053769,0.717948717948718,0.6935714285714285,0.78,0.78,0.6071428571428571,0.7087698412698412,0.7907750064147522,0.7027279210481165,0.2132698255421696,/home/prime/Documents/g3/tab-r1/paper/tables/source_data/full_fold_models/pooled/os_5yr/ALL/repeat_00_fold_03/xgboost/test_predictions.csv
pooled,os_5yr,ALL,0,3,lightgbm,747,187,234,success,0.6808322068863016,validation split balanced accuracy,0.2433608989995264,0.008058695999352494,0.6837606837606838,0.6695238095238095,0.7448275862068966,0.72,0.6190476190476191,0.7025,0.7736338021310778,0.9099963483188229,0.23872888567787778,/home/prime/Documents/g3/tab-r1/paper/tables/source_data/full_fold_models/pooled/os_5yr/ALL/repeat_00_fold_03/lightgbm/test_predictions.csv
pooled,os_5yr,ALL,0,4,logistic_regression,748,187,233,success,0.6622500621049563,validation split balanced accuracy,0.014619592002418358,0.004411923000589013,0.575107296137339,0.5819949614233979,0.6206896551724138,0.5547945205479452,0.6091954022988506,0.5578649031648558,0.6723619044705884,0.7204049127803401,0.24868356130285274,/home/prime/Documents/g3/tab-r1/paper/tables/source_data/full_fold_models/pooled/os_5yr/ALL/repeat_00_fold_04/logistic_regression/test_predictions.csv
pooled,os_5yr,ALL,0,4,random_forest,748,187,233,success,0.63,validation split balanced accuracy,0.37604197100154124,0.0758373329990718,0.6952789699570815,0.680207841284837,0.7526132404181185,0.7397260273972602,0.6206896551724138,0.7296882380727444,0.8092220160259402,0.5800657934952382,0.19551649633017493,/home/prime/Documents/g3/tab-r1/paper/tables/source_data/full_fold_models/pooled/os_5yr/ALL/repeat_00_fold_04/random_forest/test_predictions.csv
pooled,os_5yr,ALL,0,4,catboost,748,187,233,success,0.6843784959251693,validation split balanced accuracy,2.1687365590005356,0.006900094002048718,0.7167381974248928,0.70662100456621,0.7676056338028169,0.7465753424657534,0.6666666666666666,0.7263423082979058,0.8022443749683288,0.5804278964164639,0.1935885149141024,/home/prime/Documents/g3/tab-r1/paper/tables/source_data/full_fold_models/pooled/os_5yr/ALL/repeat_00_fold_04/catboost/test_predictions.csv
pooled,os_5yr,ALL,0,4,xgboost,748,187,233,success,0.7586601376533508,validation split balanced accuracy,0.31109562200072105,0.007076772002619691,0.6738197424892703,0.6677294914186742,0.7266187050359713,0.6917808219178082,0.6436781609195402,0.6993386868209731,0.7620411186966618,0.7276206884327288,0.22081078708389365,/home/prime/Documents/g3/tab-r1/paper/tables/source_data/full_fold_models/pooled/os_5yr/ALL/repeat_00_fold_04/xgboost/test_predictions.csv
pooled,os_5yr,ALL,0,4,lightgbm,748,187,233,success,0.7951422791718866,validation split balanced accuracy,0.2172880090001854,0.00850614099908853,0.6695278969957081,0.6550149582742875,0.7298245614035088,0.7123287671232876,0.5977011494252874,0.6672964887419304,0.715107405055405,0.9960075644844232,0.24103143648706685,/home/prime/Documents/g3/tab-r1/paper/tables/source_data/full_fold_models/pooled/os_5yr/ALL/repeat_00_fold_04/lightgbm/test_predictions.csv
pooled,os_5yr,ALL,1,0,logistic_regression,747,187,234,success,0.642882233522019,validation split balanced accuracy,0.01785688400195795,0.004196783000224968,0.6068376068376068,0.6073187895847995,0.6592592592592592,0.6054421768707483,0.6091954022988506,0.5975447650324498,0.7146373111587921,0.6838439813963378,0.24038644202851678,/home/prime/Documents/g3/tab-r1/paper/tables/source_data/full_fold_models/pooled/os_5yr/ALL/repeat_01_fold_00/logistic_regression/test_predictions.csv
pooled,os_5yr,ALL,1,0,random_forest,747,187,234,success,0.4865740740740741,validation split balanced accuracy,0.38615245500113815,0.07419644100082223,0.7863247863247863,0.7501759324419424,0.8397435897435898,0.891156462585034,0.6091954022988506,0.7907185862850887,0.8349967822182652,0.5175010563946997,0.16804151300816692,/home/prime/Documents/g3/tab-r1/paper/tables/source_data/full_fold_models/pooled/os_5yr/ALL/repeat_01_fold_00/random_forest/test_predictions.csv
pooled,os_5yr,ALL,1,0,catboost,747,187,234,success,0.5427582311239322,validation split balanced accuracy,3.0900144160004857,0.006783942000765819,0.7948717948717948,0.7593244194229416,0.8461538461538461,0.8979591836734694,0.6206896551724138,0.7816091954022988,0.8268415294245096,0.5206517668305449,0.16836265288707378,/home/prime/Documents/g3/tab-r1/paper/tables/source_data/full_fold_models/pooled/os_5yr/ALL/repeat_01_fold_00/catboost/test_predictions.csv
pooled,os_5yr,ALL,1,0,xgboost,747,187,234,success,0.6193289756774902,validation split balanced accuracy,0.45757444799892255,0.007242387000587769,0.7606837606837606,0.7391508327468919,0.8120805369127517,0.8231292517006803,0.6551724137931034,0.7751192430995386,0.8298143968548268,0.5798942742733121,0.18618040075119774,/home/prime/Documents/g3/tab-r1/paper/tables/source_data/full_fold_models/pooled/os_5yr/ALL/repeat_01_fold_00/xgboost/test_predictions.csv
pooled,os_5yr,ALL,1,0,lightgbm,747,187,234,success,0.7852915310817413,validation split balanced accuracy,0.23487349399874802,0.0074711350025609136,0.7350427350427351,0.7257799671592775,0.7832167832167832,0.7619047619047619,0.6896551724137931,0.7571350379232152,0.8094542909984623,0.7332028504529755,0.2035190020298531,/home/prime/Documents/g3/tab-r1/paper/tables/source_data/full_fold_models/pooled/os_5yr/ALL/repeat_01_fold_00/lightgbm/test_predictions.csv
pooled,os_5yr,ALL,1,1,logistic_regression,747,187,234,success,0.6302718236712757,validation split balanced accuracy,0.014748940000572475,0.004248951998306438,0.5341880341880342,0.5337409420289856,0.5758754863813229,0.5362318840579711,0.53125,0.5494036835748792,0.6444412946150564,0.7320256927395874,0.25903092756733387,/home/prime/Documents/g3/tab-r1/paper/tables/source_data/full_fold_models/pooled/os_5yr/ALL/repeat_01_fold_01/logistic_regression/test_predictions.csv
pooled,os_5yr,ALL,1,1,random_forest,747,187,234,success,0.47,validation split balanced accuracy,0.3781298180001613,0.07564224100133288,0.717948717948718,0.6863677536231885,0.7828947368421053,0.8623188405797102,0.5104166666666666,0.712296195652174,0.7451854448386372,0.6883555096046056,0.20947507037037086,/home/prime/Documents/g3/tab-r1/paper/tables/source_data/full_fold_models/pooled/os_5yr/ALL/repeat_01_fold_01/random_forest/test_predictions.csv
pooled,os_5yr,ALL,1,1,catboost,747,187,234,success,0.47302638059690943,validation split balanced accuracy,1.9333945690013934,0.006908160001330543,0.7008547008547008,0.6687047101449275,0.7697368421052632,0.8478260869565217,0.4895833333333333,0.7431310386473431,0.7784634464129649,0.592852722985431,0.1997865935939222,/home/prime/Documents/g3/tab-r1/paper/tables/source_data/full_fold_models/pooled/os_5yr/ALL/repeat_01_fold_01/catboost/test_predictions.csv
pooled,os_5yr,ALL,1,1,xgboost,747,187,234,success,0.6706466674804688,validation split balanced accuracy,0.2670904450023954,0.0071368459975929,0.6965811965811965,0.688858695652174,0.73992673992674,0.7318840579710145,0.6458333333333334,0.7239583333333333,0.7671872068399674,0.7244420229594082,0.22958223976524314,/home/prime/Documents/g3/tab-r1/paper/tables/source_data/full_fold_models/pooled/os_5yr/ALL/repeat_01_fold_01/xgboost/test_predictions.csv
pooled,os_5yr,ALL,1,1,lightgbm,747,187,234,success,0.42614190829462406,validation split balanced accuracy,0.18848780199914472,0.00756831000035163,0.7136752136752137,0.6827445652173914,0.7788778877887789,0.855072463768116,0.5104166666666666,0.7329785628019324,0.7710428565955431,0.9119789600716938,0.2323758755056423,/home/prime/Documents/g3/tab-r1/paper/tables/source_data/full_fold_models/pooled/os_5yr/ALL/repeat_01_fold_01/lightgbm/test_predictions.csv
pooled,os_5yr,ALL,1,2,logistic_regression,748,187,233,success,0.6435135350073714,validation split balanced accuracy,0.017074048999347724,0.004528405999735696,0.5622317596566524,0.5879782711384034,0.5819672131147541,0.4863013698630137,0.6896551724137931,0.5590458195559755,0.6720935514447072,0.7626477308301646,0.25894809010414555,/home/prime/Documents/g3/tab-r1/paper/tables/source_data/full_fold_models/pooled/os_5yr/ALL/repeat_01_fold_02/logistic_regression/test_predictions.csv
pooled,os_5yr,ALL,1,2,random_forest,748,187,233,success,0.49333333333333335,validation split balanced accuracy,0.37350450700250803,0.07574798199857469,0.7081545064377682,0.6719020626672965,0.7777777777777778,0.815068493150685,0.5287356321839081,0.7236262005983309,0.808365991735696,0.5919664518704576,0.2027074818678773,/home/prime/Documents/g3/tab-r1/paper/tables/source_data/full_fold_models/pooled/os_5yr/ALL/repeat_01_fold_02/random_forest/test_predictions.csv
pooled,os_5yr,ALL,1,2,catboost,748,187,233,success,0.42204300102614783,validation split balanced accuracy,2.049802683002781,0.00714197600245825,0.7167381974248928,0.6764289088332547,0.7870967741935484,0.8356164383561644,0.5172413793103449,0.7291765076365926,0.8222197387722344,0.5922498822158814,0.20229603366676424,/home/prime/Documents/g3/tab-r1/paper/tables/source_data/full_fold_models/pooled/os_5yr/ALL/repeat_01_fold_02/catboost/test_predictions.csv
pooled,os_5yr,ALL,1,2,xgboost,748,187,233,success,0.46990275382995605,validation split balanced accuracy,0.32868468399829,0.007127418000891339,0.6824034334763949,0.646709179656747,0.756578947368421,0.7876712328767124,0.5057471264367817,0.7054794520547946,0.794866790468649,0.7597850854239958,0.2344980930737423,/home/prime/Documents/g3/tab-r1/paper/tables/source_data/full_fold_models/pooled/os_5yr/ALL/repeat_01_fold_02/xgboost/test_predictions.csv
pooled,os_5yr,ALL,1,2,lightgbm,748,187,233,success,0.5863604076205657,validation split balanced accuracy,0.191511465000076,0.007029521002550609,0.6738197424892703,0.653794678003464,0.7379310344827587,0.7328767123287672,0.5747126436781609,0.6949299322941268,0.789660002291688,0.9765695621318926,0.2624469959277273,/home/prime/Documents/g3/tab-r1/paper/tables/source_data/full_fold_models/pooled/os_5yr/ALL/repeat_01_fold_02/lightgbm/test_predictions.csv
pooled,os_5yr,ALL,1,3,logistic_regression,747,187,234,success,0.5717972974370438,validation split balanced accuracy,0.014082377001614077,0.004268308999598958,0.5042735042735043,0.4721136200430862,0.6027397260273972,0.5827814569536424,0.3614457831325301,0.46229952924279905,0.6274348814613107,0.8079441889546307,0.278837368280252,/home/prime/Documents/g3/tab-r1/paper/tables/source_data/full_fold_models/pooled/os_5yr/ALL/repeat_01_fold_03/logistic_regression/test_predictions.csv
pooled,os_5yr,ALL,1,3,random_forest,747,187,234,success,0.5466666666666666,validation split balanced accuracy,0.3828831930004526,0.0755490519986779,0.7393162393162394,0.7112024255964254,0.8,0.8079470198675497,0.6144578313253012,0.7390888055533391,0.812496279749098,0.5572363725208411,0.1868705043370595,/home/prime/Documents/g3/tab-r1/paper/tables/source_data/full_fold_models/pooled/os_5yr/ALL/repeat_01_fold_03/random_forest/test_predictions.csv
pooled,os_5yr,ALL,1,3,catboost,747,187,234,success,0.6814930827161745,validation split balanced accuracy,2.0975063820005744,0.006932516000233591,0.6709401709401709,0.6826378361126626,0.7158671586715867,0.6423841059602649,0.7228915662650602,0.7383707013484402,0.8287194718629816,0.5732824499605097,0.19224896119619478,/home/prime/Documents/g3/tab-r1/paper/tables/source_data/full_fold_models/pooled/os_5yr/ALL/repeat_01_fold_03/catboost/test_predictions.csv
pooled,os_5yr,ALL,1,3,xgboost,747,187,234,success,0.3087656795978546,validation split balanced accuracy,0.3575432030011143,0.007296591000340413,0.6965811965811965,0.6265459187744356,0.7867867867867868,0.8675496688741722,0.3855421686746988,0.7304715550945505,0.8109086689080773,0.673938333659374,0.21272384199201252,/home/prime/Documents/g3/tab-r1/paper/tables/source_data/full_fold_models/pooled/os_5yr/ALL/repeat_01_fold_03/xgboost/test_predictions.csv
pooled,os_5yr,ALL,1,3,lightgbm,747,187,234,success,0.5788007066845104,validation split balanced accuracy,0.19565530700128875,0.007114504001947353,0.7094017094017094,0.6825979414346126,0.7748344370860927,0.7748344370860927,0.5903614457831325,0.7323864996409478,0.7919138072561619,0.8129596045148195,0.22508229533755036,/home/prime/Documents/g3/tab-r1/paper/tables/source_data/full_fold_models/pooled/os_5yr/ALL/repeat_01_fold_03/lightgbm/test_predictions.csv
pooled,os_5yr,ALL,1,4,logistic_regression,748,187,233,success,0.6616963368979917,validation split balanced accuracy,0.016391876997658983,0.00532584900065558,0.4978540772532189,0.5014825218476904,0.5447470817120622,0.4861111111111111,0.5168539325842697,0.4863061797752809,0.6022070290711572,0.8624179539261683,0.2728198574748112,/home/prime/Documents/g3/tab-r1/paper/tables/source_data/full_fold_models/pooled/os_5yr/ALL/repeat_01_fold_04/logistic_regression/test_predictions.csv
pooled,os_5yr,ALL,1,4,random_forest,748,187,233,success,0.6832704402515724,validation split balanced accuracy,0.375682665999193,0.07352548899871181,0.6866952789699571,0.6950296504369537,0.7224334600760456,0.6597222222222222,0.7303370786516854,0.7729400749063671,0.8317010909179002,0.54332365929001,0.180678563516618,/home/prime/Documents/g3/tab-r1/paper/tables/source_data/full_fold_models/pooled/os_5yr/ALL/repeat_01_fold_04/random_forest/test_predictions.csv
pooled,os_5yr,ALL,1,4,catboost,748,187,233,success,0.6186731420330923,validation split balanced accuracy,2.02670559499893,0.006982730999880005,0.7253218884120172,0.7048220973782771,0.7808219178082192,0.7916666666666666,0.6179775280898876,0.7687656054931336,0.8345034478758164,0.5500595010852205,0.1843786483207528,/home/prime/Documents/g3/tab-r1/paper/tables/source_data/full_fold_models/pooled/os_5yr/ALL/repeat_01_fold_04/catboost/test_predictions.csv
pooled,os_5yr,ALL,1,4,xgboost,748,187,233,success,0.6402824521064758,validation split balanced accuracy,0.2948860739998054,0.007094544998835772,0.7081545064377682,0.6930789637952559,0.7622377622377622,0.7569444444444444,0.6292134831460674,0.7332631086142322,0.805230037808641,0.6594635610117289,0.2116108302128334,/home/prime/Documents/g3/tab-r1/paper/tables/source_data/full_fold_models/pooled/os_5yr/ALL/repeat_01_fold_04/xgboost/test_predictions.csv
pooled,os_5yr,ALL,1,4,lightgbm,748,187,233,success,0.8214034939072504,validation split balanced accuracy,0.20349444300154573,0.007012338999629719,0.6394849785407726,0.639669163545568,0.6865671641791045,0.6388888888888888,0.6404494382022472,0.7104010611735331,0.7691130776040046,0.8613544266717341,0.23556885068154207,/home/prime/Documents/g3/tab-r1/paper/tables/source_data/full_fold_models/pooled/os_5yr/ALL/repeat_01_fold_04/lightgbm/test_predictions.csv
pooled,os_5yr,ALL,2,0,logistic_regression,747,187,234,success,0.9593055381788147,validation split balanced accuracy,0.01414191000003484,0.004224364998663077,0.44017094017094016,0.5134680134680135,0.07092198581560284,0.037037037037037035,0.98989898989899,0.5401795735129069,0.6275498792118308,0.7283919398652499,0.2585789554774599,/home/prime/Documents/g3/tab-r1/paper/tables/source_data/full_fold_models/pooled/os_5yr/ALL/repeat_02_fold_00/logistic_regression/test_predictions.csv
pooled,os_5yr,ALL,2,0,random_forest,747,187,234,success,0.5033333333333333,validation split balanced accuracy,0.37981837099869153,0.07644374099982088,0.7393162393162394,0.7134680134680135,0.7959866220735786,0.8814814814814815,0.5454545454545454,0.7642349420127198,0.7980539307847125,0.5685145892964047,0.19113467901615389,/home/prime/Documents/g3/tab-r1/paper/tables/source_data/full_fold_models/pooled/os_5yr/ALL/repeat_02_fold_00/random_forest/test_predictions.csv
pooled,os_5yr,ALL,2,0,catboost,747,187,234,success,0.5042061153399184,validation split balanced accuracy,2.697516987002018,0.0069907479992252775,0.7478632478632479,0.7235690235690235,0.8013468013468014,0.8814814814814815,0.5656565656565656,0.7731762065095399,0.7937267894296527,0.5753638335951468,0.1902714495574721,/home/prime/Documents/g3/tab-r1/paper/tables/source_data/full_fold_models/pooled/os_5yr/ALL/repeat_02_fold_00/catboost/test_predictions.csv
pooled,os_5yr,ALL,2,0,xgboost,747,187,234,success,0.5642690658569336,validation split balanced accuracy,0.39391886299927137,0.00721718999920995,0.717948717948718,0.6962962962962963,0.773972602739726,0.837037037037037,0.5555555555555556,0.7507295173961841,0.779235380154472,0.6998068421974297,0.21763649405739027,/home/prime/Documents/g3/tab-r1/paper/tables/source_data/full_fold_models/pooled/os_5yr/ALL/repeat_02_fold_00/xgboost/test_predictions.csv
pooled,os_5yr,ALL,2,0,lightgbm,747,187,234,success,0.5124767763817448,validation split balanced accuracy,0.21640404100253363,0.007351505999395158,0.7094017094017094,0.6861952861952862,0.7687074829931972,0.837037037037037,0.5353535353535354,0.7548447437336326,0.757317590582046,0.8683777227263237,0.2246452786262164,/home/prime/Documents/g3/tab-r1/paper/tables/source_data/full_fold_models/pooled/os_5yr/ALL/repeat_02_fold_00/lightgbm/test_predictions.csv
pooled,os_5yr,ALL,2,1,logistic_regression,747,187,234,success,0.6308041895449952,validation split balanced accuracy,0.014762304999749176,0.0045527619986387435,0.5982905982905983,0.608764311093565,0.6439393939393939,0.5704697986577181,0.6470588235294118,0.61247532570075,0.7483977200824564,0.6874428135935774,0.24185940979656909,/home/prime/Documents/g3/tab-r1/paper/tables/source_data/full_fold_models/pooled/os_5yr/ALL/repeat_02_fold_01/logistic_regression/test_predictions.csv
pooled,os_5yr,ALL,2,1,random_forest,747,187,234,success,0.6466666666666666,validation split balanced accuracy,0.37442325099982554,0.07473621099779848,0.6923076923076923,0.6851164626924595,0.7464788732394366,0.7114093959731543,0.6588235294117647,0.7414133438610343,0.8160260893837429,0.5630286515891448,0.1888431294644501,/home/prime/Documents/g3/tab-r1/paper/tables/source_data/full_fold_models/pooled/os_5yr/ALL/repeat_02_fold_01/random_forest/test_predictions.csv
pooled,os_5yr,ALL,2,1,catboost,747,187,234,success,0.6724288629752788,validation split balanced accuracy,1.9170857419994718,0.006446838000556454,0.7051282051282052,0.6901302803000395,0.7628865979381443,0.7449664429530202,0.6352941176470588,0.7437820765890248,0.822789988845314,0.5591320009969182,0.18612037804662335,/home/prime/Documents/g3/tab-r1/paper/tables/source_data/full_fold_models/pooled/os_5yr/ALL/repeat_02_fold_01/catboost/test_predictions.csv
pooled,os_5yr,ALL,2,1,xgboost,747,187,234,success,0.5725479125976562,validation split balanced accuracy,0.28717215600045165,0.007129862999136094,0.7264957264957265,0.7043821555467824,0.785234899328859,0.785234899328859,0.6235294117647059,0.7350177654954599,0.7792753855606736,0.6680651960298865,0.20579602640221795,/home/prime/Documents/g3/tab-r1/paper/tables/source_data/full_fold_models/pooled/os_5yr/ALL/repeat_02_fold_01/xgboost/test_predictions.csv
pooled,os_5yr,ALL,2,1,lightgbm,747,187,234,success,0.5886382404725381,validation split balanced accuracy,0.19220960800157627,0.007396010998490965,0.7094017094017094,0.6884326885116463,0.7702702702702703,0.7651006711409396,0.611764705882353,0.7313857086458745,0.7832367520135949,0.8219866503791894,0.22122910942825944,/home/prime/Documents/g3/tab-r1/paper/tables/source_data/full_fold_models/pooled/os_5yr/ALL/repeat_02_fold_01/lightgbm/test_predictions.csv
pooled,os_5yr,ALL,2,2,logistic_regression,747,187,234,success,0.7404772468657168,validation split balanced accuracy,0.015028413003165042,0.00425048500255798,0.4658119658119658,0.5545238095238095,0.36548223350253806,0.24,0.8690476190476191,0.5270634920634921,0.6987697274999277,0.7222776850980426,0.2529827797989313,/home/prime/Documents/g3/tab-r1/paper/tables/source_data/full_fold_models/pooled/os_5yr/ALL/repeat_02_fold_02/logistic_regression/test_predictions.csv
pooled,os_5yr,ALL,2,2,random_forest,747,187,234,success,0.5433333333333333,validation split balanced accuracy,0.37461816299764905,0.07255886299753911,0.7307692307692307,0.6930952380952381,0.797427652733119,0.8266666666666667,0.5595238095238095,0.740079365079365,0.8077179219202677,0.5749459388250835,0.19138587293969048,/home/prime/Documents/g3/tab-r1/paper/tables/source_data/full_fold_models/pooled/os_5yr/ALL/repeat_02_fold_02/random_forest/test_predictions.csv
pooled,os_5yr,ALL,2,2,catboost,747,187,234,success,0.5808753090957665,validation split balanced accuracy,2.054925333999563,0.006952703999559162,0.7094017094017094,0.6816666666666666,0.7748344370860927,0.78,0.5833333333333334,0.7279365079365079,0.7981868303232752,0.5873784909264581,0.19648029963376532,/home/prime/Documents/g3/tab-r1/paper/tables/source_data/full_fold_models/pooled/os_5yr/ALL/repeat_02_fold_02/catboost/test_predictions.csv
pooled,os_5yr,ALL,2,2,xgboost,747,187,234,success,0.8170854449272156,validation split balanced accuracy,0.34606974700000137,0.007099545000528451,0.6324786324786325,0.6557142857142857,0.6666666666666666,0.5733333333333334,0.7380952380952381,0.7050000000000001,0.781267062186016,0.7372478595344264,0.22495378188156273,/home/prime/Documents/g3/tab-r1/paper/tables/source_data/full_fold_models/pooled/os_5yr/ALL/repeat_02_fold_02/xgboost/test_predictions.csv
pooled,os_5yr,ALL,2,2,lightgbm,747,187,234,success,0.7741036304342594,validation split balanced accuracy,0.24724579699977767,0.008388625999941723,0.6581196581196581,0.6495238095238096,0.7183098591549296,0.68,0.6190476190476191,0.7050000000000001,0.7848531592997958,0.9638159350902502,0.24944641706186046,/home/prime/Documents/g3/tab-r1/paper/tables/source_data/full_fold_models/pooled/os_5yr/ALL/repeat_02_fold_02/lightgbm/test_predictions.csv
pooled,os_5yr,ALL,2,3,logistic_regression,748,187,233,success,0.6705575478096397,validation split balanced accuracy,0.01651787700029672,0.005105508000269765,0.5579399141630901,0.5822311447016217,0.5795918367346938,0.4863013698630137,0.6781609195402298,0.5643205794363092,0.6713986103741443,0.7209198046017108,0.24609197840590485,/home/prime/Documents/g3/tab-r1/paper/tables/source_data/full_fold_models/pooled/os_5yr/ALL/repeat_02_fold_03/logistic_regression/test_predictions.csv
pooled,os_5yr,ALL,2,3,random_forest,748,187,233,success,0.6166666666666667,validation split balanced accuracy,0.3803555269987555,0.074218812998879,0.7424892703862661,0.7225240119666194,0.7959183673469388,0.8013698630136986,0.6436781609195402,0.7761376161234451,0.8109370568197243,0.537762015076631,0.17578903230890017,/home/prime/Documents/g3/tab-r1/paper/tables/source_data/full_fold_models/pooled/os_5yr/ALL/repeat_02_fold_03/random_forest/test_predictions.csv
pooled,os_5yr,ALL,2,3,catboost,748,187,233,success,0.614168188173296,validation split balanced accuracy,2.245406941998226,0.00713063399962266,0.7510729613733905,0.7224059203275075,0.8079470198675497,0.8356164383561644,0.6091954022988506,0.7823177452369705,0.824176349615289,0.5260748291872646,0.17190604593472122,/home/prime/Documents/g3/tab-r1/paper/tables/source_data/full_fold_models/pooled/os_5yr/ALL/repeat_02_fold_03/catboost/test_predictions.csv
pooled,os_5yr,ALL,2,3,xgboost,748,187,233,success,0.700444757938385,validation split balanced accuracy,0.34328711399939493,0.007298845001059817,0.7167381974248928,0.7042985356636751,0.7692307692307693,0.7534246575342466,0.6551724137931034,0.7481498976539126,0.8065742875905806,0.612194286156978,0.19410076316136018,/home/prime/Documents/g3/tab-r1/paper/tables/source_data/full_fold_models/pooled/os_5yr/ALL/repeat_02_fold_03/xgboost/test_predictions.csv
pooled,os_5yr,ALL,2,3,lightgbm,748,187,233,success,0.6409742600868203,validation split balanced accuracy,0.18766323800082318,0.007334924001042964,0.6995708154506438,0.6720201543064084,0.7651006711409396,0.7808219178082192,0.5632183908045977,0.7288615965989608,0.7867547573481197,0.7781012555318536,0.21891308571985177,/home/prime/Documents/g3/tab-r1/paper/tables/source_data/full_fold_models/pooled/os_5yr/ALL/repeat_02_fold_03/lightgbm/test_predictions.csv
pooled,os_5yr,ALL,2,4,logistic_regression,748,187,233,success,0.780646451561425,validation split balanced accuracy,0.016904535001231125,0.004321550000895513,0.39914163090128757,0.49267831837505904,0.20454545454545456,0.1232876712328767,0.8620689655172413,0.5640056683986773,0.6537575945240047,0.810855230967169,0.25075250171120983,/home/prime/Documents/g3/tab-r1/paper/tables/source_data/full_fold_models/pooled/os_5yr/ALL/repeat_02_fold_04/logistic_regression/test_predictions.csv
pooled,os_5yr,ALL,2,4,random_forest,748,187,233,success,0.5533333333333333,validation split balanced accuracy,0.37962775800042436,0.07324182800221024,0.6952789699570815,0.6639505589670918,0.7641196013289037,0.7876712328767124,0.5402298850574713,0.7178790741615494,0.8013386677900174,0.5870912700695055,0.20010816609103843,/home/prime/Documents/g3/tab-r1/paper/tables/source_data/full_fold_models/pooled/os_5yr/ALL/repeat_02_fold_04/random_forest/test_predictions.csv
pooled,os_5yr,ALL,2,4,catboost,748,187,233,success,0.4315776641401607,validation split balanced accuracy,1.826227640001889,0.006879815999127459,0.7124463519313304,0.668359313493938,0.7859424920127795,0.8424657534246576,0.4942528735632184,0.7309872461029759,0.8115395411615259,0.5826602709674488,0.19647634154801008,/home/prime/Documents/g3/tab-r1/paper/tables/source_data/full_fold_models/pooled/os_5yr/ALL/repeat_02_fold_04/catboost/test_predictions.csv
pooled,os_5yr,ALL,2,4,xgboost,748,187,233,success,0.4045265018939972,validation split balanced accuracy,0.2970814159998554,0.007124071998987347,0.6952789699570815,0.6453708077468115,0.7760252365930599,0.8424657534246576,0.4482758620689655,0.701857975122028,0.7626874426657978,0.7516442358056046,0.23165976429461713,/home/prime/Documents/g3/tab-r1/paper/tables/source_data/full_fold_models/pooled/os_5yr/ALL/repeat_02_fold_04/xgboost/test_predictions.csv
pooled,os_5yr,ALL,2,4,lightgbm,748,187,233,success,0.38314118227906613,validation split balanced accuracy,0.21483324200016796,0.007712194998021005,0.7167381974248928,0.6648165643205795,0.79375,0.8698630136986302,0.45977011494252873,0.6784758305778618,0.7268754776529475,0.9949572149781916,0.24581135710717616,/home/prime/Documents/g3/tab-r1/paper/tables/source_data/full_fold_models/pooled/os_5yr/ALL/repeat_02_fold_04/lightgbm/test_predictions.csv
pooled,os_5yr,ALL,3,0,logistic_regression,747,187,234,success,0.6562656128417027,validation split balanced accuracy,0.017835392001870787,0.005045842997787986,0.6068376068376068,0.6186466625842009,0.6349206349206349,0.5633802816901409,0.6739130434782609,0.611068585425597,0.7003994620247009,0.6794198144650493,0.23828945564039924,/home/prime/Documents/g3/tab-r1/paper/tables/source_data/full_fold_models/pooled/os_5yr/ALL/repeat_03_fold_00/logistic_regression/test_predictions.csv
pooled,os_5yr,ALL,3,0,random_forest,747,187,234,success,0.5233333333333333,validation split balanced accuracy,0.3707275449996814,0.07717355400018278,0.7478632478632479,0.7157072872014696,0.8065573770491803,0.8661971830985915,0.5652173913043478,0.7635104102878139,0.8151502996568898,0.5578356387773346,0.1865759389335579,/home/prime/Documents/g3/tab-r1/paper/tables/source_data/full_fold_models/pooled/os_5yr/ALL/repeat_03_fold_00/random_forest/test_predictions.csv
pooled,os_5yr,ALL,3,0,catboost,747,187,234,success,0.6210919219883999,validation split balanced accuracy,2.1321597839996684,0.007242087998747593,0.7307692307692307,0.707363747703613,0.7864406779661017,0.8169014084507042,0.5978260869565217,0.7416564605021434,0.7767953083718022,0.5729119448322665,0.19072114526890804,/home/prime/Documents/g3/tab-r1/paper/tables/source_data/full_fold_models/pooled/os_5yr/ALL/repeat_03_fold_00/catboost/test_predictions.csv
pooled,os_5yr,ALL,3,0,xgboost,747,187,234,success,0.6316346526145935,validation split balanced accuracy,0.3164225319997058,0.007133037997846259,0.7435897435897436,0.7217544396815676,0.7959183673469388,0.823943661971831,0.6195652173913043,0.7405082669932639,0.7809883174163814,0.6571105885085707,0.2039763941312737,/home/prime/Documents/g3/tab-r1/paper/tables/source_data/full_fold_models/pooled/os_5yr/ALL/repeat_03_fold_00/xgboost/test_predictions.csv
pooled,os_5yr,ALL,3,0,lightgbm,747,187,234,success,0.7335766801258494,validation split balanced accuracy,0.22637917600150104,0.008707564997166628,0.7094017094017094,0.6935854255970606,0.7622377622377622,0.7676056338028169,0.6195652173913043,0.7092008573178199,0.7630491467865536,0.8705721867978516,0.2334601713366387,/home/prime/Documents/g3/tab-r1/paper/tables/source_data/full_fold_models/pooled/os_5yr/ALL/repeat_03_fold_00/lightgbm/test_predictions.csv
pooled,os_5yr,ALL,3,1,logistic_regression,747,187,234,success,0.6444488046157518,validation split balanced accuracy,0.016014105000067502,0.005121138001413783,0.5854700854700855,0.5958966565349544,0.6104417670682731,0.5428571428571428,0.648936170212766,0.5883738601823709,0.6841177255019268,0.6760182870214455,0.23945153644365152,/home/prime/Documents/g3/tab-r1/paper/tables/source_data/full_fold_models/pooled/os_5yr/ALL/repeat_03_fold_01/logistic_regression/test_predictions.csv
pooled,os_5yr,ALL,3,1,random_forest,747,187,234,success,0.6226190476190476,validation split balanced accuracy,0.3807220969974878,0.07515799599786988,0.7692307692307693,0.7477203647416413,0.8163265306122449,0.8571428571428571,0.6382978723404256,0.7684650455927052,0.8184118332726552,0.555316062669538,0.18607468450894035,/home/prime/Documents/g3/tab-r1/paper/tables/source_data/full_fold_models/pooled/os_5yr/ALL/repeat_03_fold_01/random_forest/test_predictions.csv
pooled,os_5yr,ALL,3,1,catboost,747,187,234,success,0.6009298215777371,validation split balanced accuracy,2.223682985000778,0.006972261999180773,0.7435897435897436,0.7175531914893617,0.7986577181208053,0.85,0.5851063829787234,0.7658814589665653,0.8239209814377053,0.5593344762760655,0.18747301329234284,/home/prime/Documents/g3/tab-r1/paper/tables/source_data/full_fold_models/pooled/os_5yr/ALL/repeat_03_fold_01/catboost/test_predictions.csv
pooled,os_5yr,ALL,3,1,xgboost,747,187,234,success,0.2350127249956131,validation split balanced accuracy,0.2955517049995251,0.00637163600185886,0.6752136752136753,0.6184650455927052,0.7696969696969697,0.9071428571428571,0.32978723404255317,0.7487841945288755,0.8092613915981925,0.6751753106482193,0.2090760235768485,/home/prime/Documents/g3/tab-r1/paper/tables/source_data/full_fold_models/pooled/os_5yr/ALL/repeat_03_fold_01/xgboost/test_predictions.csv
pooled,os_5yr,ALL,3,1,lightgbm,747,187,234,success,0.3333184791822298,validation split balanced accuracy,0.2252503110030375,0.008063093999226112,0.717948717948718,0.6803951367781155,0.7870967741935484,0.8714285714285714,0.48936170212765956,0.7176291793313069,0.7676654334452742,0.8857736551292281,0.23376598280672234,/home/prime/Documents/g3/tab-r1/paper/tables/source_data/full_fold_models/pooled/os_5yr/ALL/repeat_03_fold_01/lightgbm/test_predictions.csv
pooled,os_5yr,ALL,3,2,logistic_regression,747,187,234,success,0.6328141526504105,validation split balanced accuracy,0.016821566001453903,0.005309416999807581,0.5641025641025641,0.5521501925545571,0.6382978723404256,0.5921052631578947,0.5121951219512195,0.5397946084724006,0.6937275850540334,0.7243500193471107,0.25136933499379815,/home/prime/Documents/g3/tab-r1/paper/tables/source_data/full_fold_models/pooled/os_5yr/ALL/repeat_03_fold_02/logistic_regression/test_predictions.csv
pooled,os_5yr,ALL,3,2,random_forest,747,187,234,success,0.39666666666666667,validation split balanced accuracy,0.3778918540010636,0.07226111500131083,0.7606837606837606,0.7090821566110398,0.8271604938271605,0.881578947368421,0.5365853658536586,0.7731867779204108,0.843412315603834,0.5336336345840937,0.17562988002680474,/home/prime/Documents/g3/tab-r1/paper/tables/source_data/full_fold_models/pooled/os_5yr/ALL/repeat_03_fold_02/random_forest/test_predictions.csv
pooled,os_5yr,ALL,3,2,catboost,747,187,234,success,0.41813464279790064,validation split balanced accuracy,2.665046361998975,0.007254359999933513,0.7478632478632479,0.7020218228498074,0.8150470219435737,0.8552631578947368,0.5487804878048781,0.7668886392811296,0.8296422980849563,0.537361972425912,0.1774166924401741,/home/prime/Documents/g3/tab-r1/paper/tables/source_data/full_fold_models/pooled/os_5yr/ALL/repeat_03_fold_02/catboost/test_predictions.csv
pooled,os_5yr,ALL,3,2,xgboost,747,187,234,success,0.5633755326271057,validation split balanced accuracy,0.3706740630004788,0.006791417003114475,0.7307692307692307,0.7113286264441592,0.7892976588628763,0.7763157894736842,0.6463414634146342,0.7370426829268294,0.8117042871804279,0.6515297823507451,0.2013766499176795,/home/prime/Documents/g3/tab-r1/paper/tables/source_data/full_fold_models/pooled/os_5yr/ALL/repeat_03_fold_02/xgboost/test_predictions.csv
pooled,os_5yr,ALL,3,2,lightgbm,747,187,234,success,0.9142828422811509,validation split balanced accuracy,0.2297375779999129,0.008085107001534197,0.594017094017094,0.6313382541720154,0.6184738955823293,0.506578947368421,0.7560975609756098,0.7132942875481385,0.7822390293327359,0.831803688049008,0.2200718440585954,/home/prime/Documents/g3/tab-r1/paper/tables/source_data/full_fold_models/pooled/os_5yr/ALL/repeat_03_fold_02/lightgbm/test_predictions.csv
pooled,os_5yr,ALL,3,3,logistic_regression,748,187,233,success,0.6124119401913327,validation split balanced accuracy,0.016692279998096637,0.005102742998133181,0.5407725321888412,0.5410843373493976,0.6022304832713755,0.54,0.5421686746987951,0.508995983935743,0.6557291830617478,0.7376219284732021,0.2598809037885582,/home/prime/Documents/g3/tab-r1/paper/tables/source_data/full_fold_models/pooled/os_5yr/ALL/repeat_03_fold_03/logistic_regression/test_predictions.csv
pooled,os_5yr,ALL,3,3,random_forest,748,187,233,success,0.52,validation split balanced accuracy,0.3796798969997326,0.07421307199911098,0.759656652360515,0.7218473895582329,0.8205128205128205,0.8533333333333334,0.5903614457831325,0.743293172690763,0.8254233898386387,0.5473194398020366,0.18321380604679136,/home/prime/Documents/g3/tab-r1/paper/tables/source_data/full_fold_models/pooled/os_5yr/ALL/repeat_03_fold_03/random_forest/test_predictions.csv
pooled,os_5yr,ALL,3,3,catboost,748,187,233,success,0.5033577537004377,validation split balanced accuracy,2.283182635997946,0.00697975599905476,0.7510729613733905,0.7151807228915663,0.8129032258064516,0.84,0.5903614457831325,0.7412048192771085,0.8177487248318369,0.5552167536957516,0.18401997221014763,/home/prime/Documents/g3/tab-r1/paper/tables/source_data/full_fold_models/pooled/os_5yr/ALL/repeat_03_fold_03/catboost/test_predictions.csv
pooled,os_5yr,ALL,3,3,xgboost,748,187,233,success,0.6464117765426636,validation split balanced accuracy,0.3645477860009123,0.006328202001895988,0.6995708154506438,0.6778714859437751,0.7635135135135135,0.7533333333333333,0.6024096385542169,0.7249799196787149,0.7727442759463252,0.6611502998168673,0.20456669603664285,/home/prime/Documents/g3/tab-r1/paper/tables/source_data/full_fold_models/pooled/os_5yr/ALL/repeat_03_fold_03/xgboost/test_predictions.csv
pooled,os_5yr,ALL,3,3,lightgbm,748,187,233,success,0.7364190910517286,validation split balanced accuracy,0.23030677499991725,0.008261764000053518,0.6952789699570815,0.687991967871486,0.7508771929824561,0.7133333333333334,0.6626506024096386,0.7004819277108433,0.7606151916694791,0.8667714526644511,0.2292991419642744,/home/prime/Documents/g3/tab-r1/paper/tables/source_data/full_fold_models/pooled/os_5yr/ALL/repeat_03_fold_03/lightgbm/test_predictions.csv
pooled,os_5yr,ALL,3,4,logistic_regression,748,187,233,success,0.7408138521481317,validation split balanced accuracy,0.016357680997316493,0.005212611999013461,0.44635193133047213,0.512227209410308,0.31746031746031744,0.2112676056338028,0.8131868131868132,0.6042408295929422,0.6784726571824856,0.6973762116180057,0.24256453992742974,/home/prime/Documents/g3/tab-r1/paper/tables/source_data/full_fold_models/pooled/os_5yr/ALL/repeat_03_fold_04/logistic_regression/test_predictions.csv
pooled,os_5yr,ALL,3,4,random_forest,748,187,233,success,0.6422777777777778,validation split balanced accuracy,0.3826836319967697,0.07371665400205529,0.6824034334763949,0.670368364030336,0.7357142857142858,0.7253521126760564,0.6153846153846154,0.7449311252128153,0.8079854446270185,0.6294147520563764,0.19569791455826224,/home/prime/Documents/g3/tab-r1/paper/tables/source_data/full_fold_models/pooled/os_5yr/ALL/repeat_03_fold_04/random_forest/test_predictions.csv
pooled,os_5yr,ALL,3,4,catboost,748,187,233,success,0.6633446085355316,validation split balanced accuracy,2.3581781609973405,0.007016396000835812,0.7296137339055794,0.7150208945983594,0.7789473684210526,0.7816901408450704,0.6483516483516484,0.7744157251199505,0.8289569538274647,0.561320891658827,0.18884670548977645,/home/prime/Documents/g3/tab-r1/paper/tables/source_data/full_fold_models/pooled/os_5yr/ALL/repeat_03_fold_04/catboost/test_predictions.csv
pooled,os_5yr,ALL,3,4,xgboost,748,187,233,success,0.6531400084495544,validation split balanced accuracy,0.38094214699958684,0.007462166999175679,0.721030042918455,0.7040318836093484,0.7735191637630662,0.7816901408450704,0.6263736263736264,0.7840891502863333,0.8372877517274449,0.643293154539325,0.20470524150386196,/home/prime/Documents/g3/tab-r1/paper/tables/source_data/full_fold_models/pooled/os_5yr/ALL/repeat_03_fold_04/xgboost/test_predictions.csv
pooled,os_5yr,ALL,3,4,lightgbm,748,187,233,success,0.40569190193310045,validation split balanced accuracy,0.24824429300133488,0.008067954000580357,0.6995708154506438,0.6627457049992261,0.7712418300653595,0.8309859154929577,0.4945054945054945,0.7563844606098128,0.8230988700597041,0.885375185058594,0.2445220616111683,/home/prime/Documents/g3/tab-r1/paper/tables/source_data/full_fold_models/pooled/os_5yr/ALL/repeat_03_fold_04/lightgbm/test_predictions.csv
pooled,os_5yr,ALL,4,0,logistic_regression,747,187,234,success,0.8391202179240963,validation split balanced accuracy,0.01606032400013646,0.005104396001115674,0.41025641025641024,0.5083333333333333,0.14814814814814814,0.08333333333333333,0.9333333333333333,0.5177854938271604,0.6412640955731962,0.7498420530647602,0.26066454439622194,/home/prime/Documents/g3/tab-r1/paper/tables/source_data/full_fold_models/pooled/os_5yr/ALL/repeat_04_fold_00/logistic_regression/test_predictions.csv
pooled,os_5yr,ALL,4,0,random_forest,747,187,234,success,0.46,validation split balanced accuracy,0.38317112300137524,0.07462877500074683,0.7393162393162394,0.7006944444444445,0.8038585209003215,0.8680555555555556,0.5333333333333333,0.7359567901234568,0.8025455108039552,0.5596534914346393,0.18845922624479455,/home/prime/Documents/g3/tab-r1/paper/tables/source_data/full_fold_models/pooled/os_5yr/ALL/repeat_04_fold_00/random_forest/test_predictions.csv
pooled,os_5yr,ALL,4,0,catboost,747,187,234,success,0.40604443993680317,validation split balanced accuracy,2.8602915049996227,0.006883562997245463,0.7478632478632479,0.7076388888888889,0.8115015974440895,0.8819444444444444,0.5333333333333333,0.7464891975308642,0.8112097712651527,0.5620544574068903,0.18785921261470373,/home/prime/Documents/g3/tab-r1/paper/tables/source_data/full_fold_models/pooled/os_5yr/ALL/repeat_04_fold_00/catboost/test_predictions.csv
pooled,os_5yr,ALL,4,0,xgboost,747,187,234,success,0.45016226172447205,validation split balanced accuracy,0.4246305089982343,0.0075509870002861135,0.7521367521367521,0.7131944444444445,0.8141025641025641,0.8819444444444444,0.5444444444444444,0.7380015432098765,0.7722195583509752,0.6788726419021263,0.20377179190494557,/home/prime/Documents/g3/tab-r1/paper/tables/source_data/full_fold_models/pooled/os_5yr/ALL/repeat_04_fold_00/xgboost/test_predictions.csv
pooled,os_5yr,ALL,4,0,lightgbm,747,187,234,success,0.37824686181793393,validation split balanced accuracy,0.2693493269980536,0.008768100997258443,0.7350427350427351,0.6930555555555555,0.802547770700637,0.875,0.5111111111111111,0.7284336419753088,0.7529546453950963,0.8548520150133888,0.21760872957456723,/home/prime/Documents/g3/tab-r1/paper/tables/source_data/full_fold_models/pooled/os_5yr/ALL/repeat_04_fold_00/lightgbm/test_predictions.csv
pooled,os_5yr,ALL,4,1,logistic_regression,747,187,234,success,0.683537115752832,validation split balanced accuracy,0.01830097100173589,0.00557333100005053,0.5854700854700855,0.602764104505869,0.5941422594142259,0.5107913669064749,0.6947368421052632,0.5719424460431656,0.6769879073698319,0.7033056478786813,0.2509317575253777,/home/prime/Documents/g3/tab-r1/paper/tables/source_data/full_fold_models/pooled/os_5yr/ALL/repeat_04_fold_01/logistic_regression/test_predictions.csv
pooled,os_5yr,ALL,4,1,random_forest,747,187,234,success,0.55,validation split balanced accuracy,0.3778219599989825,0.07290800099872286,0.7264957264957265,0.698144642180992,0.7866666666666666,0.8489208633093526,0.5473684210526316,0.7142370314274896,0.7535154127490296,0.605641397476785,0.20278366110327514,/home/prime/Documents/g3/tab-r1/paper/tables/source_data/full_fold_models/pooled/os_5yr/ALL/repeat_04_fold_01/random_forest/test_predictions.csv
pooled,os_5yr,ALL,4,1,catboost,747,187,234,success,0.5420058516438395,validation split balanced accuracy,1.9712013829994248,0.006959938000363763,0.7307692307692307,0.7034078000757289,0.7892976588628763,0.8489208633093526,0.5578947368421052,0.6996213555471413,0.6996554826167022,0.6313348094973497,0.20698478165224324,/home/prime/Documents/g3/tab-r1/paper/tables/source_data/full_fold_models/pooled/os_5yr/ALL/repeat_04_fold_01/catboost/test_predictions.csv
pooled,os_5yr,ALL,4,1,xgboost,747,187,234,success,0.6782895922660828,validation split balanced accuracy,0.30373749299906194,0.007377214998996351,0.6923076923076923,0.6743657705414616,0.7482517482517482,0.7697841726618705,0.5789473684210527,0.6985611510791367,0.709659113482946,0.7867255184845444,0.23539858268947644,/home/prime/Documents/g3/tab-r1/paper/tables/source_data/full_fold_models/pooled/os_5yr/ALL/repeat_04_fold_01/xgboost/test_predictions.csv
pooled,os_5yr,ALL,4,1,lightgbm,747,187,234,success,0.5385386591203666,validation split balanced accuracy,0.207120456998382,0.00811363100001472,0.6923076923076923,0.6693676637637258,0.7534246575342466,0.7913669064748201,0.5473684210526316,0.6904581597879591,0.7053349064994968,1.056073576132061,0.25706999011357085,/home/prime/Documents/g3/tab-r1/paper/tables/source_data/full_fold_models/pooled/os_5yr/ALL/repeat_04_fold_01/lightgbm/test_predictions.csv
pooled,os_5yr,ALL,4,2,logistic_regression,748,187,233,success,0.5609032189869047,validation split balanced accuracy,0.01848144600080559,0.005221308001637226,0.5493562231759657,0.5046702404158544,0.6534653465346535,0.6513157894736842,0.35802469135802467,0.5126299545159194,0.6844352670882472,0.7371204969874364,0.2588078169280784,/home/prime/Documents/g3/tab-r1/paper/tables/source_data/full_fold_models/pooled/os_5yr/ALL/repeat_04_fold_02/logistic_regression/test_predictions.csv
pooled,os_5yr,ALL,4,2,random_forest,748,187,233,success,0.45,validation split balanced accuracy,0.37662682800146285,0.07421932299985201,0.7682403433476395,0.7214506172839505,0.83125,0.875,0.5679012345679012,0.7914636127355426,0.8446454290831874,0.5233674690037641,0.17013163977559742,/home/prime/Documents/g3/tab-r1/paper/tables/source_data/full_fold_models/pooled/os_5yr/ALL/repeat_04_fold_02/random_forest/test_predictions.csv
pooled,os_5yr,ALL,4,2,catboost,748,187,233,success,0.6232163151817429,validation split balanced accuracy,2.4650433950009756,0.006837354001618223,0.7811158798283262,0.7601526965562053,0.8316831683168316,0.8289473684210527,0.691358024691358,0.7663661468486029,0.824514775798998,0.5178662873075269,0.16743934965869048,/home/prime/Documents/g3/tab-r1/paper/tables/source_data/full_fold_models/pooled/os_5yr/ALL/repeat_04_fold_02/catboost/test_predictions.csv
pooled,os_5yr,ALL,4,2,xgboost,748,187,233,success,0.5662619471549988,validation split balanced accuracy,0.3720408219996898,0.007484429999749409,0.7682403433476395,0.7329840805717999,0.8269230769230769,0.8486842105263158,0.6172839506172839,0.7489035087719298,0.803160608975531,0.602271259887016,0.184948512306873,/home/prime/Documents/g3/tab-r1/paper/tables/source_data/full_fold_models/pooled/os_5yr/ALL/repeat_04_fold_02/xgboost/test_predictions.csv
pooled,os_5yr,ALL,4,2,lightgbm,748,187,233,success,0.8026113660510792,validation split balanced accuracy,0.21470163100093487,0.008334994003234897,0.6952789699570815,0.6914798570500325,0.7508771929824561,0.7039473684210527,0.6790123456790124,0.7414311241065628,0.8061288852649073,0.7429169120370902,0.20411408124623506,/home/prime/Documents/g3/tab-r1/paper/tables/source_data/full_fold_models/pooled/os_5yr/ALL/repeat_04_fold_02/lightgbm/test_predictions.csv
pooled,os_5yr,ALL,4,3,logistic_regression,747,187,234,success,0.597151798611135,validation split balanced accuracy,0.014336542000819463,0.004391975002363324,0.5512820512820513,0.511392811296534,0.6511627906976745,0.6447368421052632,0.3780487804878049,0.5149630937098845,0.6704662827255933,0.739322385513524,0.258779961969235,/home/prime/Documents/g3/tab-r1/paper/tables/source_data/full_fold_models/pooled/os_5yr/ALL/repeat_04_fold_03/logistic_regression/test_predictions.csv
pooled,os_5yr,ALL,4,3,random_forest,747,187,234,success,0.6558039215686274,validation split balanced accuracy,0.369552300999203,0.07509494600162725,0.6153846153846154,0.6253209242618742,0.6666666666666666,0.5921052631578947,0.6585365853658537,0.6972881899871629,0.7783718903996081,0.5898516545918389,0.19870147501414243,/home/prime/Documents/g3/tab-r1/paper/tables/source_data/full_fold_models/pooled/os_5yr/ALL/repeat_04_fold_03/random_forest/test_predictions.csv
pooled,os_5yr,ALL,4,3,catboost,747,187,234,success,0.6887321108070092,validation split balanced accuracy,1.8946620800015808,0.006892348999826936,0.6495726495726496,0.6572528883183568,0.7007299270072993,0.631578947368421,0.6829268292682927,0.7262917201540436,0.8138376455648777,0.5670005546871877,0.1899478074121749,/home/prime/Documents/g3/tab-r1/paper/tables/source_data/full_fold_models/pooled/os_5yr/ALL/repeat_04_fold_03/catboost/test_predictions.csv
pooled,os_5yr,ALL,4,3,xgboost,747,187,234,success,0.8554575443267822,validation split balanced accuracy,0.28770602499935194,0.00757111499842722,0.5641025641025641,0.5970795892169448,0.592,0.4868421052631579,0.7073170731707317,0.7131338254172015,0.7757035706471662,0.664022673739636,0.2064949613154237,/home/prime/Documents/g3/tab-r1/paper/tables/source_data/full_fold_models/pooled/os_5yr/ALL/repeat_04_fold_03/xgboost/test_predictions.csv
pooled,os_5yr,ALL,4,3,lightgbm,747,187,234,success,0.8595149168168086,validation split balanced accuracy,0.19323797099787043,0.007645075998880202,0.5982905982905983,0.6093549422336328,0.6492537313432836,0.5723684210526315,0.6463414634146342,0.6909098202824134,0.7564274185157438,0.8365863783552456,0.22732423795784715,/home/prime/Documents/g3/tab-r1/paper/tables/source_data/full_fold_models/pooled/os_5yr/ALL/repeat_04_fold_03/lightgbm/test_predictions.csv
pooled,os_5yr,ALL,4,4,logistic_regression,748,187,233,success,0.6524622007114624,validation split balanced accuracy,0.015531282999290852,0.004363039999589091,0.5364806866952789,0.5374636461043931,0.578125,0.5323741007194245,0.5425531914893617,0.5075769171896526,0.5971371123681113,0.8211747527929785,0.27160554951863225,/home/prime/Documents/g3/tab-r1/paper/tables/source_data/full_fold_models/pooled/os_5yr/ALL/repeat_04_fold_04/logistic_regression/test_predictions.csv
pooled,os_5yr,ALL,4,4,random_forest,748,187,233,success,0.5955555555555556,validation split balanced accuracy,0.3773605189999216,0.07512573400163092,0.7081545064377682,0.6882366447267718,0.7638888888888888,0.7913669064748201,0.5851063829787234,0.7394765039032604,0.7903964807243521,0.6346142387510368,0.19616891124819663,/home/prime/Documents/g3/tab-r1/paper/tables/source_data/full_fold_models/pooled/os_5yr/ALL/repeat_04_fold_04/random_forest/test_predictions.csv
pooled,os_5yr,ALL,4,4,catboost,748,187,233,success,0.608945728316849,validation split balanced accuracy,2.0318649760010885,0.007019351000053575,0.7339055793991416,0.7080973519057094,0.7905405405405406,0.841726618705036,0.574468085106383,0.7540945966630951,0.8022594904012439,0.5722406840478735,0.19241047632427263,/home/prime/Documents/g3/tab-r1/paper/tables/source_data/full_fold_models/pooled/os_5yr/ALL/repeat_04_fold_04/catboost/test_predictions.csv
pooled,os_5yr,ALL,4,4,xgboost,748,187,233,success,0.5170615911483765,validation split balanced accuracy,0.3246526859984442,0.006434455000999151,0.7081545064377682,0.6744604316546763,0.7763157894736842,0.8489208633093526,0.5,0.7550895453849686,0.8102046701519559,0.688034279362695,0.21486466842356172,/home/prime/Documents/g3/tab-r1/paper/tables/source_data/full_fold_models/pooled/os_5yr/ALL/repeat_04_fold_04/xgboost/test_predictions.csv
pooled,os_5yr,ALL,4,4,lightgbm,748,187,233,success,0.5664989772699962,validation split balanced accuracy,0.22738807299901964,0.007477195998944808,0.7124463519313304,0.6832236338588704,0.7759197324414716,0.8345323741007195,0.5319148936170213,0.7361855196693708,0.7796893409257886,0.9160441345937604,0.23695560324181805,/home/prime/Documents/g3/tab-r1/paper/tables/source_data/full_fold_models/pooled/os_5yr/ALL/repeat_04_fold_04/lightgbm/test_predictions.csv
per_cancer,extreme_os,BRCA,0,0,logistic_regression,171,43,54,success,0.2967390803404862,validation split balanced accuracy,0.010163514998566825,0.003953998999350006,0.6851851851851852,0.5564102564102564,0.32,0.26666666666666666,0.8461538461538461,0.48376068376068376,0.3396991219573404,0.7090044037987732,0.23085576261424343,/home/prime/Documents/g3/tab-r1/paper/tables/source_data/full_fold_models/per_cancer/extreme_os/BRCA/repeat_00_fold_00/logistic_regression/test_predictions.csv
per_cancer,extreme_os,BRCA,0,0,random_forest,171,43,54,success,0.12,validation split balanced accuracy,0.3435983179988398,0.07649454800048261,0.2962962962962963,0.49230769230769234,0.42424242424242425,0.9333333333333333,0.05128205128205128,0.6222222222222223,0.3991981457006688,0.6310953500426174,0.19847242798353915,/home/prime/Documents/g3/tab-r1/paper/tables/source_data/full_fold_models/per_cancer/extreme_os/BRCA/repeat_00_fold_00/random_forest/test_predictions.csv
per_cancer,extreme_os,BRCA,0,0,catboost,171,43,54,success,0.12256201642444185,validation split balanced accuracy,1.368960709998646,0.005730050001147902,0.35185185185185186,0.46923076923076923,0.38596491228070173,0.7333333333333333,0.20512820512820512,0.5282051282051282,0.3338532485542452,0.6474089287313293,0.2129288312336954,/home/prime/Documents/g3/tab-r1/paper/tables/source_data/full_fold_models/per_cancer/extreme_os/BRCA/repeat_00_fold_00/catboost/test_predictions.csv
per_cancer,extreme_os,BRCA,0,0,xgboost,171,43,54,success,0.6741344332695007,validation split balanced accuracy,0.12437146700176527,0.005467298997245962,0.6851851851851852,0.4948717948717949,0.10526315789473684,0.06666666666666667,0.9230769230769231,0.4427350427350427,0.3107051281063871,0.9191009224681652,0.2710005099612855,/home/prime/Documents/g3/tab-r1/paper/tables/source_data/full_fold_models/per_cancer/extreme_os/BRCA/repeat_00_fold_00/xgboost/test_predictions.csv
per_cancer,extreme_os,BRCA,0,0,lightgbm,171,43,54,success,0.8546528323555275,validation split balanced accuracy,0.036875092999252956,0.005536040000151843,0.7222222222222222,0.5205128205128206,0.11764705882352941,0.06666666666666667,0.9743589743589743,0.4923076923076923,0.2905682054932196,1.1258331488568514,0.2888703075957943,/home/prime/Documents/g3/tab-r1/paper/tables/source_data/full_fold_models/per_cancer/extreme_os/BRCA/repeat_00_fold_00/lightgbm/test_predictions.csv
per_cancer,extreme_os,BRCA,0,1,logistic_regression,171,43,54,success,0.055592736569031465,validation split balanced accuracy,0.010118178000993794,0.003919582999515114,0.3333333333333333,0.47692307692307695,0.4,0.8,0.15384615384615385,0.48717948717948717,0.2808482775632217,0.7818928678132752,0.2391335765729487,/home/prime/Documents/g3/tab-r1/paper/tables/source_data/full_fold_models/per_cancer/extreme_os/BRCA/repeat_00_fold_01/logistic_regression/test_predictions.csv
per_cancer,extreme_os,BRCA,0,1,random_forest,171,43,54,success,0.43333333333333335,validation split balanced accuracy,0.3388129220002156,0.07360052299918607,0.7037037037037037,0.48717948717948717,0.0,0.0,0.9743589743589743,0.6495726495726495,0.41743938872104863,0.6050548760434099,0.19928024691358026,/home/prime/Documents/g3/tab-r1/paper/tables/source_data/full_fold_models/per_cancer/extreme_os/BRCA/repeat_00_fold_01/random_forest/test_predictions.csv
per_cancer,extreme_os,BRCA,0,1,catboost,171,43,54,success,0.47324933610004005,validation split balanced accuracy,1.5750833920028526,0.005725921997509431,0.7222222222222222,0.5,0.0,0.0,1.0,0.6256410256410256,0.45946564400264844,0.6027961610959396,0.20242365273153481,/home/prime/Documents/g3/tab-r1/paper/tables/source_data/full_fold_models/per_cancer/extreme_os/BRCA/repeat_00_fold_01/catboost/test_predictions.csv
per_cancer,extreme_os,BRCA,0,1,xgboost,171,43,54,success,0.8092506527900696,validation split balanced accuracy,0.12204975500208093,0.005486365000251681,0.7222222222222222,0.5,0.0,0.0,1.0,0.6598290598290598,0.5000024518929307,0.6843478970343427,0.2054909792517298,/home/prime/Documents/g3/tab-r1/paper/tables/source_data/full_fold_models/per_cancer/extreme_os/BRCA/repeat_00_fold_01/xgboost/test_predictions.csv
per_cancer,extreme_os,BRCA,0,1,lightgbm,171,43,54,success,0.4424639107935092,validation split balanced accuracy,0.04197856800237787,0.005902720000449335,0.7407407407407407,0.5333333333333333,0.125,0.06666666666666667,1.0,0.641025641025641,0.4857854399705188,0.9471441728540819,0.224656887171551,/home/prime/Documents/g3/tab-r1/paper/tables/source_data/full_fold_models/per_cancer/extreme_os/BRCA/repeat_00_fold_01/lightgbm/test_predictions.csv
per_cancer,extreme_os,BRCA,0,2,logistic_regression,171,43,54,success,0.23165738520808174,validation split balanced accuracy,0.009905801998684183,0.004050081999594113,0.37037037037037035,0.42391304347826086,0.19047619047619047,0.5,0.34782608695652173,0.3940217391304348,0.18312053114979862,0.5260357402444237,0.16481103044089593,/home/prime/Documents/g3/tab-r1/paper/tables/source_data/full_fold_models/per_cancer/extreme_os/BRCA/repeat_00_fold_02/logistic_regression/test_predictions.csv
per_cancer,extreme_os,BRCA,0,2,random_forest,171,43,54,success,0.29333333333333333,validation split balanced accuracy,0.34955780699965544,0.07405555099830963,0.48148148148148145,0.592391304347826,0.3,0.75,0.43478260869565216,0.5679347826086957,0.18821102170450757,0.5021893237124853,0.16163230452674895,/home/prime/Documents/g3/tab-r1/paper/tables/source_data/full_fold_models/per_cancer/extreme_os/BRCA/repeat_00_fold_02/random_forest/test_predictions.csv
per_cancer,extreme_os,BRCA,0,2,catboost,171,43,54,success,0.1825699107834952,validation split balanced accuracy,1.5539753909979481,0.006180640000820858,0.2222222222222222,0.44021739130434784,0.2222222222222222,0.75,0.13043478260869565,0.5407608695652173,0.21770608920065443,0.47956701000857044,0.15013026631744075,/home/prime/Documents/g3/tab-r1/paper/tables/source_data/full_fold_models/per_cancer/extreme_os/BRCA/repeat_00_fold_02/catboost/test_predictions.csv
per_cancer,extreme_os,BRCA,0,2,xgboost,171,43,54,success,0.045106541365385056,validation split balanced accuracy,0.1388115169975208,0.005874456001038197,0.24074074074074073,0.45108695652173914,0.22641509433962265,0.75,0.15217391304347827,0.6032608695652173,0.43007450066273595,0.5501209072647149,0.16814016661083445,/home/prime/Documents/g3/tab-r1/paper/tables/source_data/full_fold_models/per_cancer/extreme_os/BRCA/repeat_00_fold_02/xgboost/test_predictions.csv
per_cancer,extreme_os,BRCA,0,2,lightgbm,171,43,54,success,0.1505003871351776,validation split balanced accuracy,0.04168448600103147,0.0061638580009457655,0.5,0.5516304347826086,0.2702702702702703,0.625,0.4782608695652174,0.5733695652173914,0.3194978135603136,0.6790679586385394,0.20061287686906562,/home/prime/Documents/g3/tab-r1/paper/tables/source_data/full_fold_models/per_cancer/extreme_os/BRCA/repeat_00_fold_02/lightgbm/test_predictions.csv
per_cancer,extreme_os,BRCA,0,3,logistic_regression,172,43,53,success,0.5038767433295634,validation split balanced accuracy,0.009534123000776162,0.00391482399936649,0.6792452830188679,0.48443223443223443,0.10526315789473684,0.07142857142857142,0.8974358974358975,0.3864468864468864,0.25872564014106264,0.8683422422846004,0.24715831768435614,/home/prime/Documents/g3/tab-r1/paper/tables/source_data/full_fold_models/per_cancer/extreme_os/BRCA/repeat_00_fold_03/logistic_regression/test_predictions.csv
per_cancer,extreme_os,BRCA,0,3,random_forest,172,43,53,success,0.19666666666666666,validation split balanced accuracy,0.3399664240023412,0.07557527300014044,0.5094339622641509,0.5521978021978022,0.4090909090909091,0.6428571428571429,0.46153846153846156,0.565018315018315,0.3538845144997367,0.5885655082907425,0.19781928721174002,/home/prime/Documents/g3/tab-r1/paper/tables/source_data/full_fold_models/per_cancer/extreme_os/BRCA/repeat_00_fold_03/random_forest/test_predictions.csv
per_cancer,extreme_os,BRCA,0,3,catboost,172,43,53,success,0.10869256171514942,validation split balanced accuracy,1.4094592520013975,0.005928698999923654,0.5283018867924528,0.6108058608058609,0.46808510638297873,0.7857142857142857,0.4358974358974359,0.575091575091575,0.3527162949739663,0.6151613931582074,0.2057259994193215,/home/prime/Documents/g3/tab-r1/paper/tables/source_data/full_fold_models/per_cancer/extreme_os/BRCA/repeat_00_fold_03/catboost/test_predictions.csv
per_cancer,extreme_os,BRCA,0,3,xgboost,172,43,53,success,0.0650465339422226,validation split balanced accuracy,0.13027419700301834,0.00634957299917005,0.5283018867924528,0.5421245421245421,0.3902439024390244,0.5714285714285714,0.5128205128205128,0.5366300366300367,0.2862510490057469,0.8469253805564975,0.24325516029851788,/home/prime/Documents/g3/tab-r1/paper/tables/source_data/full_fold_models/per_cancer/extreme_os/BRCA/repeat_00_fold_03/xgboost/test_predictions.csv
per_cancer,extreme_os,BRCA,0,3,lightgbm,172,43,53,success,0.04285951265159426,validation split balanced accuracy,0.04715902899988578,0.006451897999795619,0.5283018867924528,0.49633699633699635,0.32432432432432434,0.42857142857142855,0.5641025641025641,0.5695970695970696,0.34137450297844896,0.967887980571045,0.23337911329117234,/home/prime/Documents/g3/tab-r1/paper/tables/source_data/full_fold_models/per_cancer/extreme_os/BRCA/repeat_00_fold_03/lightgbm/test_predictions.csv
per_cancer,extreme_os,BRCA,0,4,logistic_regression,172,43,53,success,0.09627700357962994,validation split balanced accuracy,0.009889622000628151,0.004046535999805201,0.4528301886792453,0.5038699690402477,0.4727272727272727,0.6842105263157895,0.3235294117647059,0.46904024767801855,0.4200267628129198,0.8885838532689015,0.28599017991385967,/home/prime/Documents/g3/tab-r1/paper/tables/source_data/full_fold_models/per_cancer/extreme_os/BRCA/repeat_00_fold_04/logistic_regression/test_predictions.csv
per_cancer,extreme_os,BRCA,0,4,random_forest,172,43,53,success,0.28,validation split balanced accuracy,0.34701259700159426,0.07576983500257484,0.5660377358490566,0.4876160990712074,0.25806451612903225,0.21052631578947367,0.7647058823529411,0.5572755417956657,0.4868746733896225,0.6979792714179314,0.24077316561844855,/home/prime/Documents/g3/tab-r1/paper/tables/source_data/full_fold_models/per_cancer/extreme_os/BRCA/repeat_00_fold_04/random_forest/test_predictions.csv
per_cancer,extreme_os,BRCA,0,4,catboost,172,43,53,success,0.20725230784701618,validation split balanced accuracy,1.5184862520000024,0.006303484999079956,0.4339622641509434,0.3846749226006192,0.21052631578947367,0.21052631578947367,0.5588235294117647,0.49535603715170273,0.451138267713471,0.7550582474410218,0.26021105994981947,/home/prime/Documents/g3/tab-r1/paper/tables/source_data/full_fold_models/per_cancer/extreme_os/BRCA/repeat_00_fold_04/catboost/test_predictions.csv
per_cancer,extreme_os,BRCA,0,4,xgboost,172,43,53,success,0.12367858737707138,validation split balanced accuracy,0.12501832300040405,0.006484931000159122,0.41509433962264153,0.40479876160990713,0.3111111111111111,0.3684210526315789,0.4411764705882353,0.391640866873065,0.3596180434220794,1.2062495954349064,0.32171854493242413,/home/prime/Documents/g3/tab-r1/paper/tables/source_data/full_fold_models/per_cancer/extreme_os/BRCA/repeat_00_fold_04/xgboost/test_predictions.csv
per_cancer,extreme_os,BRCA,0,4,lightgbm,172,43,53,success,0.030990842204764883,validation split balanced accuracy,0.04867412099702051,0.006501985000795685,0.4528301886792453,0.46904024767801855,0.40816326530612246,0.5263157894736842,0.4117647058823529,0.42569659442724456,0.36642190880924325,1.4539869312753766,0.32100273146244274,/home/prime/Documents/g3/tab-r1/paper/tables/source_data/full_fold_models/per_cancer/extreme_os/BRCA/repeat_00_fold_04/lightgbm/test_predictions.csv
per_cancer,extreme_os,BRCA,1,0,logistic_regression,171,43,54,success,0.19955154004292075,validation split balanced accuracy,0.009646718001022236,0.003947285997128347,0.5370370370370371,0.4720394736842105,0.2857142857142857,0.3125,0.631578947368421,0.4786184210526316,0.3162591012928717,0.715700487458469,0.23493137967146027,/home/prime/Documents/g3/tab-r1/paper/tables/source_data/full_fold_models/per_cancer/extreme_os/BRCA/repeat_01_fold_00/logistic_regression/test_predictions.csv
per_cancer,extreme_os,BRCA,1,0,random_forest,171,43,54,success,0.16,validation split balanced accuracy,0.34992828400208964,0.06758119000005536,0.3888888888888889,0.5115131578947368,0.4406779661016949,0.8125,0.21052631578947367,0.5756578947368421,0.3851409555189803,0.6489628158520563,0.21276213991769546,/home/prime/Documents/g3/tab-r1/paper/tables/source_data/full_fold_models/per_cancer/extreme_os/BRCA/repeat_01_fold_00/random_forest/test_predictions.csv
per_cancer,extreme_os,BRCA,1,0,catboost,171,43,54,success,0.2774959063176511,validation split balanced accuracy,1.3183941259994754,0.005689321998943342,0.6666666666666666,0.5460526315789473,0.3076923076923077,0.25,0.8421052631578947,0.5888157894736842,0.40062678268200963,0.636862867910318,0.2149741371592407,/home/prime/Documents/g3/tab-r1/paper/tables/source_data/full_fold_models/per_cancer/extreme_os/BRCA/repeat_01_fold_00/catboost/test_predictions.csv
per_cancer,extreme_os,BRCA,1,0,xgboost,171,43,54,success,0.02437973953783512,validation split balanced accuracy,0.12353526099832379,0.00631147000240162,0.3888888888888889,0.4934210526315789,0.42105263157894735,0.75,0.23684210526315788,0.6052631578947368,0.41465555179321395,0.7915720458521671,0.22495976964254463,/home/prime/Documents/g3/tab-r1/paper/tables/source_data/full_fold_models/per_cancer/extreme_os/BRCA/repeat_01_fold_00/xgboost/test_predictions.csv
per_cancer,extreme_os,BRCA,1,0,lightgbm,171,43,54,success,0.09891754045089517,validation split balanced accuracy,0.041125339001155226,0.006300870001723524,0.6666666666666666,0.6546052631578947,0.5263157894736842,0.625,0.6842105263157895,0.6348684210526316,0.507181522203229,0.8895231496246666,0.2077301301079397,/home/prime/Documents/g3/tab-r1/paper/tables/source_data/full_fold_models/per_cancer/extreme_os/BRCA/repeat_01_fold_00/lightgbm/test_predictions.csv
per_cancer,extreme_os,BRCA,1,1,logistic_regression,171,43,54,success,0.31983186666079844,validation split balanced accuracy,0.009575260999554303,0.003939561000152025,0.6851851851851852,0.5089285714285714,0.19047619047619047,0.14285714285714285,0.875,0.5571428571428572,0.31518417760585765,0.6596278360429964,0.2219470785348613,/home/prime/Documents/g3/tab-r1/paper/tables/source_data/full_fold_models/per_cancer/extreme_os/BRCA/repeat_01_fold_01/logistic_regression/test_predictions.csv
per_cancer,extreme_os,BRCA,1,1,random_forest,171,43,54,success,0.26666666666666666,validation split balanced accuracy,0.3459240080010204,0.07511871099995915,0.5555555555555556,0.5375,0.3684210526315789,0.5,0.575,0.49017857142857146,0.35182476936655394,0.6280210783336789,0.2021405349794238,/home/prime/Documents/g3/tab-r1/paper/tables/source_data/full_fold_models/per_cancer/extreme_os/BRCA/repeat_01_fold_01/random_forest/test_predictions.csv
per_cancer,extreme_os,BRCA,1,1,catboost,171,43,54,success,0.2728828765323451,validation split balanced accuracy,1.6535529600005248,0.00593619299979764,0.6851851851851852,0.5553571428571429,0.32,0.2857142857142857,0.825,0.6339285714285714,0.48096321524754215,0.5651414495615035,0.18339785899887476,/home/prime/Documents/g3/tab-r1/paper/tables/source_data/full_fold_models/per_cancer/extreme_os/BRCA/repeat_01_fold_01/catboost/test_predictions.csv
per_cancer,extreme_os,BRCA,1,1,xgboost,171,43,54,success,0.3712693750858307,validation split balanced accuracy,0.13050259300143807,0.005268629000056535,0.6851851851851852,0.5321428571428571,0.2608695652173913,0.21428571428571427,0.85,0.6017857142857144,0.3934143251731119,0.6808833039449236,0.21021858657451292,/home/prime/Documents/g3/tab-r1/paper/tables/source_data/full_fold_models/per_cancer/extreme_os/BRCA/repeat_01_fold_01/xgboost/test_predictions.csv
per_cancer,extreme_os,BRCA,1,1,lightgbm,171,43,54,success,0.03015158941593565,validation split balanced accuracy,0.04696536900155479,0.005970058999082539,0.48148148148148145,0.5571428571428572,0.4166666666666667,0.7142857142857143,0.4,0.55625,0.37560274329364507,0.9904602010273512,0.2634595300614931,/home/prime/Documents/g3/tab-r1/paper/tables/source_data/full_fold_models/per_cancer/extreme_os/BRCA/repeat_01_fold_01/lightgbm/test_predictions.csv
per_cancer,extreme_os,BRCA,1,2,logistic_regression,172,43,53,success,0.3792644588877522,validation split balanced accuracy,0.009454590999666834,0.003868697000143584,0.7547169811320755,0.5467479674796748,0.23529411764705882,0.16666666666666666,0.926829268292683,0.4979674796747967,0.33139514347856935,0.5667254488574215,0.1855726950662493,/home/prime/Documents/g3/tab-r1/paper/tables/source_data/full_fold_models/per_cancer/extreme_os/BRCA/repeat_01_fold_02/logistic_regression/test_predictions.csv
per_cancer,extreme_os,BRCA,1,2,random_forest,172,43,53,success,0.31,validation split balanced accuracy,0.3473717820015736,0.07291633599743363,0.6037735849056604,0.4491869918699187,0.16,0.16666666666666666,0.7317073170731707,0.448170731707317,0.2929787427206605,0.556545733464822,0.1841350104821803,/home/prime/Documents/g3/tab-r1/paper/tables/source_data/full_fold_models/per_cancer/extreme_os/BRCA/repeat_01_fold_02/random_forest/test_predictions.csv
per_cancer,extreme_os,BRCA,1,2,catboost,172,43,53,success,0.29830430193231133,validation split balanced accuracy,1.3609894809997058,0.005750448999606306,0.6981132075471698,0.4806910569105691,0.1111111111111111,0.08333333333333333,0.8780487804878049,0.5670731707317074,0.33877063941017427,0.5282545465548536,0.1729829667696318,/home/prime/Documents/g3/tab-r1/paper/tables/source_data/full_fold_models/per_cancer/extreme_os/BRCA/repeat_01_fold_02/catboost/test_predictions.csv
per_cancer,extreme_os,BRCA,1,2,xgboost,172,43,53,success,0.4689977467060089,validation split balanced accuracy,0.12180742200143868,0.0063022329995874316,0.7169811320754716,0.49288617886178865,0.11764705882352941,0.08333333333333333,0.9024390243902439,0.5772357723577235,0.35557718878797306,0.6153420806165305,0.1917557786862992,/home/prime/Documents/g3/tab-r1/paper/tables/source_data/full_fold_models/per_cancer/extreme_os/BRCA/repeat_01_fold_02/xgboost/test_predictions.csv
per_cancer,extreme_os,BRCA,1,2,lightgbm,172,43,53,success,0.4682588760578592,validation split balanced accuracy,0.03900018100102898,0.0062972429986984935,0.6981132075471698,0.4806910569105691,0.1111111111111111,0.08333333333333333,0.8780487804878049,0.4857723577235772,0.23783327460653042,0.7772146222073664,0.21951743202057486,/home/prime/Documents/g3/tab-r1/paper/tables/source_data/full_fold_models/per_cancer/extreme_os/BRCA/repeat_01_fold_02/lightgbm/test_predictions.csv
per_cancer,extreme_os,BRCA,1,3,logistic_regression,172,43,53,success,0.19928297265299577,validation split balanced accuracy,0.00971116100117797,0.0038570040014747065,0.32075471698113206,0.2957317073170732,0.14285714285714285,0.25,0.34146341463414637,0.274390243902439,0.17211712733509682,0.6846646360366229,0.21556952948258207,/home/prime/Documents/g3/tab-r1/paper/tables/source_data/full_fold_models/per_cancer/extreme_os/BRCA/repeat_01_fold_03/logistic_regression/test_predictions.csv
per_cancer,extreme_os,BRCA,1,3,random_forest,172,43,53,success,0.23333333333333334,validation split balanced accuracy,0.35085818900188315,0.07476430500173592,0.5094339622641509,0.5650406504065041,0.38095238095238093,0.6666666666666666,0.4634146341463415,0.6107723577235772,0.3882845487280971,0.5188490702793749,0.16977127882599577,/home/prime/Documents/g3/tab-r1/paper/tables/source_data/full_fold_models/per_cancer/extreme_os/BRCA/repeat_01_fold_03/random_forest/test_predictions.csv
per_cancer,extreme_os,BRCA,1,3,catboost,172,43,53,success,0.19625284248380329,validation split balanced accuracy,1.652607756001089,0.005705192001187243,0.6037735849056604,0.6260162601626016,0.43243243243243246,0.6666666666666666,0.5853658536585366,0.6097560975609756,0.42071373542829515,0.516941917322195,0.16774268609018342,/home/prime/Documents/g3/tab-r1/paper/tables/source_data/full_fold_models/per_cancer/extreme_os/BRCA/repeat_01_fold_03/catboost/test_predictions.csv
per_cancer,extreme_os,BRCA,1,3,xgboost,172,43,53,success,0.12041361629962921,validation split balanced accuracy,0.14270457000020542,0.006513034997624345,0.6415094339622641,0.6209349593495935,0.42424242424242425,0.5833333333333334,0.6585365853658537,0.6361788617886178,0.29112461188787825,0.6169785653222523,0.20261034803417338,/home/prime/Documents/g3/tab-r1/paper/tables/source_data/full_fold_models/per_cancer/extreme_os/BRCA/repeat_01_fold_03/xgboost/test_predictions.csv
per_cancer,extreme_os,BRCA,1,3,lightgbm,172,43,53,success,0.12725994255799686,validation split balanced accuracy,0.042286886000511004,0.00652272299703327,0.6981132075471698,0.657520325203252,0.4666666666666667,0.5833333333333334,0.7317073170731707,0.6077235772357724,0.2847527431718608,0.7149216174209668,0.21474921418906096,/home/prime/Documents/g3/tab-r1/paper/tables/source_data/full_fold_models/per_cancer/extreme_os/BRCA/repeat_01_fold_03/lightgbm/test_predictions.csv
per_cancer,extreme_os,BRCA,1,4,logistic_regression,171,43,54,success,0.2166047241509451,validation split balanced accuracy,0.010384988003352191,0.004793822001374792,0.5185185185185185,0.45786963434022254,0.2777777777777778,0.29411764705882354,0.6216216216216216,0.368839427662957,0.2799986450754764,0.9775788827329785,0.28475826910359686,/home/prime/Documents/g3/tab-r1/paper/tables/source_data/full_fold_models/per_cancer/extreme_os/BRCA/repeat_01_fold_04/logistic_regression/test_predictions.csv
per_cancer,extreme_os,BRCA,1,4,random_forest,171,43,54,success,0.21666666666666667,validation split balanced accuracy,0.34828674999880604,0.07685424399824115,0.5,0.5238473767885533,0.425531914893617,0.5882352941176471,0.4594594594594595,0.5429252782193958,0.3975681204838424,0.6520494474905286,0.22439999999999996,/home/prime/Documents/g3/tab-r1/paper/tables/source_data/full_fold_models/per_cancer/extreme_os/BRCA/repeat_01_fold_04/random_forest/test_predictions.csv
per_cancer,extreme_os,BRCA,1,4,catboost,171,43,54,success,0.1489620344002404,validation split balanced accuracy,1.2165580740002042,0.005841141999553656,0.5,0.5397456279809221,0.4489795918367347,0.6470588235294118,0.43243243243243246,0.5786963434022258,0.39062788729425046,0.6680074412455633,0.22917613244907178,/home/prime/Documents/g3/tab-r1/paper/tables/source_data/full_fold_models/per_cancer/extreme_os/BRCA/repeat_01_fold_04/catboost/test_predictions.csv
per_cancer,extreme_os,BRCA,1,4,xgboost,171,43,54,success,0.0258489940315485,validation split balanced accuracy,0.1184439900025609,0.005905714999244083,0.37037037037037035,0.4769475357710652,0.43333333333333335,0.7647058823529411,0.1891891891891892,0.5437201907790143,0.4643037987271519,0.8766122231675877,0.23815705836398962,/home/prime/Documents/g3/tab-r1/paper/tables/source_data/full_fold_models/per_cancer/extreme_os/BRCA/repeat_01_fold_04/xgboost/test_predictions.csv
per_cancer,extreme_os,BRCA,1,4,lightgbm,171,43,54,success,0.008235973893038288,validation split balanced accuracy,0.03971386400007759,0.005827114997373428,0.37037037037037035,0.4769475357710652,0.43333333333333335,0.7647058823529411,0.1891891891891892,0.4960254372019077,0.3319465659088566,1.147014344744228,0.27919347160105235,/home/prime/Documents/g3/tab-r1/paper/tables/source_data/full_fold_models/per_cancer/extreme_os/BRCA/repeat_01_fold_04/lightgbm/test_predictions.csv
per_cancer,extreme_os,BRCA,2,0,logistic_regression,171,43,54,success,0.761958885702668,validation split balanced accuracy,0.010265609998896252,0.004645519999030512,0.7037037037037037,0.5,0.0,0.0,1.0,0.4901315789473685,0.30854850320777316,0.6840691923769554,0.22701334966553882,/home/prime/Documents/g3/tab-r1/paper/tables/source_data/full_fold_models/per_cancer/extreme_os/BRCA/repeat_02_fold_00/logistic_regression/test_predictions.csv
per_cancer,extreme_os,BRCA,2,0,random_forest,171,43,54,success,0.41333333333333333,validation split balanced accuracy,0.3451488490027259,0.07759236399942893,0.6481481481481481,0.4605263157894737,0.0,0.0,0.9210526315789473,0.4671052631578947,0.2847984072919459,0.7078429123791794,0.2258880658436214,/home/prime/Documents/g3/tab-r1/paper/tables/source_data/full_fold_models/per_cancer/extreme_os/BRCA/repeat_02_fold_00/random_forest/test_predictions.csv
per_cancer,extreme_os,BRCA,2,0,catboost,171,43,54,success,0.38073810794153856,validation split balanced accuracy,1.374897214001976,0.005793361000542063,0.7037037037037037,0.5,0.0,0.0,1.0,0.5838815789473685,0.3847350709181193,0.6460971432857804,0.21704505033108032,/home/prime/Documents/g3/tab-r1/paper/tables/source_data/full_fold_models/per_cancer/extreme_os/BRCA/repeat_02_fold_00/catboost/test_predictions.csv
per_cancer,extreme_os,BRCA,2,0,xgboost,171,43,54,success,0.2505522072315216,validation split balanced accuracy,0.12240429099983885,0.005585042999882717,0.6111111111111112,0.524671052631579,0.3225806451612903,0.3125,0.7368421052631579,0.5452302631578947,0.3714161675546251,0.8466769212951413,0.241588029527342,/home/prime/Documents/g3/tab-r1/paper/tables/source_data/full_fold_models/per_cancer/extreme_os/BRCA/repeat_02_fold_00/xgboost/test_predictions.csv
per_cancer,extreme_os,BRCA,2,0,lightgbm,171,43,54,success,0.18644210544170126,validation split balanced accuracy,0.04196263699850533,0.006567528998857597,0.5370370370370371,0.45394736842105265,0.24242424242424243,0.25,0.6578947368421053,0.5197368421052633,0.32349488885703087,1.1706256310332486,0.29445578676238765,/home/prime/Documents/g3/tab-r1/paper/tables/source_data/full_fold_models/per_cancer/extreme_os/BRCA/repeat_02_fold_00/lightgbm/test_predictions.csv
per_cancer,extreme_os,BRCA,2,1,logistic_regression,171,43,54,success,0.2945594271597753,validation split balanced accuracy,0.010101988002134021,0.003885889000230236,0.5925925925925926,0.45723684210526316,0.15384615384615385,0.125,0.7894736842105263,0.41776315789473684,0.2721529915480732,0.8179812249996173,0.2592125712745823,/home/prime/Documents/g3/tab-r1/paper/tables/source_data/full_fold_models/per_cancer/extreme_os/BRCA/repeat_02_fold_01/logistic_regression/test_predictions.csv
per_cancer,extreme_os,BRCA,2,1,random_forest,171,43,54,success,0.21666666666666667,validation split balanced accuracy,0.3451103050028905,0.07571352699960698,0.5,0.5180921052631579,0.4,0.5625,0.47368421052631576,0.5863486842105264,0.45488136578658817,0.8508466273315624,0.20284999629629644,/home/prime/Documents/g3/tab-r1/paper/tables/source_data/full_fold_models/per_cancer/extreme_os/BRCA/repeat_02_fold_01/random_forest/test_predictions.csv
per_cancer,extreme_os,BRCA,2,1,catboost,171,43,54,success,0.13773725213921337,validation split balanced accuracy,1.727761553000164,0.006102130002545891,0.46296296296296297,0.4917763157894737,0.3829787234042553,0.5625,0.42105263157894735,0.53125,0.4498007478391049,0.6614282106510794,0.21406742071172985,/home/prime/Documents/g3/tab-r1/paper/tables/source_data/full_fold_models/per_cancer/extreme_os/BRCA/repeat_02_fold_01/catboost/test_predictions.csv
per_cancer,extreme_os,BRCA,2,1,xgboost,171,43,54,success,0.41630685329437256,validation split balanced accuracy,0.13477875799799222,0.006298426000284962,0.6851851851851852,0.5592105263157895,0.32,0.25,0.868421052631579,0.4950657894736843,0.35461668867405755,0.9461102343527851,0.24945802202730794,/home/prime/Documents/g3/tab-r1/paper/tables/source_data/full_fold_models/per_cancer/extreme_os/BRCA/repeat_02_fold_01/xgboost/test_predictions.csv
per_cancer,extreme_os,BRCA,2,1,lightgbm,171,43,54,success,0.07030711274090848,validation split balanced accuracy,0.04926556099962909,0.00661932799994247,0.6111111111111112,0.5608552631578947,0.4,0.4375,0.6842105263157895,0.5411184210526316,0.3704056175769782,1.1990046154473968,0.2608044208555927,/home/prime/Documents/g3/tab-r1/paper/tables/source_data/full_fold_models/per_cancer/extreme_os/BRCA/repeat_02_fold_01/lightgbm/test_predictions.csv
per_cancer,extreme_os,BRCA,2,2,logistic_regression,171,43,54,success,0.4848102755029923,validation split balanced accuracy,0.010363135999796214,0.004744499001390068,0.7407407407407407,0.5140712945590994,0.125,0.07692307692307693,0.9512195121951219,0.4465290806754222,0.24876367855232354,0.6376480578297711,0.20985081919837453,/home/prime/Documents/g3/tab-r1/paper/tables/source_data/full_fold_models/per_cancer/extreme_os/BRCA/repeat_02_fold_02/logistic_regression/test_predictions.csv
per_cancer,extreme_os,BRCA,2,2,random_forest,171,43,54,success,0.37333333333333335,validation split balanced accuracy,0.352285042998119,0.07798693700169679,0.7777777777777778,0.6172607879924954,0.4,0.3076923076923077,0.926829268292683,0.5909943714821764,0.41517291503512344,0.5526578079478497,0.18107366255144033,/home/prime/Documents/g3/tab-r1/paper/tables/source_data/full_fold_models/per_cancer/extreme_os/BRCA/repeat_02_fold_02/random_forest/test_predictions.csv
per_cancer,extreme_os,BRCA,2,2,catboost,171,43,54,success,0.21803285073433878,validation split balanced accuracy,1.4119103110024298,0.006137147996923886,0.6296296296296297,0.6247654784240151,0.4444444444444444,0.6153846153846154,0.6341463414634146,0.5834896810506566,0.37518178962332327,0.549354415633455,0.17866851284545787,/home/prime/Documents/g3/tab-r1/paper/tables/source_data/full_fold_models/per_cancer/extreme_os/BRCA/repeat_02_fold_02/catboost/test_predictions.csv
per_cancer,extreme_os,BRCA,2,2,xgboost,171,43,54,success,0.32838931679725647,validation split balanced accuracy,0.1400433390008402,0.006319234998954926,0.6851851851851852,0.5300187617260788,0.2608695652173913,0.23076923076923078,0.8292682926829268,0.4971857410881801,0.27958506328943583,0.7708352322858386,0.22923559142801758,/home/prime/Documents/g3/tab-r1/paper/tables/source_data/full_fold_models/per_cancer/extreme_os/BRCA/repeat_02_fold_02/xgboost/test_predictions.csv
per_cancer,extreme_os,BRCA,2,2,lightgbm,171,43,54,success,0.115798084093306,validation split balanced accuracy,0.03712079400065704,0.005685635002009803,0.5740740740740741,0.5093808630393997,0.30303030303030304,0.38461538461538464,0.6341463414634146,0.5196998123827392,0.2802175441466458,0.9126799292575719,0.2468494580555525,/home/prime/Documents/g3/tab-r1/paper/tables/source_data/full_fold_models/per_cancer/extreme_os/BRCA/repeat_02_fold_02/lightgbm/test_predictions.csv
per_cancer,extreme_os,BRCA,2,3,logistic_regression,172,43,53,success,0.2432668490009514,validation split balanced accuracy,0.009723945000587264,0.003833950002444908,0.4339622641509434,0.4976744186046511,0.2857142857142857,0.6,0.3953488372093023,0.4767441860465116,0.18180940476511723,0.6227577774270224,0.213395815652606,/home/prime/Documents/g3/tab-r1/paper/tables/source_data/full_fold_models/per_cancer/extreme_os/BRCA/repeat_02_fold_03/logistic_regression/test_predictions.csv
per_cancer,extreme_os,BRCA,2,3,random_forest,172,43,53,success,0.13666666666666666,validation split balanced accuracy,0.34025692800059915,0.08078905799993663,0.2830188679245283,0.5197674418604651,0.32142857142857145,0.9,0.13953488372093023,0.6593023255813955,0.4998040517214324,0.4724520838881208,0.1478832285115304,/home/prime/Documents/g3/tab-r1/paper/tables/source_data/full_fold_models/per_cancer/extreme_os/BRCA/repeat_02_fold_03/random_forest/test_predictions.csv
per_cancer,extreme_os,BRCA,2,3,catboost,172,43,53,success,0.16795288161784672,validation split balanced accuracy,1.2668510760013305,0.005646419998811325,0.41509433962264153,0.5244186046511627,0.3111111111111111,0.7,0.3488372093023256,0.6186046511627907,0.4079057239057239,0.46172324579270196,0.1448148047464785,/home/prime/Documents/g3/tab-r1/paper/tables/source_data/full_fold_models/per_cancer/extreme_os/BRCA/repeat_02_fold_03/catboost/test_predictions.csv
per_cancer,extreme_os,BRCA,2,3,xgboost,172,43,53,success,0.5751721262931824,validation split balanced accuracy,0.1214500699970813,0.006303095000475878,0.7924528301886793,0.6034883720930232,0.35294117647058826,0.3,0.9069767441860465,0.6372093023255814,0.4386405636405636,0.5596743199027195,0.17407407302874134,/home/prime/Documents/g3/tab-r1/paper/tables/source_data/full_fold_models/per_cancer/extreme_os/BRCA/repeat_02_fold_03/xgboost/test_predictions.csv
per_cancer,extreme_os,BRCA,2,3,lightgbm,172,43,53,success,0.6995961420361027,validation split balanced accuracy,0.04066424799748347,0.006062485001166351,0.8113207547169812,0.6534883720930232,0.4444444444444444,0.4,0.9069767441860465,0.7,0.41637670515360614,0.5863944295709484,0.19408114884264188,/home/prime/Documents/g3/tab-r1/paper/tables/source_data/full_fold_models/per_cancer/extreme_os/BRCA/repeat_02_fold_03/lightgbm/test_predictions.csv
per_cancer,extreme_os,BRCA,2,4,logistic_regression,172,43,53,success,0.13586189999875367,validation split balanced accuracy,0.010060969001642661,0.004563864000374451,0.5094339622641509,0.5244932432432432,0.4090909090909091,0.5625,0.4864864864864865,0.5202702702702702,0.3744172967959096,0.7185211865565999,0.2374353413065775,/home/prime/Documents/g3/tab-r1/paper/tables/source_data/full_fold_models/per_cancer/extreme_os/BRCA/repeat_02_fold_04/logistic_regression/test_predictions.csv
per_cancer,extreme_os,BRCA,2,4,random_forest,172,43,53,success,0.17,validation split balanced accuracy,0.34142904599866597,0.07571467899833806,0.5849056603773585,0.6317567567567568,0.5217391304347826,0.75,0.5135135135135135,0.6106418918918919,0.36564542726845395,0.6366341972325444,0.21978259958071278,/home/prime/Documents/g3/tab-r1/paper/tables/source_data/full_fold_models/per_cancer/extreme_os/BRCA/repeat_02_fold_04/random_forest/test_predictions.csv
per_cancer,extreme_os,BRCA,2,4,catboost,172,43,53,success,0.19107527925865697,validation split balanced accuracy,1.7164702250011032,0.005620751999231288,0.6415094339622641,0.5658783783783784,0.3870967741935484,0.375,0.7567567567567568,0.5929054054054054,0.359825611020482,0.6812781475458788,0.2317200201283378,/home/prime/Documents/g3/tab-r1/paper/tables/source_data/full_fold_models/per_cancer/extreme_os/BRCA/repeat_02_fold_04/catboost/test_predictions.csv
per_cancer,extreme_os,BRCA,2,4,xgboost,172,43,53,success,0.029377976432442665,validation split balanced accuracy,0.1383526499994332,0.006326138998701936,0.5283018867924528,0.5734797297297297,0.46808510638297873,0.6875,0.4594594594594595,0.5591216216216216,0.36697922609617706,1.0221021817464788,0.27676814724441884,/home/prime/Documents/g3/tab-r1/paper/tables/source_data/full_fold_models/per_cancer/extreme_os/BRCA/repeat_02_fold_04/xgboost/test_predictions.csv
per_cancer,extreme_os,BRCA,2,4,lightgbm,172,43,53,success,0.02484299092819508,validation split balanced accuracy,0.042025447997730225,0.005866010000318056,0.4716981132075472,0.44425675675675674,0.3,0.375,0.5135135135135135,0.535472972972973,0.3538957451498916,1.227720600902819,0.2830932757899621,/home/prime/Documents/g3/tab-r1/paper/tables/source_data/full_fold_models/per_cancer/extreme_os/BRCA/repeat_02_fold_04/lightgbm/test_predictions.csv
per_cancer,extreme_os,BRCA,3,0,logistic_regression,171,43,54,success,0.01619149338286333,validation split balanced accuracy,0.009965396999177756,0.0047761999994691,0.24074074074074073,0.4642857142857143,0.3880597014925373,0.9285714285714286,0.0,0.4125,0.23863684798955134,0.8615871049080744,0.24620475741479256,/home/prime/Documents/g3/tab-r1/paper/tables/source_data/full_fold_models/per_cancer/extreme_os/BRCA/repeat_03_fold_00/logistic_regression/test_predictions.csv
per_cancer,extreme_os,BRCA,3,0,random_forest,171,43,54,success,0.3466666666666667,validation split balanced accuracy,0.35901404000105686,0.07487883300200338,0.7037037037037037,0.5678571428571428,0.3333333333333333,0.2857142857142857,0.85,0.5419642857142858,0.33805683532289693,0.6156118720011671,0.20010864197530864,/home/prime/Documents/g3/tab-r1/paper/tables/source_data/full_fold_models/per_cancer/extreme_os/BRCA/repeat_03_fold_00/random_forest/test_predictions.csv
per_cancer,extreme_os,BRCA,3,0,catboost,171,43,54,success,0.32016100810622167,validation split balanced accuracy,1.5223754180005926,0.0057795850007096305,0.7037037037037037,0.5214285714285715,0.2,0.14285714285714285,0.9,0.5446428571428571,0.32128431928148315,0.5986432511888075,0.19811628454236732,/home/prime/Documents/g3/tab-r1/paper/tables/source_data/full_fold_models/per_cancer/extreme_os/BRCA/repeat_03_fold_00/catboost/test_predictions.csv
per_cancer,extreme_os,BRCA,3,0,xgboost,171,43,54,success,0.03968261554837227,validation split balanced accuracy,0.1431887740000093,0.006348320999677526,0.46296296296296297,0.6142857142857143,0.4727272727272727,0.9285714285714286,0.3,0.5830357142857143,0.3453456838082963,0.7366394282216752,0.2220661812161643,/home/prime/Documents/g3/tab-r1/paper/tables/source_data/full_fold_models/per_cancer/extreme_os/BRCA/repeat_03_fold_00/xgboost/test_predictions.csv
per_cancer,extreme_os,BRCA,3,0,lightgbm,171,43,54,success,0.13301829440487664,validation split balanced accuracy,0.04900785900099436,0.006540818998473696,0.6481481481481481,0.6,0.42424242424242425,0.5,0.7,0.6508928571428572,0.3956680787839567,0.8076293132457162,0.21470190342463336,/home/prime/Documents/g3/tab-r1/paper/tables/source_data/full_fold_models/per_cancer/extreme_os/BRCA/repeat_03_fold_00/lightgbm/test_predictions.csv
per_cancer,extreme_os,BRCA,3,1,logistic_regression,171,43,54,success,0.09592495861893363,validation split balanced accuracy,0.010084904999530409,0.004642103001970099,0.35185185185185186,0.5160714285714285,0.4067796610169492,0.8571428571428571,0.175,0.6571428571428571,0.4723024598769996,0.5632535881241866,0.1814470382072028,/home/prime/Documents/g3/tab-r1/paper/tables/source_data/full_fold_models/per_cancer/extreme_os/BRCA/repeat_03_fold_01/logistic_regression/test_predictions.csv
per_cancer,extreme_os,BRCA,3,1,random_forest,171,43,54,success,0.53,validation split balanced accuracy,0.35470793900094577,0.07846915800109855,0.7222222222222222,0.4875,0.0,0.0,0.975,0.45625,0.24242490011176432,0.6723550119690486,0.21686913580246917,/home/prime/Documents/g3/tab-r1/paper/tables/source_data/full_fold_models/per_cancer/extreme_os/BRCA/repeat_03_fold_01/random_forest/test_predictions.csv
per_cancer,extreme_os,BRCA,3,1,catboost,171,43,54,success,0.3730196271425762,validation split balanced accuracy,1.244932287998381,0.00578490500265616,0.6851851851851852,0.4625,0.0,0.0,0.925,0.49642857142857144,0.2614238449172368,0.6410633423721396,0.2116232141170589,/home/prime/Documents/g3/tab-r1/paper/tables/source_data/full_fold_models/per_cancer/extreme_os/BRCA/repeat_03_fold_01/catboost/test_predictions.csv
per_cancer,extreme_os,BRCA,3,1,xgboost,171,43,54,success,0.7044394016265869,validation split balanced accuracy,0.12760319700100808,0.006328131999907782,0.7407407407407407,0.5232142857142857,0.125,0.07142857142857142,0.975,0.4660714285714286,0.2697639841283105,0.8678289746481099,0.24942529119385737,/home/prime/Documents/g3/tab-r1/paper/tables/source_data/full_fold_models/per_cancer/extreme_os/BRCA/repeat_03_fold_01/xgboost/test_predictions.csv
per_cancer,extreme_os,BRCA,3,1,lightgbm,171,43,54,success,0.6747013913127646,validation split balanced accuracy,0.04304691799916327,0.006320036998658907,0.7222222222222222,0.5107142857142857,0.11764705882352941,0.07142857142857142,0.95,0.4857142857142857,0.27479276180899437,1.1968812588960223,0.2713311805843693,/home/prime/Documents/g3/tab-r1/paper/tables/source_data/full_fold_models/per_cancer/extreme_os/BRCA/repeat_03_fold_01/lightgbm/test_predictions.csv
per_cancer,extreme_os,BRCA,3,2,logistic_regression,172,43,53,success,0.21677367799753294,validation split balanced accuracy,0.010281299997586757,0.004735931997856824,0.5094339622641509,0.3952020202020202,0.13333333333333333,0.2222222222222222,0.5681818181818182,0.36616161616161613,0.15056153663078994,0.538674819641086,0.17186847801614288,/home/prime/Documents/g3/tab-r1/paper/tables/source_data/full_fold_models/per_cancer/extreme_os/BRCA/repeat_03_fold_02/logistic_regression/test_predictions.csv
per_cancer,extreme_os,BRCA,3,2,random_forest,172,43,53,success,0.23666666666666666,validation split balanced accuracy,0.35346181000204524,0.07420664900200791,0.4339622641509434,0.4823232323232324,0.25,0.5555555555555556,0.4090909090909091,0.5315656565656566,0.1845026379553234,0.4957220101519081,0.16072243186582807,/home/prime/Documents/g3/tab-r1/paper/tables/source_data/full_fold_models/per_cancer/extreme_os/BRCA/repeat_03_fold_02/random_forest/test_predictions.csv
per_cancer,extreme_os,BRCA,3,2,catboost,172,43,53,success,0.20235701995599856,validation split balanced accuracy,1.6312726510004723,0.005791567000414943,0.5471698113207547,0.5063131313131313,0.25,0.4444444444444444,0.5681818181818182,0.47474747474747475,0.16888310014402497,0.5073685144039976,0.16311803783908452,/home/prime/Documents/g3/tab-r1/paper/tables/source_data/full_fold_models/per_cancer/extreme_os/BRCA/repeat_03_fold_02/catboost/test_predictions.csv
per_cancer,extreme_os,BRCA,3,2,xgboost,172,43,53,success,0.08189508318901062,validation split balanced accuracy,0.13606332000199473,0.006297332998656202,0.37735849056603776,0.35984848484848486,0.15384615384615385,0.3333333333333333,0.38636363636363635,0.3131313131313131,0.13121796244507783,0.7920802518286558,0.2336070770259593,/home/prime/Documents/g3/tab-r1/paper/tables/source_data/full_fold_models/per_cancer/extreme_os/BRCA/repeat_03_fold_02/xgboost/test_predictions.csv
per_cancer,extreme_os,BRCA,3,2,lightgbm,172,43,53,success,0.10366824302794743,validation split balanced accuracy,0.042114536998269614,0.006108753001171863,0.4528301886792453,0.3611111111111111,0.12121212121212122,0.2222222222222222,0.5,0.3611111111111111,0.1431447914124433,0.9383028978848522,0.23973617447091605,/home/prime/Documents/g3/tab-r1/paper/tables/source_data/full_fold_models/per_cancer/extreme_os/BRCA/repeat_03_fold_02/lightgbm/test_predictions.csv
per_cancer,extreme_os,BRCA,3,3,logistic_regression,172,43,53,success,0.20323980489913882,validation split balanced accuracy,0.01001148499926785,0.004766611000377452,0.4716981132075472,0.3891941391941392,0.17647058823529413,0.21428571428571427,0.5641025641025641,0.3223443223443224,0.2097398418603421,1.0292945906898376,0.29231808368636825,/home/prime/Documents/g3/tab-r1/paper/tables/source_data/full_fold_models/per_cancer/extreme_os/BRCA/repeat_03_fold_03/logistic_regression/test_predictions.csv
per_cancer,extreme_os,BRCA,3,3,random_forest,172,43,53,success,0.23333333333333334,validation split balanced accuracy,0.34740603800310055,0.07257861199832405,0.6415094339622641,0.641941391941392,0.4864864864864865,0.6428571428571429,0.6410256410256411,0.7023809523809523,0.42030243088724617,0.5416552931920775,0.18304884696016774,/home/prime/Documents/g3/tab-r1/paper/tables/source_data/full_fold_models/per_cancer/extreme_os/BRCA/repeat_03_fold_03/random_forest/test_predictions.csv
per_cancer,extreme_os,BRCA,3,3,catboost,172,43,53,success,0.20685300295469486,validation split balanced accuracy,1.2799121530006232,0.005740350003179628,0.6226415094339622,0.5604395604395604,0.375,0.42857142857142855,0.6923076923076923,0.5531135531135531,0.3348120556880543,0.6077146267148901,0.20134981529242252,/home/prime/Documents/g3/tab-r1/paper/tables/source_data/full_fold_models/per_cancer/extreme_os/BRCA/repeat_03_fold_03/catboost/test_predictions.csv
per_cancer,extreme_os,BRCA,3,3,xgboost,172,43,53,success,0.10699202865362167,validation split balanced accuracy,0.12003975699917646,0.006335466001473833,0.5849056603773585,0.5805860805860805,0.42105263157894735,0.5714285714285714,0.5897435897435898,0.5805860805860806,0.3447832788773878,0.7240638321456088,0.2210239713321142,/home/prime/Documents/g3/tab-r1/paper/tables/source_data/full_fold_models/per_cancer/extreme_os/BRCA/repeat_03_fold_03/xgboost/test_predictions.csv
per_cancer,extreme_os,BRCA,3,3,lightgbm,172,43,53,success,0.014287812758406062,validation split balanced accuracy,0.047691415002191206,0.006352779000735609,0.4528301886792453,0.5595238095238095,0.43137254901960786,0.7857142857142857,0.3333333333333333,0.5952380952380951,0.3676749142339091,0.9051846850124374,0.2242720906237788,/home/prime/Documents/g3/tab-r1/paper/tables/source_data/full_fold_models/per_cancer/extreme_os/BRCA/repeat_03_fold_03/lightgbm/test_predictions.csv
per_cancer,extreme_os,BRCA,3,4,logistic_regression,171,43,54,success,0.16316099221356292,validation split balanced accuracy,0.010074574998725438,0.004650209000828909,0.4444444444444444,0.45588235294117646,0.4,0.5,0.4117647058823529,0.4823529411764706,0.45400886689090086,0.8254322602164871,0.2733591813232602,/home/prime/Documents/g3/tab-r1/paper/tables/source_data/full_fold_models/per_cancer/extreme_os/BRCA/repeat_03_fold_04/logistic_regression/test_predictions.csv
per_cancer,extreme_os,BRCA,3,4,random_forest,171,43,54,success,0.24666666666666667,validation split balanced accuracy,0.3548787750005431,0.07587143799901241,0.5555555555555556,0.49264705882352944,0.29411764705882354,0.25,0.7352941176470589,0.5911764705882353,0.4803311799449321,0.739139350301835,0.2608273662551441,/home/prime/Documents/g3/tab-r1/paper/tables/source_data/full_fold_models/per_cancer/extreme_os/BRCA/repeat_03_fold_04/random_forest/test_predictions.csv
per_cancer,extreme_os,BRCA,3,4,catboost,171,43,54,success,0.4288635099848274,validation split balanced accuracy,1.4920016370015219,0.0063058189989533275,0.6296296296296297,0.5,0.0,0.0,1.0,0.5573529411764706,0.45975417751592096,0.8051260210829811,0.27834258344227447,/home/prime/Documents/g3/tab-r1/paper/tables/source_data/full_fold_models/per_cancer/extreme_os/BRCA/repeat_03_fold_04/catboost/test_predictions.csv
per_cancer,extreme_os,BRCA,3,4,xgboost,171,43,54,success,0.1917736828327179,validation split balanced accuracy,0.13244957999995677,0.0063856619999569375,0.5925925925925926,0.5117647058823529,0.26666666666666666,0.2,0.8235294117647058,0.513235294117647,0.44074609618580646,1.133614555263787,0.3126349436636211,/home/prime/Documents/g3/tab-r1/paper/tables/source_data/full_fold_models/per_cancer/extreme_os/BRCA/repeat_03_fold_04/xgboost/test_predictions.csv
per_cancer,extreme_os,BRCA,3,4,lightgbm,171,43,54,success,0.2574193941920359,validation split balanced accuracy,0.04905705299825058,0.006355804998747772,0.6111111111111112,0.5058823529411764,0.16,0.1,0.9117647058823529,0.4720588235294118,0.3888685396225915,1.525102914287152,0.33458388108774934,/home/prime/Documents/g3/tab-r1/paper/tables/source_data/full_fold_models/per_cancer/extreme_os/BRCA/repeat_03_fold_04/lightgbm/test_predictions.csv
per_cancer,extreme_os,BRCA,4,0,logistic_regression,171,43,54,success,0.14221374780915494,validation split balanced accuracy,0.009635025999159552,0.0038642879990220536,0.4444444444444444,0.5310015898251192,0.4642857142857143,0.7647058823529411,0.2972972972972973,0.5548489666136724,0.3765327926583441,0.7333946881625695,0.2366633109249657,/home/prime/Documents/g3/tab-r1/paper/tables/source_data/full_fold_models/per_cancer/extreme_os/BRCA/repeat_04_fold_00/logistic_regression/test_predictions.csv
per_cancer,extreme_os,BRCA,4,0,random_forest,171,43,54,success,0.33,validation split balanced accuracy,0.3381270619975112,0.08028516500053229,0.7222222222222222,0.5906200317965024,0.34782608695652173,0.23529411764705882,0.9459459459459459,0.5937996820349761,0.43502952787152227,0.6472579721781133,0.21803539094650207,/home/prime/Documents/g3/tab-r1/paper/tables/source_data/full_fold_models/per_cancer/extreme_os/BRCA/repeat_04_fold_00/random_forest/test_predictions.csv
per_cancer,extreme_os,BRCA,4,0,catboost,171,43,54,success,0.18916710569491374,validation split balanced accuracy,1.4861240350001026,0.006051583997759735,0.5555555555555556,0.5325914149443561,0.4,0.47058823529411764,0.5945945945945946,0.5993640699523053,0.4292179208191774,0.6559121857267086,0.22645124952830478,/home/prime/Documents/g3/tab-r1/paper/tables/source_data/full_fold_models/per_cancer/extreme_os/BRCA/repeat_04_fold_00/catboost/test_predictions.csv
per_cancer,extreme_os,BRCA,4,0,xgboost,171,43,54,success,0.2665153741836548,validation split balanced accuracy,0.12822977399991942,0.006297083000390558,0.6666666666666666,0.5659777424483307,0.35714285714285715,0.29411764705882354,0.8378378378378378,0.5969793322734499,0.42562199142759405,0.8110031362351849,0.25050182453998676,/home/prime/Documents/g3/tab-r1/paper/tables/source_data/full_fold_models/per_cancer/extreme_os/BRCA/repeat_04_fold_00/xgboost/test_predictions.csv
per_cancer,extreme_os,BRCA,4,0,lightgbm,171,43,54,success,0.07445638608871966,validation split balanced accuracy,0.049058073997002793,0.006395129999873461,0.6296296296296297,0.5866454689984102,0.4444444444444444,0.47058823529411764,0.7027027027027027,0.5540540540540541,0.44341471316897785,1.0858890693041832,0.25726406957477005,/home/prime/Documents/g3/tab-r1/paper/tables/source_data/full_fold_models/per_cancer/extreme_os/BRCA/repeat_04_fold_00/lightgbm/test_predictions.csv
per_cancer,extreme_os,BRCA,4,1,logistic_regression,171,43,54,success,0.10696033227383173,validation split balanced accuracy,0.00980233500013128,0.003871470999001758,0.4074074074074074,0.5535714285714286,0.42857142857142855,0.8571428571428571,0.25,0.5517857142857143,0.30116376478643037,0.6105845328409927,0.20423975678042364,/home/prime/Documents/g3/tab-r1/paper/tables/source_data/full_fold_models/per_cancer/extreme_os/BRCA/repeat_04_fold_01/logistic_regression/test_predictions.csv
per_cancer,extreme_os,BRCA,4,1,random_forest,171,43,54,success,0.21333333333333335,validation split balanced accuracy,0.3390069120032422,0.07666175700069289,0.5185185185185185,0.5357142857142857,0.38095238095238093,0.5714285714285714,0.5,0.5785714285714285,0.39387720511621804,0.6380915286010932,0.19435761316872432,/home/prime/Documents/g3/tab-r1/paper/tables/source_data/full_fold_models/per_cancer/extreme_os/BRCA/repeat_04_fold_01/random_forest/test_predictions.csv
per_cancer,extreme_os,BRCA,4,1,catboost,171,43,54,success,0.2745723264623673,validation split balanced accuracy,1.454349749001267,0.005741050998040009,0.7777777777777778,0.6642857142857143,0.5,0.42857142857142855,0.9,0.6857142857142857,0.5231131511349412,0.5559288749583983,0.18241015542046782,/home/prime/Documents/g3/tab-r1/paper/tables/source_data/full_fold_models/per_cancer/extreme_os/BRCA/repeat_04_fold_01/catboost/test_predictions.csv
per_cancer,extreme_os,BRCA,4,1,xgboost,171,43,54,success,0.13284417986869812,validation split balanced accuracy,0.12868300899936003,0.00635410099857836,0.6296296296296297,0.5875,0.4117647058823529,0.5,0.675,0.6178571428571429,0.4195950859136396,0.7102880141662875,0.19829593725074962,/home/prime/Documents/g3/tab-r1/paper/tables/source_data/full_fold_models/per_cancer/extreme_os/BRCA/repeat_04_fold_01/xgboost/test_predictions.csv
per_cancer,extreme_os,BRCA,4,1,lightgbm,171,43,54,success,0.22651560936233117,validation split balanced accuracy,0.05014945800212445,0.006406281001545722,0.7407407407407407,0.6160714285714286,0.4166666666666667,0.35714285714285715,0.875,0.5875,0.4690466240847111,0.9886455620865795,0.20720298434743908,/home/prime/Documents/g3/tab-r1/paper/tables/source_data/full_fold_models/per_cancer/extreme_os/BRCA/repeat_04_fold_01/lightgbm/test_predictions.csv
per_cancer,extreme_os,BRCA,4,2,logistic_regression,172,43,53,success,0.18159862363702675,validation split balanced accuracy,0.010487612998986151,0.0040113180002663285,0.3584905660377358,0.4127906976744186,0.22727272727272727,0.5,0.32558139534883723,0.3744186046511628,0.1590600220840418,0.5898528424082099,0.183902746836675,/home/prime/Documents/g3/tab-r1/paper/tables/source_data/full_fold_models/per_cancer/extreme_os/BRCA/repeat_04_fold_02/logistic_regression/test_predictions.csv
per_cancer,extreme_os,BRCA,4,2,random_forest,172,43,53,success,0.3466666666666667,validation split balanced accuracy,0.33786748600323335,0.07564644900048734,0.7735849056603774,0.6686046511627908,0.45454545454545453,0.5,0.8372093023255814,0.6255813953488372,0.3501901898904731,0.4894067186223007,0.15555199161425579,/home/prime/Documents/g3/tab-r1/paper/tables/source_data/full_fold_models/per_cancer/extreme_os/BRCA/repeat_04_fold_02/random_forest/test_predictions.csv
per_cancer,extreme_os,BRCA,4,2,catboost,172,43,53,success,0.22583856145890213,validation split balanced accuracy,1.5518996369974047,0.00618275399756385,0.5660377358490566,0.5406976744186047,0.30303030303030304,0.5,0.5813953488372093,0.6348837209302325,0.38354907403412386,0.4720458441682028,0.14839635139728632,/home/prime/Documents/g3/tab-r1/paper/tables/source_data/full_fold_models/per_cancer/extreme_os/BRCA/repeat_04_fold_02/catboost/test_predictions.csv
per_cancer,extreme_os,BRCA,4,2,xgboost,172,43,53,success,0.180517315864563,validation split balanced accuracy,0.13871392000146443,0.0063459260018134955,0.5471698113207547,0.4906976744186047,0.25,0.4,0.5813953488372093,0.5697674418604651,0.4163357687100323,0.5190848080263033,0.15803463048644337,/home/prime/Documents/g3/tab-r1/paper/tables/source_data/full_fold_models/per_cancer/extreme_os/BRCA/repeat_04_fold_02/xgboost/test_predictions.csv
per_cancer,extreme_os,BRCA,4,2,lightgbm,172,43,53,success,0.20520229224525233,validation split balanced accuracy,0.04915423800048302,0.006510259998321999,0.6037735849056604,0.563953488372093,0.3225806451612903,0.5,0.627906976744186,0.5441860465116279,0.2787055118943664,0.6298365365219759,0.18595127100687683,/home/prime/Documents/g3/tab-r1/paper/tables/source_data/full_fold_models/per_cancer/extreme_os/BRCA/repeat_04_fold_02/lightgbm/test_predictions.csv
per_cancer,extreme_os,BRCA,4,3,logistic_regression,172,43,53,success,0.009140489420069509,validation split balanced accuracy,0.009856328000751091,0.003963447001297027,0.22641509433962265,0.5,0.36923076923076925,1.0,0.0,0.483739837398374,0.2478783469165468,0.6205114793203033,0.2019390280891957,/home/prime/Documents/g3/tab-r1/paper/tables/source_data/full_fold_models/per_cancer/extreme_os/BRCA/repeat_04_fold_03/logistic_regression/test_predictions.csv
per_cancer,extreme_os,BRCA,4,3,random_forest,172,43,53,success,0.22666666666666666,validation split balanced accuracy,0.35030414200082305,0.07627251300073112,0.4716981132075472,0.5111788617886179,0.3333333333333333,0.5833333333333334,0.43902439024390244,0.4928861788617886,0.24699996724589107,0.5804101277208398,0.1920433962264151,/home/prime/Documents/g3/tab-r1/paper/tables/source_data/full_fold_models/per_cancer/extreme_os/BRCA/repeat_04_fold_03/random_forest/test_predictions.csv
per_cancer,extreme_os,BRCA,4,3,catboost,172,43,53,success,0.18387554727411776,validation split balanced accuracy,1.3199509480000415,0.005641311003273586,0.5283018867924528,0.5477642276422765,0.358974358974359,0.5833333333333334,0.5121951219512195,0.5365853658536586,0.2606362115553292,0.5600447991385368,0.18504813484545263,/home/prime/Documents/g3/tab-r1/paper/tables/source_data/full_fold_models/per_cancer/extreme_os/BRCA/repeat_04_fold_03/catboost/test_predictions.csv
per_cancer,extreme_os,BRCA,4,3,xgboost,172,43,53,success,0.14611917734146118,validation split balanced accuracy,0.13022721699962858,0.006314074998954311,0.6226415094339622,0.5792682926829269,0.375,0.5,0.6585365853658537,0.46138211382113825,0.2219432550472414,0.8073644258315412,0.24748361555726758,/home/prime/Documents/g3/tab-r1/paper/tables/source_data/full_fold_models/per_cancer/extreme_os/BRCA/repeat_04_fold_03/xgboost/test_predictions.csv
per_cancer,extreme_os,BRCA,4,3,lightgbm,172,43,53,success,0.06332629552917458,validation split balanced accuracy,0.04208963999917614,0.006322810997517081,0.5660377358490566,0.5426829268292683,0.34285714285714286,0.5,0.5853658536585366,0.5447154471544715,0.26086318037464884,0.9114911611246101,0.24423395050243385,/home/prime/Documents/g3/tab-r1/paper/tables/source_data/full_fold_models/per_cancer/extreme_os/BRCA/repeat_04_fold_03/lightgbm/test_predictions.csv
per_cancer,extreme_os,BRCA,4,4,logistic_regression,171,43,54,success,0.16081136993473105,validation split balanced accuracy,0.010157642998819938,0.004705353003373602,0.46296296296296297,0.4027777777777778,0.21621621621621623,0.2222222222222222,0.5833333333333334,0.41666666666666663,0.33972206552255046,1.049463729638479,0.32790110549285595,/home/prime/Documents/g3/tab-r1/paper/tables/source_data/full_fold_models/per_cancer/extreme_os/BRCA/repeat_04_fold_04/logistic_regression/test_predictions.csv
per_cancer,extreme_os,BRCA,4,4,random_forest,171,43,54,success,0.36333333333333334,validation split balanced accuracy,0.34639741200226126,0.07484817399745225,0.5555555555555556,0.4305555555555556,0.07692307692307693,0.05555555555555555,0.8055555555555556,0.5555555555555555,0.36180640018754107,0.6795084229562375,0.2378923868312757,/home/prime/Documents/g3/tab-r1/paper/tables/source_data/full_fold_models/per_cancer/extreme_os/BRCA/repeat_04_fold_04/random_forest/test_predictions.csv
per_cancer,extreme_os,BRCA,4,4,catboost,171,43,54,success,0.29752330309057845,validation split balanced accuracy,1.355105676997482,0.005702418002329068,0.5370370370370371,0.4166666666666667,0.07407407407407407,0.05555555555555555,0.7777777777777778,0.4228395061728395,0.30901079680108734,0.7930356165361397,0.2694663742054728,/home/prime/Documents/g3/tab-r1/paper/tables/source_data/full_fold_models/per_cancer/extreme_os/BRCA/repeat_04_fold_04/catboost/test_predictions.csv
per_cancer,extreme_os,BRCA,4,4,xgboost,171,43,54,success,0.06387156993150711,validation split balanced accuracy,0.12881293700047536,0.006277475000388222,0.48148148148148145,0.4722222222222222,0.36363636363636365,0.4444444444444444,0.5,0.5108024691358024,0.3766742139007839,1.0263279123610638,0.28078726536252036,/home/prime/Documents/g3/tab-r1/paper/tables/source_data/full_fold_models/per_cancer/extreme_os/BRCA/repeat_04_fold_04/xgboost/test_predictions.csv
per_cancer,extreme_os,BRCA,4,4,lightgbm,171,43,54,success,0.279925007641949,validation split balanced accuracy,0.047178777000226546,0.00635569500082056,0.6481481481481481,0.5277777777777778,0.24,0.16666666666666666,0.8888888888888888,0.48611111111111105,0.36465910852079114,1.451009557475851,0.29954713105669445,/home/prime/Documents/g3/tab-r1/paper/tables/source_data/full_fold_models/per_cancer/extreme_os/BRCA/repeat_04_fold_04/lightgbm/test_predictions.csv
per_cancer,extreme_os,HNSCC,0,0,logistic_regression,156,39,49,success,0.8828340148854001,validation split balanced accuracy,0.010062992998427944,0.003967824999563163,0.5918367346938775,0.5045731707317074,0.7222222222222222,0.6341463414634146,0.375,0.6310975609756098,0.9001743333592178,0.4385387047051802,0.1314864830313418,/home/prime/Documents/g3/tab-r1/paper/tables/source_data/full_fold_models/per_cancer/extreme_os/HNSCC/repeat_00_fold_00/logistic_regression/test_predictions.csv
per_cancer,extreme_os,HNSCC,0,0,random_forest,156,39,49,success,0.9133333333333333,validation split balanced accuracy,0.34731200899841497,0.06934273399747326,0.3877551020408163,0.4832317073170732,0.4827586206896552,0.34146341463414637,0.625,0.5807926829268293,0.8877352329354118,0.46137343844548506,0.1387900226757382,/home/prime/Documents/g3/tab-r1/paper/tables/source_data/full_fold_models/per_cancer/extreme_os/HNSCC/repeat_00_fold_00/random_forest/test_predictions.csv
per_cancer,extreme_os,HNSCC,0,0,catboost,156,39,49,success,0.9558354631412537,validation split balanced accuracy,1.7421887179989426,0.006071341998904245,0.3469387755102041,0.5594512195121951,0.38461538461538464,0.24390243902439024,0.875,0.6707317073170732,0.90937253008426,0.49306400799626027,0.14471167313562244,/home/prime/Documents/g3/tab-r1/paper/tables/source_data/full_fold_models/per_cancer/extreme_os/HNSCC/repeat_00_fold_00/catboost/test_predictions.csv
per_cancer,extreme_os,HNSCC,0,0,xgboost,156,39,49,success,0.9690894484519958,validation split balanced accuracy,0.11758704399835551,0.006184818998008268,0.673469387755102,0.6539634146341464,0.7777777777777778,0.6829268292682927,0.625,0.7652439024390244,0.9481711480727822,0.4885797065357851,0.13176882433275,/home/prime/Documents/g3/tab-r1/paper/tables/source_data/full_fold_models/per_cancer/extreme_os/HNSCC/repeat_00_fold_00/xgboost/test_predictions.csv
per_cancer,extreme_os,HNSCC,0,0,lightgbm,156,39,49,success,0.9999859881846876,validation split balanced accuracy,0.055735974998242455,0.006405138999980409,0.3469387755102041,0.6097560975609756,0.36,0.21951219512195122,1.0,0.6737804878048781,0.9171795039122698,0.8843396481732084,0.14525832002446476,/home/prime/Documents/g3/tab-r1/paper/tables/source_data/full_fold_models/per_cancer/extreme_os/HNSCC/repeat_00_fold_00/lightgbm/test_predictions.csv
per_cancer,extreme_os,HNSCC,0,1,logistic_regression,156,39,49,success,0.9082976618155686,validation split balanced accuracy,0.010170448000280885,0.003935142998670926,0.6938775510204082,0.7538759689922481,0.7945205479452054,0.6744186046511628,0.8333333333333334,0.7635658914728682,0.9303089987801554,0.3177584443755769,0.08673352300320082,/home/prime/Documents/g3/tab-r1/paper/tables/source_data/full_fold_models/per_cancer/extreme_os/HNSCC/repeat_00_fold_01/logistic_regression/test_predictions.csv
per_cancer,extreme_os,HNSCC,0,1,random_forest,156,39,49,success,0.9833333333333333,validation split balanced accuracy,0.34130051100146375,0.07403221700224094,0.22448979591836735,0.5581395348837209,0.20833333333333334,0.11627906976744186,1.0,0.7810077519379846,0.960093069066397,0.3241045843704301,0.09810136054421871,/home/prime/Documents/g3/tab-r1/paper/tables/source_data/full_fold_models/per_cancer/extreme_os/HNSCC/repeat_00_fold_01/random_forest/test_predictions.csv
per_cancer,extreme_os,HNSCC,0,1,catboost,156,39,49,success,0.9715688728096312,validation split balanced accuracy,1.6570231249970675,0.005781068000942469,0.30612244897959184,0.6046511627906976,0.34615384615384615,0.20930232558139536,1.0,0.6589147286821706,0.9316825560793272,0.3663289644765532,0.10379469052457782,/home/prime/Documents/g3/tab-r1/paper/tables/source_data/full_fold_models/per_cancer/extreme_os/HNSCC/repeat_00_fold_01/catboost/test_predictions.csv
per_cancer,extreme_os,HNSCC,0,1,xgboost,156,39,49,success,0.9953466057777405,validation split balanced accuracy,0.101552759999322,0.006135053001344204,0.3673469387755102,0.5678294573643411,0.45614035087719296,0.3023255813953488,0.8333333333333334,0.6317829457364341,0.9253970107948404,0.49837833547977445,0.12149205264748845,/home/prime/Documents/g3/tab-r1/paper/tables/source_data/full_fold_models/per_cancer/extreme_os/HNSCC/repeat_00_fold_01/xgboost/test_predictions.csv
per_cancer,extreme_os,HNSCC,0,1,lightgbm,156,39,49,success,0.9999125097688928,validation split balanced accuracy,0.05835988399849157,0.006015626000589691,0.42857142857142855,0.5310077519379844,0.5483870967741935,0.3953488372093023,0.6666666666666666,0.6472868217054264,0.9304671121254717,0.7709462828020927,0.12229675499201895,/home/prime/Documents/g3/tab-r1/paper/tables/source_data/full_fold_models/per_cancer/extreme_os/HNSCC/repeat_00_fold_01/lightgbm/test_predictions.csv
per_cancer,extreme_os,HNSCC,0,2,logistic_regression,156,39,49,success,0.9211214863386725,validation split balanced accuracy,0.009630977998313028,0.00387017899993225,0.4897959183673469,0.5442073170731707,0.6031746031746031,0.4634146341463415,0.625,0.49085365853658536,0.8050059176641309,0.5291382822091962,0.1452869274052911,/home/prime/Documents/g3/tab-r1/paper/tables/source_data/full_fold_models/per_cancer/extreme_os/HNSCC/repeat_00_fold_02/logistic_regression/test_predictions.csv
per_cancer,extreme_os,HNSCC,0,2,random_forest,156,39,49,success,0.9833333333333333,validation split balanced accuracy,0.3478336840016709,0.07774325199716259,0.2653061224489796,0.5609756097560976,0.21739130434782608,0.12195121951219512,1.0,0.5228658536585366,0.8715957558787614,0.4734230211010845,0.14645691609977426,/home/prime/Documents/g3/tab-r1/paper/tables/source_data/full_fold_models/per_cancer/extreme_os/HNSCC/repeat_00_fold_02/random_forest/test_predictions.csv
per_cancer,extreme_os,HNSCC,0,2,catboost,156,39,49,success,0.9787835673893901,validation split balanced accuracy,1.8583126890007406,0.005722145000618184,0.2653061224489796,0.5609756097560976,0.21739130434782608,0.12195121951219512,1.0,0.5792682926829269,0.8901875551673797,0.4950310607473675,0.14652761297251501,/home/prime/Documents/g3/tab-r1/paper/tables/source_data/full_fold_models/per_cancer/extreme_os/HNSCC/repeat_00_fold_02/catboost/test_predictions.csv
per_cancer,extreme_os,HNSCC,0,2,xgboost,156,39,49,success,0.992984414100647,validation split balanced accuracy,0.11445499399997061,0.006117429002188146,0.32653061224489793,0.44664634146341464,0.4,0.2682926829268293,0.625,0.5609756097560976,0.8740471959270005,0.6141745533254874,0.13035519287664607,/home/prime/Documents/g3/tab-r1/paper/tables/source_data/full_fold_models/per_cancer/extreme_os/HNSCC/repeat_00_fold_02/xgboost/test_predictions.csv
per_cancer,extreme_os,HNSCC,0,2,lightgbm,156,39,49,success,0.9999882923902079,validation split balanced accuracy,0.0573348870020709,0.006554544001119211,0.30612244897959184,0.5853658536585366,0.2916666666666667,0.17073170731707318,1.0,0.6646341463414633,0.9009934541177645,0.871560575005219,0.13990992504205055,/home/prime/Documents/g3/tab-r1/paper/tables/source_data/full_fold_models/per_cancer/extreme_os/HNSCC/repeat_00_fold_02/lightgbm/test_predictions.csv
per_cancer,extreme_os,HNSCC,0,3,logistic_regression,157,39,48,success,0.9237619997250204,validation split balanced accuracy,0.009759833999851253,0.003963698000006843,0.3125,0.5975609756097561,0.32653061224489793,0.1951219512195122,1.0,0.7282229965156795,0.9407510274899323,0.36859424689005693,0.11152873678131352,/home/prime/Documents/g3/tab-r1/paper/tables/source_data/full_fold_models/per_cancer/extreme_os/HNSCC/repeat_00_fold_03/logistic_regression/test_predictions.csv
per_cancer,extreme_os,HNSCC,0,3,random_forest,157,39,48,success,0.9,validation split balanced accuracy,0.34781854600078077,0.07840857200062601,0.4583333333333333,0.5644599303135889,0.5666666666666667,0.4146341463414634,0.7142857142857143,0.656794425087108,0.9301813768181961,0.3985900871538495,0.12558472222222347,/home/prime/Documents/g3/tab-r1/paper/tables/source_data/full_fold_models/per_cancer/extreme_os/HNSCC/repeat_00_fold_03/random_forest/test_predictions.csv
per_cancer,extreme_os,HNSCC,0,3,catboost,157,39,48,success,0.9709190159142412,validation split balanced accuracy,1.8728522089986654,0.0056161620013881475,0.3333333333333333,0.6097560975609756,0.36,0.21951219512195122,1.0,0.7247386759581882,0.9434209015789227,0.3909481496118387,0.1189334886071625,/home/prime/Documents/g3/tab-r1/paper/tables/source_data/full_fold_models/per_cancer/extreme_os/HNSCC/repeat_00_fold_03/catboost/test_predictions.csv
per_cancer,extreme_os,HNSCC,0,3,xgboost,157,39,48,success,0.9991866946220398,validation split balanced accuracy,0.11181450299773132,0.006294848000834463,0.2708333333333333,0.573170731707317,0.2553191489361702,0.14634146341463414,1.0,0.7282229965156795,0.9382200717384922,0.5689854673021714,0.16285767020711198,/home/prime/Documents/g3/tab-r1/paper/tables/source_data/full_fold_models/per_cancer/extreme_os/HNSCC/repeat_00_fold_03/xgboost/test_predictions.csv
per_cancer,extreme_os,HNSCC,0,3,lightgbm,157,39,48,success,0.9999895772249754,validation split balanced accuracy,0.05764936799823772,0.006532522998895729,0.3125,0.5975609756097561,0.32653061224489793,0.1951219512195122,1.0,0.7421602787456446,0.9436106126977221,0.8163366196401981,0.16204962219704275,/home/prime/Documents/g3/tab-r1/paper/tables/source_data/full_fold_models/per_cancer/extreme_os/HNSCC/repeat_00_fold_03/lightgbm/test_predictions.csv
per_cancer,extreme_os,HNSCC,0,4,logistic_regression,156,39,49,success,0.8854013699957869,validation split balanced accuracy,0.009475140999711584,0.0038256539992289618,0.6122448979591837,0.5181818181818182,0.7466666666666667,0.6363636363636364,0.4,0.5727272727272728,0.928808669253089,0.3441174440496594,0.09579498643084708,/home/prime/Documents/g3/tab-r1/paper/tables/source_data/full_fold_models/per_cancer/extreme_os/HNSCC/repeat_00_fold_04/logistic_regression/test_predictions.csv
per_cancer,extreme_os,HNSCC,0,4,random_forest,156,39,49,success,0.91,validation split balanced accuracy,0.34228117300153826,0.07606690099783009,0.4489795918367347,0.6045454545454546,0.5714285714285714,0.4090909090909091,0.8,0.634090909090909,0.9421318466823981,0.3250784725668128,0.09454240362811894,/home/prime/Documents/g3/tab-r1/paper/tables/source_data/full_fold_models/per_cancer/extreme_os/HNSCC/repeat_00_fold_04/random_forest/test_predictions.csv
per_cancer,extreme_os,HNSCC,0,4,catboost,156,39,49,success,0.9775122036582934,validation split balanced accuracy,1.8029731909991824,0.005749227002525004,0.30612244897959184,0.6136363636363636,0.37037037037037035,0.22727272727272727,1.0,0.6909090909090909,0.9505451486116371,0.31407700449467835,0.08843029442080516,/home/prime/Documents/g3/tab-r1/paper/tables/source_data/full_fold_models/per_cancer/extreme_os/HNSCC/repeat_00_fold_04/catboost/test_predictions.csv
per_cancer,extreme_os,HNSCC,0,4,xgboost,156,39,49,success,0.9937730431556702,validation split balanced accuracy,0.10659740200208034,0.006159901000501122,0.42857142857142855,0.5931818181818183,0.5483870967741935,0.38636363636363635,0.8,0.6772727272727272,0.9229351317015089,0.39285988832531593,0.09463749224021678,/home/prime/Documents/g3/tab-r1/paper/tables/source_data/full_fold_models/per_cancer/extreme_os/HNSCC/repeat_00_fold_04/xgboost/test_predictions.csv
per_cancer,extreme_os,HNSCC,0,4,lightgbm,156,39,49,success,0.9999699697464989,validation split balanced accuracy,0.05985016900012852,0.006441989000450121,0.30612244897959184,0.525,0.39285714285714285,0.25,0.8,0.7045454545454546,0.9427812949075032,0.5707975885128234,0.09805101364823261,/home/prime/Documents/g3/tab-r1/paper/tables/source_data/full_fold_models/per_cancer/extreme_os/HNSCC/repeat_00_fold_04/lightgbm/test_predictions.csv
per_cancer,extreme_os,HNSCC,1,0,logistic_regression,156,39,49,success,0.9516790920429936,validation split balanced accuracy,0.009559871999954339,0.004130986999371089,0.3469387755102041,0.5138888888888888,0.38461538461538464,0.25,0.7777777777777778,0.5055555555555555,0.8206718684792597,0.553659681304621,0.15067895039153975,/home/prime/Documents/g3/tab-r1/paper/tables/source_data/full_fold_models/per_cancer/extreme_os/HNSCC/repeat_01_fold_00/logistic_regression/test_predictions.csv
per_cancer,extreme_os,HNSCC,1,0,random_forest,156,39,49,success,0.74,validation split balanced accuracy,0.34726348600088386,0.07516162200045073,0.7755102040816326,0.5611111111111111,0.8674698795180723,0.9,0.2222222222222222,0.7152777777777778,0.9174857369274305,0.44825980628362694,0.14283197278911688,/home/prime/Documents/g3/tab-r1/paper/tables/source_data/full_fold_models/per_cancer/extreme_os/HNSCC/repeat_01_fold_00/random_forest/test_predictions.csv
per_cancer,extreme_os,HNSCC,1,0,catboost,156,39,49,success,0.9334166741981124,validation split balanced accuracy,1.9688497530005407,0.005598329000349622,0.6122448979591837,0.6333333333333333,0.7164179104477612,0.6,0.6666666666666666,0.6694444444444445,0.9046111205586067,0.5113545584744723,0.1548954008437663,/home/prime/Documents/g3/tab-r1/paper/tables/source_data/full_fold_models/per_cancer/extreme_os/HNSCC/repeat_01_fold_00/catboost/test_predictions.csv
per_cancer,extreme_os,HNSCC,1,0,xgboost,156,39,49,success,0.9677020907402039,validation split balanced accuracy,0.11350330700224731,0.006136356001661625,0.5918367346938775,0.5347222222222222,0.7142857142857143,0.625,0.4444444444444444,0.7027777777777778,0.9284171601359776,0.6366475171255717,0.17411488474664893,/home/prime/Documents/g3/tab-r1/paper/tables/source_data/full_fold_models/per_cancer/extreme_os/HNSCC/repeat_01_fold_00/xgboost/test_predictions.csv
per_cancer,extreme_os,HNSCC,1,0,lightgbm,156,39,49,success,0.9616826337207038,validation split balanced accuracy,0.0546478370015393,0.006508225997094996,0.7551020408163265,0.5486111111111112,0.8536585365853658,0.875,0.2222222222222222,0.5861111111111111,0.8894692675905934,1.172368746677153,0.19940495392182184,/home/prime/Documents/g3/tab-r1/paper/tables/source_data/full_fold_models/per_cancer/extreme_os/HNSCC/repeat_01_fold_00/lightgbm/test_predictions.csv
per_cancer,extreme_os,HNSCC,1,1,logistic_regression,156,39,49,success,0.9187205173968422,validation split balanced accuracy,0.009726230000524083,0.004374471998744411,0.2653061224489796,0.36627906976744184,0.35714285714285715,0.23255813953488372,0.5,0.40697674418604657,0.8577325847282029,0.4576404426025677,0.12878453223602412,/home/prime/Documents/g3/tab-r1/paper/tables/source_data/full_fold_models/per_cancer/extreme_os/HNSCC/repeat_01_fold_01/logistic_regression/test_predictions.csv
per_cancer,extreme_os,HNSCC,1,1,random_forest,156,39,49,success,0.9366666666666666,validation split balanced accuracy,0.3632325750004384,0.07375109999702545,0.30612244897959184,0.6046511627906976,0.34615384615384615,0.20930232558139536,1.0,0.7771317829457364,0.9551137449378613,0.3352214319689034,0.10120113378684928,/home/prime/Documents/g3/tab-r1/paper/tables/source_data/full_fold_models/per_cancer/extreme_os/HNSCC/repeat_01_fold_01/random_forest/test_predictions.csv
per_cancer,extreme_os,HNSCC,1,1,catboost,156,39,49,success,0.9669431073113555,validation split balanced accuracy,1.5076378710000427,0.006051444001059281,0.24489795918367346,0.49806201550387597,0.27450980392156865,0.16279069767441862,0.8333333333333334,0.6395348837209303,0.9191493271112474,0.3584227220344436,0.09989931582211711,/home/prime/Documents/g3/tab-r1/paper/tables/source_data/full_fold_models/per_cancer/extreme_os/HNSCC/repeat_01_fold_01/catboost/test_predictions.csv
per_cancer,extreme_os,HNSCC,1,1,xgboost,156,39,49,success,0.4480215311050415,validation split balanced accuracy,0.10456723600145779,0.006177523999213008,0.8979591836734694,0.5833333333333334,0.945054945054945,1.0,0.16666666666666666,0.6705426356589148,0.9313933488394865,0.41950741628540433,0.08453777969155019,/home/prime/Documents/g3/tab-r1/paper/tables/source_data/full_fold_models/per_cancer/extreme_os/HNSCC/repeat_01_fold_01/xgboost/test_predictions.csv
per_cancer,extreme_os,HNSCC,1,1,lightgbm,156,39,49,success,0.9907280867877264,validation split balanced accuracy,0.05750963100217632,0.006469751999247819,0.7346938775510204,0.6337209302325582,0.8354430379746836,0.7674418604651163,0.5,0.6550387596899225,0.9296013422993046,0.7417241826553698,0.10464491001364744,/home/prime/Documents/g3/tab-r1/paper/tables/source_data/full_fold_models/per_cancer/extreme_os/HNSCC/repeat_01_fold_01/lightgbm/test_predictions.csv
per_cancer,extreme_os,HNSCC,1,2,logistic_regression,156,39,49,success,0.7672988688646447,validation split balanced accuracy,0.00953057700098725,0.003976211999543011,0.8571428571428571,0.5805555555555555,0.9213483146067416,0.9111111111111111,0.25,0.611111111111111,0.944396501665278,0.2804354560034565,0.07374690403423122,/home/prime/Documents/g3/tab-r1/paper/tables/source_data/full_fold_models/per_cancer/extreme_os/HNSCC/repeat_01_fold_02/logistic_regression/test_predictions.csv
per_cancer,extreme_os,HNSCC,1,2,random_forest,156,39,49,success,0.8133333333333334,validation split balanced accuracy,0.3449024069996085,0.07457723699917551,0.6326530612244898,0.6861111111111111,0.7567567567567568,0.6222222222222222,0.75,0.7638888888888888,0.971612497106755,0.2892431016697996,0.07999319727891258,/home/prime/Documents/g3/tab-r1/paper/tables/source_data/full_fold_models/per_cancer/extreme_os/HNSCC/repeat_01_fold_02/random_forest/test_predictions.csv
per_cancer,extreme_os,HNSCC,1,2,catboost,156,39,49,success,0.8774581175829096,validation split balanced accuracy,1.7094920720010123,0.005720351000491064,0.6938775510204082,0.7194444444444444,0.8051948051948052,0.6888888888888889,0.75,0.8055555555555556,0.9801983561387508,0.2437410459747341,0.06785124336444126,/home/prime/Documents/g3/tab-r1/paper/tables/source_data/full_fold_models/per_cancer/extreme_os/HNSCC/repeat_01_fold_02/catboost/test_predictions.csv
per_cancer,extreme_os,HNSCC,1,2,xgboost,156,39,49,success,0.9300438761711121,validation split balanced accuracy,0.11163294600191875,0.006229855000128737,0.6938775510204082,0.49166666666666664,0.8148148148148148,0.7333333333333333,0.25,0.6166666666666667,0.9529386173872257,0.33415309839344964,0.08627878566726643,/home/prime/Documents/g3/tab-r1/paper/tables/source_data/full_fold_models/per_cancer/extreme_os/HNSCC/repeat_01_fold_02/xgboost/test_predictions.csv
per_cancer,extreme_os,HNSCC,1,2,lightgbm,156,39,49,success,0.9950636922115598,validation split balanced accuracy,0.05289512099989224,0.006468810999649577,0.5714285714285714,0.5388888888888889,0.7123287671232876,0.5777777777777777,0.5,0.5722222222222222,0.9507668281308138,0.46173049593368815,0.08703344130569908,/home/prime/Documents/g3/tab-r1/paper/tables/source_data/full_fold_models/per_cancer/extreme_os/HNSCC/repeat_01_fold_02/lightgbm/test_predictions.csv
per_cancer,extreme_os,HNSCC,1,3,logistic_regression,157,39,48,success,0.9418617153310801,validation split balanced accuracy,0.0099557180001284,0.003992463000031421,0.2916666666666667,0.6136363636363636,0.37037037037037035,0.22727272727272727,1.0,0.8863636363636364,0.9887341992736753,0.22380566310152492,0.06060158598628884,/home/prime/Documents/g3/tab-r1/paper/tables/source_data/full_fold_models/per_cancer/extreme_os/HNSCC/repeat_01_fold_03/logistic_regression/test_predictions.csv
per_cancer,extreme_os,HNSCC,1,3,random_forest,157,39,48,success,0.77,validation split balanced accuracy,0.3434255680003844,0.07410186899869586,0.8333333333333334,0.45454545454545453,0.9090909090909091,0.9090909090909091,0.0,0.6704545454545454,0.9544588623367166,0.2807232875938233,0.07736203703703809,/home/prime/Documents/g3/tab-r1/paper/tables/source_data/full_fold_models/per_cancer/extreme_os/HNSCC/repeat_01_fold_03/random_forest/test_predictions.csv
per_cancer,extreme_os,HNSCC,1,3,catboost,157,39,48,success,0.9052503180281394,validation split balanced accuracy,1.786293315999501,0.0056801850005285814,0.7708333333333334,0.6477272727272727,0.8641975308641975,0.7954545454545454,0.5,0.7897727272727273,0.9798149659470435,0.2627033421681652,0.07399648492189376,/home/prime/Documents/g3/tab-r1/paper/tables/source_data/full_fold_models/per_cancer/extreme_os/HNSCC/repeat_01_fold_03/catboost/test_predictions.csv
per_cancer,extreme_os,HNSCC,1,3,xgboost,157,39,48,success,0.9955079555511475,validation split balanced accuracy,0.11013180000009015,0.006134823001048062,0.2916666666666667,0.6136363636363636,0.37037037037037035,0.22727272727272727,1.0,0.7897727272727273,0.9792486544417481,0.2977959101279531,0.08706343156534724,/home/prime/Documents/g3/tab-r1/paper/tables/source_data/full_fold_models/per_cancer/extreme_os/HNSCC/repeat_01_fold_03/xgboost/test_predictions.csv
per_cancer,extreme_os,HNSCC,1,3,lightgbm,157,39,48,success,0.9919919421679181,validation split balanced accuracy,0.05304329399950802,0.006490643001598073,0.7916666666666666,0.5454545454545454,0.8809523809523809,0.8409090909090909,0.25,0.6477272727272727,0.9531422524470264,0.5502023378027773,0.09104587895836518,/home/prime/Documents/g3/tab-r1/paper/tables/source_data/full_fold_models/per_cancer/extreme_os/HNSCC/repeat_01_fold_03/lightgbm/test_predictions.csv
per_cancer,extreme_os,HNSCC,1,4,logistic_regression,156,39,49,success,0.9101270507604602,validation split balanced accuracy,0.010906454001087695,0.004646171000786126,0.5918367346938775,0.6076555023923444,0.6875,0.5789473684210527,0.6363636363636364,0.5956937799043062,0.8610233319041828,0.6046955880054811,0.18997946882496744,/home/prime/Documents/g3/tab-r1/paper/tables/source_data/full_fold_models/per_cancer/extreme_os/HNSCC/repeat_01_fold_04/logistic_regression/test_predictions.csv
per_cancer,extreme_os,HNSCC,1,4,random_forest,156,39,49,success,0.88,validation split balanced accuracy,0.3617047379993892,0.07716542900016066,0.6122448979591837,0.5885167464114832,0.7164179104477612,0.631578947368421,0.5454545454545454,0.6447368421052632,0.860698021400087,0.5853012597789928,0.176469387755103,/home/prime/Documents/g3/tab-r1/paper/tables/source_data/full_fold_models/per_cancer/extreme_os/HNSCC/repeat_01_fold_04/random_forest/test_predictions.csv
per_cancer,extreme_os,HNSCC,1,4,catboost,156,39,49,success,0.9794798050003205,validation split balanced accuracy,1.6134833059986704,0.005724058999476256,0.3469387755102041,0.5466507177033493,0.30434782608695654,0.18421052631578946,0.9090909090909091,0.6507177033492823,0.860737300603093,0.6478542959884228,0.18794298312108748,/home/prime/Documents/g3/tab-r1/paper/tables/source_data/full_fold_models/per_cancer/extreme_os/HNSCC/repeat_01_fold_04/catboost/test_predictions.csv
per_cancer,extreme_os,HNSCC,1,4,xgboost,156,39,49,success,0.9863622784614563,validation split balanced accuracy,0.10249391699835542,0.006147857999167172,0.5714285714285714,0.562200956937799,0.676923076923077,0.5789473684210527,0.5454545454545454,0.6028708133971291,0.8338119823484177,0.8761185713859955,0.1879779686023891,/home/prime/Documents/g3/tab-r1/paper/tables/source_data/full_fold_models/per_cancer/extreme_os/HNSCC/repeat_01_fold_04/xgboost/test_predictions.csv
per_cancer,extreme_os,HNSCC,1,4,lightgbm,156,39,49,success,0.9998225152128976,validation split balanced accuracy,0.061758923999150284,0.006236405999516137,0.6122448979591837,0.6208133971291866,0.7076923076923077,0.6052631578947368,0.6363636363636364,0.65311004784689,0.8540998115953022,1.571839016863936,0.19863982448950562,/home/prime/Documents/g3/tab-r1/paper/tables/source_data/full_fold_models/per_cancer/extreme_os/HNSCC/repeat_01_fold_04/lightgbm/test_predictions.csv
per_cancer,extreme_os,HNSCC,2,0,logistic_regression,156,39,49,success,0.7843246543671442,validation split balanced accuracy,0.010011134003434563,0.004595644000801258,0.8163265306122449,0.5952380952380952,0.8941176470588236,0.9047619047619048,0.2857142857142857,0.6292517006802721,0.908424727127356,0.4046828673935043,0.11839215778347806,/home/prime/Documents/g3/tab-r1/paper/tables/source_data/full_fold_models/per_cancer/extreme_os/HNSCC/repeat_02_fold_00/logistic_regression/test_predictions.csv
per_cancer,extreme_os,HNSCC,2,0,random_forest,156,39,49,success,0.86,validation split balanced accuracy,0.3518616440014739,0.07652892300029634,0.5918367346938775,0.5833333333333333,0.7142857142857143,0.5952380952380952,0.5714285714285714,0.7142857142857143,0.9368053306978745,0.3696194090929034,0.1120714285714298,/home/prime/Documents/g3/tab-r1/paper/tables/source_data/full_fold_models/per_cancer/extreme_os/HNSCC/repeat_02_fold_00/random_forest/test_predictions.csv
per_cancer,extreme_os,HNSCC,2,0,catboost,156,39,49,success,0.9038437485914731,validation split balanced accuracy,2.019078493001871,0.0057589550015109126,0.7142857142857143,0.6547619047619048,0.8157894736842105,0.7380952380952381,0.5714285714285714,0.7040816326530612,0.9398939223753744,0.3968018948408735,0.11871410233934718,/home/prime/Documents/g3/tab-r1/paper/tables/source_data/full_fold_models/per_cancer/extreme_os/HNSCC/repeat_02_fold_00/catboost/test_predictions.csv
per_cancer,extreme_os,HNSCC,2,0,xgboost,156,39,49,success,0.9783178567886353,validation split balanced accuracy,0.11907363200225518,0.006334273999527795,0.6938775510204082,0.7619047619047619,0.7887323943661971,0.6666666666666666,0.8571428571428571,0.7312925170068028,0.9521746599835685,0.5079093676740555,0.15006301142822975,/home/prime/Documents/g3/tab-r1/paper/tables/source_data/full_fold_models/per_cancer/extreme_os/HNSCC/repeat_02_fold_00/xgboost/test_predictions.csv
per_cancer,extreme_os,HNSCC,2,0,lightgbm,156,39,49,success,0.9970385676528609,validation split balanced accuracy,0.05585023200183059,0.006316238999716006,0.6938775510204082,0.5833333333333334,0.8051948051948052,0.7380952380952381,0.42857142857142855,0.6224489795918368,0.9196794745813827,0.9433482756619298,0.15886851760073076,/home/prime/Documents/g3/tab-r1/paper/tables/source_data/full_fold_models/per_cancer/extreme_os/HNSCC/repeat_02_fold_00/lightgbm/test_predictions.csv
per_cancer,extreme_os,HNSCC,2,1,logistic_regression,156,39,49,success,0.8862822708081489,validation split balanced accuracy,0.009283924999181181,0.003834371000266401,0.673469387755102,0.6277777777777778,0.7777777777777778,0.7,0.5555555555555556,0.6166666666666667,0.849187222879481,0.5182459268452205,0.15044849220267914,/home/prime/Documents/g3/tab-r1/paper/tables/source_data/full_fold_models/per_cancer/extreme_os/HNSCC/repeat_02_fold_01/logistic_regression/test_predictions.csv
per_cancer,extreme_os,HNSCC,2,1,random_forest,156,39,49,success,0.9366666666666666,validation split balanced accuracy,0.3382369619976089,0.07387123899752623,0.32653061224489793,0.5013888888888889,0.35294117647058826,0.225,0.7777777777777778,0.55,0.8635704094773076,0.5000211181135805,0.15543401360544337,/home/prime/Documents/g3/tab-r1/paper/tables/source_data/full_fold_models/per_cancer/extreme_os/HNSCC/repeat_02_fold_01/random_forest/test_predictions.csv
per_cancer,extreme_os,HNSCC,2,1,catboost,156,39,49,success,0.865989539057282,validation split balanced accuracy,1.7436834830004955,0.005728457002987852,0.7755102040816326,0.5180555555555556,0.8705882352941177,0.925,0.1111111111111111,0.625,0.8939483112842374,0.5073830626647188,0.15788251751652208,/home/prime/Documents/g3/tab-r1/paper/tables/source_data/full_fold_models/per_cancer/extreme_os/HNSCC/repeat_02_fold_01/catboost/test_predictions.csv
per_cancer,extreme_os,HNSCC,2,1,xgboost,156,39,49,success,0.41654089093208313,validation split balanced accuracy,0.10651393299849587,0.0061630970012629405,0.8367346938775511,0.5555555555555556,0.9090909090909091,1.0,0.1111111111111111,0.5888888888888889,0.8791976969283872,0.6470902434739833,0.15484989381896938,/home/prime/Documents/g3/tab-r1/paper/tables/source_data/full_fold_models/per_cancer/extreme_os/HNSCC/repeat_02_fold_01/xgboost/test_predictions.csv
per_cancer,extreme_os,HNSCC,2,1,lightgbm,156,39,49,success,0.2595715261767785,validation split balanced accuracy,0.055857777002529474,0.006001308000122663,0.8163265306122449,0.5,0.898876404494382,1.0,0.0,0.5472222222222222,0.8690675551112343,1.1203031566308512,0.17702717478139324,/home/prime/Documents/g3/tab-r1/paper/tables/source_data/full_fold_models/per_cancer/extreme_os/HNSCC/repeat_02_fold_01/lightgbm/test_predictions.csv
per_cancer,extreme_os,HNSCC,2,2,logistic_regression,157,39,48,success,0.8389099755902005,validation split balanced accuracy,0.009587425000063377,0.0039030930020089727,0.625,0.48888888888888893,0.7631578947368421,0.6444444444444445,0.3333333333333333,0.6814814814814816,0.9759646183748191,0.2631591409249743,0.06945977718594211,/home/prime/Documents/g3/tab-r1/paper/tables/source_data/full_fold_models/per_cancer/extreme_os/HNSCC/repeat_02_fold_02/logistic_regression/test_predictions.csv
per_cancer,extreme_os,HNSCC,2,2,random_forest,157,39,48,success,0.81,validation split balanced accuracy,0.3502433550020214,0.0739910480006074,0.6041666666666666,0.7888888888888889,0.7323943661971831,0.5777777777777777,1.0,0.7740740740740741,0.9833547846298776,0.26561162760044377,0.07340416666666771,/home/prime/Documents/g3/tab-r1/paper/tables/source_data/full_fold_models/per_cancer/extreme_os/HNSCC/repeat_02_fold_02/random_forest/test_predictions.csv
per_cancer,extreme_os,HNSCC,2,2,catboost,157,39,48,success,0.9245860652759058,validation split balanced accuracy,1.5954648949991679,0.006200397998327389,0.4791666666666667,0.7222222222222222,0.6153846153846154,0.4444444444444444,1.0,0.8296296296296296,0.9864174112076851,0.206292083620349,0.05331682621213698,/home/prime/Documents/g3/tab-r1/paper/tables/source_data/full_fold_models/per_cancer/extreme_os/HNSCC/repeat_02_fold_02/catboost/test_predictions.csv
per_cancer,extreme_os,HNSCC,2,2,xgboost,157,39,48,success,0.9916191101074219,validation split balanced accuracy,0.1109481589992356,0.006339373001537751,0.2916666666666667,0.6222222222222222,0.39285714285714285,0.24444444444444444,1.0,0.7037037037037037,0.9691462842200623,0.23186091333179526,0.061755724128839416,/home/prime/Documents/g3/tab-r1/paper/tables/source_data/full_fold_models/per_cancer/extreme_os/HNSCC/repeat_02_fold_02/xgboost/test_predictions.csv
per_cancer,extreme_os,HNSCC,2,2,lightgbm,157,39,48,success,0.9987876893354761,validation split balanced accuracy,0.053986774997611064,0.006623605997447157,0.4791666666666667,0.7222222222222222,0.6153846153846154,0.4444444444444444,1.0,0.7111111111111111,0.9753007172743053,0.2918912709528412,0.05679262150448453,/home/prime/Documents/g3/tab-r1/paper/tables/source_data/full_fold_models/per_cancer/extreme_os/HNSCC/repeat_02_fold_02/lightgbm/test_predictions.csv
per_cancer,extreme_os,HNSCC,2,3,logistic_regression,156,39,49,success,0.9749850307876504,validation split balanced accuracy,0.009867880999081535,0.003948939996917034,0.22448979591836735,0.4864341085271318,0.24,0.13953488372093023,0.8333333333333334,0.6821705426356589,0.9330446132440446,0.3634011089548742,0.10394411805022119,/home/prime/Documents/g3/tab-r1/paper/tables/source_data/full_fold_models/per_cancer/extreme_os/HNSCC/repeat_02_fold_03/logistic_regression/test_predictions.csv
per_cancer,extreme_os,HNSCC,2,3,random_forest,156,39,49,success,0.91,validation split balanced accuracy,0.34554653799932566,0.07822148499690229,0.32653061224489793,0.6162790697674418,0.37735849056603776,0.23255813953488372,1.0,0.6298449612403101,0.9377671488148165,0.36049908424548727,0.10909342403628221,/home/prime/Documents/g3/tab-r1/paper/tables/source_data/full_fold_models/per_cancer/extreme_os/HNSCC/repeat_02_fold_03/random_forest/test_predictions.csv
per_cancer,extreme_os,HNSCC,2,3,catboost,156,39,49,success,0.829234472033653,validation split balanced accuracy,1.8570313019990863,0.0057483950004098006,0.7346938775510204,0.4186046511627907,0.8470588235294118,0.8372093023255814,0.0,0.7015503875968992,0.944553144849595,0.37023124944725266,0.10995085940087282,/home/prime/Documents/g3/tab-r1/paper/tables/source_data/full_fold_models/per_cancer/extreme_os/HNSCC/repeat_02_fold_03/catboost/test_predictions.csv
per_cancer,extreme_os,HNSCC,2,3,xgboost,156,39,49,success,0.9938495755195618,validation split balanced accuracy,0.11170423199655488,0.0063436010022996925,0.30612244897959184,0.6046511627906976,0.34615384615384615,0.20930232558139536,1.0,0.6782945736434108,0.9468308960436167,0.4766485420041981,0.1367645758142039,/home/prime/Documents/g3/tab-r1/paper/tables/source_data/full_fold_models/per_cancer/extreme_os/HNSCC/repeat_02_fold_03/xgboost/test_predictions.csv
per_cancer,extreme_os,HNSCC,2,3,lightgbm,156,39,49,success,0.9998779888492497,validation split balanced accuracy,0.053363354003522545,0.006593688998691505,0.2653061224489796,0.5096899224806202,0.3076923076923077,0.18604651162790697,0.8333333333333334,0.5155038759689923,0.9071088589971277,0.9851976072531126,0.18523180509719228,/home/prime/Documents/g3/tab-r1/paper/tables/source_data/full_fold_models/per_cancer/extreme_os/HNSCC/repeat_02_fold_03/lightgbm/test_predictions.csv
per_cancer,extreme_os,HNSCC,2,4,logistic_regression,156,39,49,success,0.9127269779447521,validation split balanced accuracy,0.010226615002466133,0.004636803001631051,0.5510204081632653,0.5958333333333333,0.65625,0.525,0.6666666666666666,0.5666666666666668,0.8736197709001492,0.500687799145524,0.1549815852000949,/home/prime/Documents/g3/tab-r1/paper/tables/source_data/full_fold_models/per_cancer/extreme_os/HNSCC/repeat_02_fold_04/logistic_regression/test_predictions.csv
per_cancer,extreme_os,HNSCC,2,4,random_forest,156,39,49,success,0.9366666666666666,validation split balanced accuracy,0.34645090400226763,0.07568233599886298,0.5102040816326531,0.6569444444444444,0.5862068965517241,0.425,0.8888888888888888,0.7138888888888889,0.909712246162319,0.4588558460879783,0.14346757369614616,/home/prime/Documents/g3/tab-r1/paper/tables/source_data/full_fold_models/per_cancer/extreme_os/HNSCC/repeat_02_fold_04/random_forest/test_predictions.csv
per_cancer,extreme_os,HNSCC,2,4,catboost,156,39,49,success,0.9611419134571592,validation split balanced accuracy,1.8537428739982715,0.005723606998799369,0.42857142857142855,0.65,0.46153846153846156,0.3,1.0,0.7638888888888888,0.9424283186448753,0.5037584998873085,0.15421917191833007,/home/prime/Documents/g3/tab-r1/paper/tables/source_data/full_fold_models/per_cancer/extreme_os/HNSCC/repeat_02_fold_04/catboost/test_predictions.csv
per_cancer,extreme_os,HNSCC,2,4,xgboost,156,39,49,success,0.9793661236763,validation split balanced accuracy,0.10766375799721573,0.006218483002157882,0.6326530612244898,0.7319444444444444,0.71875,0.575,0.8888888888888888,0.7833333333333333,0.948251213801819,0.5596651401220069,0.17182559260988586,/home/prime/Documents/g3/tab-r1/paper/tables/source_data/full_fold_models/per_cancer/extreme_os/HNSCC/repeat_02_fold_04/xgboost/test_predictions.csv
per_cancer,extreme_os,HNSCC,2,4,lightgbm,156,39,49,success,0.9999555330664397,validation split balanced accuracy,0.0607652370017604,0.006461766999564134,0.42857142857142855,0.65,0.46153846153846156,0.3,1.0,0.7277777777777779,0.9315712060754076,0.9922261733390186,0.19402152726906974,/home/prime/Documents/g3/tab-r1/paper/tables/source_data/full_fold_models/per_cancer/extreme_os/HNSCC/repeat_02_fold_04/lightgbm/test_predictions.csv
per_cancer,extreme_os,HNSCC,3,0,logistic_regression,156,39,49,success,0.8152808548772702,validation split balanced accuracy,0.010258005000650883,0.004681958998844493,0.7755102040816326,0.5204545454545455,0.8705882352941177,0.8409090909090909,0.2,0.5272727272727272,0.9295129610607871,0.3491364714260783,0.09997320722751997,/home/prime/Documents/g3/tab-r1/paper/tables/source_data/full_fold_models/per_cancer/extreme_os/HNSCC/repeat_03_fold_00/logistic_regression/test_predictions.csv
per_cancer,extreme_os,HNSCC,3,0,random_forest,156,39,49,success,0.87,validation split balanced accuracy,0.34387973499906366,0.07534695600043051,0.40816326530612246,0.40454545454545454,0.5538461538461539,0.4090909090909091,0.4,0.5431818181818182,0.9115739468547115,0.3430444359708708,0.09504739229025064,/home/prime/Documents/g3/tab-r1/paper/tables/source_data/full_fold_models/per_cancer/extreme_os/HNSCC/repeat_03_fold_00/random_forest/test_predictions.csv
per_cancer,extreme_os,HNSCC,3,0,catboost,156,39,49,success,0.9102986438226311,validation split balanced accuracy,1.6597283510018315,0.0056909359991550446,0.46938775510204084,0.43863636363636366,0.6176470588235294,0.4772727272727273,0.4,0.55,0.926474659251406,0.33218921228855197,0.09193521180007433,/home/prime/Documents/g3/tab-r1/paper/tables/source_data/full_fold_models/per_cancer/extreme_os/HNSCC/repeat_03_fold_00/catboost/test_predictions.csv
per_cancer,extreme_os,HNSCC,3,0,xgboost,156,39,49,success,0.96343994140625,validation split balanced accuracy,0.10903425400101696,0.006371213999955216,0.4897959183673469,0.5386363636363636,0.6268656716417911,0.4772727272727273,0.6,0.7,0.946967102888527,0.35178905109268926,0.09061670580741228,/home/prime/Documents/g3/tab-r1/paper/tables/source_data/full_fold_models/per_cancer/extreme_os/HNSCC/repeat_03_fold_00/xgboost/test_predictions.csv
per_cancer,extreme_os,HNSCC,3,0,lightgbm,156,39,49,success,0.9939462169925891,validation split balanced accuracy,0.05216501700124354,0.005992000002152054,0.5714285714285714,0.5840909090909091,0.704225352112676,0.5681818181818182,0.6,0.6727272727272727,0.9507013537080174,0.49803482264940674,0.10018638414201904,/home/prime/Documents/g3/tab-r1/paper/tables/source_data/full_fold_models/per_cancer/extreme_os/HNSCC/repeat_03_fold_00/lightgbm/test_predictions.csv
per_cancer,extreme_os,HNSCC,3,1,logistic_regression,156,39,49,success,0.8322014569285087,validation split balanced accuracy,0.009850727001321502,0.004549426001176471,0.7755102040816326,0.4418604651162791,0.8735632183908046,0.8837209302325582,0.0,0.6434108527131783,0.9413878670272313,0.35695127645462943,0.10627953913523691,/home/prime/Documents/g3/tab-r1/paper/tables/source_data/full_fold_models/per_cancer/extreme_os/HNSCC/repeat_03_fold_01/logistic_regression/test_predictions.csv
per_cancer,extreme_os,HNSCC,3,1,random_forest,156,39,49,success,0.9366666666666666,validation split balanced accuracy,0.34728561799784075,0.07792280099965865,0.32653061224489793,0.6162790697674418,0.37735849056603776,0.23255813953488372,1.0,0.812015503875969,0.9733013381321682,0.3145449323979655,0.09605895691610103,/home/prime/Documents/g3/tab-r1/paper/tables/source_data/full_fold_models/per_cancer/extreme_os/HNSCC/repeat_03_fold_01/random_forest/test_predictions.csv
per_cancer,extreme_os,HNSCC,3,1,catboost,156,39,49,success,0.9443478154945699,validation split balanced accuracy,1.5550002650015813,0.006107741002779221,0.4489795918367347,0.686046511627907,0.5423728813559322,0.37209302325581395,1.0,0.7868217054263567,0.9704585404309312,0.3126554527100857,0.09885141147308313,/home/prime/Documents/g3/tab-r1/paper/tables/source_data/full_fold_models/per_cancer/extreme_os/HNSCC/repeat_03_fold_01/catboost/test_predictions.csv
per_cancer,extreme_os,HNSCC,3,1,xgboost,156,39,49,success,0.9884364604949951,validation split balanced accuracy,0.11590985600196291,0.006128671000624308,0.42857142857142855,0.6744186046511628,0.5172413793103449,0.3488372093023256,1.0,0.8837209302325583,0.9812892459395792,0.28169622219223195,0.08716887404067306,/home/prime/Documents/g3/tab-r1/paper/tables/source_data/full_fold_models/per_cancer/extreme_os/HNSCC/repeat_03_fold_01/xgboost/test_predictions.csv
per_cancer,extreme_os,HNSCC,3,1,lightgbm,156,39,49,success,0.999282674580803,validation split balanced accuracy,0.05421829000260914,0.006435216000681976,0.4897959183673469,0.7093023255813954,0.5901639344262295,0.4186046511627907,1.0,0.8410852713178293,0.9765527211100247,0.5106150842087486,0.12373861496642215,/home/prime/Documents/g3/tab-r1/paper/tables/source_data/full_fold_models/per_cancer/extreme_os/HNSCC/repeat_03_fold_01/lightgbm/test_predictions.csv
per_cancer,extreme_os,HNSCC,3,2,logistic_regression,156,40,48,success,0.8725610603693611,validation split balanced accuracy,0.010360233998653712,0.0052422699991439,0.5625,0.44773519163763065,0.704225352112676,0.6097560975609756,0.2857142857142857,0.5470383275261324,0.8992229047545273,0.4291071407142919,0.12925670300594314,/home/prime/Documents/g3/tab-r1/paper/tables/source_data/full_fold_models/per_cancer/extreme_os/HNSCC/repeat_03_fold_02/logistic_regression/test_predictions.csv
per_cancer,extreme_os,HNSCC,3,2,random_forest,156,40,48,success,0.8966666666666666,validation split balanced accuracy,0.3475192990008509,0.0729439620008634,0.4791666666666667,0.6358885017421603,0.576271186440678,0.4146341463414634,0.8571428571428571,0.6463414634146342,0.9245549600214448,0.39718354817640983,0.12337731481481584,/home/prime/Documents/g3/tab-r1/paper/tables/source_data/full_fold_models/per_cancer/extreme_os/HNSCC/repeat_03_fold_02/random_forest/test_predictions.csv
per_cancer,extreme_os,HNSCC,3,2,catboost,156,40,48,success,0.9127355949301265,validation split balanced accuracy,1.700237418001052,0.00596827499975916,0.6041666666666666,0.5905923344947734,0.7246376811594203,0.6097560975609756,0.5714285714285714,0.6376306620209059,0.9240183694946681,0.42250386800675654,0.12650222701494385,/home/prime/Documents/g3/tab-r1/paper/tables/source_data/full_fold_models/per_cancer/extreme_os/HNSCC/repeat_03_fold_02/catboost/test_predictions.csv
per_cancer,extreme_os,HNSCC,3,2,xgboost,156,40,48,success,0.9911293983459473,validation split balanced accuracy,0.10889945400049328,0.0061653109987673815,0.3958333333333333,0.6463414634146342,0.4528301886792453,0.2926829268292683,1.0,0.6515679442508711,0.9366896655276473,0.550728079404976,0.1606172714931059,/home/prime/Documents/g3/tab-r1/paper/tables/source_data/full_fold_models/per_cancer/extreme_os/HNSCC/repeat_03_fold_02/xgboost/test_predictions.csv
per_cancer,extreme_os,HNSCC,3,2,lightgbm,156,40,48,success,0.7511907744611599,validation split balanced accuracy,0.057707025996933226,0.006390841001120862,0.7708333333333334,0.45121951219512196,0.8705882352941177,0.9024390243902439,0.0,0.6585365853658537,0.9370481039287891,0.747684960859266,0.16877092699208796,/home/prime/Documents/g3/tab-r1/paper/tables/source_data/full_fold_models/per_cancer/extreme_os/HNSCC/repeat_03_fold_02/lightgbm/test_predictions.csv
per_cancer,extreme_os,HNSCC,3,3,logistic_regression,156,39,49,success,0.9402731908411504,validation split balanced accuracy,0.010524867997446563,0.004740763997688191,0.30612244897959184,0.4344512195121951,0.37037037037037035,0.24390243902439024,0.625,0.5579268292682927,0.8361734006755185,0.4837985393316634,0.1385887943246116,/home/prime/Documents/g3/tab-r1/paper/tables/source_data/full_fold_models/per_cancer/extreme_os/HNSCC/repeat_03_fold_03/logistic_regression/test_predictions.csv
per_cancer,extreme_os,HNSCC,3,3,random_forest,156,39,49,success,0.91,validation split balanced accuracy,0.34215708099873154,0.07639661899884231,0.3469387755102041,0.6097560975609756,0.36,0.21951219512195122,1.0,0.7012195121951219,0.9267597672523672,0.4012720713905544,0.12590997732426404,/home/prime/Documents/g3/tab-r1/paper/tables/source_data/full_fold_models/per_cancer/extreme_os/HNSCC/repeat_03_fold_03/random_forest/test_predictions.csv
per_cancer,extreme_os,HNSCC,3,3,catboost,156,39,49,success,0.9386932713310507,validation split balanced accuracy,2.1305157450005936,0.006654824999714037,0.5102040816326531,0.6067073170731707,0.6129032258064516,0.4634146341463415,0.75,0.7774390243902439,0.9420481738985668,0.41651192290701977,0.13002782901805948,/home/prime/Documents/g3/tab-r1/paper/tables/source_data/full_fold_models/per_cancer/extreme_os/HNSCC/repeat_03_fold_03/catboost/test_predictions.csv
per_cancer,extreme_os,HNSCC,3,3,xgboost,156,39,49,success,0.9872053861618042,validation split balanced accuracy,0.11659761899863952,0.0055608779985050205,0.5306122448979592,0.7195121951219512,0.6101694915254238,0.43902439024390244,1.0,0.7713414634146342,0.9504092005205292,0.4957024515775009,0.14097091119453412,/home/prime/Documents/g3/tab-r1/paper/tables/source_data/full_fold_models/per_cancer/extreme_os/HNSCC/repeat_03_fold_03/xgboost/test_predictions.csv
per_cancer,extreme_os,HNSCC,3,3,lightgbm,156,39,49,success,0.9998862255770833,validation split balanced accuracy,0.05386096899746917,0.006521891999000218,0.3673469387755102,0.6219512195121951,0.39215686274509803,0.24390243902439024,1.0,0.7164634146341463,0.9368971857881766,0.7715472147453741,0.13464375088380165,/home/prime/Documents/g3/tab-r1/paper/tables/source_data/full_fold_models/per_cancer/extreme_os/HNSCC/repeat_03_fold_03/lightgbm/test_predictions.csv
per_cancer,extreme_os,HNSCC,3,4,logistic_regression,156,39,49,success,0.9265209559168297,validation split balanced accuracy,0.009459204997256165,0.00465771500239498,0.5306122448979592,0.4679878048780488,0.6666666666666666,0.5609756097560976,0.375,0.44512195121951226,0.8266980967363621,0.5474716170203194,0.1501249405469336,/home/prime/Documents/g3/tab-r1/paper/tables/source_data/full_fold_models/per_cancer/extreme_os/HNSCC/repeat_03_fold_04/logistic_regression/test_predictions.csv
per_cancer,extreme_os,HNSCC,3,4,random_forest,156,39,49,success,0.8533333333333334,validation split balanced accuracy,0.3500000819985871,0.08083044700106257,0.673469387755102,0.6036585365853658,0.7837837837837838,0.7073170731707317,0.5,0.635670731707317,0.894573486052649,0.43787354469047063,0.13392448979591937,/home/prime/Documents/g3/tab-r1/paper/tables/source_data/full_fold_models/per_cancer/extreme_os/HNSCC/repeat_03_fold_04/random_forest/test_predictions.csv
per_cancer,extreme_os,HNSCC,3,4,catboost,156,39,49,success,0.9491005411897163,validation split balanced accuracy,1.8163852900033817,0.005713490001653554,0.6530612244897959,0.6417682926829269,0.7605633802816901,0.6585365853658537,0.625,0.7286585365853658,0.9385971478573554,0.47125994073682287,0.1424012759104679,/home/prime/Documents/g3/tab-r1/paper/tables/source_data/full_fold_models/per_cancer/extreme_os/HNSCC/repeat_03_fold_04/catboost/test_predictions.csv
per_cancer,extreme_os,HNSCC,3,4,xgboost,156,39,49,success,0.9467073082923889,validation split balanced accuracy,0.09900363500128151,0.006328041999950074,0.7346938775510204,0.6402439024390244,0.8311688311688312,0.7804878048780488,0.5,0.7195121951219512,0.9247394058612614,0.5366973202631945,0.13921279091755356,/home/prime/Documents/g3/tab-r1/paper/tables/source_data/full_fold_models/per_cancer/extreme_os/HNSCC/repeat_03_fold_04/xgboost/test_predictions.csv
per_cancer,extreme_os,HNSCC,3,4,lightgbm,156,39,49,success,0.9988257432207158,validation split balanced accuracy,0.05838998800027184,0.00649202500062529,0.6530612244897959,0.6417682926829269,0.7605633802816901,0.6585365853658537,0.625,0.7469512195121952,0.9425644268095584,0.9437926883060782,0.18453849821368187,/home/prime/Documents/g3/tab-r1/paper/tables/source_data/full_fold_models/per_cancer/extreme_os/HNSCC/repeat_03_fold_04/lightgbm/test_predictions.csv
per_cancer,extreme_os,HNSCC,4,0,logistic_regression,156,39,49,success,0.9644212014053135,validation split balanced accuracy,0.01123540299886372,0.004649940998206148,0.22448979591836735,0.5476190476190477,0.17391304347826086,0.09523809523809523,1.0,0.7278911564625851,0.9408685913027182,0.37009111491379815,0.11304244437891602,/home/prime/Documents/g3/tab-r1/paper/tables/source_data/full_fold_models/per_cancer/extreme_os/HNSCC/repeat_04_fold_00/logistic_regression/test_predictions.csv
per_cancer,extreme_os,HNSCC,4,0,random_forest,156,39,49,success,0.7866666666666666,validation split balanced accuracy,0.34962836299746414,0.07496615000127349,0.7959183673469388,0.6428571428571428,0.8780487804878049,0.8571428571428571,0.42857142857142855,0.7414965986394557,0.9330294179814818,0.35978410324782883,0.10853764172335724,/home/prime/Documents/g3/tab-r1/paper/tables/source_data/full_fold_models/per_cancer/extreme_os/HNSCC/repeat_04_fold_00/random_forest/test_predictions.csv
per_cancer,extreme_os,HNSCC,4,0,catboost,156,39,49,success,0.8816361668449978,validation split balanced accuracy,1.7427923389986972,0.005340518000593875,0.6938775510204082,0.5238095238095237,0.810126582278481,0.7619047619047619,0.2857142857142857,0.6598639455782312,0.9332724034592068,0.3937912162480622,0.11811266111484978,/home/prime/Documents/g3/tab-r1/paper/tables/source_data/full_fold_models/per_cancer/extreme_os/HNSCC/repeat_04_fold_00/catboost/test_predictions.csv
per_cancer,extreme_os,HNSCC,4,0,xgboost,156,39,49,success,0.7126824855804443,validation split balanced accuracy,0.1158361160014465,0.005463723002321785,0.8979591836734694,0.6428571428571428,0.9438202247191011,1.0,0.2857142857142857,0.5918367346938775,0.9049462986611467,0.4943917239101254,0.11464288097902275,/home/prime/Documents/g3/tab-r1/paper/tables/source_data/full_fold_models/per_cancer/extreme_os/HNSCC/repeat_04_fold_00/xgboost/test_predictions.csv
per_cancer,extreme_os,HNSCC,4,0,lightgbm,156,39,49,success,0.8333331575190475,validation split balanced accuracy,0.05349201499848277,0.0066198579988849815,0.8367346938775511,0.5476190476190476,0.9090909090909091,0.9523809523809523,0.14285714285714285,0.6020408163265306,0.9107507855531306,0.7134244532453609,0.12498037588339582,/home/prime/Documents/g3/tab-r1/paper/tables/source_data/full_fold_models/per_cancer/extreme_os/HNSCC/repeat_04_fold_00/lightgbm/test_predictions.csv
per_cancer,extreme_os,HNSCC,4,1,logistic_regression,156,39,49,success,0.8821590900558568,validation split balanced accuracy,0.010006679000071017,0.004614543002389837,0.5510204081632653,0.5290697674418605,0.6857142857142857,0.5581395348837209,0.5,0.6162790697674418,0.8888537765892526,0.3621707038128395,0.09859172484468487,/home/prime/Documents/g3/tab-r1/paper/tables/source_data/full_fold_models/per_cancer/extreme_os/HNSCC/repeat_04_fold_01/logistic_regression/test_predictions.csv
per_cancer,extreme_os,HNSCC,4,1,random_forest,156,39,49,success,0.94,validation split balanced accuracy,0.3450932119994832,0.0660995059988636,0.2857142857142857,0.5930232558139534,0.3137254901960784,0.18604651162790697,1.0,0.7015503875968992,0.9459076013141539,0.344881311311073,0.10355986394557927,/home/prime/Documents/g3/tab-r1/paper/tables/source_data/full_fold_models/per_cancer/extreme_os/HNSCC/repeat_04_fold_01/random_forest/test_predictions.csv
per_cancer,extreme_os,HNSCC,4,1,catboost,156,39,49,success,0.9526055673422104,validation split balanced accuracy,1.781715480999992,0.005674796000675997,0.2857142857142857,0.5213178294573644,0.33962264150943394,0.20930232558139536,0.8333333333333334,0.6550387596899225,0.9259723846736805,0.3514342282385425,0.10247112452857164,/home/prime/Documents/g3/tab-r1/paper/tables/source_data/full_fold_models/per_cancer/extreme_os/HNSCC/repeat_04_fold_01/catboost/test_predictions.csv
per_cancer,extreme_os,HNSCC,4,1,xgboost,156,39,49,success,0.9713695049285889,validation split balanced accuracy,0.10564875199997914,0.005353643002308672,0.5714285714285714,0.6124031007751938,0.6956521739130435,0.5581395348837209,0.6666666666666666,0.6976744186046512,0.9379170042796139,0.40228970935015246,0.10463220447191918,/home/prime/Documents/g3/tab-r1/paper/tables/source_data/full_fold_models/per_cancer/extreme_os/HNSCC/repeat_04_fold_01/xgboost/test_predictions.csv
per_cancer,extreme_os,HNSCC,4,1,lightgbm,156,39,49,success,0.9997775982145153,validation split balanced accuracy,0.05302783899969654,0.006041674998414237,0.4489795918367347,0.686046511627907,0.5423728813559322,0.37209302325581395,1.0,0.7286821705426356,0.951299204017718,0.5564187234863661,0.12406797852201462,/home/prime/Documents/g3/tab-r1/paper/tables/source_data/full_fold_models/per_cancer/extreme_os/HNSCC/repeat_04_fold_01/lightgbm/test_predictions.csv
per_cancer,extreme_os,HNSCC,4,2,logistic_regression,156,40,48,success,0.8852662015204025,validation split balanced accuracy,0.009893893999105785,0.004652154999348568,0.625,0.602787456445993,0.7428571428571429,0.6341463414634146,0.5714285714285714,0.5749128919860627,0.8605255058970757,0.4426267546076473,0.12549276127218803,/home/prime/Documents/g3/tab-r1/paper/tables/source_data/full_fold_models/per_cancer/extreme_os/HNSCC/repeat_04_fold_02/logistic_regression/test_predictions.csv
per_cancer,extreme_os,HNSCC,4,2,random_forest,156,40,48,success,0.77,validation split balanced accuracy,0.3436420129983162,0.07473836499775643,0.7708333333333334,0.6881533101045296,0.8571428571428571,0.8048780487804879,0.5714285714285714,0.6602787456445994,0.9104911620563074,0.39434901213750595,0.11827847222222328,/home/prime/Documents/g3/tab-r1/paper/tables/source_data/full_fold_models/per_cancer/extreme_os/HNSCC/repeat_04_fold_02/random_forest/test_predictions.csv
per_cancer,extreme_os,HNSCC,4,2,catboost,156,40,48,success,0.9211347189520961,validation split balanced accuracy,1.6544154560033348,0.005649286998959724,0.6041666666666666,0.5905923344947734,0.7246376811594203,0.6097560975609756,0.5714285714285714,0.6655052264808363,0.916375036932246,0.41155733627302077,0.12191681487496182,/home/prime/Documents/g3/tab-r1/paper/tables/source_data/full_fold_models/per_cancer/extreme_os/HNSCC/repeat_04_fold_02/catboost/test_predictions.csv
per_cancer,extreme_os,HNSCC,4,2,xgboost,156,40,48,success,0.9575438499450684,validation split balanced accuracy,0.10504348800168373,0.006203394001204288,0.625,0.602787456445993,0.7428571428571429,0.6341463414634146,0.5714285714285714,0.6759581881533101,0.9107078704288939,0.4817003328261884,0.11273363619817263,/home/prime/Documents/g3/tab-r1/paper/tables/source_data/full_fold_models/per_cancer/extreme_os/HNSCC/repeat_04_fold_02/xgboost/test_predictions.csv
per_cancer,extreme_os,HNSCC,4,2,lightgbm,156,40,48,success,0.9977939975613258,validation split balanced accuracy,0.05774080999981379,0.006540357000631047,0.5833333333333334,0.637630662020906,0.696969696969697,0.5609756097560976,0.7142857142857143,0.6933797909407665,0.9294009920293288,0.7093165410913164,0.10966709888785618,/home/prime/Documents/g3/tab-r1/paper/tables/source_data/full_fold_models/per_cancer/extreme_os/HNSCC/repeat_04_fold_02/lightgbm/test_predictions.csv
per_cancer,extreme_os,HNSCC,4,3,logistic_regression,156,39,49,success,0.7949135496279833,validation split balanced accuracy,0.01004260799891199,0.004506606997892959,0.7142857142857143,0.47619047619047616,0.8292682926829268,0.8095238095238095,0.14285714285714285,0.5136054421768708,0.890460045413477,0.45065838288484455,0.136211912858451,/home/prime/Documents/g3/tab-r1/paper/tables/source_data/full_fold_models/per_cancer/extreme_os/HNSCC/repeat_04_fold_03/logistic_regression/test_predictions.csv
per_cancer,extreme_os,HNSCC,4,3,random_forest,156,39,49,success,0.8433333333333334,validation split balanced accuracy,0.3462422830016294,0.07417671399889514,0.7142857142857143,0.5952380952380952,0.8205128205128205,0.7619047619047619,0.42857142857142855,0.6360544217687074,0.9235619032719358,0.3990903529372828,0.1226510204081643,/home/prime/Documents/g3/tab-r1/paper/tables/source_data/full_fold_models/per_cancer/extreme_os/HNSCC/repeat_04_fold_03/random_forest/test_predictions.csv
per_cancer,extreme_os,HNSCC,4,3,catboost,156,39,49,success,0.8789081072875878,validation split balanced accuracy,1.7427019870010554,0.005624520003038924,0.7755102040816326,0.5714285714285714,0.8674698795180723,0.8571428571428571,0.2857142857142857,0.717687074829932,0.9430518575622251,0.40289269791679394,0.12164381055491726,/home/prime/Documents/g3/tab-r1/paper/tables/source_data/full_fold_models/per_cancer/extreme_os/HNSCC/repeat_04_fold_03/catboost/test_predictions.csv
per_cancer,extreme_os,HNSCC,4,3,xgboost,156,39,49,success,0.9102180600166321,validation split balanced accuracy,0.1090489179987344,0.006353130000206875,0.7551020408163265,0.5595238095238095,0.8536585365853658,0.8333333333333334,0.2857142857142857,0.6428571428571428,0.920577964048511,0.4897555850115833,0.11677783993052748,/home/prime/Documents/g3/tab-r1/paper/tables/source_data/full_fold_models/per_cancer/extreme_os/HNSCC/repeat_04_fold_03/xgboost/test_predictions.csv
per_cancer,extreme_os,HNSCC,4,3,lightgbm,156,39,49,success,0.7386752284627282,validation split balanced accuracy,0.057189498002117034,0.006312271998467622,0.8775510204081632,0.6309523809523809,0.9318181818181818,0.9761904761904762,0.2857142857142857,0.7346938775510203,0.9436042440294301,0.7079063178310434,0.12501213567350922,/home/prime/Documents/g3/tab-r1/paper/tables/source_data/full_fold_models/per_cancer/extreme_os/HNSCC/repeat_04_fold_03/lightgbm/test_predictions.csv
per_cancer,extreme_os,HNSCC,4,4,logistic_regression,156,39,49,success,0.9363352211302896,validation split balanced accuracy,0.010083777000545524,0.004676321001170436,0.5306122448979592,0.5476190476190477,0.6567164179104478,0.5238095238095238,0.5714285714285714,0.5136054421768708,0.8427424931251009,0.4792204952692587,0.12465010871724158,/home/prime/Documents/g3/tab-r1/paper/tables/source_data/full_fold_models/per_cancer/extreme_os/HNSCC/repeat_04_fold_04/logistic_regression/test_predictions.csv
per_cancer,extreme_os,HNSCC,4,4,random_forest,156,39,49,success,0.8866666666666667,validation split balanced accuracy,0.33808377999957884,0.07601109399911365,0.5306122448979592,0.5476190476190477,0.6567164179104478,0.5238095238095238,0.5714285714285714,0.5833333333333333,0.9136596396667094,0.4183313963660097,0.12899705215419624,/home/prime/Documents/g3/tab-r1/paper/tables/source_data/full_fold_models/per_cancer/extreme_os/HNSCC/repeat_04_fold_04/random_forest/test_predictions.csv
per_cancer,extreme_os,HNSCC,4,4,catboost,156,39,49,success,0.9634473216184425,validation split balanced accuracy,1.7568377230018086,0.005584013000770938,0.5102040816326531,0.7142857142857143,0.6,0.42857142857142855,1.0,0.6564625850340136,0.9333756708513268,0.43598464814519455,0.12638447515518067,/home/prime/Documents/g3/tab-r1/paper/tables/source_data/full_fold_models/per_cancer/extreme_os/HNSCC/repeat_04_fold_04/catboost/test_predictions.csv
per_cancer,extreme_os,HNSCC,4,4,xgboost,156,39,49,success,0.9433992505073547,validation split balanced accuracy,0.09224182600155473,0.005308878000505501,0.7551020408163265,0.6190476190476191,0.85,0.8095238095238095,0.42857142857142855,0.6360544217687075,0.9177752591715473,0.5422028665949015,0.13829566325054493,/home/prime/Documents/g3/tab-r1/paper/tables/source_data/full_fold_models/per_cancer/extreme_os/HNSCC/repeat_04_fold_04/xgboost/test_predictions.csv
per_cancer,extreme_os,HNSCC,4,4,lightgbm,156,39,49,success,0.9967002317996126,validation split balanced accuracy,0.05468582200046512,0.0064871249996940605,0.6326530612244898,0.5476190476190476,0.7567567567567568,0.6666666666666666,0.42857142857142855,0.554421768707483,0.8851635339086905,0.9730264274182522,0.14961659357264243,/home/prime/Documents/g3/tab-r1/paper/tables/source_data/full_fold_models/per_cancer/extreme_os/HNSCC/repeat_04_fold_04/lightgbm/test_predictions.csv
per_cancer,extreme_os,LSCC,0,0,logistic_regression,142,36,44,success,0.8926901752538282,validation split balanced accuracy,0.010099577000801219,0.004126251998968655,0.5681818181818182,0.546875,0.6666666666666666,0.59375,0.5,0.5182291666666667,0.718979778679755,0.678919115155039,0.21208352613687326,/home/prime/Documents/g3/tab-r1/paper/tables/source_data/full_fold_models/per_cancer/extreme_os/LSCC/repeat_00_fold_00/logistic_regression/test_predictions.csv
per_cancer,extreme_os,LSCC,0,0,random_forest,142,36,44,success,0.8533333333333334,validation split balanced accuracy,0.34442185100124334,0.07695343199884519,0.4772727272727273,0.5885416666666667,0.4888888888888889,0.34375,0.8333333333333334,0.6184895833333334,0.8314711904306888,0.5893580215988983,0.20080818081710872,/home/prime/Documents/g3/tab-r1/paper/tables/source_data/full_fold_models/per_cancer/extreme_os/LSCC/repeat_00_fold_00/random_forest/test_predictions.csv
per_cancer,extreme_os,LSCC,0,0,catboost,142,36,44,success,0.8936836918998545,validation split balanced accuracy,2.0300014370004646,0.005735079997975845,0.5454545454545454,0.609375,0.6,0.46875,0.75,0.6458333333333334,0.8260208535380367,0.6381747349126664,0.21235967304698386,/home/prime/Documents/g3/tab-r1/paper/tables/source_data/full_fold_models/per_cancer/extreme_os/LSCC/repeat_00_fold_00/catboost/test_predictions.csv
per_cancer,extreme_os,LSCC,0,0,xgboost,142,36,44,success,0.7598464488983154,validation split balanced accuracy,0.126647660999879,0.006250234000617638,0.75,0.5677083333333334,0.8493150684931506,0.96875,0.16666666666666666,0.5208333333333333,0.752452400574436,0.8620899091925561,0.22165176983482232,/home/prime/Documents/g3/tab-r1/paper/tables/source_data/full_fold_models/per_cancer/extreme_os/LSCC/repeat_00_fold_00/xgboost/test_predictions.csv
per_cancer,extreme_os,LSCC,0,0,lightgbm,142,36,44,success,0.9167736768140442,validation split balanced accuracy,0.04482097300206078,0.006468830000812886,0.7272727272727273,0.578125,0.8285714285714286,0.90625,0.25,0.5442708333333334,0.7580569025650704,1.1491105725705886,0.22888172417790864,/home/prime/Documents/g3/tab-r1/paper/tables/source_data/full_fold_models/per_cancer/extreme_os/LSCC/repeat_00_fold_00/lightgbm/test_predictions.csv
per_cancer,extreme_os,LSCC,0,1,logistic_regression,142,36,44,success,0.8988834951492257,validation split balanced accuracy,0.009408709000126692,0.0046945659996708855,0.6136363636363636,0.6041666666666667,0.7017543859649122,0.625,0.5833333333333334,0.6966145833333333,0.8759719516440945,0.6336330161667724,0.20941539086927807,/home/prime/Documents/g3/tab-r1/paper/tables/source_data/full_fold_models/per_cancer/extreme_os/LSCC/repeat_00_fold_01/logistic_regression/test_predictions.csv
per_cancer,extreme_os,LSCC,0,1,random_forest,142,36,44,success,0.7333333333333333,validation split balanced accuracy,0.3321212150003703,0.07678896699871984,0.5909090909090909,0.5104166666666666,0.7096774193548387,0.6875,0.3333333333333333,0.4765625,0.7153530430620462,0.9563307921207834,0.21823433888888982,/home/prime/Documents/g3/tab-r1/paper/tables/source_data/full_fold_models/per_cancer/extreme_os/LSCC/repeat_00_fold_01/random_forest/test_predictions.csv
per_cancer,extreme_os,LSCC,0,1,catboost,142,36,44,success,0.9112459031452557,validation split balanced accuracy,1.7198846480023349,0.005942657000559848,0.45454545454545453,0.546875,0.4782608695652174,0.34375,0.75,0.50390625,0.7560257494889212,0.7028562131072429,0.2211696345101932,/home/prime/Documents/g3/tab-r1/paper/tables/source_data/full_fold_models/per_cancer/extreme_os/LSCC/repeat_00_fold_01/catboost/test_predictions.csv
per_cancer,extreme_os,LSCC,0,1,xgboost,142,36,44,success,0.9531501531600952,validation split balanced accuracy,0.11659250899901963,0.00622387299881666,0.5227272727272727,0.48958333333333337,0.631578947368421,0.5625,0.4166666666666667,0.48307291666666663,0.7372245649043583,0.9978242694888017,0.2620381901458256,/home/prime/Documents/g3/tab-r1/paper/tables/source_data/full_fold_models/per_cancer/extreme_os/LSCC/repeat_00_fold_01/xgboost/test_predictions.csv
per_cancer,extreme_os,LSCC,0,1,lightgbm,142,36,44,success,0.7822928242651576,validation split balanced accuracy,0.04206969500228297,0.006350284002110129,0.6818181818181818,0.4947916666666667,0.8055555555555556,0.90625,0.08333333333333333,0.56640625,0.7695004873542233,1.3248722204248522,0.2655337264579772,/home/prime/Documents/g3/tab-r1/paper/tables/source_data/full_fold_models/per_cancer/extreme_os/LSCC/repeat_00_fold_01/lightgbm/test_predictions.csv
per_cancer,extreme_os,LSCC,0,2,logistic_regression,142,35,45,success,0.870174322808435,validation split balanced accuracy,0.009796950002055382,0.004652215000533033,0.5333333333333333,0.5833333333333333,0.631578947368421,0.5,0.6666666666666666,0.6172839506172839,0.8461016782479754,0.5158323005006553,0.16215244689447483,/home/prime/Documents/g3/tab-r1/paper/tables/source_data/full_fold_models/per_cancer/extreme_os/LSCC/repeat_00_fold_02/logistic_regression/test_predictions.csv
per_cancer,extreme_os,LSCC,0,2,random_forest,142,35,45,success,0.69,validation split balanced accuracy,0.3446069339988753,0.07893873899956816,0.6666666666666666,0.4166666666666667,0.8,0.8333333333333334,0.0,0.5354938271604939,0.8428516060451199,0.5014277368878838,0.16491580246913667,/home/prime/Documents/g3/tab-r1/paper/tables/source_data/full_fold_models/per_cancer/extreme_os/LSCC/repeat_00_fold_02/random_forest/test_predictions.csv
per_cancer,extreme_os,LSCC,0,2,catboost,142,35,45,success,0.7220709720459845,validation split balanced accuracy,1.9462406800012104,0.006121678001363762,0.7777777777777778,0.5277777777777778,0.8717948717948718,0.9444444444444444,0.1111111111111111,0.6604938271604939,0.8995292065723477,0.4742715686274498,0.15392682897808546,/home/prime/Documents/g3/tab-r1/paper/tables/source_data/full_fold_models/per_cancer/extreme_os/LSCC/repeat_00_fold_02/catboost/test_predictions.csv
per_cancer,extreme_os,LSCC,0,2,xgboost,142,35,45,success,0.8735072612762451,validation split balanced accuracy,0.12161540200031595,0.005415429997810861,0.6,0.5,0.7272727272727273,0.6666666666666666,0.3333333333333333,0.6141975308641975,0.889622988777842,0.5594817520693719,0.1710037691859474,/home/prime/Documents/g3/tab-r1/paper/tables/source_data/full_fold_models/per_cancer/extreme_os/LSCC/repeat_00_fold_02/xgboost/test_predictions.csv
per_cancer,extreme_os,LSCC,0,2,lightgbm,142,35,45,success,0.8643386560215868,validation split balanced accuracy,0.05514523899910273,0.006534085001476342,0.7111111111111111,0.6111111111111112,0.8115942028985508,0.7777777777777778,0.4444444444444444,0.6481481481481481,0.8950226636574363,0.6472044256832155,0.1660095345021902,/home/prime/Documents/g3/tab-r1/paper/tables/source_data/full_fold_models/per_cancer/extreme_os/LSCC/repeat_00_fold_02/lightgbm/test_predictions.csv
per_cancer,extreme_os,LSCC,0,3,logistic_regression,141,36,45,success,0.8403987892482252,validation split balanced accuracy,0.009510742998827482,0.0046122790008666925,0.5555555555555556,0.575,0.6875,0.55,0.6,0.665,0.9432384010467836,0.36849450499468916,0.1111454721389033,/home/prime/Documents/g3/tab-r1/paper/tables/source_data/full_fold_models/per_cancer/extreme_os/LSCC/repeat_00_fold_03/logistic_regression/test_predictions.csv
per_cancer,extreme_os,LSCC,0,3,random_forest,141,36,45,success,0.8148076923076922,validation split balanced accuracy,0.36057567699754145,0.07440391799900681,0.3333333333333333,0.625,0.4,0.25,1.0,0.5700000000000001,0.9316111604819788,0.40414592654088843,0.12036992369747562,/home/prime/Documents/g3/tab-r1/paper/tables/source_data/full_fold_models/per_cancer/extreme_os/LSCC/repeat_00_fold_03/random_forest/test_predictions.csv
per_cancer,extreme_os,LSCC,0,3,catboost,141,36,45,success,0.8505586529021656,validation split balanced accuracy,1.6730622479990416,0.005753154997364618,0.37777777777777777,0.65,0.46153846153846156,0.3,1.0,0.645,0.9432097207714543,0.3586277228184182,0.10235661753990301,/home/prime/Documents/g3/tab-r1/paper/tables/source_data/full_fold_models/per_cancer/extreme_os/LSCC/repeat_00_fold_03/catboost/test_predictions.csv
per_cancer,extreme_os,LSCC,0,3,xgboost,141,36,45,success,0.8965843319892883,validation split balanced accuracy,0.12380128099903231,0.005589213000348536,0.6,0.5125,0.7352941176470589,0.625,0.4,0.49,0.8904488071180631,0.4244001608150568,0.11883978345737359,/home/prime/Documents/g3/tab-r1/paper/tables/source_data/full_fold_models/per_cancer/extreme_os/LSCC/repeat_00_fold_03/xgboost/test_predictions.csv
per_cancer,extreme_os,LSCC,0,3,lightgbm,141,36,45,success,0.9113126713665128,validation split balanced accuracy,0.04242203600006178,0.0062720349997107405,0.5555555555555556,0.4875,0.696969696969697,0.575,0.4,0.49500000000000005,0.8893516236642619,0.545114708872412,0.14375160577136334,/home/prime/Documents/g3/tab-r1/paper/tables/source_data/full_fold_models/per_cancer/extreme_os/LSCC/repeat_00_fold_03/lightgbm/test_predictions.csv
per_cancer,extreme_os,LSCC,0,4,logistic_regression,142,36,44,success,0.820437432415314,validation split balanced accuracy,0.009392487998411525,0.004710205997980665,0.6590909090909091,0.5023809523809524,0.7887323943661971,0.9333333333333333,0.07142857142857142,0.5571428571428572,0.7080561885857126,0.6966171309476953,0.2397903458827395,/home/prime/Documents/g3/tab-r1/paper/tables/source_data/full_fold_models/per_cancer/extreme_os/LSCC/repeat_00_fold_04/logistic_regression/test_predictions.csv
per_cancer,extreme_os,LSCC,0,4,random_forest,142,36,44,success,0.8366666666666667,validation split balanced accuracy,0.35559042699969723,0.07691985699784709,0.6136363636363636,0.5833333333333333,0.7017543859649122,0.6666666666666666,0.5,0.5392857142857143,0.6787059774762785,1.1166461590744934,0.23505774957865186,/home/prime/Documents/g3/tab-r1/paper/tables/source_data/full_fold_models/per_cancer/extreme_os/LSCC/repeat_00_fold_04/random_forest/test_predictions.csv
per_cancer,extreme_os,LSCC,0,4,catboost,142,36,44,success,0.7960463382061852,validation split balanced accuracy,0.7266902000010305,0.005615321999357548,0.6136363636363636,0.5833333333333333,0.7017543859649122,0.6666666666666666,0.5,0.5452380952380952,0.7451717075070327,0.6528132564204089,0.2282191607444082,/home/prime/Documents/g3/tab-r1/paper/tables/source_data/full_fold_models/per_cancer/extreme_os/LSCC/repeat_00_fold_04/catboost/test_predictions.csv
per_cancer,extreme_os,LSCC,0,4,xgboost,142,36,44,success,0.91215580701828,validation split balanced accuracy,0.08573880000039935,0.00627094199808198,0.4772727272727273,0.4642857142857143,0.5660377358490566,0.5,0.42857142857142855,0.44166666666666665,0.6399941840398229,1.0417514226557756,0.2718336185104007,/home/prime/Documents/g3/tab-r1/paper/tables/source_data/full_fold_models/per_cancer/extreme_os/LSCC/repeat_00_fold_04/xgboost/test_predictions.csv
per_cancer,extreme_os,LSCC,0,4,lightgbm,142,36,44,success,0.7866443553079602,validation split balanced accuracy,0.034684194997680606,0.006195720001414884,0.5909090909090909,0.5285714285714286,0.7,0.7,0.35714285714285715,0.5130952380952382,0.6874053378606167,0.8502289345086836,0.2494133048216236,/home/prime/Documents/g3/tab-r1/paper/tables/source_data/full_fold_models/per_cancer/extreme_os/LSCC/repeat_00_fold_04/lightgbm/test_predictions.csv
per_cancer,extreme_os,LSCC,1,0,logistic_regression,142,35,45,success,0.8117713995693864,validation split balanced accuracy,0.009615113001927966,0.004720204997283872,0.4666666666666667,0.44285714285714284,0.5862068965517241,0.4857142857142857,0.4,0.5142857142857142,0.7930574804802857,0.5363192038910509,0.17402976307499757,/home/prime/Documents/g3/tab-r1/paper/tables/source_data/full_fold_models/per_cancer/extreme_os/LSCC/repeat_01_fold_00/logistic_regression/test_predictions.csv
per_cancer,extreme_os,LSCC,1,0,random_forest,142,35,45,success,0.6633333333333333,validation split balanced accuracy,0.3420504760033509,0.07265351800015196,0.6666666666666666,0.4642857142857143,0.7945205479452054,0.8285714285714286,0.1,0.5714285714285714,0.857805442145914,0.542926380552906,0.1814674074074083,/home/prime/Documents/g3/tab-r1/paper/tables/source_data/full_fold_models/per_cancer/extreme_os/LSCC/repeat_01_fold_00/random_forest/test_predictions.csv
per_cancer,extreme_os,LSCC,1,0,catboost,142,35,45,success,0.8203291463358685,validation split balanced accuracy,0.7458208740026748,0.005519218997505959,0.35555555555555557,0.55,0.32558139534883723,0.2,0.9,0.6142857142857143,0.8556562134943148,0.5032941374309894,0.166428627132453,/home/prime/Documents/g3/tab-r1/paper/tables/source_data/full_fold_models/per_cancer/extreme_os/LSCC/repeat_01_fold_00/catboost/test_predictions.csv
per_cancer,extreme_os,LSCC,1,0,xgboost,142,35,45,success,0.8837117552757263,validation split balanced accuracy,0.08226924200062058,0.00629120099983993,0.4666666666666667,0.44285714285714284,0.5862068965517241,0.4857142857142857,0.4,0.5314285714285714,0.8369557534076816,0.7566569426615656,0.22942515140756028,/home/prime/Documents/g3/tab-r1/paper/tables/source_data/full_fold_models/per_cancer/extreme_os/LSCC/repeat_01_fold_00/xgboost/test_predictions.csv
per_cancer,extreme_os,LSCC,1,0,lightgbm,142,35,45,success,0.960983513169464,validation split balanced accuracy,0.03248026100118295,0.006358188999001868,0.4,0.5428571428571429,0.425531914893617,0.2857142857142857,0.8,0.49142857142857144,0.8149351472244409,0.7251800693718151,0.22297995390965797,/home/prime/Documents/g3/tab-r1/paper/tables/source_data/full_fold_models/per_cancer/extreme_os/LSCC/repeat_01_fold_00/lightgbm/test_predictions.csv
per_cancer,extreme_os,LSCC,1,1,logistic_regression,142,36,44,success,0.7880256600649924,validation split balanced accuracy,0.009894935999909649,0.004036310001538368,0.6136363636363636,0.6544401544401545,0.7213114754098361,0.5945945945945946,0.7142857142857143,0.5868725868725869,0.8869068952958208,0.45124828507937403,0.13845616302635097,/home/prime/Documents/g3/tab-r1/paper/tables/source_data/full_fold_models/per_cancer/extreme_os/LSCC/repeat_01_fold_01/logistic_regression/test_predictions.csv
per_cancer,extreme_os,LSCC,1,1,random_forest,142,36,44,success,0.81,validation split balanced accuracy,0.34108674899835023,0.07355236299918033,0.5,0.6447876447876448,0.5925925925925926,0.43243243243243246,0.8571428571428571,0.7065637065637066,0.9322258752108628,0.4293985430391499,0.13640370590230425,/home/prime/Documents/g3/tab-r1/paper/tables/source_data/full_fold_models/per_cancer/extreme_os/LSCC/repeat_01_fold_01/random_forest/test_predictions.csv
per_cancer,extreme_os,LSCC,1,1,catboost,142,36,44,success,0.734030488573084,validation split balanced accuracy,0.7456446180003695,0.005602948000159813,0.6818181818181818,0.6370656370656371,0.7878787878787878,0.7027027027027027,0.5714285714285714,0.6023166023166023,0.8949816839240814,0.4423958546665929,0.13693930655443842,/home/prime/Documents/g3/tab-r1/paper/tables/source_data/full_fold_models/per_cancer/extreme_os/LSCC/repeat_01_fold_01/catboost/test_predictions.csv
per_cancer,extreme_os,LSCC,1,1,xgboost,142,36,44,success,0.5435571074485779,validation split balanced accuracy,0.08846803699998418,0.0063362079999933485,0.8636363636363636,0.6872586872586872,0.9210526315789473,0.9459459459459459,0.42857142857142855,0.5868725868725868,0.852024290670961,0.5063471272035195,0.142143312876506,/home/prime/Documents/g3/tab-r1/paper/tables/source_data/full_fold_models/per_cancer/extreme_os/LSCC/repeat_01_fold_01/xgboost/test_predictions.csv
per_cancer,extreme_os,LSCC,1,1,lightgbm,142,36,44,success,0.6613701535123966,validation split balanced accuracy,0.032099865999043686,0.006311510998784797,0.75,0.6776061776061776,0.8405797101449275,0.7837837837837838,0.5714285714285714,0.6332046332046333,0.8516700567277309,0.4664128501722532,0.13081649607375284,/home/prime/Documents/g3/tab-r1/paper/tables/source_data/full_fold_models/per_cancer/extreme_os/LSCC/repeat_01_fold_01/lightgbm/test_predictions.csv
per_cancer,extreme_os,LSCC,1,2,logistic_regression,142,36,44,success,0.8024404912701041,validation split balanced accuracy,0.009493470999586862,0.004026090002298588,0.5227272727272727,0.4393939393939394,0.6557377049180327,0.6060606060606061,0.2727272727272727,0.49724517906336085,0.7952843356107753,0.5733346519371467,0.1913526400926231,/home/prime/Documents/g3/tab-r1/paper/tables/source_data/full_fold_models/per_cancer/extreme_os/LSCC/repeat_01_fold_02/logistic_regression/test_predictions.csv
per_cancer,extreme_os,LSCC,1,2,random_forest,142,36,44,success,0.97,validation split balanced accuracy,0.3396629019989632,0.07014914100000169,0.29545454545454547,0.5,0.16216216216216217,0.09090909090909091,0.9090909090909091,0.5041322314049587,0.7704298687092708,0.9659186835249397,0.22001691464646556,/home/prime/Documents/g3/tab-r1/paper/tables/source_data/full_fold_models/per_cancer/extreme_os/LSCC/repeat_01_fold_02/random_forest/test_predictions.csv
per_cancer,extreme_os,LSCC,1,2,catboost,142,36,44,success,0.8272659410316988,validation split balanced accuracy,0.5716650640024454,0.0056243990002258215,0.5227272727272727,0.5303030303030303,0.6181818181818182,0.5151515151515151,0.5454545454545454,0.5,0.7603484932819182,0.652638911227736,0.20658991166351293,/home/prime/Documents/g3/tab-r1/paper/tables/source_data/full_fold_models/per_cancer/extreme_os/LSCC/repeat_01_fold_02/catboost/test_predictions.csv
per_cancer,extreme_os,LSCC,1,2,xgboost,142,36,44,success,0.9646645188331604,validation split balanced accuracy,0.08279154900083086,0.006138249998912215,0.45454545454545453,0.48484848484848486,0.5384615384615384,0.42424242424242425,0.5454545454545454,0.47796143250688705,0.7471955684558678,1.043280530931843,0.2740956360827162,/home/prime/Documents/g3/tab-r1/paper/tables/source_data/full_fold_models/per_cancer/extreme_os/LSCC/repeat_01_fold_02/xgboost/test_predictions.csv
per_cancer,extreme_os,LSCC,1,2,lightgbm,142,36,44,success,0.9124233955384066,validation split balanced accuracy,0.033777376000216464,0.00583733599705738,0.5227272727272727,0.4696969696969697,0.6440677966101694,0.5757575757575758,0.36363636363636365,0.46418732782369154,0.7231853973700233,1.1311250777728383,0.2669297394502588,/home/prime/Documents/g3/tab-r1/paper/tables/source_data/full_fold_models/per_cancer/extreme_os/LSCC/repeat_01_fold_02/lightgbm/test_predictions.csv
per_cancer,extreme_os,LSCC,1,3,logistic_regression,141,36,45,success,0.8152528685938162,validation split balanced accuracy,0.009762091998709366,0.00469964500007336,0.4444444444444444,0.5,0.4444444444444444,0.3333333333333333,0.6666666666666666,0.4622222222222222,0.6454694706667174,0.7147906550911611,0.24809236796385228,/home/prime/Documents/g3/tab-r1/paper/tables/source_data/full_fold_models/per_cancer/extreme_os/LSCC/repeat_01_fold_03/logistic_regression/test_predictions.csv
per_cancer,extreme_os,LSCC,1,3,random_forest,141,36,45,success,0.9033333333333333,validation split balanced accuracy,0.3465099239983829,0.08005830500042066,0.4444444444444444,0.5666666666666667,0.32432432432432434,0.2,0.9333333333333333,0.5011111111111111,0.7087792453093542,0.7142481568928558,0.246033450303754,/home/prime/Documents/g3/tab-r1/paper/tables/source_data/full_fold_models/per_cancer/extreme_os/LSCC/repeat_01_fold_03/random_forest/test_predictions.csv
per_cancer,extreme_os,LSCC,1,3,catboost,141,36,45,success,0.8316425859921098,validation split balanced accuracy,0.5531772149988683,0.00571206599852303,0.4222222222222222,0.5333333333333333,0.3157894736842105,0.2,0.8666666666666667,0.47555555555555556,0.7102246157605723,0.6867382498409857,0.2408820107086899,/home/prime/Documents/g3/tab-r1/paper/tables/source_data/full_fold_models/per_cancer/extreme_os/LSCC/repeat_01_fold_03/catboost/test_predictions.csv
per_cancer,extreme_os,LSCC,1,3,xgboost,141,36,45,success,0.2818308472633362,validation split balanced accuracy,0.0842128500007675,0.006214034001459368,0.6666666666666666,0.5,0.8,1.0,0.0,0.45777777777777773,0.6516530029194005,1.039832635558747,0.2869448615078762,/home/prime/Documents/g3/tab-r1/paper/tables/source_data/full_fold_models/per_cancer/extreme_os/LSCC/repeat_01_fold_03/xgboost/test_predictions.csv
per_cancer,extreme_os,LSCC,1,3,lightgbm,141,36,45,success,0.8905714294924024,validation split balanced accuracy,0.03291921900017769,0.005909373001486529,0.5777777777777777,0.5333333333333333,0.6779661016949152,0.6666666666666666,0.4,0.5911111111111111,0.7392476653289517,0.9323801851235841,0.2753712446036649,/home/prime/Documents/g3/tab-r1/paper/tables/source_data/full_fold_models/per_cancer/extreme_os/LSCC/repeat_01_fold_03/lightgbm/test_predictions.csv
per_cancer,extreme_os,LSCC,1,4,logistic_regression,142,36,44,success,0.9023944925067576,validation split balanced accuracy,0.009619491000194103,0.004688924997026334,0.45454545454545453,0.6158730158730159,0.5,0.34285714285714286,0.8888888888888888,0.7047619047619048,0.9024872320191458,0.5314661456184755,0.1641779989866321,/home/prime/Documents/g3/tab-r1/paper/tables/source_data/full_fold_models/per_cancer/extreme_os/LSCC/repeat_01_fold_04/logistic_regression/test_predictions.csv
per_cancer,extreme_os,LSCC,1,4,random_forest,142,36,44,success,0.74,validation split balanced accuracy,0.34689297499789973,0.07392648699897109,0.4772727272727273,0.4650793650793651,0.5964912280701754,0.4857142857142857,0.4444444444444444,0.5015873015873016,0.8540037770975512,0.5342381198880998,0.1772774453597731,/home/prime/Documents/g3/tab-r1/paper/tables/source_data/full_fold_models/per_cancer/extreme_os/LSCC/repeat_01_fold_04/random_forest/test_predictions.csv
per_cancer,extreme_os,LSCC,1,4,catboost,142,36,44,success,0.8168174108100189,validation split balanced accuracy,1.9963892369996756,0.0059625740032061,0.5681818181818182,0.4809523809523809,0.6984126984126984,0.6285714285714286,0.3333333333333333,0.5333333333333333,0.8494414133500833,0.526552125963355,0.16905955051248445,/home/prime/Documents/g3/tab-r1/paper/tables/source_data/full_fold_models/per_cancer/extreme_os/LSCC/repeat_01_fold_04/catboost/test_predictions.csv
per_cancer,extreme_os,LSCC,1,4,xgboost,142,36,44,success,0.9181113243103027,validation split balanced accuracy,0.13563090800016653,0.006011978999595158,0.6590909090909091,0.6206349206349207,0.7619047619047619,0.6857142857142857,0.5555555555555556,0.5746031746031746,0.8552696158889558,0.6079864097884726,0.180810876789128,/home/prime/Documents/g3/tab-r1/paper/tables/source_data/full_fold_models/per_cancer/extreme_os/LSCC/repeat_01_fold_04/xgboost/test_predictions.csv
per_cancer,extreme_os,LSCC,1,4,lightgbm,142,36,44,success,0.952352231427201,validation split balanced accuracy,0.04024698799912585,0.0062591899986728095,0.5681818181818182,0.4809523809523809,0.6984126984126984,0.6285714285714286,0.3333333333333333,0.5174603174603174,0.8414790940295018,0.8137496594795534,0.19631561166242822,/home/prime/Documents/g3/tab-r1/paper/tables/source_data/full_fold_models/per_cancer/extreme_os/LSCC/repeat_01_fold_04/lightgbm/test_predictions.csv
per_cancer,extreme_os,LSCC,2,0,logistic_regression,142,36,44,success,0.8752834984089346,validation split balanced accuracy,0.009547362999001052,0.004682802999013802,0.5,0.5352941176470588,0.5925925925925926,0.47058823529411764,0.6,0.5558823529411765,0.7867208532424251,0.5771336297754154,0.1779561935224596,/home/prime/Documents/g3/tab-r1/paper/tables/source_data/full_fold_models/per_cancer/extreme_os/LSCC/repeat_02_fold_00/logistic_regression/test_predictions.csv
per_cancer,extreme_os,LSCC,2,0,random_forest,142,36,44,success,0.7161538461538461,validation split balanced accuracy,0.35627606400157674,0.08045958900038386,0.5909090909090909,0.5588235294117647,0.7,0.6176470588235294,0.5,0.6367647058823529,0.8855265679732752,0.5112341557545227,0.1723867011035934,/home/prime/Documents/g3/tab-r1/paper/tables/source_data/full_fold_models/per_cancer/extreme_os/LSCC/repeat_02_fold_00/random_forest/test_predictions.csv
per_cancer,extreme_os,LSCC,2,0,catboost,142,36,44,success,0.797157989211175,validation split balanced accuracy,1.8419605789968045,0.005771138999989489,0.6590909090909091,0.6029411764705883,0.7619047619047619,0.7058823529411765,0.5,0.6411764705882352,0.8708715809032558,0.5216035443528563,0.17157332783018975,/home/prime/Documents/g3/tab-r1/paper/tables/source_data/full_fold_models/per_cancer/extreme_os/LSCC/repeat_02_fold_00/catboost/test_predictions.csv
per_cancer,extreme_os,LSCC,2,0,xgboost,142,36,44,success,0.9133318662643433,validation split balanced accuracy,0.12469397400127491,0.006290479999734089,0.6136363636363636,0.5735294117647058,0.7213114754098361,0.6470588235294118,0.5,0.6294117647058823,0.8631171310736523,0.6195919596707563,0.19022612051092513,/home/prime/Documents/g3/tab-r1/paper/tables/source_data/full_fold_models/per_cancer/extreme_os/LSCC/repeat_02_fold_00/xgboost/test_predictions.csv
per_cancer,extreme_os,LSCC,2,0,lightgbm,142,36,44,success,0.7555941367373267,validation split balanced accuracy,0.04448982100075227,0.006470151998655638,0.7045454545454546,0.5617647058823529,0.8115942028985508,0.8235294117647058,0.3,0.6205882352941176,0.8343113879002185,0.7162947559350376,0.1990749567171022,/home/prime/Documents/g3/tab-r1/paper/tables/source_data/full_fold_models/per_cancer/extreme_os/LSCC/repeat_02_fold_00/lightgbm/test_predictions.csv
per_cancer,extreme_os,LSCC,2,1,logistic_regression,142,36,44,success,0.9533504310480801,validation split balanced accuracy,0.009767002000444336,0.004637165999156423,0.29545454545454547,0.5441176470588235,0.16216216216216217,0.08823529411764706,1.0,0.5794117647058823,0.8560096872884215,0.5669455139040195,0.18930306546880613,/home/prime/Documents/g3/tab-r1/paper/tables/source_data/full_fold_models/per_cancer/extreme_os/LSCC/repeat_02_fold_01/logistic_regression/test_predictions.csv
per_cancer,extreme_os,LSCC,2,1,random_forest,142,36,44,success,0.8418888888888889,validation split balanced accuracy,0.3521983659993566,0.07639842299977317,0.4772727272727273,0.5911764705882353,0.5306122448979592,0.38235294117647056,0.8,0.5455882352941176,0.8052057263544238,0.5510700788038865,0.18063648873728877,/home/prime/Documents/g3/tab-r1/paper/tables/source_data/full_fold_models/per_cancer/extreme_os/LSCC/repeat_02_fold_01/random_forest/test_predictions.csv
per_cancer,extreme_os,LSCC,2,1,catboost,142,36,44,success,0.8917057050428152,validation split balanced accuracy,1.6833198050007923,0.00588451500152587,0.45454545454545453,0.611764705882353,0.4782608695652174,0.3235294117647059,0.9,0.5882352941176472,0.8570570582855891,0.5327776934770967,0.17421667942706817,/home/prime/Documents/g3/tab-r1/paper/tables/source_data/full_fold_models/per_cancer/extreme_os/LSCC/repeat_02_fold_01/catboost/test_predictions.csv
per_cancer,extreme_os,LSCC,2,1,xgboost,142,36,44,success,0.9959142804145813,validation split balanced accuracy,0.11749755599885248,0.005265545001748251,0.22727272727272727,0.5,0.0,0.0,1.0,0.55,0.7898783442304474,0.7017977762603009,0.20168142419922563,/home/prime/Documents/g3/tab-r1/paper/tables/source_data/full_fold_models/per_cancer/extreme_os/LSCC/repeat_02_fold_01/xgboost/test_predictions.csv
per_cancer,extreme_os,LSCC,2,1,lightgbm,142,36,44,success,0.995180812146348,validation split balanced accuracy,0.043513429001905024,0.006207190999703016,0.3409090909090909,0.538235294117647,0.2926829268292683,0.17647058823529413,0.9,0.5499999999999999,0.8186030551251061,0.839872792982923,0.2088223276288642,/home/prime/Documents/g3/tab-r1/paper/tables/source_data/full_fold_models/per_cancer/extreme_os/LSCC/repeat_02_fold_01/lightgbm/test_predictions.csv
per_cancer,extreme_os,LSCC,2,2,logistic_regression,142,36,44,success,0.8402457112695635,validation split balanced accuracy,0.009844028998486465,0.004649048998544458,0.5681818181818182,0.6047619047619047,0.6666666666666666,0.5428571428571428,0.6666666666666666,0.5952380952380951,0.8534469275158102,0.5382738936864574,0.17253064786765585,/home/prime/Documents/g3/tab-r1/paper/tables/source_data/full_fold_models/per_cancer/extreme_os/LSCC/repeat_02_fold_02/logistic_regression/test_predictions.csv
per_cancer,extreme_os,LSCC,2,2,random_forest,142,36,44,success,0.7566666666666667,validation split balanced accuracy,0.35202555599971674,0.0728328010009136,0.5227272727272727,0.4936507936507936,0.6440677966101694,0.5428571428571428,0.4444444444444444,0.4285714285714286,0.7632877881079405,0.8760348560626189,0.18860100555555642,/home/prime/Documents/g3/tab-r1/paper/tables/source_data/full_fold_models/per_cancer/extreme_os/LSCC/repeat_02_fold_02/random_forest/test_predictions.csv
per_cancer,extreme_os,LSCC,2,2,catboost,142,36,44,success,0.8668650324925125,validation split balanced accuracy,1.8308905710000545,0.005667933000950143,0.36363636363636365,0.39365079365079364,0.46153846153846156,0.34285714285714286,0.4444444444444444,0.480952380952381,0.7762789573073702,0.5873122559595839,0.1738150015449201,/home/prime/Documents/g3/tab-r1/paper/tables/source_data/full_fold_models/per_cancer/extreme_os/LSCC/repeat_02_fold_02/catboost/test_predictions.csv
per_cancer,extreme_os,LSCC,2,2,xgboost,142,36,44,success,0.9346809387207031,validation split balanced accuracy,0.12638652299938258,0.006199677001859527,0.4772727272727273,0.4650793650793651,0.5964912280701754,0.4857142857142857,0.4444444444444444,0.4650793650793651,0.7787295001417885,0.7592749205556931,0.19000323691185353,/home/prime/Documents/g3/tab-r1/paper/tables/source_data/full_fold_models/per_cancer/extreme_os/LSCC/repeat_02_fold_02/xgboost/test_predictions.csv
per_cancer,extreme_os,LSCC,2,2,lightgbm,142,36,44,success,0.8886540579432417,validation split balanced accuracy,0.04497902399816667,0.006251585997233633,0.6136363636363636,0.5095238095238095,0.7384615384615385,0.6857142857142857,0.3333333333333333,0.49047619047619045,0.7956520779207169,1.0346873746009395,0.18997727743167073,/home/prime/Documents/g3/tab-r1/paper/tables/source_data/full_fold_models/per_cancer/extreme_os/LSCC/repeat_02_fold_02/lightgbm/test_predictions.csv
per_cancer,extreme_os,LSCC,2,3,logistic_regression,141,36,45,success,0.792188085204834,validation split balanced accuracy,0.009459985998546472,0.0046365749985852744,0.6,0.5817307692307692,0.6896551724137931,0.625,0.5384615384615384,0.5504807692307693,0.7493936373671595,0.6108137026356847,0.20868260255787507,/home/prime/Documents/g3/tab-r1/paper/tables/source_data/full_fold_models/per_cancer/extreme_os/LSCC/repeat_02_fold_03/logistic_regression/test_predictions.csv
per_cancer,extreme_os,LSCC,2,3,random_forest,141,36,45,success,0.9220826211971723,validation split balanced accuracy,0.34133447999920463,0.0742903309983376,0.4666666666666667,0.6021634615384616,0.42857142857142855,0.28125,0.9230769230769231,0.609375,0.8211858746710973,0.6379932531239734,0.22013841950408042,/home/prime/Documents/g3/tab-r1/paper/tables/source_data/full_fold_models/per_cancer/extreme_os/LSCC/repeat_02_fold_03/random_forest/test_predictions.csv
per_cancer,extreme_os,LSCC,2,3,catboost,141,36,45,success,0.8271931872723405,validation split balanced accuracy,0.554559641997912,0.006139952998637455,0.5111111111111111,0.6105769230769231,0.5217391304347826,0.375,0.8461538461538461,0.65625,0.8536633940872369,0.6159531880929179,0.21253330883958996,/home/prime/Documents/g3/tab-r1/paper/tables/source_data/full_fold_models/per_cancer/extreme_os/LSCC/repeat_02_fold_03/catboost/test_predictions.csv
per_cancer,extreme_os,LSCC,2,3,xgboost,141,36,45,success,0.9783575534820557,validation split balanced accuracy,0.07798839599854546,0.005650379000144312,0.4,0.5552884615384616,0.3076923076923077,0.1875,0.9230769230769231,0.5072115384615384,0.7421987202109926,0.8734633243270207,0.2524680937247809,/home/prime/Documents/g3/tab-r1/paper/tables/source_data/full_fold_models/per_cancer/extreme_os/LSCC/repeat_02_fold_03/xgboost/test_predictions.csv
per_cancer,extreme_os,LSCC,2,3,lightgbm,141,36,45,success,0.844864746583746,validation split balanced accuracy,0.026645310997992055,0.005928470000071684,0.5777777777777777,0.5432692307692308,0.6779661016949152,0.625,0.46153846153846156,0.5697115384615385,0.7876281062966047,0.7551913720456137,0.23923593941258864,/home/prime/Documents/g3/tab-r1/paper/tables/source_data/full_fold_models/per_cancer/extreme_os/LSCC/repeat_02_fold_03/lightgbm/test_predictions.csv
per_cancer,extreme_os,LSCC,2,4,logistic_regression,142,35,45,success,0.7977090450971407,validation split balanced accuracy,0.00982440199732082,0.004683905001002131,0.6666666666666666,0.5714285714285714,0.7761194029850746,0.7428571428571429,0.4,0.5228571428571428,0.7688069305782237,0.5634587438184505,0.17922203634524503,/home/prime/Documents/g3/tab-r1/paper/tables/source_data/full_fold_models/per_cancer/extreme_os/LSCC/repeat_02_fold_04/logistic_regression/test_predictions.csv
per_cancer,extreme_os,LSCC,2,4,random_forest,142,35,45,success,0.7933333333333333,validation split balanced accuracy,0.3493100060004508,0.0731949920009356,0.5555555555555556,0.5357142857142857,0.6666666666666666,0.5714285714285714,0.5,0.5114285714285713,0.7767671308213825,0.5910293652898098,0.18859376121242258,/home/prime/Documents/g3/tab-r1/paper/tables/source_data/full_fold_models/per_cancer/extreme_os/LSCC/repeat_02_fold_04/random_forest/test_predictions.csv
per_cancer,extreme_os,LSCC,2,4,catboost,142,35,45,success,0.8567606766352764,validation split balanced accuracy,0.7827478180006437,0.0054952530008449685,0.4,0.5428571428571429,0.425531914893617,0.2857142857142857,0.8,0.5628571428571428,0.8392893657380568,0.5462305307780013,0.18011900006611437,/home/prime/Documents/g3/tab-r1/paper/tables/source_data/full_fold_models/per_cancer/extreme_os/LSCC/repeat_02_fold_04/catboost/test_predictions.csv
per_cancer,extreme_os,LSCC,2,4,xgboost,142,35,45,success,0.8384294509887695,validation split balanced accuracy,0.0756209499995748,0.005401113001425983,0.5555555555555556,0.4642857142857143,0.6875,0.6285714285714286,0.3,0.4514285714285714,0.7228185168753614,0.8494522982620996,0.22521691727651064,/home/prime/Documents/g3/tab-r1/paper/tables/source_data/full_fold_models/per_cancer/extreme_os/LSCC/repeat_02_fold_04/xgboost/test_predictions.csv
per_cancer,extreme_os,LSCC,2,4,lightgbm,142,35,45,success,0.89713083361473,validation split balanced accuracy,0.028073454999685055,0.0056434260004607495,0.5111111111111111,0.4714285714285714,0.6333333333333333,0.5428571428571428,0.4,0.4685714285714285,0.7590712131330306,0.7855188154446331,0.22459708083736413,/home/prime/Documents/g3/tab-r1/paper/tables/source_data/full_fold_models/per_cancer/extreme_os/LSCC/repeat_02_fold_04/lightgbm/test_predictions.csv
per_cancer,extreme_os,LSCC,3,0,logistic_regression,142,36,44,success,0.860291177146506,validation split balanced accuracy,0.009979276997910347,0.004674567997426493,0.6136363636363636,0.5909090909090908,0.711864406779661,0.6363636363636364,0.5454545454545454,0.578512396694215,0.7870051106511313,0.6414463991211256,0.19918166390346145,/home/prime/Documents/g3/tab-r1/paper/tables/source_data/full_fold_models/per_cancer/extreme_os/LSCC/repeat_03_fold_00/logistic_regression/test_predictions.csv
per_cancer,extreme_os,LSCC,3,0,random_forest,142,36,44,success,0.7612207792207792,validation split balanced accuracy,0.35434757600160083,0.07345975700081908,0.6363636363636364,0.5757575757575758,0.7419354838709677,0.696969696969697,0.45454545454545453,0.6652892561983471,0.8871652914131517,0.5351687469503065,0.18062187916135722,/home/prime/Documents/g3/tab-r1/paper/tables/source_data/full_fold_models/per_cancer/extreme_os/LSCC/repeat_03_fold_00/random_forest/test_predictions.csv
per_cancer,extreme_os,LSCC,3,0,catboost,142,36,44,success,0.7850309073320012,validation split balanced accuracy,1.961656547999155,0.0057588460003898945,0.75,0.5606060606060607,0.8493150684931506,0.9393939393939394,0.18181818181818182,0.6446280991735538,0.8617094512575537,0.582540669380821,0.19463903117190026,/home/prime/Documents/g3/tab-r1/paper/tables/source_data/full_fold_models/per_cancer/extreme_os/LSCC/repeat_03_fold_00/catboost/test_predictions.csv
per_cancer,extreme_os,LSCC,3,0,xgboost,142,36,44,success,0.9078894257545471,validation split balanced accuracy,0.12740525600020192,0.006224804998055333,0.6818181818181818,0.6060606060606061,0.78125,0.7575757575757576,0.45454545454545453,0.5123966942148761,0.7577740828104652,0.8878147904246275,0.24481327231889605,/home/prime/Documents/g3/tab-r1/paper/tables/source_data/full_fold_models/per_cancer/extreme_os/LSCC/repeat_03_fold_00/xgboost/test_predictions.csv
per_cancer,extreme_os,LSCC,3,0,lightgbm,142,36,44,success,0.8504288255325592,validation split balanced accuracy,0.04357409499789355,0.00669094499971834,0.7045454545454546,0.5606060606060606,0.8115942028985508,0.8484848484848485,0.2727272727272727,0.5619834710743802,0.7611929337026998,1.0329626798579437,0.23904112196829264,/home/prime/Documents/g3/tab-r1/paper/tables/source_data/full_fold_models/per_cancer/extreme_os/LSCC/repeat_03_fold_00/lightgbm/test_predictions.csv
per_cancer,extreme_os,LSCC,3,1,logistic_regression,141,36,45,success,0.8176753103090653,validation split balanced accuracy,0.009421152997674653,0.004611637999914819,0.4666666666666667,0.3712121212121212,0.6129032258064516,0.5757575757575758,0.16666666666666666,0.34974747474747475,0.6951166871941193,0.6329894126626098,0.21312447542034024,/home/prime/Documents/g3/tab-r1/paper/tables/source_data/full_fold_models/per_cancer/extreme_os/LSCC/repeat_03_fold_01/logistic_regression/test_predictions.csv
per_cancer,extreme_os,LSCC,3,1,random_forest,141,36,45,success,0.87,validation split balanced accuracy,0.3401321170022129,0.07520932400075253,0.3111111111111111,0.39772727272727276,0.3111111111111111,0.21212121212121213,0.5833333333333334,0.2941919191919192,0.6620623858799091,1.031535150319278,0.24387406962963054,/home/prime/Documents/g3/tab-r1/paper/tables/source_data/full_fold_models/per_cancer/extreme_os/LSCC/repeat_03_fold_01/random_forest/test_predictions.csv
per_cancer,extreme_os,LSCC,3,1,catboost,141,36,45,success,0.7318619516820747,validation split balanced accuracy,0.7608119920005265,0.005497116999322316,0.5555555555555556,0.3787878787878788,0.7142857142857143,0.7575757575757576,0.0,0.3396464646464647,0.6846928864865531,0.7157179536927392,0.22860097055185033,/home/prime/Documents/g3/tab-r1/paper/tables/source_data/full_fold_models/per_cancer/extreme_os/LSCC/repeat_03_fold_01/catboost/test_predictions.csv
per_cancer,extreme_os,LSCC,3,1,xgboost,141,36,45,success,0.97142493724823,validation split balanced accuracy,0.07609276899893302,0.005644677999953274,0.35555555555555557,0.4810606060606061,0.32558139534883723,0.21212121212121213,0.75,0.3851010101010101,0.693505460874837,0.9659227638530327,0.26273135157240496,/home/prime/Documents/g3/tab-r1/paper/tables/source_data/full_fold_models/per_cancer/extreme_os/LSCC/repeat_03_fold_01/xgboost/test_predictions.csv
per_cancer,extreme_os,LSCC,3,1,lightgbm,141,36,45,success,0.7964667773372935,validation split balanced accuracy,0.030519642001308966,0.005812829000205966,0.5555555555555556,0.40530303030303033,0.7058823529411765,0.7272727272727273,0.08333333333333333,0.4128787878787879,0.6871952741560976,1.061267769783702,0.28117316737962306,/home/prime/Documents/g3/tab-r1/paper/tables/source_data/full_fold_models/per_cancer/extreme_os/LSCC/repeat_03_fold_01/lightgbm/test_predictions.csv
per_cancer,extreme_os,LSCC,3,2,logistic_regression,142,36,44,success,0.8983376246938818,validation split balanced accuracy,0.010118001999217086,0.004711097000836162,0.38636363636363635,0.6351351351351351,0.425531914893617,0.2702702702702703,1.0,0.8648648648648648,0.9755746190281551,0.3711998946656801,0.11679142849595024,/home/prime/Documents/g3/tab-r1/paper/tables/source_data/full_fold_models/per_cancer/extreme_os/LSCC/repeat_03_fold_02/logistic_regression/test_predictions.csv
per_cancer,extreme_os,LSCC,3,2,random_forest,142,36,44,success,0.6766666666666666,validation split balanced accuracy,0.3569804889993975,0.07390021700120997,0.6818181818181818,0.5212355212355213,0.8,0.7567567567567568,0.2857142857142857,0.6988416988416989,0.9355824479938641,0.42836631646732337,0.13286084633680315,/home/prime/Documents/g3/tab-r1/paper/tables/source_data/full_fold_models/per_cancer/extreme_os/LSCC/repeat_03_fold_02/random_forest/test_predictions.csv
per_cancer,extreme_os,LSCC,3,2,catboost,142,36,44,success,0.8007518240698038,validation split balanced accuracy,1.8783810470013123,0.005900304997339845,0.6363636363636364,0.7258687258687259,0.7333333333333333,0.5945945945945946,0.8571428571428571,0.7915057915057916,0.9553651116715849,0.3922035076392291,0.12112660733007313,/home/prime/Documents/g3/tab-r1/paper/tables/source_data/full_fold_models/per_cancer/extreme_os/LSCC/repeat_03_fold_02/catboost/test_predictions.csv
per_cancer,extreme_os,LSCC,3,2,xgboost,142,36,44,success,0.9162670373916626,validation split balanced accuracy,0.11996079500022461,0.00543147099961061,0.6363636363636364,0.7258687258687259,0.7333333333333333,0.5945945945945946,0.8571428571428571,0.7451737451737452,0.9455685042609685,0.44366521988825874,0.14725389583354792,/home/prime/Documents/g3/tab-r1/paper/tables/source_data/full_fold_models/per_cancer/extreme_os/LSCC/repeat_03_fold_02/xgboost/test_predictions.csv
per_cancer,extreme_os,LSCC,3,2,lightgbm,142,36,44,success,0.8899803552793453,validation split balanced accuracy,0.03768274599860888,0.005875337999896146,0.7045454545454546,0.6505791505791505,0.8059701492537313,0.7297297297297297,0.5714285714285714,0.667953667953668,0.9138337007065176,0.5520953239365158,0.16853291657598934,/home/prime/Documents/g3/tab-r1/paper/tables/source_data/full_fold_models/per_cancer/extreme_os/LSCC/repeat_03_fold_02/lightgbm/test_predictions.csv
per_cancer,extreme_os,LSCC,3,3,logistic_regression,142,36,44,success,0.8542034433592509,validation split balanced accuracy,0.010435207001137314,0.004656694000004791,0.5909090909090909,0.5533498759305211,0.6896551724137931,0.6451612903225806,0.46153846153846156,0.5508684863523573,0.7322869788848001,0.7859070608621561,0.23134645531906994,/home/prime/Documents/g3/tab-r1/paper/tables/source_data/full_fold_models/per_cancer/extreme_os/LSCC/repeat_03_fold_03/logistic_regression/test_predictions.csv
per_cancer,extreme_os,LSCC,3,3,random_forest,142,36,44,success,0.7892307692307693,validation split balanced accuracy,0.36360191900166683,0.07304008599749068,0.6136363636363636,0.6364764267990075,0.6792452830188679,0.5806451612903226,0.6923076923076923,0.6550868486352358,0.8489640829790738,0.5929982316210509,0.20514445378186857,/home/prime/Documents/g3/tab-r1/paper/tables/source_data/full_fold_models/per_cancer/extreme_os/LSCC/repeat_03_fold_03/random_forest/test_predictions.csv
per_cancer,extreme_os,LSCC,3,3,catboost,142,36,44,success,0.8930341541355665,validation split balanced accuracy,1.769946581000113,0.005703340000764001,0.4318181818181818,0.5521091811414391,0.3902439024390244,0.25806451612903225,0.8461538461538461,0.6129032258064515,0.8066069036986813,0.6548064667565439,0.22171411252601658,/home/prime/Documents/g3/tab-r1/paper/tables/source_data/full_fold_models/per_cancer/extreme_os/LSCC/repeat_03_fold_03/catboost/test_predictions.csv
per_cancer,extreme_os,LSCC,3,3,xgboost,142,36,44,success,0.9550633430480957,validation split balanced accuracy,0.12157493400081876,0.006200728999829153,0.4090909090909091,0.42431761786600497,0.48,0.3870967741935484,0.46153846153846156,0.49627791563275436,0.7156026801087012,0.8878267741811673,0.23304697119831308,/home/prime/Documents/g3/tab-r1/paper/tables/source_data/full_fold_models/per_cancer/extreme_os/LSCC/repeat_03_fold_03/xgboost/test_predictions.csv
per_cancer,extreme_os,LSCC,3,3,lightgbm,142,36,44,success,0.9890390152635422,validation split balanced accuracy,0.045032276000711136,0.006463590001658304,0.4090909090909091,0.4913151364764268,0.4090909090909091,0.2903225806451613,0.6923076923076923,0.5359801488833746,0.734784849961784,1.023394809119004,0.22487756000993855,/home/prime/Documents/g3/tab-r1/paper/tables/source_data/full_fold_models/per_cancer/extreme_os/LSCC/repeat_03_fold_03/lightgbm/test_predictions.csv
per_cancer,extreme_os,LSCC,3,4,logistic_regression,141,36,45,success,0.7913173884189394,validation split balanced accuracy,0.009746261999680428,0.004658948000724195,0.6444444444444445,0.5277777777777778,0.7647058823529411,0.7222222222222222,0.3333333333333333,0.5802469135802468,0.8230948329986346,0.5030557034662665,0.16072074666775105,/home/prime/Documents/g3/tab-r1/paper/tables/source_data/full_fold_models/per_cancer/extreme_os/LSCC/repeat_03_fold_04/logistic_regression/test_predictions.csv
per_cancer,extreme_os,LSCC,3,4,random_forest,141,36,45,success,0.7533333333333333,validation split balanced accuracy,0.3444989279996662,0.07564618700052961,0.5777777777777777,0.4444444444444444,0.7164179104477612,0.6666666666666666,0.2222222222222222,0.3626543209876543,0.7355442251598169,0.6080792027114307,0.18636383039282384,/home/prime/Documents/g3/tab-r1/paper/tables/source_data/full_fold_models/per_cancer/extreme_os/LSCC/repeat_03_fold_04/random_forest/test_predictions.csv
per_cancer,extreme_os,LSCC,3,4,catboost,141,36,45,success,0.7765154620359264,validation split balanced accuracy,0.6203596769992146,0.00549196599968127,0.5111111111111111,0.4027777777777778,0.65625,0.5833333333333334,0.2222222222222222,0.45679012345679015,0.8276755204453361,0.4905502014433433,0.15800832906763967,/home/prime/Documents/g3/tab-r1/paper/tables/source_data/full_fold_models/per_cancer/extreme_os/LSCC/repeat_03_fold_04/catboost/test_predictions.csv
per_cancer,extreme_os,LSCC,3,4,xgboost,141,36,45,success,0.790302574634552,validation split balanced accuracy,0.07557186599660781,0.005582178997428855,0.5777777777777777,0.4027777777777778,0.7246376811594203,0.6944444444444444,0.1111111111111111,0.4135802469135803,0.7726410302251299,0.7575487129117948,0.22419501977761833,/home/prime/Documents/g3/tab-r1/paper/tables/source_data/full_fold_models/per_cancer/extreme_os/LSCC/repeat_03_fold_04/xgboost/test_predictions.csv
per_cancer,extreme_os,LSCC,3,4,lightgbm,141,36,45,success,0.5062843897218452,validation split balanced accuracy,0.027357299000868807,0.0055079169978853315,0.6666666666666666,0.4166666666666667,0.8,0.8333333333333334,0.0,0.4228395061728395,0.7755505906185141,0.7035633690613203,0.22378061441238684,/home/prime/Documents/g3/tab-r1/paper/tables/source_data/full_fold_models/per_cancer/extreme_os/LSCC/repeat_03_fold_04/lightgbm/test_predictions.csv
per_cancer,extreme_os,LSCC,4,0,logistic_regression,142,36,44,success,0.7810174652092031,validation split balanced accuracy,0.009627435996662825,0.004689134999352973,0.8181818181818182,0.5972222222222222,0.8947368421052632,0.9444444444444444,0.25,0.6354166666666667,0.909811445899359,0.4714874791212416,0.1486609791616214,/home/prime/Documents/g3/tab-r1/paper/tables/source_data/full_fold_models/per_cancer/extreme_os/LSCC/repeat_04_fold_00/logistic_regression/test_predictions.csv
per_cancer,extreme_os,LSCC,4,0,random_forest,142,36,44,success,0.7633333333333333,validation split balanced accuracy,0.3352233529985824,0.07429997000144795,0.5454545454545454,0.625,0.6428571428571429,0.5,0.75,0.6545138888888888,0.9176439932272915,0.45198849968488214,0.15141868686868779,/home/prime/Documents/g3/tab-r1/paper/tables/source_data/full_fold_models/per_cancer/extreme_os/LSCC/repeat_04_fold_00/random_forest/test_predictions.csv
per_cancer,extreme_os,LSCC,4,0,catboost,142,36,44,success,0.8129239064155603,validation split balanced accuracy,0.778529710998555,0.005608198000118136,0.5,0.6458333333333334,0.5769230769230769,0.4166666666666667,0.875,0.6388888888888888,0.9043545621215163,0.458013918042649,0.14920409854058025,/home/prime/Documents/g3/tab-r1/paper/tables/source_data/full_fold_models/per_cancer/extreme_os/LSCC/repeat_04_fold_00/catboost/test_predictions.csv
per_cancer,extreme_os,LSCC,4,0,xgboost,142,36,44,success,0.9751519560813904,validation split balanced accuracy,0.07980398899962893,0.006200668998644687,0.36363636363636365,0.5625,0.391304347826087,0.25,0.875,0.5590277777777778,0.8831062168843608,0.6935620125527061,0.2317295324801627,/home/prime/Documents/g3/tab-r1/paper/tables/source_data/full_fold_models/per_cancer/extreme_os/LSCC/repeat_04_fold_00/xgboost/test_predictions.csv
per_cancer,extreme_os,LSCC,4,0,lightgbm,142,36,44,success,0.9843687987371355,validation split balanced accuracy,0.028283635001571383,0.005522113999177236,0.3181818181818182,0.5347222222222222,0.3181818181818182,0.19444444444444445,0.875,0.5729166666666667,0.8852246571013901,0.7469453528953894,0.2424327361556372,/home/prime/Documents/g3/tab-r1/paper/tables/source_data/full_fold_models/per_cancer/extreme_os/LSCC/repeat_04_fold_00/lightgbm/test_predictions.csv
per_cancer,extreme_os,LSCC,4,1,logistic_regression,142,35,45,success,0.9239137306099304,validation split balanced accuracy,0.010176282998145325,0.004657204000977799,0.4,0.5552884615384616,0.3076923076923077,0.1875,0.9230769230769231,0.6225961538461539,0.7742119288103165,0.6543010085443907,0.21719551732770745,/home/prime/Documents/g3/tab-r1/paper/tables/source_data/full_fold_models/per_cancer/extreme_os/LSCC/repeat_04_fold_01/logistic_regression/test_predictions.csv
per_cancer,extreme_os,LSCC,4,1,random_forest,142,35,45,success,0.8033333333333333,validation split balanced accuracy,0.34163635699951556,0.07830641299733543,0.6,0.5588942307692308,0.7,0.65625,0.46153846153846156,0.5673076923076923,0.7704738072272846,0.6311679407388466,0.21117126159624905,/home/prime/Documents/g3/tab-r1/paper/tables/source_data/full_fold_models/per_cancer/extreme_os/LSCC/repeat_04_fold_01/random_forest/test_predictions.csv
per_cancer,extreme_os,LSCC,4,1,catboost,142,35,45,success,0.9024099599579317,validation split balanced accuracy,1.7625917099976505,0.005646030000207247,0.5111111111111111,0.6105769230769231,0.5217391304347826,0.375,0.8461538461538461,0.5817307692307692,0.7521333893194722,0.6693421487582868,0.2214395224409107,/home/prime/Documents/g3/tab-r1/paper/tables/source_data/full_fold_models/per_cancer/extreme_os/LSCC/repeat_04_fold_01/catboost/test_predictions.csv
per_cancer,extreme_os,LSCC,4,1,xgboost,142,35,45,success,0.6613413095474243,validation split balanced accuracy,0.12343103500097641,0.006245143998967251,0.7555555555555555,0.5769230769230769,0.8533333333333334,1.0,0.15384615384615385,0.5793269230769231,0.7735508365074849,0.8138408407749295,0.22521767626798864,/home/prime/Documents/g3/tab-r1/paper/tables/source_data/full_fold_models/per_cancer/extreme_os/LSCC/repeat_04_fold_01/xgboost/test_predictions.csv
per_cancer,extreme_os,LSCC,4,1,lightgbm,142,35,45,success,0.6926129208097278,validation split balanced accuracy,0.04617414500171435,0.0061186419989098795,0.6888888888888889,0.5300480769230769,0.8055555555555556,0.90625,0.15384615384615385,0.6105769230769231,0.7955888602739756,0.9506170025796581,0.24164725710093107,/home/prime/Documents/g3/tab-r1/paper/tables/source_data/full_fold_models/per_cancer/extreme_os/LSCC/repeat_04_fold_01/lightgbm/test_predictions.csv
per_cancer,extreme_os,LSCC,4,2,logistic_regression,142,36,44,success,0.8064032628053425,validation split balanced accuracy,0.009490304000792094,0.004598442999849794,0.6136363636363636,0.6041666666666667,0.7017543859649122,0.625,0.5833333333333334,0.5364583333333334,0.7415409478715203,0.6273329655111423,0.20935664352549777,/home/prime/Documents/g3/tab-r1/paper/tables/source_data/full_fold_models/per_cancer/extreme_os/LSCC/repeat_04_fold_02/logistic_regression/test_predictions.csv
per_cancer,extreme_os,LSCC,4,2,random_forest,142,36,44,success,0.6166666666666667,validation split balanced accuracy,0.3578435150011501,0.07486867400075425,0.7272727272727273,0.5520833333333334,0.8333333333333334,0.9375,0.16666666666666666,0.54296875,0.7382531494404132,0.9279614072248272,0.20874570252525323,/home/prime/Documents/g3/tab-r1/paper/tables/source_data/full_fold_models/per_cancer/extreme_os/LSCC/repeat_04_fold_02/random_forest/test_predictions.csv
per_cancer,extreme_os,LSCC,4,2,catboost,142,36,44,success,0.6441614167799302,validation split balanced accuracy,0.6628084449985181,0.00551080299919704,0.7272727272727273,0.5,0.8421052631578947,1.0,0.0,0.578125,0.7607762323881301,0.6358489037731495,0.20210003847142202,/home/prime/Documents/g3/tab-r1/paper/tables/source_data/full_fold_models/per_cancer/extreme_os/LSCC/repeat_04_fold_02/catboost/test_predictions.csv
per_cancer,extreme_os,LSCC,4,2,xgboost,142,36,44,success,0.9806473851203918,validation split balanced accuracy,0.08550420299798134,0.006245182998100063,0.3409090909090909,0.4427083333333333,0.32558139534883723,0.21875,0.6666666666666666,0.5078125,0.7345307885028733,0.8704411442736877,0.22614153278546417,/home/prime/Documents/g3/tab-r1/paper/tables/source_data/full_fold_models/per_cancer/extreme_os/LSCC/repeat_04_fold_02/xgboost/test_predictions.csv
per_cancer,extreme_os,LSCC,4,2,lightgbm,142,36,44,success,0.32895274925113355,validation split balanced accuracy,0.03585844500048552,0.006311429999186657,0.7727272727272727,0.5833333333333334,0.8648648648648649,1.0,0.16666666666666666,0.4921875,0.7230173529702079,0.9412512279751725,0.2291818376588047,/home/prime/Documents/g3/tab-r1/paper/tables/source_data/full_fold_models/per_cancer/extreme_os/LSCC/repeat_04_fold_02/lightgbm/test_predictions.csv
per_cancer,extreme_os,LSCC,4,3,logistic_regression,142,36,44,success,0.5477256909270148,validation split balanced accuracy,0.009937757000443526,0.004688553999585565,0.75,0.5303030303030303,0.8533333333333334,0.9696969696969697,0.09090909090909091,0.6088154269972451,0.7946681046952897,0.5852759780066413,0.18680528104014396,/home/prime/Documents/g3/tab-r1/paper/tables/source_data/full_fold_models/per_cancer/extreme_os/LSCC/repeat_04_fold_03/logistic_regression/test_predictions.csv
per_cancer,extreme_os,LSCC,4,3,random_forest,142,36,44,success,0.7261538461538461,validation split balanced accuracy,0.3532127600010426,0.07613148200107389,0.6818181818181818,0.5757575757575757,0.7878787878787878,0.7878787878787878,0.36363636363636365,0.6666666666666666,0.8708931633948765,0.5237097294243462,0.17407935170433808,/home/prime/Documents/g3/tab-r1/paper/tables/source_data/full_fold_models/per_cancer/extreme_os/LSCC/repeat_04_fold_03/random_forest/test_predictions.csv
per_cancer,extreme_os,LSCC,4,3,catboost,142,36,44,success,0.7135948034112807,validation split balanced accuracy,1.817393732999335,0.005821755999932066,0.7954545454545454,0.5909090909090909,0.88,1.0,0.18181818181818182,0.6749311294765841,0.8610596949946412,0.556533427878109,0.18407209352924045,/home/prime/Documents/g3/tab-r1/paper/tables/source_data/full_fold_models/per_cancer/extreme_os/LSCC/repeat_04_fold_03/catboost/test_predictions.csv
per_cancer,extreme_os,LSCC,4,3,xgboost,142,36,44,success,0.6795285940170288,validation split balanced accuracy,0.12287772900162963,0.005915906000154791,0.7272727272727273,0.5757575757575757,0.8285714285714286,0.8787878787878788,0.2727272727272727,0.5922865013774105,0.7697004989251661,0.7133333106471672,0.19037689919580858,/home/prime/Documents/g3/tab-r1/paper/tables/source_data/full_fold_models/per_cancer/extreme_os/LSCC/repeat_04_fold_03/xgboost/test_predictions.csv
per_cancer,extreme_os,LSCC,4,3,lightgbm,142,36,44,success,0.8143248502690029,validation split balanced accuracy,0.038519552999787265,0.005675757998687914,0.75,0.6212121212121212,0.8405797101449275,0.8787878787878788,0.36363636363636365,0.5647382920110193,0.7568625610845118,0.9358058183232809,0.21035283333639676,/home/prime/Documents/g3/tab-r1/paper/tables/source_data/full_fold_models/per_cancer/extreme_os/LSCC/repeat_04_fold_03/lightgbm/test_predictions.csv
per_cancer,extreme_os,LSCC,4,4,logistic_regression,141,36,45,success,0.7943685403009265,validation split balanced accuracy,0.00954635100060841,0.004646954999770969,0.6444444444444445,0.5388513513513513,0.7647058823529411,0.7027027027027027,0.375,0.6114864864864865,0.8655253412613568,0.48448437753433754,0.15291943283540305,/home/prime/Documents/g3/tab-r1/paper/tables/source_data/full_fold_models/per_cancer/extreme_os/LSCC/repeat_04_fold_04/logistic_regression/test_predictions.csv
per_cancer,extreme_os,LSCC,4,4,random_forest,141,36,45,success,0.7366666666666667,validation split balanced accuracy,0.34546956999838585,0.07557357900077477,0.6444444444444445,0.5388513513513513,0.7647058823529411,0.7027027027027027,0.375,0.6114864864864864,0.894653456723332,0.4773971063933028,0.15352124812660353,/home/prime/Documents/g3/tab-r1/paper/tables/source_data/full_fold_models/per_cancer/extreme_os/LSCC/repeat_04_fold_04/random_forest/test_predictions.csv
per_cancer,extreme_os,LSCC,4,4,catboost,141,36,45,success,0.7632342914617372,validation split balanced accuracy,0.5702608350002265,0.005747093000536552,0.6444444444444445,0.5878378378378378,0.7575757575757576,0.6756756756756757,0.5,0.5878378378378379,0.883056524496725,0.46321872026231786,0.14617943980522585,/home/prime/Documents/g3/tab-r1/paper/tables/source_data/full_fold_models/per_cancer/extreme_os/LSCC/repeat_04_fold_04/catboost/test_predictions.csv
per_cancer,extreme_os,LSCC,4,4,xgboost,141,36,45,success,0.8105746507644653,validation split balanced accuracy,0.08928749000187963,0.006390521000867011,0.6444444444444445,0.5388513513513513,0.7647058823529411,0.7027027027027027,0.375,0.5202702702702703,0.834169090364753,0.6115819145463895,0.18432524059823266,/home/prime/Documents/g3/tab-r1/paper/tables/source_data/full_fold_models/per_cancer/extreme_os/LSCC/repeat_04_fold_04/xgboost/test_predictions.csv
per_cancer,extreme_os,LSCC,4,4,lightgbm,141,36,45,success,0.7152825893601312,validation split balanced accuracy,0.0272428000025684,0.005528576999495272,0.7333333333333333,0.5929054054054055,0.8333333333333334,0.8108108108108109,0.375,0.5945945945945946,0.8687856979129089,0.5292290767311166,0.15829372854117255,/home/prime/Documents/g3/tab-r1/paper/tables/source_data/full_fold_models/per_cancer/extreme_os/LSCC/repeat_04_fold_04/lightgbm/test_predictions.csv
per_cancer,extreme_os,LUAD,0,0,logistic_regression,129,33,41,success,0.7494159640372627,validation split balanced accuracy,0.009563624000293203,0.004641093000827823,0.5609756097560976,0.4409090909090909,0.7,0.7,0.18181818181818182,0.5333333333333333,0.8218200891903734,0.7384778683173499,0.2374095184281882,/home/prime/Documents/g3/tab-r1/paper/tables/source_data/full_fold_models/per_cancer/extreme_os/LUAD/repeat_00_fold_00/logistic_regression/test_predictions.csv
per_cancer,extreme_os,LUAD,0,0,random_forest,129,33,41,success,0.8362962962962963,validation split balanced accuracy,0.35000607300025877,0.07660408399897278,0.5121951219512195,0.5227272727272727,0.6,0.5,0.5454545454545454,0.44242424242424244,0.7310519313774131,0.6768734126559376,0.22640023321146074,/home/prime/Documents/g3/tab-r1/paper/tables/source_data/full_fold_models/per_cancer/extreme_os/LUAD/repeat_00_fold_00/random_forest/test_predictions.csv
per_cancer,extreme_os,LUAD,0,0,catboost,129,33,41,success,0.8737317964520755,validation split balanced accuracy,1.0638877790006518,0.0056760679981380235,0.4146341463414634,0.45606060606060606,0.4782608695652174,0.36666666666666664,0.5454545454545454,0.41818181818181827,0.6835376035905839,0.6948086095707406,0.22967879777889733,/home/prime/Documents/g3/tab-r1/paper/tables/source_data/full_fold_models/per_cancer/extreme_os/LUAD/repeat_00_fold_00/catboost/test_predictions.csv
per_cancer,extreme_os,LUAD,0,0,xgboost,129,33,41,success,0.9939188957214355,validation split balanced accuracy,0.08684438999989652,0.006187474002217641,0.2682926829268293,0.4712121212121212,0.0625,0.03333333333333333,0.9090909090909091,0.4333333333333333,0.7156207593003272,0.9668475064669412,0.2719773639206333,/home/prime/Documents/g3/tab-r1/paper/tables/source_data/full_fold_models/per_cancer/extreme_os/LUAD/repeat_00_fold_00/xgboost/test_predictions.csv
per_cancer,extreme_os,LUAD,0,0,lightgbm,129,33,41,success,0.9973351659296943,validation split balanced accuracy,0.03299729699938325,0.005566990002989769,0.2682926829268293,0.4712121212121212,0.0625,0.03333333333333333,0.9090909090909091,0.40303030303030307,0.684528521351192,1.1772790770990726,0.2803497683126911,/home/prime/Documents/g3/tab-r1/paper/tables/source_data/full_fold_models/per_cancer/extreme_os/LUAD/repeat_00_fold_00/lightgbm/test_predictions.csv
per_cancer,extreme_os,LUAD,0,1,logistic_regression,130,32,41,success,0.8337184649327307,validation split balanced accuracy,0.010276864999468671,0.00470284200127935,0.36585365853658536,0.3637566137566137,0.43478260869565216,0.37037037037037035,0.35714285714285715,0.30687830687830686,0.5622594633406088,0.9710278901039925,0.29631271824923233,/home/prime/Documents/g3/tab-r1/paper/tables/source_data/full_fold_models/per_cancer/extreme_os/LUAD/repeat_00_fold_01/logistic_regression/test_predictions.csv
per_cancer,extreme_os,LUAD,0,1,random_forest,130,32,41,success,0.8466666666666667,validation split balanced accuracy,0.3486681709982804,0.07501215800220962,0.3902439024390244,0.43386243386243384,0.3902439024390244,0.2962962962962963,0.5714285714285714,0.4576719576719577,0.6161641970403432,1.7535760688364976,0.26761407750677624,/home/prime/Documents/g3/tab-r1/paper/tables/source_data/full_fold_models/per_cancer/extreme_os/LUAD/repeat_00_fold_01/random_forest/test_predictions.csv
per_cancer,extreme_os,LUAD,0,1,catboost,130,32,41,success,0.8732094300480179,validation split balanced accuracy,1.128081487997406,0.006580624001799151,0.4146341463414634,0.4007936507936508,0.5,0.4444444444444444,0.35714285714285715,0.4417989417989418,0.6149935324450928,0.9381138258757639,0.27581410657523864,/home/prime/Documents/g3/tab-r1/paper/tables/source_data/full_fold_models/per_cancer/extreme_os/LUAD/repeat_00_fold_01/catboost/test_predictions.csv
per_cancer,extreme_os,LUAD,0,1,xgboost,130,32,41,success,0.5994086861610413,validation split balanced accuracy,0.08449430700056837,0.006328753002890153,0.6829268292682927,0.5529100529100529,0.8,0.9629629629629629,0.14285714285714285,0.4444444444444444,0.6334833944717582,1.3558611354411318,0.2859267554228165,/home/prime/Documents/g3/tab-r1/paper/tables/source_data/full_fold_models/per_cancer/extreme_os/LUAD/repeat_00_fold_01/xgboost/test_predictions.csv
per_cancer,extreme_os,LUAD,0,1,lightgbm,130,32,41,success,0.7583670353524568,validation split balanced accuracy,0.03679587400256423,0.005678022000211058,0.6829268292682927,0.5701058201058201,0.7936507936507936,0.9259259259259259,0.21428571428571427,0.43915343915343913,0.6037474677025088,1.999501105048849,0.2872624299499955,/home/prime/Documents/g3/tab-r1/paper/tables/source_data/full_fold_models/per_cancer/extreme_os/LUAD/repeat_00_fold_01/lightgbm/test_predictions.csv
per_cancer,extreme_os,LUAD,0,2,logistic_regression,130,33,40,success,0.44849633777437575,validation split balanced accuracy,0.010273818999849027,0.004131019999476848,0.8,0.47058823529411764,0.8888888888888888,0.9411764705882353,0.0,0.44607843137254904,0.8635556307783332,0.5469606244878251,0.17489322021250855,/home/prime/Documents/g3/tab-r1/paper/tables/source_data/full_fold_models/per_cancer/extreme_os/LUAD/repeat_00_fold_02/logistic_regression/test_predictions.csv
per_cancer,extreme_os,LUAD,0,2,random_forest,130,33,40,success,0.6558916765495713,validation split balanced accuracy,0.34140173900232185,0.07458302899976843,0.75,0.5098039215686274,0.8529411764705882,0.8529411764705882,0.16666666666666666,0.5049019607843137,0.8858779125055443,0.47399177163425776,0.14878256983303143,/home/prime/Documents/g3/tab-r1/paper/tables/source_data/full_fold_models/per_cancer/extreme_os/LUAD/repeat_00_fold_02/random_forest/test_predictions.csv
per_cancer,extreme_os,LUAD,0,2,catboost,130,33,40,success,0.6608517400745825,validation split balanced accuracy,1.0555247039992537,0.006169369000417646,0.75,0.4411764705882353,0.8571428571428571,0.8823529411764706,0.0,0.48039215686274506,0.8655262693488367,0.46905082064336845,0.14615352249468222,/home/prime/Documents/g3/tab-r1/paper/tables/source_data/full_fold_models/per_cancer/extreme_os/LUAD/repeat_00_fold_02/catboost/test_predictions.csv
per_cancer,extreme_os,LUAD,0,2,xgboost,130,33,40,success,0.8979238867759705,validation split balanced accuracy,0.105830328000593,0.006161765002616448,0.375,0.3578431372549019,0.5098039215686274,0.38235294117647056,0.3333333333333333,0.392156862745098,0.8549751222250964,0.633869776240085,0.1944054028464698,/home/prime/Documents/g3/tab-r1/paper/tables/source_data/full_fold_models/per_cancer/extreme_os/LUAD/repeat_00_fold_02/xgboost/test_predictions.csv
per_cancer,extreme_os,LUAD,0,2,lightgbm,130,33,40,success,0.864289969654501,validation split balanced accuracy,0.03894597500038799,0.005643445998430252,0.4,0.4411764705882353,0.52,0.38235294117647056,0.5,0.4117647058823529,0.8591971365208859,0.7349282186198887,0.23343751025482568,/home/prime/Documents/g3/tab-r1/paper/tables/source_data/full_fold_models/per_cancer/extreme_os/LUAD/repeat_00_fold_02/lightgbm/test_predictions.csv
per_cancer,extreme_os,LUAD,0,3,logistic_regression,129,33,41,success,0.8431755892921498,validation split balanced accuracy,0.009553685002174461,0.0037819650024175644,0.2682926829268293,0.40340909090909094,0.2857142857142857,0.18181818181818182,0.625,0.4962121212121212,0.793883211844049,0.6740479631520062,0.200090704995596,/home/prime/Documents/g3/tab-r1/paper/tables/source_data/full_fold_models/per_cancer/extreme_os/LUAD/repeat_00_fold_03/logistic_regression/test_predictions.csv
per_cancer,extreme_os,LUAD,0,3,random_forest,129,33,41,success,0.8866666666666667,validation split balanced accuracy,0.34063501700074994,0.07585301200015238,0.21951219512195122,0.5151515151515151,0.058823529411764705,0.030303030303030304,1.0,0.6098484848484849,0.8878991278922117,0.5033928683995831,0.16393768325099944,/home/prime/Documents/g3/tab-r1/paper/tables/source_data/full_fold_models/per_cancer/extreme_os/LUAD/repeat_00_fold_03/random_forest/test_predictions.csv
per_cancer,extreme_os,LUAD,0,3,catboost,129,33,41,success,0.7993793335591373,validation split balanced accuracy,1.034654651000892,0.005639277998852776,0.5121951219512195,0.5549242424242424,0.6153846153846154,0.48484848484848486,0.625,0.5795454545454546,0.8159973933308945,0.5038753078878992,0.15769456627333636,/home/prime/Documents/g3/tab-r1/paper/tables/source_data/full_fold_models/per_cancer/extreme_os/LUAD/repeat_00_fold_03/catboost/test_predictions.csv
per_cancer,extreme_os,LUAD,0,3,xgboost,129,33,41,success,0.8988329768180847,validation split balanced accuracy,0.10419684200314805,0.00616348800031119,0.34146341463414637,0.44886363636363635,0.4,0.2727272727272727,0.625,0.553030303030303,0.8184921449332611,0.630685762963978,0.17911728851949876,/home/prime/Documents/g3/tab-r1/paper/tables/source_data/full_fold_models/per_cancer/extreme_os/LUAD/repeat_00_fold_03/xgboost/test_predictions.csv
per_cancer,extreme_os,LUAD,0,3,lightgbm,129,33,41,success,0.9838816194269796,validation split balanced accuracy,0.04030605099978857,0.006384119002177613,0.2926829268292683,0.46590909090909094,0.2926829268292683,0.18181818181818182,0.75,0.6060606060606061,0.8562588883833241,0.602767677523013,0.16370126532192128,/home/prime/Documents/g3/tab-r1/paper/tables/source_data/full_fold_models/per_cancer/extreme_os/LUAD/repeat_00_fold_03/lightgbm/test_predictions.csv
per_cancer,extreme_os,LUAD,0,4,logistic_regression,130,33,40,success,0.8448614537927603,validation split balanced accuracy,0.00902779199896031,0.003873229001328582,0.55,0.6147186147186148,0.6538461538461539,0.5151515151515151,0.7142857142857143,0.5757575757575758,0.8681292882658913,0.49891124878049486,0.15969949658621715,/home/prime/Documents/g3/tab-r1/paper/tables/source_data/full_fold_models/per_cancer/extreme_os/LUAD/repeat_00_fold_04/logistic_regression/test_predictions.csv
per_cancer,extreme_os,LUAD,0,4,random_forest,130,33,40,success,0.8166666666666667,validation split balanced accuracy,0.33619964600075036,0.07499588699647575,0.375,0.39610389610389607,0.4897959183673469,0.36363636363636365,0.42857142857142855,0.4090909090909091,0.757280394755266,0.4987753687904098,0.15368588405728167,/home/prime/Documents/g3/tab-r1/paper/tables/source_data/full_fold_models/per_cancer/extreme_os/LUAD/repeat_00_fold_04/random_forest/test_predictions.csv
per_cancer,extreme_os,LUAD,0,4,catboost,130,33,40,success,0.8585147501015156,validation split balanced accuracy,0.9869616389987641,0.006049159997928655,0.275,0.3917748917748918,0.32558139534883723,0.21212121212121213,0.5714285714285714,0.45887445887445893,0.7864956311568139,0.4679604119066002,0.14383309911998438,/home/prime/Documents/g3/tab-r1/paper/tables/source_data/full_fold_models/per_cancer/extreme_os/LUAD/repeat_00_fold_04/catboost/test_predictions.csv
per_cancer,extreme_os,LUAD,0,4,xgboost,130,33,40,success,0.9784802198410034,validation split balanced accuracy,0.08844774899989716,0.005319919000612572,0.175,0.33116883116883117,0.15384615384615385,0.09090909090909091,0.5714285714285714,0.3982683982683983,0.7544881624396995,0.6441123515194113,0.165425759773083,/home/prime/Documents/g3/tab-r1/paper/tables/source_data/full_fold_models/per_cancer/extreme_os/LUAD/repeat_00_fold_04/xgboost/test_predictions.csv
per_cancer,extreme_os,LUAD,0,4,lightgbm,130,33,40,success,0.9367518591019383,validation split balanced accuracy,0.033511658999486826,0.005539147001400124,0.4,0.4112554112554112,0.52,0.3939393939393939,0.42857142857142855,0.34632034632034636,0.737144668567109,0.8432981540331035,0.19585249755123932,/home/prime/Documents/g3/tab-r1/paper/tables/source_data/full_fold_models/per_cancer/extreme_os/LUAD/repeat_00_fold_04/lightgbm/test_predictions.csv
per_cancer,extreme_os,LUAD,1,0,logistic_regression,129,33,41,success,0.5741193939883192,validation split balanced accuracy,0.009842155002843356,0.004633358999853954,0.6097560975609756,0.4454545454545455,0.75,0.8,0.09090909090909091,0.5030303030303029,0.7389162311672137,0.7550811909440112,0.23023560318041963,/home/prime/Documents/g3/tab-r1/paper/tables/source_data/full_fold_models/per_cancer/extreme_os/LUAD/repeat_01_fold_00/logistic_regression/test_predictions.csv
per_cancer,extreme_os,LUAD,1,0,random_forest,129,33,41,success,0.7933333333333333,validation split balanced accuracy,0.352458862002095,0.07521781099785585,0.6097560975609756,0.5318181818181817,0.7241379310344828,0.7,0.36363636363636365,0.55,0.7586337300535094,0.5895898270930661,0.19727090835780503,/home/prime/Documents/g3/tab-r1/paper/tables/source_data/full_fold_models/per_cancer/extreme_os/LUAD/repeat_01_fold_00/random_forest/test_predictions.csv
per_cancer,extreme_os,LUAD,1,0,catboost,129,33,41,success,0.8473039681253657,validation split balanced accuracy,0.9651540180020675,0.006062795997422654,0.3902439024390244,0.43939393939393934,0.4444444444444444,0.3333333333333333,0.5454545454545454,0.4363636363636364,0.7115588368696061,0.6239029308662831,0.20654246199303644,/home/prime/Documents/g3/tab-r1/paper/tables/source_data/full_fold_models/per_cancer/extreme_os/LUAD/repeat_01_fold_00/catboost/test_predictions.csv
per_cancer,extreme_os,LUAD,1,0,xgboost,129,33,41,success,0.6992184519767761,validation split balanced accuracy,0.095365645000129,0.006100597998738522,0.8048780487804879,0.6363636363636364,0.8823529411764706,1.0,0.2727272727272727,0.48484848484848486,0.7448087186253695,0.8225784708736342,0.21365214143929448,/home/prime/Documents/g3/tab-r1/paper/tables/source_data/full_fold_models/per_cancer/extreme_os/LUAD/repeat_01_fold_00/xgboost/test_predictions.csv
per_cancer,extreme_os,LUAD,1,0,lightgbm,129,33,41,success,0.7038498019967822,validation split balanced accuracy,0.0383845639989886,0.006321048000245355,0.7560975609756098,0.5742424242424242,0.8529411764705882,0.9666666666666667,0.18181818181818182,0.4909090909090909,0.7599693629071749,0.9020367533993405,0.2167380651374977,/home/prime/Documents/g3/tab-r1/paper/tables/source_data/full_fold_models/per_cancer/extreme_os/LUAD/repeat_01_fold_00/lightgbm/test_predictions.csv
per_cancer,extreme_os,LUAD,1,1,logistic_regression,129,33,41,success,0.7566112231351058,validation split balanced accuracy,0.01010000699898228,0.004583433998050168,0.4878048780487805,0.3923611111111111,0.631578947368421,0.5625,0.2222222222222222,0.36111111111111116,0.725827219924667,0.6356360024745257,0.2070547573015782,/home/prime/Documents/g3/tab-r1/paper/tables/source_data/full_fold_models/per_cancer/extreme_os/LUAD/repeat_01_fold_01/logistic_regression/test_predictions.csv
per_cancer,extreme_os,LUAD,1,1,random_forest,129,33,41,success,0.72,validation split balanced accuracy,0.34907294300137437,0.0750648489993182,0.5853658536585366,0.49479166666666663,0.711864406779661,0.65625,0.3333333333333333,0.5,0.7974457547033553,0.546778932067597,0.17757077038549468,/home/prime/Documents/g3/tab-r1/paper/tables/source_data/full_fold_models/per_cancer/extreme_os/LUAD/repeat_01_fold_01/random_forest/test_predictions.csv
per_cancer,extreme_os,LUAD,1,1,catboost,129,33,41,success,0.8059010654845151,validation split balanced accuracy,1.0841686880012276,0.005891910001082579,0.4146341463414634,0.5451388888888888,0.45454545454545453,0.3125,0.7777777777777778,0.4479166666666667,0.7973849831148316,0.5530236837668505,0.18194863879906656,/home/prime/Documents/g3/tab-r1/paper/tables/source_data/full_fold_models/per_cancer/extreme_os/LUAD/repeat_01_fold_01/catboost/test_predictions.csv
per_cancer,extreme_os,LUAD,1,1,xgboost,129,33,41,success,0.8731754422187805,validation split balanced accuracy,0.08335658600117313,0.005145596001966624,0.5365853658536586,0.5434027777777778,0.6415094339622641,0.53125,0.5555555555555556,0.5416666666666667,0.8233459853529681,0.6162067655874822,0.2035412146114055,/home/prime/Documents/g3/tab-r1/paper/tables/source_data/full_fold_models/per_cancer/extreme_os/LUAD/repeat_01_fold_01/xgboost/test_predictions.csv
per_cancer,extreme_os,LUAD,1,1,lightgbm,129,33,41,success,0.9439946159040994,validation split balanced accuracy,0.03411178399983328,0.005195371002628235,0.43902439024390244,0.5607638888888888,0.4888888888888889,0.34375,0.7777777777777778,0.5416666666666667,0.7885601519954502,0.6968662382758296,0.2207177376371457,/home/prime/Documents/g3/tab-r1/paper/tables/source_data/full_fold_models/per_cancer/extreme_os/LUAD/repeat_01_fold_01/lightgbm/test_predictions.csv
per_cancer,extreme_os,LUAD,1,2,logistic_regression,130,32,41,success,0.5561626430618362,validation split balanced accuracy,0.009252350999304326,0.00389527099832776,0.7804878048780488,0.6407563025210083,0.8656716417910447,0.8529411764705882,0.42857142857142855,0.7436974789915967,0.9341277811781816,0.44184945557409677,0.14092627045520964,/home/prime/Documents/g3/tab-r1/paper/tables/source_data/full_fold_models/per_cancer/extreme_os/LUAD/repeat_01_fold_02/logistic_regression/test_predictions.csv
per_cancer,extreme_os,LUAD,1,2,random_forest,130,32,41,success,0.7966666666666666,validation split balanced accuracy,0.3424313030009216,0.08285143299872288,0.5365853658536586,0.6071428571428572,0.6415094339622641,0.5,0.7142857142857143,0.6743697478991596,0.917173693149708,0.44463107326511037,0.1377842487854914,/home/prime/Documents/g3/tab-r1/paper/tables/source_data/full_fold_models/per_cancer/extreme_os/LUAD/repeat_01_fold_02/random_forest/test_predictions.csv
per_cancer,extreme_os,LUAD,1,2,catboost,130,32,41,success,0.8120203322484619,validation split balanced accuracy,1.149701301001187,0.00601272000130848,0.5853658536585366,0.523109243697479,0.711864406779661,0.6176470588235294,0.42857142857142855,0.6134453781512605,0.8841898740716237,0.4380209181774606,0.1342080258540609,/home/prime/Documents/g3/tab-r1/paper/tables/source_data/full_fold_models/per_cancer/extreme_os/LUAD/repeat_01_fold_02/catboost/test_predictions.csv
per_cancer,extreme_os,LUAD,1,2,xgboost,130,32,41,success,0.8090178966522217,validation split balanced accuracy,0.09390929799701553,0.006120124999142718,0.7804878048780488,0.5840336134453781,0.8695652173913043,0.8823529411764706,0.2857142857142857,0.6722689075630252,0.9079479908516571,0.4566730777671697,0.13933812167069126,/home/prime/Documents/g3/tab-r1/paper/tables/source_data/full_fold_models/per_cancer/extreme_os/LUAD/repeat_01_fold_02/xgboost/test_predictions.csv
per_cancer,extreme_os,LUAD,1,2,lightgbm,130,32,41,success,0.1865544351313669,validation split balanced accuracy,0.03272710199962603,0.005498219001310645,0.8536585365853658,0.5714285714285714,0.918918918918919,1.0,0.14285714285714285,0.5840336134453782,0.879774619792358,0.510300256518862,0.15055577959177877,/home/prime/Documents/g3/tab-r1/paper/tables/source_data/full_fold_models/per_cancer/extreme_os/LUAD/repeat_01_fold_02/lightgbm/test_predictions.csv
per_cancer,extreme_os,LUAD,1,3,logistic_regression,130,33,40,success,0.8189066328693366,validation split balanced accuracy,0.0096348199986096,0.004607889997714665,0.35,0.5497835497835497,0.38095238095238093,0.24242424242424243,0.8571428571428571,0.4025974025974026,0.7953716449643656,0.5595046791615038,0.17846244237594444,/home/prime/Documents/g3/tab-r1/paper/tables/source_data/full_fold_models/per_cancer/extreme_os/LUAD/repeat_01_fold_03/logistic_regression/test_predictions.csv
per_cancer,extreme_os,LUAD,1,3,random_forest,130,33,40,success,0.69,validation split balanced accuracy,0.352200981000351,0.07537998000043444,0.675,0.4653679653679653,0.8,0.7878787878787878,0.14285714285714285,0.3831168831168832,0.7949663391011277,0.5113234008121053,0.16083415478836943,/home/prime/Documents/g3/tab-r1/paper/tables/source_data/full_fold_models/per_cancer/extreme_os/LUAD/repeat_01_fold_03/random_forest/test_predictions.csv
per_cancer,extreme_os,LUAD,1,3,catboost,130,33,40,success,0.7959122399513698,validation split balanced accuracy,0.9956771260003734,0.006174689002364175,0.4,0.2987012987012987,0.5555555555555556,0.45454545454545453,0.14285714285714285,0.38528138528138534,0.8040252126477582,0.4955329413684134,0.15425316214033943,/home/prime/Documents/g3/tab-r1/paper/tables/source_data/full_fold_models/per_cancer/extreme_os/LUAD/repeat_01_fold_03/catboost/test_predictions.csv
per_cancer,extreme_os,LUAD,1,3,xgboost,130,33,40,success,0.6506643295288086,validation split balanced accuracy,0.09719856200172217,0.006219675000465941,0.75,0.5108225108225108,0.8529411764705882,0.8787878787878788,0.14285714285714285,0.36363636363636365,0.7978110107319751,0.6666166288019688,0.18503162085226582,/home/prime/Documents/g3/tab-r1/paper/tables/source_data/full_fold_models/per_cancer/extreme_os/LUAD/repeat_01_fold_03/xgboost/test_predictions.csv
per_cancer,extreme_os,LUAD,1,3,lightgbm,130,33,40,success,0.653546471564667,validation split balanced accuracy,0.04057001399996807,0.00645008499850519,0.775,0.525974025974026,0.8695652173913043,0.9090909090909091,0.14285714285714285,0.5151515151515152,0.8435667952439427,0.6009412977296623,0.17092843838215008,/home/prime/Documents/g3/tab-r1/paper/tables/source_data/full_fold_models/per_cancer/extreme_os/LUAD/repeat_01_fold_03/lightgbm/test_predictions.csv
per_cancer,extreme_os,LUAD,1,4,logistic_regression,130,33,40,success,0.8950322978650592,validation split balanced accuracy,0.010526130001380807,0.004649559999961639,0.425,0.5178571428571428,0.41025641025641024,0.2857142857142857,0.75,0.6011904761904762,0.7674566658941658,0.7121642120023458,0.2357071451720901,/home/prime/Documents/g3/tab-r1/paper/tables/source_data/full_fold_models/per_cancer/extreme_os/LUAD/repeat_01_fold_04/logistic_regression/test_predictions.csv
per_cancer,extreme_os,LUAD,1,4,random_forest,130,33,40,success,0.912222222222222,validation split balanced accuracy,0.3544837759982329,0.07618437400014955,0.3,0.4523809523809524,0.125,0.07142857142857142,0.8333333333333334,0.46875,0.6821503775255155,0.7044044937188695,0.23143146798207653,/home/prime/Documents/g3/tab-r1/paper/tables/source_data/full_fold_models/per_cancer/extreme_os/LUAD/repeat_01_fold_04/random_forest/test_predictions.csv
per_cancer,extreme_os,LUAD,1,4,catboost,130,33,40,success,0.9308827931527077,validation split balanced accuracy,1.2336819390002347,0.005766850998043083,0.375,0.5297619047619048,0.24242424242424243,0.14285714285714285,0.9166666666666666,0.5386904761904763,0.7905428348316166,0.7078233632966814,0.23491524699898317,/home/prime/Documents/g3/tab-r1/paper/tables/source_data/full_fold_models/per_cancer/extreme_os/LUAD/repeat_01_fold_04/catboost/test_predictions.csv
per_cancer,extreme_os,LUAD,1,4,xgboost,130,33,40,success,0.9942588806152344,validation split balanced accuracy,0.09750022799926228,0.006138971002656035,0.3,0.4523809523809524,0.125,0.07142857142857142,0.8333333333333334,0.6309523809523809,0.7698297632778104,0.8405524916758115,0.22893983827897282,/home/prime/Documents/g3/tab-r1/paper/tables/source_data/full_fold_models/per_cancer/extreme_os/LUAD/repeat_01_fold_04/xgboost/test_predictions.csv
per_cancer,extreme_os,LUAD,1,4,lightgbm,130,33,40,success,0.9955610645418616,validation split balanced accuracy,0.03529925899783848,0.005601725999440532,0.325,0.47023809523809523,0.18181818181818182,0.10714285714285714,0.8333333333333334,0.5892857142857142,0.7237924177614858,1.0036266824709223,0.24430337912248704,/home/prime/Documents/g3/tab-r1/paper/tables/source_data/full_fold_models/per_cancer/extreme_os/LUAD/repeat_01_fold_04/lightgbm/test_predictions.csv
per_cancer,extreme_os,LUAD,2,0,logistic_regression,129,33,41,success,0.7134830036085891,validation split balanced accuracy,0.00985041099920636,0.004248865003319224,0.4878048780487805,0.40756302521008403,0.631578947368421,0.5294117647058824,0.2857142857142857,0.31512605042016806,0.7369131627452543,0.6818508837039121,0.21628202838505164,/home/prime/Documents/g3/tab-r1/paper/tables/source_data/full_fold_models/per_cancer/extreme_os/LUAD/repeat_02_fold_00/logistic_regression/test_predictions.csv
per_cancer,extreme_os,LUAD,2,0,random_forest,129,33,41,success,0.7466666666666667,validation split balanced accuracy,0.33719890199790825,0.07564114799970412,0.5609756097560976,0.45168067226890757,0.7,0.6176470588235294,0.2857142857142857,0.5273109243697479,0.8806234276963013,0.49315316571798845,0.158550285381795,/home/prime/Documents/g3/tab-r1/paper/tables/source_data/full_fold_models/per_cancer/extreme_os/LUAD/repeat_02_fold_00/random_forest/test_predictions.csv
per_cancer,extreme_os,LUAD,2,0,catboost,129,33,41,success,0.7345843831555263,validation split balanced accuracy,1.1259309359993495,0.006144622002466349,0.5609756097560976,0.39495798319327735,0.7096774193548387,0.6470588235294118,0.14285714285714285,0.3697478991596639,0.783421821373983,0.516828622824315,0.16399559000770825,/home/prime/Documents/g3/tab-r1/paper/tables/source_data/full_fold_models/per_cancer/extreme_os/LUAD/repeat_02_fold_00/catboost/test_predictions.csv
per_cancer,extreme_os,LUAD,2,0,xgboost,129,33,41,success,0.6398189067840576,validation split balanced accuracy,0.10715360299946042,0.005908941999223316,0.7560975609756098,0.569327731092437,0.8529411764705882,0.8529411764705882,0.2857142857142857,0.5,0.8381749578521254,0.6403185633552785,0.196620167638467,/home/prime/Documents/g3/tab-r1/paper/tables/source_data/full_fold_models/per_cancer/extreme_os/LUAD/repeat_02_fold_00/xgboost/test_predictions.csv
per_cancer,extreme_os,LUAD,2,0,lightgbm,129,33,41,success,0.7112432667511004,validation split balanced accuracy,0.0342311519998475,0.005172297001990955,0.6585365853658537,0.5105042016806722,0.78125,0.7352941176470589,0.2857142857142857,0.6050420168067228,0.8807977399573915,0.6076986630168928,0.19565190616408493,/home/prime/Documents/g3/tab-r1/paper/tables/source_data/full_fold_models/per_cancer/extreme_os/LUAD/repeat_02_fold_00/lightgbm/test_predictions.csv
per_cancer,extreme_os,LUAD,2,1,logistic_regression,129,33,41,success,0.9765929906924112,validation split balanced accuracy,0.009359785002743592,0.00383327300005476,0.2682926829268293,0.5,0.0,0.0,1.0,0.4636363636363636,0.688967759036176,0.7271978302065772,0.2345987682896508,/home/prime/Documents/g3/tab-r1/paper/tables/source_data/full_fold_models/per_cancer/extreme_os/LUAD/repeat_02_fold_01/logistic_regression/test_predictions.csv
per_cancer,extreme_os,LUAD,2,1,random_forest,129,33,41,success,0.8566666666666667,validation split balanced accuracy,0.3347089720009535,0.07444201099860948,0.36585365853658536,0.3939393939393939,0.43478260869565216,0.3333333333333333,0.45454545454545453,0.509090909090909,0.7726143023809093,0.6217512414580393,0.2050587591485147,/home/prime/Documents/g3/tab-r1/paper/tables/source_data/full_fold_models/per_cancer/extreme_os/LUAD/repeat_02_fold_01/random_forest/test_predictions.csv
per_cancer,extreme_os,LUAD,2,1,catboost,129,33,41,success,0.7833741387524172,validation split balanced accuracy,1.1448640439994051,0.006300378998275846,0.6097560975609756,0.47424242424242424,0.7419354838709677,0.7666666666666667,0.18181818181818182,0.4636363636363636,0.7145122656629693,0.6236517647864903,0.207285829797466,/home/prime/Documents/g3/tab-r1/paper/tables/source_data/full_fold_models/per_cancer/extreme_os/LUAD/repeat_02_fold_01/catboost/test_predictions.csv
per_cancer,extreme_os,LUAD,2,1,xgboost,129,33,41,success,0.6445451378822327,validation split balanced accuracy,0.09264374299891642,0.006137617998319911,0.7560975609756098,0.5454545454545454,0.8571428571428571,1.0,0.09090909090909091,0.5636363636363636,0.8061475157527789,0.7357646836600641,0.2258506282086953,/home/prime/Documents/g3/tab-r1/paper/tables/source_data/full_fold_models/per_cancer/extreme_os/LUAD/repeat_02_fold_01/xgboost/test_predictions.csv
per_cancer,extreme_os,LUAD,2,1,lightgbm,129,33,41,success,0.8768007906964687,validation split balanced accuracy,0.033429883002099814,0.005408437998994486,0.6341463414634146,0.5196969696969698,0.7540983606557377,0.7666666666666667,0.2727272727272727,0.5727272727272728,0.8021878765254605,0.7895131332776644,0.22207364590953704,/home/prime/Documents/g3/tab-r1/paper/tables/source_data/full_fold_models/per_cancer/extreme_os/LUAD/repeat_02_fold_01/lightgbm/test_predictions.csv
per_cancer,extreme_os,LUAD,2,2,logistic_regression,129,33,41,success,0.13867499184532883,validation split balanced accuracy,0.00933667099889135,0.003942750998248812,0.8292682926829268,0.5,0.9066666666666666,1.0,0.0,0.5504201680672269,0.8673142664408864,0.5028842429125059,0.1622972420655388,/home/prime/Documents/g3/tab-r1/paper/tables/source_data/full_fold_models/per_cancer/extreme_os/LUAD/repeat_02_fold_02/logistic_regression/test_predictions.csv
per_cancer,extreme_os,LUAD,2,2,random_forest,129,33,41,success,0.8284194482492873,validation split balanced accuracy,0.33459470299931127,0.07512114600103814,0.3902439024390244,0.5189075630252101,0.46808510638297873,0.3235294117647059,0.7142857142857143,0.5840336134453782,0.8834701367789811,0.47131585916889157,0.1499235527959563,/home/prime/Documents/g3/tab-r1/paper/tables/source_data/full_fold_models/per_cancer/extreme_os/LUAD/repeat_02_fold_02/random_forest/test_predictions.csv
per_cancer,extreme_os,LUAD,2,2,catboost,129,33,41,success,0.5268495048116435,validation split balanced accuracy,1.0358119000011357,0.005635000001348089,0.8048780487804879,0.4852941176470588,0.8918918918918919,0.9705882352941176,0.0,0.5420168067226891,0.8603188614972919,0.48016986031256004,0.15237612388028457,/home/prime/Documents/g3/tab-r1/paper/tables/source_data/full_fold_models/per_cancer/extreme_os/LUAD/repeat_02_fold_02/catboost/test_predictions.csv
per_cancer,extreme_os,LUAD,2,2,xgboost,129,33,41,success,0.16857698559761047,validation split balanced accuracy,0.09107290700194426,0.006167335999634815,0.8292682926829268,0.5567226890756303,0.9041095890410958,0.9705882352941176,0.14285714285714285,0.5168067226890756,0.8579898993776673,0.6678559166757989,0.20782287850236744,/home/prime/Documents/g3/tab-r1/paper/tables/source_data/full_fold_models/per_cancer/extreme_os/LUAD/repeat_02_fold_02/xgboost/test_predictions.csv
per_cancer,extreme_os,LUAD,2,2,lightgbm,129,33,41,success,0.4652747561974781,validation split balanced accuracy,0.03410456900019199,0.005214677999902051,0.6829268292682927,0.4684873949579832,0.8059701492537313,0.7941176470588235,0.14285714285714285,0.5420168067226891,0.8693257324426275,0.828246751696713,0.23974792794489042,/home/prime/Documents/g3/tab-r1/paper/tables/source_data/full_fold_models/per_cancer/extreme_os/LUAD/repeat_02_fold_02/lightgbm/test_predictions.csv
per_cancer,extreme_os,LUAD,2,3,logistic_regression,130,33,40,success,0.7888950009203316,validation split balanced accuracy,0.009354746001918102,0.003851647001283709,0.55,0.6050156739811913,0.6086956521739131,0.4827586206896552,0.7272727272727273,0.6896551724137931,0.8651329446736071,0.5686398522193674,0.19532239150551303,/home/prime/Documents/g3/tab-r1/paper/tables/source_data/full_fold_models/per_cancer/extreme_os/LUAD/repeat_02_fold_03/logistic_regression/test_predictions.csv
per_cancer,extreme_os,LUAD,2,3,random_forest,130,33,40,success,0.7359259259259259,validation split balanced accuracy,0.34579525099979946,0.07294220000039786,0.65,0.5893416927899686,0.75,0.7241379310344828,0.45454545454545453,0.5376175548589343,0.747590920612988,0.6144754409202333,0.20449796512476115,/home/prime/Documents/g3/tab-r1/paper/tables/source_data/full_fold_models/per_cancer/extreme_os/LUAD/repeat_02_fold_03/random_forest/test_predictions.csv
per_cancer,extreme_os,LUAD,2,3,catboost,130,33,40,success,0.7481260503975312,validation split balanced accuracy,0.8792499019982642,0.005590624998148996,0.675,0.5501567398119123,0.7868852459016393,0.8275862068965517,0.2727272727272727,0.4764890282131662,0.7001514281684723,0.6592349531728464,0.21498717324046615,/home/prime/Documents/g3/tab-r1/paper/tables/source_data/full_fold_models/per_cancer/extreme_os/LUAD/repeat_02_fold_03/catboost/test_predictions.csv
per_cancer,extreme_os,LUAD,2,3,xgboost,130,33,40,success,0.9598093628883362,validation split balanced accuracy,0.0886581800004933,0.0061355950019788,0.425,0.5188087774294671,0.43902439024390244,0.3103448275862069,0.7272727272727273,0.4106583072100314,0.7004762804944669,0.9551561013658356,0.281858614929453,/home/prime/Documents/g3/tab-r1/paper/tables/source_data/full_fold_models/per_cancer/extreme_os/LUAD/repeat_02_fold_03/xgboost/test_predictions.csv
per_cancer,extreme_os,LUAD,2,3,lightgbm,130,33,40,success,0.9766998835284726,validation split balanced accuracy,0.03456451799866045,0.005731062999984715,0.425,0.5188087774294671,0.43902439024390244,0.3103448275862069,0.7272727272727273,0.4733542319749216,0.743481926798524,1.0551753178420036,0.28945769960612855,/home/prime/Documents/g3/tab-r1/paper/tables/source_data/full_fold_models/per_cancer/extreme_os/LUAD/repeat_02_fold_03/lightgbm/test_predictions.csv
per_cancer,extreme_os,LUAD,2,4,logistic_regression,130,33,40,success,0.8382346341344875,validation split balanced accuracy,0.009502237000560854,0.003847198997391388,0.7,0.6666666666666666,0.7857142857142857,0.7333333333333333,0.6,0.6833333333333333,0.8672033457359825,0.5679771038634681,0.18158982682482358,/home/prime/Documents/g3/tab-r1/paper/tables/source_data/full_fold_models/per_cancer/extreme_os/LUAD/repeat_02_fold_04/logistic_regression/test_predictions.csv
per_cancer,extreme_os,LUAD,2,4,random_forest,130,33,40,success,0.8972679738562092,validation split balanced accuracy,0.34279480700206477,0.0752281099994434,0.275,0.48333333333333334,0.12121212121212122,0.06666666666666667,0.9,0.49,0.7451870604390128,0.5893375238619669,0.19328020222056222,/home/prime/Documents/g3/tab-r1/paper/tables/source_data/full_fold_models/per_cancer/extreme_os/LUAD/repeat_02_fold_04/random_forest/test_predictions.csv
per_cancer,extreme_os,LUAD,2,4,catboost,130,33,40,success,0.9249118881598637,validation split balanced accuracy,1.07054060000155,0.005734449001465691,0.275,0.5166666666666667,0.06451612903225806,0.03333333333333333,1.0,0.5366666666666666,0.8143132227297604,0.597615588887263,0.1982217164966059,/home/prime/Documents/g3/tab-r1/paper/tables/source_data/full_fold_models/per_cancer/extreme_os/LUAD/repeat_02_fold_04/catboost/test_predictions.csv
per_cancer,extreme_os,LUAD,2,4,xgboost,130,33,40,success,0.9866816997528076,validation split balanced accuracy,0.09825040899886517,0.006158136999147246,0.325,0.48333333333333334,0.2702702702702703,0.16666666666666666,0.8,0.5066666666666666,0.7800084759207656,0.8324410049582862,0.22245230169940172,/home/prime/Documents/g3/tab-r1/paper/tables/source_data/full_fold_models/per_cancer/extreme_os/LUAD/repeat_02_fold_04/xgboost/test_predictions.csv
per_cancer,extreme_os,LUAD,2,4,lightgbm,130,33,40,success,0.9840011936199129,validation split balanced accuracy,0.036109003998717526,0.0056372840008407366,0.475,0.55,0.5333333333333333,0.4,0.7,0.4966666666666667,0.7426091616296109,1.0514848751482289,0.254880478071439,/home/prime/Documents/g3/tab-r1/paper/tables/source_data/full_fold_models/per_cancer/extreme_os/LUAD/repeat_02_fold_04/lightgbm/test_predictions.csv
per_cancer,extreme_os,LUAD,3,0,logistic_regression,129,33,41,success,0.9540717111029733,validation split balanced accuracy,0.009965200002625352,0.003971335998357972,0.21951219512195122,0.45,0.0,0.0,0.9,0.4870967741935484,0.7373631916061341,0.6524028930342691,0.21117628574753688,/home/prime/Documents/g3/tab-r1/paper/tables/source_data/full_fold_models/per_cancer/extreme_os/LUAD/repeat_03_fold_00/logistic_regression/test_predictions.csv
per_cancer,extreme_os,LUAD,3,0,random_forest,129,33,41,success,0.6121458548331613,validation split balanced accuracy,0.34152239999821177,0.07893515199975809,0.6829268292682927,0.45161290322580644,0.8115942028985508,0.9032258064516129,0.0,0.5387096774193548,0.8160039065549691,0.5835653292770571,0.19517672704380712,/home/prime/Documents/g3/tab-r1/paper/tables/source_data/full_fold_models/per_cancer/extreme_os/LUAD/repeat_03_fold_00/random_forest/test_predictions.csv
per_cancer,extreme_os,LUAD,3,0,catboost,129,33,41,success,0.8747914283935052,validation split balanced accuracy,0.9321552170003997,0.005683422998117749,0.4634146341463415,0.5435483870967741,0.5217391304347826,0.3870967741935484,0.7,0.5774193548387097,0.7857479752434524,0.5692043779150442,0.1874001291839519,/home/prime/Documents/g3/tab-r1/paper/tables/source_data/full_fold_models/per_cancer/extreme_os/LUAD/repeat_03_fold_00/catboost/test_predictions.csv
per_cancer,extreme_os,LUAD,3,0,xgboost,129,33,41,success,0.601380467414856,validation split balanced accuracy,0.09343237799839699,0.00611182899956475,0.7317073170731707,0.5177419354838709,0.8405797101449275,0.9354838709677419,0.1,0.7258064516129032,0.8889613409110888,0.5805230802090938,0.1882999020535598,/home/prime/Documents/g3/tab-r1/paper/tables/source_data/full_fold_models/per_cancer/extreme_os/LUAD/repeat_03_fold_00/xgboost/test_predictions.csv
per_cancer,extreme_os,LUAD,3,0,lightgbm,129,33,41,success,0.4095502161439699,validation split balanced accuracy,0.03494555400175159,0.005586557002970949,0.7073170731707317,0.46774193548387094,0.8285714285714286,0.9354838709677419,0.0,0.6290322580645162,0.851594442706514,0.6636321525629337,0.1996389704740174,/home/prime/Documents/g3/tab-r1/paper/tables/source_data/full_fold_models/per_cancer/extreme_os/LUAD/repeat_03_fold_00/lightgbm/test_predictions.csv
per_cancer,extreme_os,LUAD,3,1,logistic_regression,129,33,41,success,0.7555562629799575,validation split balanced accuracy,0.009154112998658093,0.0038603239991061855,0.6585365853658537,0.6263736263736264,0.7407407407407407,0.7142857142857143,0.5384615384615384,0.5934065934065934,0.7244324102792736,0.7646013627982201,0.2394266354315976,/home/prime/Documents/g3/tab-r1/paper/tables/source_data/full_fold_models/per_cancer/extreme_os/LUAD/repeat_03_fold_01/logistic_regression/test_predictions.csv
per_cancer,extreme_os,LUAD,3,1,random_forest,129,33,41,success,0.8566666666666667,validation split balanced accuracy,0.3431903910022811,0.07229418199858628,0.4878048780487805,0.5837912087912088,0.46153846153846156,0.32142857142857145,0.8461538461538461,0.6497252747252746,0.796226519900869,0.6311914691327524,0.2185097471550982,/home/prime/Documents/g3/tab-r1/paper/tables/source_data/full_fold_models/per_cancer/extreme_os/LUAD/repeat_03_fold_01/random_forest/test_predictions.csv
per_cancer,extreme_os,LUAD,3,1,catboost,129,33,41,success,0.749071163412186,validation split balanced accuracy,1.0978120639992994,0.0056315230031032115,0.6341463414634146,0.5054945054945055,0.7619047619047619,0.8571428571428571,0.15384615384615385,0.5302197802197802,0.7316313387171236,0.715247265680673,0.24305136310760914,/home/prime/Documents/g3/tab-r1/paper/tables/source_data/full_fold_models/per_cancer/extreme_os/LUAD/repeat_03_fold_01/catboost/test_predictions.csv
per_cancer,extreme_os,LUAD,3,1,xgboost,129,33,41,success,0.8785577416419983,validation split balanced accuracy,0.09079938500144635,0.006103151998104295,0.5853658536585366,0.4697802197802198,0.7213114754098361,0.7857142857142857,0.15384615384615385,0.5714285714285714,0.7493729256624546,0.9180049031053041,0.26718670391098914,/home/prime/Documents/g3/tab-r1/paper/tables/source_data/full_fold_models/per_cancer/extreme_os/LUAD/repeat_03_fold_01/xgboost/test_predictions.csv
per_cancer,extreme_os,LUAD,3,1,lightgbm,129,33,41,success,0.8295060209194376,validation split balanced accuracy,0.03816381400247337,0.00584777599942754,0.5853658536585366,0.44917582417582413,0.7301587301587301,0.8214285714285714,0.07692307692307693,0.5906593406593407,0.7716627982349826,1.0434295647565033,0.2826633272274172,/home/prime/Documents/g3/tab-r1/paper/tables/source_data/full_fold_models/per_cancer/extreme_os/LUAD/repeat_03_fold_01/lightgbm/test_predictions.csv
per_cancer,extreme_os,LUAD,3,2,logistic_regression,129,33,41,success,0.5214431607851685,validation split balanced accuracy,0.009427664001123048,0.00401506900016102,0.7560975609756098,0.5643939393939394,0.8529411764705882,0.8787878787878788,0.25,0.4962121212121212,0.8363110581906811,0.5889898791421933,0.19122745849901024,/home/prime/Documents/g3/tab-r1/paper/tables/source_data/full_fold_models/per_cancer/extreme_os/LUAD/repeat_03_fold_02/logistic_regression/test_predictions.csv
per_cancer,extreme_os,LUAD,3,2,random_forest,129,33,41,success,0.6482427637721756,validation split balanced accuracy,0.3400913599980413,0.07540859399887268,0.7073170731707317,0.48674242424242425,0.8235294117647058,0.8484848484848485,0.125,0.5871212121212122,0.8272442188488341,0.4988654782297184,0.15842281355221824,/home/prime/Documents/g3/tab-r1/paper/tables/source_data/full_fold_models/per_cancer/extreme_os/LUAD/repeat_03_fold_02/random_forest/test_predictions.csv
per_cancer,extreme_os,LUAD,3,2,catboost,129,33,41,success,0.711241387930993,validation split balanced accuracy,1.1524027649975324,0.006041606000508182,0.7560975609756098,0.5643939393939394,0.8529411764705882,0.8787878787878788,0.25,0.5757575757575757,0.8721121911883205,0.4935385732779317,0.15857684791723142,/home/prime/Documents/g3/tab-r1/paper/tables/source_data/full_fold_models/per_cancer/extreme_os/LUAD/repeat_03_fold_02/catboost/test_predictions.csv
per_cancer,extreme_os,LUAD,3,2,xgboost,129,33,41,success,0.8508394360542297,validation split balanced accuracy,0.09505804900254589,0.006131907997769304,0.5609756097560976,0.49053030303030304,0.6896551724137931,0.6060606060606061,0.375,0.49621212121212127,0.7866149449658485,0.6264457049478283,0.17632929312505663,/home/prime/Documents/g3/tab-r1/paper/tables/source_data/full_fold_models/per_cancer/extreme_os/LUAD/repeat_03_fold_02/xgboost/test_predictions.csv
per_cancer,extreme_os,LUAD,3,2,lightgbm,129,33,41,success,0.7910257932916235,validation split balanced accuracy,0.033526568000525,0.0052411979995667934,0.7317073170731707,0.5492424242424243,0.835820895522388,0.8484848484848485,0.25,0.45833333333333337,0.7782336633976457,0.7452606994503922,0.18414022594016805,/home/prime/Documents/g3/tab-r1/paper/tables/source_data/full_fold_models/per_cancer/extreme_os/LUAD/repeat_03_fold_02/lightgbm/test_predictions.csv
per_cancer,extreme_os,LUAD,3,3,logistic_regression,130,33,40,success,0.7402963286640007,validation split balanced accuracy,0.009511254000244662,0.003824196002824465,0.575,0.5658307210031348,0.6666666666666666,0.5862068965517241,0.5454545454545454,0.567398119122257,0.7677126915444192,0.6981791133731698,0.2291115189600823,/home/prime/Documents/g3/tab-r1/paper/tables/source_data/full_fold_models/per_cancer/extreme_os/LUAD/repeat_03_fold_03/logistic_regression/test_predictions.csv
per_cancer,extreme_os,LUAD,3,3,random_forest,130,33,40,success,0.8821719457013575,validation split balanced accuracy,0.3451380070000596,0.07509090900202864,0.325,0.5344827586206896,0.12903225806451613,0.06896551724137931,1.0,0.6551724137931035,0.8063484620186339,0.5656972876386387,0.18967638570448292,/home/prime/Documents/g3/tab-r1/paper/tables/source_data/full_fold_models/per_cancer/extreme_os/LUAD/repeat_03_fold_03/random_forest/test_predictions.csv
per_cancer,extreme_os,LUAD,3,3,catboost,130,33,40,success,0.8355304244133014,validation split balanced accuracy,0.9941915520030307,0.00649081300070975,0.375,0.48432601880877746,0.358974358974359,0.2413793103448276,0.7272727272727273,0.5297805642633229,0.7482330161142224,0.6078524385399721,0.20383979136110617,/home/prime/Documents/g3/tab-r1/paper/tables/source_data/full_fold_models/per_cancer/extreme_os/LUAD/repeat_03_fold_03/catboost/test_predictions.csv
per_cancer,extreme_os,LUAD,3,3,xgboost,130,33,40,success,0.9536004066467285,validation split balanced accuracy,0.10289761400053976,0.006211198000528384,0.45,0.5360501567398119,0.47619047619047616,0.3448275862068966,0.7272727272727273,0.5987460815047022,0.8084907355820977,0.7176604510115674,0.210753642887091,/home/prime/Documents/g3/tab-r1/paper/tables/source_data/full_fold_models/per_cancer/extreme_os/LUAD/repeat_03_fold_03/xgboost/test_predictions.csv
per_cancer,extreme_os,LUAD,3,3,lightgbm,130,33,40,success,0.9422876199440117,validation split balanced accuracy,0.03455686199959018,0.005654266999044921,0.5,0.5141065830721003,0.5833333333333334,0.4827586206896552,0.5454545454545454,0.6300940438871474,0.8270806841176919,0.7283446067925429,0.1984807321630122,/home/prime/Documents/g3/tab-r1/paper/tables/source_data/full_fold_models/per_cancer/extreme_os/LUAD/repeat_03_fold_03/lightgbm/test_predictions.csv
per_cancer,extreme_os,LUAD,3,4,logistic_regression,130,33,40,success,0.7376347346786304,validation split balanced accuracy,0.009695756001747213,0.0040427320018352475,0.625,0.5694444444444444,0.7540983606557377,0.6388888888888888,0.5,0.4513888888888889,0.9016284168333359,0.4695909280726789,0.14814610890377683,/home/prime/Documents/g3/tab-r1/paper/tables/source_data/full_fold_models/per_cancer/extreme_os/LUAD/repeat_03_fold_04/logistic_regression/test_predictions.csv
per_cancer,extreme_os,LUAD,3,4,random_forest,130,33,40,success,0.73,validation split balanced accuracy,0.33884084400051506,0.07410795299801975,0.75,0.75,0.84375,0.75,0.75,0.7048611111111112,0.9293207298145678,0.36799331767947524,0.10168058909008262,/home/prime/Documents/g3/tab-r1/paper/tables/source_data/full_fold_models/per_cancer/extreme_os/LUAD/repeat_03_fold_04/random_forest/test_predictions.csv
per_cancer,extreme_os,LUAD,3,4,catboost,130,33,40,success,0.8173593368413111,validation split balanced accuracy,0.9539639310023631,0.0061191339991637506,0.3,0.5,0.391304347826087,0.25,0.75,0.6458333333333333,0.9324884494489334,0.355299440373967,0.09759673628146133,/home/prime/Documents/g3/tab-r1/paper/tables/source_data/full_fold_models/per_cancer/extreme_os/LUAD/repeat_03_fold_04/catboost/test_predictions.csv
per_cancer,extreme_os,LUAD,3,4,xgboost,130,33,40,success,0.6335974335670471,validation split balanced accuracy,0.09666215899778763,0.006254431002162164,0.775,0.6527777777777778,0.8656716417910447,0.8055555555555556,0.5,0.6458333333333333,0.9338187608669641,0.3915971965063874,0.11580920397166228,/home/prime/Documents/g3/tab-r1/paper/tables/source_data/full_fold_models/per_cancer/extreme_os/LUAD/repeat_03_fold_04/xgboost/test_predictions.csv
per_cancer,extreme_os,LUAD,3,4,lightgbm,130,33,40,success,0.9984589105843134,validation split balanced accuracy,0.03245601500020712,0.006094716001825873,0.1,0.5,0.0,0.0,1.0,0.6319444444444444,0.9389044871282493,0.4225817171304739,0.1260133588056603,/home/prime/Documents/g3/tab-r1/paper/tables/source_data/full_fold_models/per_cancer/extreme_os/LUAD/repeat_03_fold_04/lightgbm/test_predictions.csv
per_cancer,extreme_os,LUAD,4,0,logistic_regression,129,33,41,success,0.797187082823524,validation split balanced accuracy,0.009988124002120458,0.003877236998960143,0.6097560975609756,0.5606060606060606,0.7142857142857143,0.6666666666666666,0.45454545454545453,0.41515151515151516,0.6686120683188779,0.8676594275497904,0.24663292120656855,/home/prime/Documents/g3/tab-r1/paper/tables/source_data/full_fold_models/per_cancer/extreme_os/LUAD/repeat_04_fold_00/logistic_regression/test_predictions.csv
per_cancer,extreme_os,LUAD,4,0,random_forest,129,33,41,success,0.73,validation split balanced accuracy,0.3381989599984081,0.07884019099947182,0.7073170731707317,0.5984848484848485,0.8064516129032258,0.8333333333333334,0.36363636363636365,0.6212121212121212,0.7951025002448224,0.5907926105669561,0.19518562621419563,/home/prime/Documents/g3/tab-r1/paper/tables/source_data/full_fold_models/per_cancer/extreme_os/LUAD/repeat_04_fold_00/random_forest/test_predictions.csv
per_cancer,extreme_os,LUAD,4,0,catboost,129,33,41,success,0.8502107798508922,validation split balanced accuracy,1.1389197740027157,0.005847766002261778,0.6585365853658537,0.6803030303030303,0.7307692307692307,0.6333333333333333,0.7272727272727273,0.6696969696969697,0.7819230924019436,0.5999457645754667,0.1966861281805307,/home/prime/Documents/g3/tab-r1/paper/tables/source_data/full_fold_models/per_cancer/extreme_os/LUAD/repeat_04_fold_00/catboost/test_predictions.csv
per_cancer,extreme_os,LUAD,4,0,xgboost,129,33,41,success,0.9219458103179932,validation split balanced accuracy,0.09992153699931805,0.006366966001223773,0.6829268292682927,0.6393939393939394,0.7719298245614035,0.7333333333333333,0.5454545454545454,0.7151515151515151,0.8659194607719342,0.6243808148724906,0.18357971485865404,/home/prime/Documents/g3/tab-r1/paper/tables/source_data/full_fold_models/per_cancer/extreme_os/LUAD/repeat_04_fold_00/xgboost/test_predictions.csv
per_cancer,extreme_os,LUAD,4,0,lightgbm,129,33,41,success,0.9680382610130719,validation split balanced accuracy,0.03548457299984875,0.005617656999675091,0.5609756097560976,0.6136363636363636,0.625,0.5,0.7272727272727273,0.7363636363636364,0.8900382938652255,0.6880753389389537,0.18838406253399734,/home/prime/Documents/g3/tab-r1/paper/tables/source_data/full_fold_models/per_cancer/extreme_os/LUAD/repeat_04_fold_00/lightgbm/test_predictions.csv
per_cancer,extreme_os,LUAD,4,1,logistic_regression,130,32,41,success,0.9618748008565204,validation split balanced accuracy,0.009522194999590283,0.003983128997788299,0.3170731707317073,0.5,0.0,0.0,1.0,0.5686813186813187,0.7235910097293722,0.7449172378391171,0.25204560539028925,/home/prime/Documents/g3/tab-r1/paper/tables/source_data/full_fold_models/per_cancer/extreme_os/LUAD/repeat_04_fold_01/logistic_regression/test_predictions.csv
per_cancer,extreme_os,LUAD,4,1,random_forest,130,32,41,success,0.7333333333333333,validation split balanced accuracy,0.3444798210002773,0.07535943100083387,0.5365853658536586,0.4958791208791209,0.6415094339622641,0.6071428571428571,0.38461538461538464,0.489010989010989,0.6812650306078606,0.7412340095782748,0.244428161269653,/home/prime/Documents/g3/tab-r1/paper/tables/source_data/full_fold_models/per_cancer/extreme_os/LUAD/repeat_04_fold_01/random_forest/test_predictions.csv
per_cancer,extreme_os,LUAD,4,1,catboost,130,32,41,success,0.8537113629996497,validation split balanced accuracy,0.946617787998548,0.005858235999767203,0.4878048780487805,0.5425824175824175,0.5116279069767442,0.39285714285714285,0.6923076923076923,0.4642857142857143,0.6721184353056172,0.7435270873471989,0.24905860081745648,/home/prime/Documents/g3/tab-r1/paper/tables/source_data/full_fold_models/per_cancer/extreme_os/LUAD/repeat_04_fold_01/catboost/test_predictions.csv
per_cancer,extreme_os,LUAD,4,1,xgboost,130,32,41,success,0.962832510471344,validation split balanced accuracy,0.0931443980007316,0.0062217790000431705,0.5365853658536586,0.5989010989010989,0.5581395348837209,0.42857142857142855,0.7692307692307693,0.5247252747252747,0.7787427362210672,0.9869206211297286,0.29857172494039125,/home/prime/Documents/g3/tab-r1/paper/tables/source_data/full_fold_models/per_cancer/extreme_os/LUAD/repeat_04_fold_01/xgboost/test_predictions.csv
per_cancer,extreme_os,LUAD,4,1,lightgbm,130,32,41,success,0.9389180844738093,validation split balanced accuracy,0.03416898299838067,0.0054960550005489495,0.4634146341463415,0.48351648351648346,0.5217391304347826,0.42857142857142855,0.5384615384615384,0.49175824175824173,0.7500783555242616,1.1586824088319527,0.3518044060664854,/home/prime/Documents/g3/tab-r1/paper/tables/source_data/full_fold_models/per_cancer/extreme_os/LUAD/repeat_04_fold_01/lightgbm/test_predictions.csv
per_cancer,extreme_os,LUAD,4,2,logistic_regression,129,33,41,success,0.7583121753440973,validation split balanced accuracy,0.00946167900110595,0.0038684400024067145,0.4878048780487805,0.634469696969697,0.5531914893617021,0.3939393939393939,0.875,0.5833333333333334,0.8353702771042335,0.5377444410026444,0.1736575618508489,/home/prime/Documents/g3/tab-r1/paper/tables/source_data/full_fold_models/per_cancer/extreme_os/LUAD/repeat_04_fold_02/logistic_regression/test_predictions.csv
per_cancer,extreme_os,LUAD,4,2,random_forest,129,33,41,success,0.4666666666666667,validation split balanced accuracy,0.33349598800123204,0.07332488999963971,0.8048780487804879,0.5,0.8918918918918919,1.0,0.0,0.5473484848484849,0.8271975477723164,0.49475813780132355,0.15594681842171298,/home/prime/Documents/g3/tab-r1/paper/tables/source_data/full_fold_models/per_cancer/extreme_os/LUAD/repeat_04_fold_02/random_forest/test_predictions.csv
per_cancer,extreme_os,LUAD,4,2,catboost,129,33,41,success,0.6391772288724638,validation split balanced accuracy,1.0707318749991828,0.00603146600042237,0.7804878048780488,0.5795454545454546,0.8695652173913043,0.9090909090909091,0.25,0.5871212121212122,0.8568446258503111,0.4961858378740701,0.15886443854152119,/home/prime/Documents/g3/tab-r1/paper/tables/source_data/full_fold_models/per_cancer/extreme_os/LUAD/repeat_04_fold_02/catboost/test_predictions.csv
per_cancer,extreme_os,LUAD,4,2,xgboost,129,33,41,success,0.6087535619735718,validation split balanced accuracy,0.09739017700121622,0.006325557002128335,0.6829268292682927,0.5189393939393939,0.8,0.7878787878787878,0.25,0.5265151515151515,0.8537630241759006,0.6741888002488825,0.21035257334617022,/home/prime/Documents/g3/tab-r1/paper/tables/source_data/full_fold_models/per_cancer/extreme_os/LUAD/repeat_04_fold_02/xgboost/test_predictions.csv
per_cancer,extreme_os,LUAD,4,2,lightgbm,129,33,41,success,0.20467171866402525,validation split balanced accuracy,0.03316858499965747,0.005691516998922452,0.8292682926829268,0.6098484848484849,0.9014084507042254,0.9696969696969697,0.25,0.5871212121212122,0.8468982056848392,0.6673394880196466,0.19421766332985724,/home/prime/Documents/g3/tab-r1/paper/tables/source_data/full_fold_models/per_cancer/extreme_os/LUAD/repeat_04_fold_02/lightgbm/test_predictions.csv
per_cancer,extreme_os,LUAD,4,3,logistic_regression,130,33,40,success,0.842979104581047,validation split balanced accuracy,0.009347220999188721,0.0038946290005696937,0.3,0.38235294117647056,0.391304347826087,0.2647058823529412,0.5,0.36274509803921573,0.8401558716534965,0.6416034103014019,0.2002391411477193,/home/prime/Documents/g3/tab-r1/paper/tables/source_data/full_fold_models/per_cancer/extreme_os/LUAD/repeat_04_fold_03/logistic_regression/test_predictions.csv
per_cancer,extreme_os,LUAD,4,3,random_forest,130,33,40,success,0.7533333333333333,validation split balanced accuracy,0.34028751399819157,0.07456026600266341,0.375,0.2892156862745098,0.5283018867924528,0.4117647058823529,0.16666666666666666,0.28431372549019607,0.8239063173425822,0.5378853539246327,0.17412846171339508,/home/prime/Documents/g3/tab-r1/paper/tables/source_data/full_fold_models/per_cancer/extreme_os/LUAD/repeat_04_fold_03/random_forest/test_predictions.csv
per_cancer,extreme_os,LUAD,4,3,catboost,130,33,40,success,0.515359443261185,validation split balanced accuracy,1.1696993010009464,0.005599762000201736,0.8,0.47058823529411764,0.8888888888888888,0.9411764705882353,0.0,0.3382352941176471,0.8173676354337673,0.49725324594272174,0.15642494586840008,/home/prime/Documents/g3/tab-r1/paper/tables/source_data/full_fold_models/per_cancer/extreme_os/LUAD/repeat_04_fold_03/catboost/test_predictions.csv
per_cancer,extreme_os,LUAD,4,3,xgboost,130,33,40,success,0.9478564262390137,validation split balanced accuracy,0.10016002200063667,0.006396672000846593,0.275,0.36764705882352944,0.35555555555555557,0.23529411764705882,0.5,0.2941176470588235,0.7664666447016397,0.6792838244572319,0.17660964589601183,/home/prime/Documents/g3/tab-r1/paper/tables/source_data/full_fold_models/per_cancer/extreme_os/LUAD/repeat_04_fold_03/xgboost/test_predictions.csv
per_cancer,extreme_os,LUAD,4,3,lightgbm,130,33,40,success,0.9921142347638003,validation split balanced accuracy,0.03983145500023966,0.006546458000229904,0.15,0.29411764705882354,0.15,0.08823529411764706,0.5,0.29411764705882354,0.7535194001424395,0.9338339386838136,0.2225619924291268,/home/prime/Documents/g3/tab-r1/paper/tables/source_data/full_fold_models/per_cancer/extreme_os/LUAD/repeat_04_fold_03/lightgbm/test_predictions.csv
per_cancer,extreme_os,LUAD,4,4,logistic_regression,130,33,40,success,0.9960257299426798,validation split balanced accuracy,0.009229787003278034,0.003848340998956701,0.2,0.5,0.0,0.0,1.0,0.60546875,0.8649480970349032,0.5225278834692073,0.17452431022647757,/home/prime/Documents/g3/tab-r1/paper/tables/source_data/full_fold_models/per_cancer/extreme_os/LUAD/repeat_04_fold_04/logistic_regression/test_predictions.csv
per_cancer,extreme_os,LUAD,4,4,random_forest,130,33,40,success,0.5733333333333334,validation split balanced accuracy,0.3417098479985725,0.07872297599897138,0.825,0.609375,0.8985507246376812,0.96875,0.25,0.59765625,0.8445129470721828,0.49359932547520274,0.15624924965836076,/home/prime/Documents/g3/tab-r1/paper/tables/source_data/full_fold_models/per_cancer/extreme_os/LUAD/repeat_04_fold_04/random_forest/test_predictions.csv
per_cancer,extreme_os,LUAD,4,4,catboost,130,33,40,success,0.8468792296901543,validation split balanced accuracy,1.1324191940002493,0.005765128000348341,0.25,0.484375,0.16666666666666666,0.09375,0.875,0.67578125,0.8474808001704056,0.4696358188516706,0.1473187401054366,/home/prime/Documents/g3/tab-r1/paper/tables/source_data/full_fold_models/per_cancer/extreme_os/LUAD/repeat_04_fold_04/catboost/test_predictions.csv
per_cancer,extreme_os,LUAD,4,4,xgboost,130,33,40,success,0.9947102069854736,validation split balanced accuracy,0.09603594400323345,0.005965800999547355,0.2,0.5,0.0,0.0,1.0,0.7421875,0.9002697292834922,0.4624827100504178,0.13242484887572537,/home/prime/Documents/g3/tab-r1/paper/tables/source_data/full_fold_models/per_cancer/extreme_os/LUAD/repeat_04_fold_04/xgboost/test_predictions.csv
per_cancer,extreme_os,LUAD,4,4,lightgbm,130,33,40,success,0.9821083662374603,validation split balanced accuracy,0.038314910998451523,0.008733820999623276,0.35,0.546875,0.35,0.21875,0.875,0.73046875,0.900998881688902,0.4722111161947208,0.13244767312913197,/home/prime/Documents/g3/tab-r1/paper/tables/source_data/full_fold_models/per_cancer/extreme_os/LUAD/repeat_04_fold_04/lightgbm/test_predictions.csv
pooled,extreme_os,ALL,0,0,logistic_regression,600,150,187,success,0.6573318939575366,validation split balanced accuracy,0.014845360001345398,0.0052635409992944915,0.5133689839572193,0.5336065573770492,0.5560975609756098,0.4672131147540984,0.6,0.4836065573770491,0.6371596140697822,0.7362313925403324,0.25892834362930106,/home/prime/Documents/g3/tab-r1/paper/tables/source_data/full_fold_models/pooled/extreme_os/ALL/repeat_00_fold_00/logistic_regression/test_predictions.csv
pooled,extreme_os,ALL,0,0,random_forest,600,150,187,success,0.6133333333333333,validation split balanced accuracy,0.3682292480007163,0.07447570499789435,0.7967914438502673,0.7687894073139975,0.8467741935483871,0.860655737704918,0.676923076923077,0.8361916771752839,0.891046666289086,0.46207195596281586,0.14697969915059472,/home/prime/Documents/g3/tab-r1/paper/tables/source_data/full_fold_models/pooled/extreme_os/ALL/repeat_00_fold_00/random_forest/test_predictions.csv
pooled,extreme_os,ALL,0,0,catboost,600,150,187,success,0.7248773372857565,validation split balanced accuracy,1.821940296998946,0.0066563079999468755,0.7593582887700535,0.7544766708701135,0.8068669527896996,0.7704918032786885,0.7384615384615385,0.8305170239596468,0.8715997212228237,0.46788514774464973,0.14788034243412654,/home/prime/Documents/g3/tab-r1/paper/tables/source_data/full_fold_models/pooled/extreme_os/ALL/repeat_00_fold_00/catboost/test_predictions.csv
pooled,extreme_os,ALL,0,0,xgboost,600,150,187,success,0.6454825401306152,validation split balanced accuracy,0.22656873599771643,0.007012988997303182,0.7647058823529411,0.7406052963430012,0.819672131147541,0.819672131147541,0.6615384615384615,0.7930643127364438,0.8491774502271616,0.5671493927477127,0.1732392981746133,/home/prime/Documents/g3/tab-r1/paper/tables/source_data/full_fold_models/pooled/extreme_os/ALL/repeat_00_fold_00/xgboost/test_predictions.csv
pooled,extreme_os,ALL,0,0,lightgbm,600,150,187,success,0.7594680514121129,validation split balanced accuracy,0.15457311299905996,0.00779387800139375,0.7433155080213903,0.7278058007566204,0.7983193277310925,0.7786885245901639,0.676923076923077,0.7847414880201765,0.8289848202044592,0.706859481662383,0.18538312581673094,/home/prime/Documents/g3/tab-r1/paper/tables/source_data/full_fold_models/pooled/extreme_os/ALL/repeat_00_fold_00/lightgbm/test_predictions.csv
pooled,extreme_os,ALL,0,1,logistic_regression,600,150,187,success,0.6654840432185554,validation split balanced accuracy,0.015727022000646684,0.004096405002201209,0.5508021390374331,0.5573551829268293,0.6111111111111112,0.5365853658536586,0.578125,0.5336001016260162,0.6850931006570712,0.7618543754673676,0.2602368354095098,/home/prime/Documents/g3/tab-r1/paper/tables/source_data/full_fold_models/pooled/extreme_os/ALL/repeat_00_fold_01/logistic_regression/test_predictions.csv
pooled,extreme_os,ALL,0,1,random_forest,600,150,187,success,0.6633333333333333,validation split balanced accuracy,0.36951990899979137,0.07515598199825035,0.7112299465240641,0.6868013211382114,0.7768595041322314,0.7642276422764228,0.609375,0.7467606707317073,0.8264006077876147,0.5535292762966563,0.18240625524173068,/home/prime/Documents/g3/tab-r1/paper/tables/source_data/full_fold_models/pooled/extreme_os/ALL/repeat_00_fold_01/random_forest/test_predictions.csv
pooled,extreme_os,ALL,0,1,catboost,600,150,187,success,0.7775201202466023,validation split balanced accuracy,2.604977888000576,0.0068384549995244015,0.7058823529411765,0.7089684959349594,0.7577092511013216,0.6991869918699187,0.71875,0.7566692073170732,0.8137787814472387,0.5478875332302646,0.17855816981845596,/home/prime/Documents/g3/tab-r1/paper/tables/source_data/full_fold_models/pooled/extreme_os/ALL/repeat_00_fold_01/catboost/test_predictions.csv
pooled,extreme_os,ALL,0,1,xgboost,600,150,187,success,0.8318353891372681,validation split balanced accuracy,0.3469150670025556,0.007345181998971384,0.6898395721925134,0.6892784552845528,0.7456140350877193,0.6910569105691057,0.6875,0.7573043699186992,0.8052775695972538,0.6607356852859072,0.18685323893209385,/home/prime/Documents/g3/tab-r1/paper/tables/source_data/full_fold_models/pooled/extreme_os/ALL/repeat_00_fold_01/xgboost/test_predictions.csv
pooled,extreme_os,ALL,0,1,lightgbm,600,150,187,success,0.7739856759527435,validation split balanced accuracy,0.18649144200026058,0.007575241001177346,0.7112299465240641,0.6868013211382114,0.7768595041322314,0.7642276422764228,0.609375,0.7444740853658536,0.7922673515557217,0.8864316856861916,0.212681863479303,/home/prime/Documents/g3/tab-r1/paper/tables/source_data/full_fold_models/pooled/extreme_os/ALL/repeat_00_fold_01/lightgbm/test_predictions.csv
pooled,extreme_os,ALL,0,2,logistic_regression,599,150,188,success,0.7013673475671282,validation split balanced accuracy,0.015252597000653623,0.004991671998141101,0.5159574468085106,0.5446748591909882,0.5603864734299517,0.4603174603174603,0.6290322580645161,0.5501152073732719,0.6847668597080497,0.7351404465270537,0.24370517714541923,/home/prime/Documents/g3/tab-r1/paper/tables/source_data/full_fold_models/pooled/extreme_os/ALL/repeat_00_fold_02/logistic_regression/test_predictions.csv
pooled,extreme_os,ALL,0,2,random_forest,599,150,188,success,0.7278472222222222,validation split balanced accuracy,0.3705027649994008,0.07434637799815391,0.7021276595744681,0.6999487967229903,0.7606837606837606,0.7063492063492064,0.6935483870967742,0.7674731182795699,0.8501358289031105,0.49681996448845694,0.16043189746587377,/home/prime/Documents/g3/tab-r1/paper/tables/source_data/full_fold_models/pooled/extreme_os/ALL/repeat_00_fold_02/random_forest/test_predictions.csv
pooled,extreme_os,ALL,0,2,catboost,599,150,188,success,0.7625227909072955,validation split balanced accuracy,2.0505043000011938,0.0069389279997267295,0.723404255319149,0.7240143369175627,0.7777777777777778,0.7222222222222222,0.7258064516129032,0.8180363543266769,0.8901513116843196,0.46074063495949397,0.14577906295896773,/home/prime/Documents/g3/tab-r1/paper/tables/source_data/full_fold_models/pooled/extreme_os/ALL/repeat_00_fold_02/catboost/test_predictions.csv
pooled,extreme_os,ALL,0,2,xgboost,599,150,188,success,0.7469743490219116,validation split balanced accuracy,0.28503086199998506,0.007217178001155844,0.7553191489361702,0.7355350742447516,0.8130081300813008,0.7936507936507936,0.6774193548387096,0.7925627240143369,0.8716548437641404,0.5644888008398175,0.1675573673518901,/home/prime/Documents/g3/tab-r1/paper/tables/source_data/full_fold_models/pooled/extreme_os/ALL/repeat_00_fold_02/xgboost/test_predictions.csv
pooled,extreme_os,ALL,0,2,lightgbm,599,150,188,success,0.6367116487773111,validation split balanced accuracy,0.1768924199968751,0.008000331999937771,0.8138297872340425,0.7709933435739887,0.8659003831417624,0.8968253968253969,0.6451612903225806,0.7906426011264721,0.8436253200464031,0.6951388860186193,0.16930004015025,/home/prime/Documents/g3/tab-r1/paper/tables/source_data/full_fold_models/pooled/extreme_os/ALL/repeat_00_fold_02/lightgbm/test_predictions.csv
pooled,extreme_os,ALL,0,3,logistic_regression,599,150,188,success,0.5366178194804445,validation split balanced accuracy,0.014737814999534748,0.004256208998413058,0.5585106382978723,0.4598039215686274,0.7025089605734767,0.8166666666666667,0.10294117647058823,0.4551470588235294,0.6102189112241426,0.817940929787573,0.2797310719448491,/home/prime/Documents/g3/tab-r1/paper/tables/source_data/full_fold_models/pooled/extreme_os/ALL/repeat_00_fold_03/logistic_regression/test_predictions.csv
pooled,extreme_os,ALL,0,3,random_forest,599,150,188,success,0.49718374218374217,validation split balanced accuracy,0.37784196499706013,0.07397375700020348,0.7553191489361702,0.7095588235294117,0.8203125,0.875,0.5441176470588235,0.759436274509804,0.8396882799430367,0.555387952778689,0.18420780235005538,/home/prime/Documents/g3/tab-r1/paper/tables/source_data/full_fold_models/pooled/extreme_os/ALL/repeat_00_fold_03/random_forest/test_predictions.csv
pooled,extreme_os,ALL,0,3,catboost,599,150,188,success,0.4865937812139266,validation split balanced accuracy,2.2224300660018343,0.007157173000450712,0.75,0.705392156862745,0.8156862745098039,0.8666666666666667,0.5441176470588235,0.7481617647058824,0.8137751638154984,0.572006282823837,0.1865067001386933,/home/prime/Documents/g3/tab-r1/paper/tables/source_data/full_fold_models/pooled/extreme_os/ALL/repeat_00_fold_03/catboost/test_predictions.csv
pooled,extreme_os,ALL,0,3,xgboost,599,150,188,success,0.8688273429870605,validation split balanced accuracy,0.3268903770003817,0.007226104000437772,0.6702127659574468,0.6715686274509804,0.7207207207207207,0.6666666666666666,0.6764705882352942,0.7142156862745098,0.7686082697575461,0.7454028562947113,0.20360256390272496,/home/prime/Documents/g3/tab-r1/paper/tables/source_data/full_fold_models/pooled/extreme_os/ALL/repeat_00_fold_03/xgboost/test_predictions.csv
pooled,extreme_os,ALL,0,3,lightgbm,599,150,188,success,0.8135904895895739,validation split balanced accuracy,0.15457034800056135,0.0070476340006280225,0.7340425531914894,0.7088235294117647,0.7933884297520661,0.8,0.6176470588235294,0.7126225490196078,0.7643086088877595,0.9445589360138563,0.21228471367894206,/home/prime/Documents/g3/tab-r1/paper/tables/source_data/full_fold_models/pooled/extreme_os/ALL/repeat_00_fold_03/lightgbm/test_predictions.csv
pooled,extreme_os,ALL,0,4,logistic_regression,600,150,187,success,0.6216647084828153,validation split balanced accuracy,0.013207354997575749,0.004446892999112606,0.6096256684491979,0.5732600732600732,0.6970954356846473,0.717948717948718,0.42857142857142855,0.5495726495726496,0.67911216964083,0.8000998234246887,0.2741287784679514,/home/prime/Documents/g3/tab-r1/paper/tables/source_data/full_fold_models/pooled/extreme_os/ALL/repeat_00_fold_04/logistic_regression/test_predictions.csv
pooled,extreme_os,ALL,0,4,random_forest,600,150,187,success,0.7466666666666667,validation split balanced accuracy,0.3735562990004837,0.07581687300262274,0.6737967914438503,0.6847985347985348,0.7109004739336493,0.6410256410256411,0.7285714285714285,0.7774114774114774,0.8232470827427572,0.600086032741516,0.17176796513382886,/home/prime/Documents/g3/tab-r1/paper/tables/source_data/full_fold_models/pooled/extreme_os/ALL/repeat_00_fold_04/random_forest/test_predictions.csv
pooled,extreme_os,ALL,0,4,catboost,600,150,187,success,0.4164155142928587,validation split balanced accuracy,2.4545253659998707,0.006817205001425464,0.7807486631016043,0.732967032967033,0.8404669260700389,0.9230769230769231,0.5428571428571428,0.7796092796092796,0.8125279658035467,0.5367724639040248,0.17167943753598053,/home/prime/Documents/g3/tab-r1/paper/tables/source_data/full_fold_models/pooled/extreme_os/ALL/repeat_00_fold_04/catboost/test_predictions.csv
pooled,extreme_os,ALL,0,4,xgboost,600,150,187,success,0.675866961479187,validation split balanced accuracy,0.3293391680017521,0.00721152700134553,0.7700534759358288,0.7387667887667888,0.8244897959183674,0.8632478632478633,0.6142857142857143,0.7858363858363858,0.8180242118323862,0.6409623894599252,0.18073360354825835,/home/prime/Documents/g3/tab-r1/paper/tables/source_data/full_fold_models/pooled/extreme_os/ALL/repeat_00_fold_04/xgboost/test_predictions.csv
pooled,extreme_os,ALL,0,4,lightgbm,600,150,187,success,0.9249948724128799,validation split balanced accuracy,0.19435111700295238,0.007615828002599301,0.7219251336898396,0.7146520146520147,0.7699115044247787,0.7435897435897436,0.6857142857142857,0.7741147741147741,0.8093933447492072,0.8591828837496903,0.1973208344691868,/home/prime/Documents/g3/tab-r1/paper/tables/source_data/full_fold_models/pooled/extreme_os/ALL/repeat_00_fold_04/lightgbm/test_predictions.csv
pooled,extreme_os,ALL,1,0,logistic_regression,599,150,188,success,0.6759310643919969,validation split balanced accuracy,0.013173499999538762,0.0041139580025628675,0.5478723404255319,0.5574470574470574,0.5685279187817259,0.5045045045045045,0.6103896103896104,0.5273195273195274,0.6052059776886773,0.8541100160045548,0.2746995162350153,/home/prime/Documents/g3/tab-r1/paper/tables/source_data/full_fold_models/pooled/extreme_os/ALL/repeat_01_fold_00/logistic_regression/test_predictions.csv
pooled,extreme_os,ALL,1,0,random_forest,599,150,188,success,0.5766666666666667,validation split balanced accuracy,0.37031799200121895,0.07440490899898577,0.8031914893617021,0.7816192816192816,0.8438818565400844,0.9009009009009009,0.6623376623376623,0.8116298116298116,0.8289383007716733,0.5057776170959697,0.16313371081574776,/home/prime/Documents/g3/tab-r1/paper/tables/source_data/full_fold_models/pooled/extreme_os/ALL/repeat_01_fold_00/random_forest/test_predictions.csv
pooled,extreme_os,ALL,1,0,catboost,599,150,188,success,0.7340121680129406,validation split balanced accuracy,1.6461807369996677,0.006818346999352798,0.7393617021276596,0.7375102375102376,0.772093023255814,0.7477477477477478,0.7272727272727273,0.8081198081198082,0.824668021734956,0.5114573715020286,0.16381778331776783,/home/prime/Documents/g3/tab-r1/paper/tables/source_data/full_fold_models/pooled/extreme_os/ALL/repeat_01_fold_00/catboost/test_predictions.csv
pooled,extreme_os,ALL,1,0,xgboost,599,150,188,success,0.782589316368103,validation split balanced accuracy,0.20383773399953498,0.007023657999525312,0.7606382978723404,0.7575172575172575,0.7926267281105991,0.7747747747747747,0.7402597402597403,0.7998127998127997,0.8258712213869259,0.5993931780843214,0.18362249737184017,/home/prime/Documents/g3/tab-r1/paper/tables/source_data/full_fold_models/pooled/extreme_os/ALL/repeat_01_fold_00/xgboost/test_predictions.csv
pooled,extreme_os,ALL,1,0,lightgbm,599,150,188,success,0.9364812173521443,validation split balanced accuracy,0.1315598820001469,0.006949917999008903,0.6542553191489362,0.6733941733941734,0.6596858638743456,0.5675675675675675,0.7792207792207793,0.7738387738387739,0.7806703862255916,0.7675206425016943,0.2023305746260855,/home/prime/Documents/g3/tab-r1/paper/tables/source_data/full_fold_models/pooled/extreme_os/ALL/repeat_01_fold_00/lightgbm/test_predictions.csv
pooled,extreme_os,ALL,1,1,logistic_regression,599,150,188,success,0.6458584300791049,validation split balanced accuracy,0.014108483999734744,0.004231091999827186,0.4946808510638298,0.47228116710875334,0.592274678111588,0.5307692307692308,0.41379310344827586,0.440053050397878,0.6895068497244345,0.8294670981839155,0.27740405004851987,/home/prime/Documents/g3/tab-r1/paper/tables/source_data/full_fold_models/pooled/extreme_os/ALL/repeat_01_fold_01/logistic_regression/test_predictions.csv
pooled,extreme_os,ALL,1,1,random_forest,599,150,188,success,0.49,validation split balanced accuracy,0.37003319799987366,0.07578297899817699,0.7659574468085106,0.7114058355437666,0.8345864661654135,0.8538461538461538,0.5689655172413793,0.7656498673740053,0.8744900686002746,0.538417325796911,0.17788149122167907,/home/prime/Documents/g3/tab-r1/paper/tables/source_data/full_fold_models/pooled/extreme_os/ALL/repeat_01_fold_01/random_forest/test_predictions.csv
pooled,extreme_os,ALL,1,1,catboost,599,150,188,success,0.6821167738738442,validation split balanced accuracy,1.8811883620001026,0.006676837001577951,0.7180851063829787,0.6863395225464191,0.7905138339920948,0.7692307692307693,0.603448275862069,0.7651193633952255,0.8818231242504795,0.5400901354703238,0.17845892431441887,/home/prime/Documents/g3/tab-r1/paper/tables/source_data/full_fold_models/pooled/extreme_os/ALL/repeat_01_fold_01/catboost/test_predictions.csv
pooled,extreme_os,ALL,1,1,xgboost,599,150,188,success,0.26014068722724915,validation split balanced accuracy,0.2759061249998922,0.007092560001183301,0.75,0.6759946949602123,0.8278388278388278,0.8692307692307693,0.4827586206896552,0.7400530503978779,0.8556412243423173,0.7342691961779952,0.2078241544002287,/home/prime/Documents/g3/tab-r1/paper/tables/source_data/full_fold_models/pooled/extreme_os/ALL/repeat_01_fold_01/xgboost/test_predictions.csv
pooled,extreme_os,ALL,1,1,lightgbm,599,150,188,success,0.6443369565687551,validation split balanced accuracy,0.17093792200103053,0.007724074999714503,0.7606382978723404,0.726657824933687,0.8249027237354085,0.8153846153846154,0.6379310344827587,0.7347480106100795,0.8546902727362701,0.9361454218081665,0.2205621771998876,/home/prime/Documents/g3/tab-r1/paper/tables/source_data/full_fold_models/pooled/extreme_os/ALL/repeat_01_fold_01/lightgbm/test_predictions.csv
pooled,extreme_os,ALL,1,2,logistic_regression,600,150,187,success,0.7157493739856917,validation split balanced accuracy,0.017274644000281114,0.0050796710020222235,0.41711229946524064,0.4919574700109052,0.42328042328042326,0.3053435114503817,0.6785714285714286,0.5069520174482006,0.7084875722719866,0.8251727755074453,0.2593275392779907,/home/prime/Documents/g3/tab-r1/paper/tables/source_data/full_fold_models/pooled/extreme_os/ALL/repeat_01_fold_02/logistic_regression/test_predictions.csv
pooled,extreme_os,ALL,1,2,random_forest,600,150,187,success,0.5866666666666667,validation split balanced accuracy,0.36737190100029693,0.07323159099905752,0.7700534759358288,0.7336423118865867,0.833976833976834,0.8244274809160306,0.6428571428571429,0.7585196292257361,0.8459382262354511,0.5348376874810391,0.1708137524927261,/home/prime/Documents/g3/tab-r1/paper/tables/source_data/full_fold_models/pooled/extreme_os/ALL/repeat_01_fold_02/random_forest/test_predictions.csv
pooled,extreme_os,ALL,1,2,catboost,600,150,187,success,0.5688937856374912,validation split balanced accuracy,1.9206672750005964,0.0072406119979859795,0.7754010695187166,0.7323473282442747,0.8396946564885496,0.8396946564885496,0.625,0.7749454743729552,0.8741657283434473,0.5109535259589719,0.16595501750936031,/home/prime/Documents/g3/tab-r1/paper/tables/source_data/full_fold_models/pooled/extreme_os/ALL/repeat_01_fold_02/catboost/test_predictions.csv
pooled,extreme_os,ALL,1,2,xgboost,600,150,187,success,0.6013920307159424,validation split balanced accuracy,0.2575683040013246,0.0072245120027218945,0.7593582887700535,0.7362322791712105,0.8221343873517787,0.7938931297709924,0.6785714285714286,0.7690839694656488,0.8729410348725894,0.6199067192106726,0.18310280409928267,/home/prime/Documents/g3/tab-r1/paper/tables/source_data/full_fold_models/pooled/extreme_os/ALL/repeat_01_fold_02/xgboost/test_predictions.csv
pooled,extreme_os,ALL,1,2,lightgbm,600,150,187,success,0.2623169835549814,validation split balanced accuracy,0.17157162099829293,0.007636677997652441,0.7540106951871658,0.6812977099236641,0.8308823529411765,0.8625954198473282,0.5,0.7550436205016358,0.8630652805193569,0.837108155799043,0.20799408681710488,/home/prime/Documents/g3/tab-r1/paper/tables/source_data/full_fold_models/pooled/extreme_os/ALL/repeat_01_fold_02/lightgbm/test_predictions.csv
pooled,extreme_os,ALL,1,3,logistic_regression,600,150,187,success,0.70949445381233,validation split balanced accuracy,0.013297507000970654,0.004143032998399576,0.5401069518716578,0.5267363614515741,0.6090909090909091,0.5877192982456141,0.4657534246575342,0.5486661860129778,0.6697965996748989,0.7458307380903474,0.25727856655963877,/home/prime/Documents/g3/tab-r1/paper/tables/source_data/full_fold_models/pooled/extreme_os/ALL/repeat_01_fold_03/logistic_regression/test_predictions.csv
pooled,extreme_os,ALL,1,3,random_forest,600,150,187,success,0.5366666666666666,validation split balanced accuracy,0.37270792100025574,0.07381250899925362,0.7540106951871658,0.7169550588800768,0.8145161290322581,0.8859649122807017,0.547945205479452,0.7858086998317713,0.8119617406050263,0.6900992088632375,0.1806900156862752,/home/prime/Documents/g3/tab-r1/paper/tables/source_data/full_fold_models/pooled/extreme_os/ALL/repeat_01_fold_03/random_forest/test_predictions.csv
pooled,extreme_os,ALL,1,3,catboost,600,150,187,success,0.5825025437849041,validation split balanced accuracy,1.6607480460006627,0.0074071599992748816,0.7647058823529411,0.7306536890170632,0.8211382113821138,0.8859649122807017,0.5753424657534246,0.7845469838981015,0.8232661254665277,0.5584289421486446,0.18277549315335193,/home/prime/Documents/g3/tab-r1/paper/tables/source_data/full_fold_models/pooled/extreme_os/ALL/repeat_01_fold_03/catboost/test_predictions.csv
pooled,extreme_os,ALL,1,3,xgboost,600,150,187,success,0.6858668923377991,validation split balanced accuracy,0.24484309800027404,0.007287172000360442,0.7593582887700535,0.7336577745734199,0.8117154811715481,0.8508771929824561,0.6164383561643836,0.7769166065849555,0.8060452043189541,0.6698404531142622,0.19275102105613745,/home/prime/Documents/g3/tab-r1/paper/tables/source_data/full_fold_models/pooled/extreme_os/ALL/repeat_01_fold_03/xgboost/test_predictions.csv
pooled,extreme_os,ALL,1,3,lightgbm,600,150,187,success,0.5730541383167921,validation split balanced accuracy,0.17208597200078657,0.007886113999120425,0.7700534759358288,0.7399663542417687,0.823045267489712,0.8771929824561403,0.6027397260273972,0.7829247776976688,0.8228226045474373,0.8140002619292239,0.198946431419729,/home/prime/Documents/g3/tab-r1/paper/tables/source_data/full_fold_models/pooled/extreme_os/ALL/repeat_01_fold_03/lightgbm/test_predictions.csv
pooled,extreme_os,ALL,1,4,logistic_regression,600,150,187,success,0.6654873261380401,validation split balanced accuracy,0.013332123002328444,0.004493571999773849,0.5294117647058824,0.5494955863808323,0.5728155339805825,0.48360655737704916,0.6153846153846154,0.5529003783102143,0.7144566723098265,0.7408215347190956,0.25205220567303044,/home/prime/Documents/g3/tab-r1/paper/tables/source_data/full_fold_models/pooled/extreme_os/ALL/repeat_01_fold_04/logistic_regression/test_predictions.csv
pooled,extreme_os,ALL,1,4,random_forest,600,150,187,success,0.5433333333333333,validation split balanced accuracy,0.36727163000250584,0.07724610999866854,0.7754010695187166,0.7452080706179067,0.8306451612903226,0.8442622950819673,0.6461538461538462,0.780517023959647,0.8429223375376422,0.5152400680096981,0.16778036758446335,/home/prime/Documents/g3/tab-r1/paper/tables/source_data/full_fold_models/pooled/extreme_os/ALL/repeat_01_fold_04/random_forest/test_predictions.csv
pooled,extreme_os,ALL,1,4,catboost,600,150,187,success,0.5945662458195011,validation split balanced accuracy,1.7165647859983437,0.006635918998654233,0.7807486631016043,0.7493064312736444,0.8353413654618473,0.8524590163934426,0.6461538461538462,0.7720680958385877,0.831495721694739,0.5191358158117951,0.16821498857956552,/home/prime/Documents/g3/tab-r1/paper/tables/source_data/full_fold_models/pooled/extreme_os/ALL/repeat_01_fold_04/catboost/test_predictions.csv
pooled,extreme_os,ALL,1,4,xgboost,600,150,187,success,0.2576090693473816,validation split balanced accuracy,0.25266367699805414,0.007010714001808083,0.7540106951871658,0.6784993694829761,0.8308823529411765,0.9262295081967213,0.4307692307692308,0.7675283732660781,0.8226442617392541,0.5937372382093771,0.18269837845528186,/home/prime/Documents/g3/tab-r1/paper/tables/source_data/full_fold_models/pooled/extreme_os/ALL/repeat_01_fold_04/xgboost/test_predictions.csv
pooled,extreme_os,ALL,1,4,lightgbm,600,150,187,success,0.3169244145860085,validation split balanced accuracy,0.15954392599815037,0.007318831998418318,0.7700534759358288,0.7087641866330391,0.8377358490566038,0.9098360655737705,0.5076923076923077,0.771311475409836,0.8260695402640065,0.7181088129995595,0.18867213895044296,/home/prime/Documents/g3/tab-r1/paper/tables/source_data/full_fold_models/pooled/extreme_os/ALL/repeat_01_fold_04/lightgbm/test_predictions.csv
pooled,extreme_os,ALL,2,0,logistic_regression,599,150,188,success,0.5821149289410836,validation split balanced accuracy,0.014864867000142112,0.0050477190015953965,0.5904255319148937,0.49294354838709675,0.72,0.7983870967741935,0.1875,0.546811995967742,0.7183793468164164,0.680776844941019,0.23783856222423652,/home/prime/Documents/g3/tab-r1/paper/tables/source_data/full_fold_models/pooled/extreme_os/ALL/repeat_02_fold_00/logistic_regression/test_predictions.csv
pooled,extreme_os,ALL,2,0,random_forest,599,150,188,success,0.5166666666666667,validation split balanced accuracy,0.379264058003173,0.07473098100308562,0.7872340425531915,0.7366431451612903,0.8473282442748091,0.8951612903225806,0.578125,0.8137600806451613,0.8670328788266469,0.5582046682580576,0.15674722115839315,/home/prime/Documents/g3/tab-r1/paper/tables/source_data/full_fold_models/pooled/extreme_os/ALL/repeat_02_fold_00/random_forest/test_predictions.csv
pooled,extreme_os,ALL,2,0,catboost,599,150,188,success,0.6768685391812583,validation split balanced accuracy,1.767052720002539,0.006700833000650164,0.776595744680851,0.7550403225806452,0.8292682926829268,0.8225806451612904,0.6875,0.8085307459677419,0.8665750553996359,0.48145671920395455,0.1539952237729552,/home/prime/Documents/g3/tab-r1/paper/tables/source_data/full_fold_models/pooled/extreme_os/ALL/repeat_02_fold_00/catboost/test_predictions.csv
pooled,extreme_os,ALL,2,0,xgboost,599,150,188,success,0.5590707063674927,validation split balanced accuracy,0.20936413600065862,0.006485292000434129,0.7553191489361702,0.7048891129032258,0.823076923076923,0.8629032258064516,0.546875,0.7763986895161291,0.8498336337721278,0.5914114579219145,0.17938143412399088,/home/prime/Documents/g3/tab-r1/paper/tables/source_data/full_fold_models/pooled/extreme_os/ALL/repeat_02_fold_00/xgboost/test_predictions.csv
pooled,extreme_os,ALL,2,0,lightgbm,599,150,188,success,0.5012545249660804,validation split balanced accuracy,0.13904200500110164,0.010094507000758313,0.7712765957446809,0.7094254032258065,0.8389513108614233,0.9032258064516129,0.515625,0.7688382056451613,0.8387068053665205,0.7736342688265008,0.19324952376686572,/home/prime/Documents/g3/tab-r1/paper/tables/source_data/full_fold_models/pooled/extreme_os/ALL/repeat_02_fold_00/lightgbm/test_predictions.csv
pooled,extreme_os,ALL,2,1,logistic_regression,600,150,187,success,0.6714061838489279,validation split balanced accuracy,0.01518716200007475,0.005253401999652851,0.5240641711229946,0.5031512605042017,0.6079295154185022,0.5798319327731093,0.4264705882352941,0.44723183391003457,0.6074055572745334,0.8450138829225251,0.2896698813745664,/home/prime/Documents/g3/tab-r1/paper/tables/source_data/full_fold_models/pooled/extreme_os/ALL/repeat_02_fold_01/logistic_regression/test_predictions.csv
pooled,extreme_os,ALL,2,1,random_forest,600,150,187,success,0.7,validation split balanced accuracy,0.37893016100133536,0.07465770099952351,0.7379679144385026,0.7216386554621849,0.7914893617021277,0.7815126050420168,0.6617647058823529,0.7993697478991597,0.8682443200454146,0.5202104610841178,0.17197872702329484,/home/prime/Documents/g3/tab-r1/paper/tables/source_data/full_fold_models/pooled/extreme_os/ALL/repeat_02_fold_01/random_forest/test_predictions.csv
pooled,extreme_os,ALL,2,1,catboost,600,150,187,success,0.7335881047862941,validation split balanced accuracy,2.415256745000079,0.006612735000089742,0.7593582887700535,0.7447478991596639,0.8085106382978723,0.7983193277310925,0.6911764705882353,0.7658180919426595,0.8117544156871133,0.534976956074914,0.1728972274412976,/home/prime/Documents/g3/tab-r1/paper/tables/source_data/full_fold_models/pooled/extreme_os/ALL/repeat_02_fold_01/catboost/test_predictions.csv
pooled,extreme_os,ALL,2,1,xgboost,600,150,187,success,0.6046059131622314,validation split balanced accuracy,0.3223951610016229,0.007000524998147739,0.7700534759358288,0.7373949579831933,0.8259109311740891,0.8571428571428571,0.6176470588235294,0.7774345032130499,0.8320240734159967,0.6435020766063794,0.19152746536821352,/home/prime/Documents/g3/tab-r1/paper/tables/source_data/full_fold_models/pooled/extreme_os/ALL/repeat_02_fold_01/xgboost/test_predictions.csv
pooled,extreme_os,ALL,2,1,lightgbm,600,150,187,success,0.6893670432235403,validation split balanced accuracy,0.17114024799957406,0.007724726001470117,0.7593582887700535,0.7321428571428572,0.8148148148148148,0.8319327731092437,0.6323529411764706,0.7743450321304992,0.8213269556055182,0.840455950707972,0.2026056276266304,/home/prime/Documents/g3/tab-r1/paper/tables/source_data/full_fold_models/pooled/extreme_os/ALL/repeat_02_fold_01/lightgbm/test_predictions.csv
pooled,extreme_os,ALL,2,2,logistic_regression,599,150,188,success,0.6930620457243104,validation split balanced accuracy,0.01402758000040194,0.0044348200026433915,0.5319148936170213,0.5454545454545454,0.580952380952381,0.5,0.5909090909090909,0.5113015399900647,0.6482215214266283,0.9726905551253446,0.2596834663892094,/home/prime/Documents/g3/tab-r1/paper/tables/source_data/full_fold_models/pooled/extreme_os/ALL/repeat_02_fold_02/logistic_regression/test_predictions.csv
pooled,extreme_os,ALL,2,2,random_forest,599,150,188,success,0.6799122807017544,validation split balanced accuracy,0.3752202629984822,0.07317951199729578,0.7287234042553191,0.7005712866368604,0.7918367346938775,0.7950819672131147,0.6060606060606061,0.73050173869846,0.8328089562070663,0.5624628809397278,0.19053431722435432,/home/prime/Documents/g3/tab-r1/paper/tables/source_data/full_fold_models/pooled/extreme_os/ALL/repeat_02_fold_02/random_forest/test_predictions.csv
pooled,extreme_os,ALL,2,2,catboost,599,150,188,success,0.7774582379027215,validation split balanced accuracy,1.6183735199992952,0.006584752001799643,0.6861702127659575,0.688648782911078,0.7377777777777778,0.680327868852459,0.696969696969697,0.7578241430700446,0.8254605460779527,0.551777642968818,0.1820146672231802,/home/prime/Documents/g3/tab-r1/paper/tables/source_data/full_fold_models/pooled/extreme_os/ALL/repeat_02_fold_02/catboost/test_predictions.csv
pooled,extreme_os,ALL,2,2,xgboost,599,150,188,success,0.7878721356391907,validation split balanced accuracy,0.21363638699767762,0.006308824998995988,0.6542553191489362,0.6605812220566318,0.7058823529411765,0.639344262295082,0.6818181818181818,0.7223050173869845,0.7891089901762298,0.7168407270629656,0.22203785746667354,/home/prime/Documents/g3/tab-r1/paper/tables/source_data/full_fold_models/pooled/extreme_os/ALL/repeat_02_fold_02/xgboost/test_predictions.csv
pooled,extreme_os,ALL,2,2,lightgbm,599,150,188,success,0.8453179624114746,validation split balanced accuracy,0.16362400900106877,0.007738332002190873,0.6276595744680851,0.6331346249379036,0.6818181818181818,0.6147540983606558,0.6515151515151515,0.7050422255340288,0.7633835620958929,0.9202070936248027,0.23436825133287517,/home/prime/Documents/g3/tab-r1/paper/tables/source_data/full_fold_models/pooled/extreme_os/ALL/repeat_02_fold_02/lightgbm/test_predictions.csv
pooled,extreme_os,ALL,2,3,logistic_regression,600,150,187,success,0.6506978639743403,validation split balanced accuracy,0.014064540002436843,0.004289953998522833,0.5614973262032086,0.5542428861788617,0.6339285714285714,0.5772357723577236,0.53125,0.5512576219512195,0.6734312030285594,0.8856829997367135,0.2530687651679926,/home/prime/Documents/g3/tab-r1/paper/tables/source_data/full_fold_models/pooled/extreme_os/ALL/repeat_02_fold_03/logistic_regression/test_predictions.csv
pooled,extreme_os,ALL,2,3,random_forest,600,150,187,success,0.49,validation split balanced accuracy,0.3757076030015014,0.07512153700008639,0.8074866310160428,0.7637195121951219,0.8604651162790697,0.9024390243902439,0.625,0.7889354674796748,0.8388337974624274,0.560181109150656,0.15670869942611132,/home/prime/Documents/g3/tab-r1/paper/tables/source_data/full_fold_models/pooled/extreme_os/ALL/repeat_02_fold_03/random_forest/test_predictions.csv
pooled,extreme_os,ALL,2,3,catboost,600,150,187,success,0.5980182719372613,validation split balanced accuracy,1.967829493998579,0.006942795000213664,0.7914438502673797,0.7552718495934959,0.8458498023715415,0.8699186991869918,0.640625,0.7726117886178862,0.816724874323133,0.5129891234433187,0.1624731890422882,/home/prime/Documents/g3/tab-r1/paper/tables/source_data/full_fold_models/pooled/extreme_os/ALL/repeat_02_fold_03/catboost/test_predictions.csv
pooled,extreme_os,ALL,2,3,xgboost,600,150,187,success,0.6476020216941833,validation split balanced accuracy,0.2523784130025888,0.0062183830013964325,0.7593582887700535,0.7346290650406504,0.8163265306122449,0.8130081300813008,0.65625,0.7521595528455285,0.8202829517163115,0.6634421093037933,0.192934629354967,/home/prime/Documents/g3/tab-r1/paper/tables/source_data/full_fold_models/pooled/extreme_os/ALL/repeat_02_fold_03/xgboost/test_predictions.csv
pooled,extreme_os,ALL,2,3,lightgbm,600,150,187,success,0.8225904528568102,validation split balanced accuracy,0.16369231999851763,0.007295186998817371,0.7058823529411765,0.7014735772357723,0.7619047619047619,0.7154471544715447,0.6875,0.7535569105691057,0.8168910938971898,0.8513642575818091,0.20452964972813983,/home/prime/Documents/g3/tab-r1/paper/tables/source_data/full_fold_models/pooled/extreme_os/ALL/repeat_02_fold_03/lightgbm/test_predictions.csv
pooled,extreme_os,ALL,2,4,logistic_regression,600,150,187,success,0.6782654079484041,validation split balanced accuracy,0.014206832001946168,0.004152641999098705,0.5508021390374331,0.5610074626865671,0.6,0.525,0.5970149253731343,0.5111318407960199,0.6373386608399556,0.8246015935026569,0.27473821996666903,/home/prime/Documents/g3/tab-r1/paper/tables/source_data/full_fold_models/pooled/extreme_os/ALL/repeat_02_fold_04/logistic_regression/test_predictions.csv
pooled,extreme_os,ALL,2,4,random_forest,600,150,187,success,0.38,validation split balanced accuracy,0.38242166100098984,0.0742553339987353,0.7754010695187166,0.7261194029850746,0.8372093023255814,0.9,0.5522388059701493,0.760323383084577,0.8428719888121884,0.5407770388537826,0.1779800682781869,/home/prime/Documents/g3/tab-r1/paper/tables/source_data/full_fold_models/pooled/extreme_os/ALL/repeat_02_fold_04/random_forest/test_predictions.csv
pooled,extreme_os,ALL,2,4,catboost,600,150,187,success,0.3994697257564001,validation split balanced accuracy,2.1864147009982844,0.006860768000478856,0.7593582887700535,0.7136194029850746,0.8235294117647058,0.875,0.5522388059701493,0.7539179104477611,0.8299428174421984,0.5554702255527004,0.18132073035296079,/home/prime/Documents/g3/tab-r1/paper/tables/source_data/full_fold_models/pooled/extreme_os/ALL/repeat_02_fold_04/catboost/test_predictions.csv
pooled,extreme_os,ALL,2,4,xgboost,600,150,187,success,0.5813307762145996,validation split balanced accuracy,0.29381120199832367,0.006398175999493105,0.7486631016042781,0.7118781094527363,0.8112449799196787,0.8416666666666667,0.582089552238806,0.77568407960199,0.8290492336741638,0.6715134192465176,0.19560252401187733,/home/prime/Documents/g3/tab-r1/paper/tables/source_data/full_fold_models/pooled/extreme_os/ALL/repeat_02_fold_04/xgboost/test_predictions.csv
pooled,extreme_os,ALL,2,4,lightgbm,600,150,187,success,0.42904102163111335,validation split balanced accuracy,0.16668002899677958,0.007613162997586187,0.7486631016042781,0.7019900497512438,0.8156862745098039,0.8666666666666667,0.5373134328358209,0.7624999999999998,0.8182873699955511,0.9009781569233491,0.2128473837514563,/home/prime/Documents/g3/tab-r1/paper/tables/source_data/full_fold_models/pooled/extreme_os/ALL/repeat_02_fold_04/lightgbm/test_predictions.csv
pooled,extreme_os,ALL,3,0,logistic_regression,599,150,188,success,0.7638879982891801,validation split balanced accuracy,0.014731242001289502,0.004415694002091186,0.40425531914893614,0.4919117647058824,0.2727272727272727,0.175,0.8088235294117647,0.49987745098039216,0.6290687116660553,0.735469566568984,0.2501909653892959,/home/prime/Documents/g3/tab-r1/paper/tables/source_data/full_fold_models/pooled/extreme_os/ALL/repeat_03_fold_00/logistic_regression/test_predictions.csv
pooled,extreme_os,ALL,3,0,random_forest,599,150,188,success,0.66,validation split balanced accuracy,0.3703554230014561,0.07391897200068342,0.7659574468085106,0.7433823529411765,0.8181818181818182,0.825,0.6617647058823529,0.8012254901960785,0.8827927364241153,0.5207679802906937,0.17227119515100542,/home/prime/Documents/g3/tab-r1/paper/tables/source_data/full_fold_models/pooled/extreme_os/ALL/repeat_03_fold_00/random_forest/test_predictions.csv
pooled,extreme_os,ALL,3,0,catboost,599,150,188,success,0.6972434453999453,validation split balanced accuracy,1.5491274830019393,0.006677399000182049,0.7553191489361702,0.7382352941176471,0.8067226890756303,0.8,0.6764705882352942,0.7758578431372549,0.8310614349765115,0.5431375196930436,0.17748271747908861,/home/prime/Documents/g3/tab-r1/paper/tables/source_data/full_fold_models/pooled/extreme_os/ALL/repeat_03_fold_00/catboost/test_predictions.csv
pooled,extreme_os,ALL,3,0,xgboost,599,150,188,success,0.8616735935211182,validation split balanced accuracy,0.2021749519990408,0.006304285998339765,0.675531914893617,0.6884803921568627,0.7162790697674418,0.6416666666666667,0.7352941176470589,0.7338235294117648,0.7901554491756407,0.7192205977946173,0.20676553827987612,/home/prime/Documents/g3/tab-r1/paper/tables/source_data/full_fold_models/pooled/extreme_os/ALL/repeat_03_fold_00/xgboost/test_predictions.csv
pooled,extreme_os,ALL,3,0,lightgbm,599,150,188,success,0.851642361901975,validation split balanced accuracy,0.14621725300094113,0.007329723001021193,0.723404255319149,0.7132352941176471,0.7758620689655172,0.75,0.6764705882352942,0.7218137254901961,0.7880948333157041,0.9235474849221,0.21830999702410214,/home/prime/Documents/g3/tab-r1/paper/tables/source_data/full_fold_models/pooled/extreme_os/ALL/repeat_03_fold_00/lightgbm/test_predictions.csv
pooled,extreme_os,ALL,3,1,logistic_regression,599,150,188,success,0.6299426899851772,validation split balanced accuracy,0.014002672000060556,0.004118908000236843,0.5797872340425532,0.6117391304347826,0.6550218340611353,0.5434782608695652,0.68,0.6027536231884059,0.8005603804271124,0.6883499911324579,0.2303694976395271,/home/prime/Documents/g3/tab-r1/paper/tables/source_data/full_fold_models/pooled/extreme_os/ALL/repeat_03_fold_01/logistic_regression/test_predictions.csv
pooled,extreme_os,ALL,3,1,random_forest,599,150,188,success,0.5133333333333333,validation split balanced accuracy,0.3789368440011458,0.07439020099991467,0.8138297872340425,0.7711594202898551,0.8717948717948718,0.8623188405797102,0.68,0.8180434782608695,0.9081379527130817,0.48004882672497623,0.15307980356403056,/home/prime/Documents/g3/tab-r1/paper/tables/source_data/full_fold_models/pooled/extreme_os/ALL/repeat_03_fold_01/random_forest/test_predictions.csv
pooled,extreme_os,ALL,3,1,catboost,599,150,188,success,0.4795980666952294,validation split balanced accuracy,2.2420224220004457,0.006683781000901945,0.8085106382978723,0.767536231884058,0.8676470588235294,0.855072463768116,0.68,0.8250724637681159,0.9205285332637928,0.469795139476488,0.1487401202654048,/home/prime/Documents/g3/tab-r1/paper/tables/source_data/full_fold_models/pooled/extreme_os/ALL/repeat_03_fold_01/catboost/test_predictions.csv
pooled,extreme_os,ALL,3,1,xgboost,599,150,188,success,0.21894845366477966,validation split balanced accuracy,0.3171070630014583,0.00652883499788004,0.7819148936170213,0.6984057971014492,0.8551236749116607,0.8768115942028986,0.52,0.8057971014492753,0.9073922825532535,0.5497924904176635,0.16916098398544072,/home/prime/Documents/g3/tab-r1/paper/tables/source_data/full_fold_models/pooled/extreme_os/ALL/repeat_03_fold_01/xgboost/test_predictions.csv
pooled,extreme_os,ALL,3,1,lightgbm,599,150,188,success,0.7572841811631116,validation split balanced accuracy,0.17585563299871865,0.008271980001154589,0.7340425531914894,0.748695652173913,0.7983870967741935,0.717391304347826,0.78,0.8131884057971014,0.9061228967018028,0.6546639462475526,0.17533390527038895,/home/prime/Documents/g3/tab-r1/paper/tables/source_data/full_fold_models/pooled/extreme_os/ALL/repeat_03_fold_01/lightgbm/test_predictions.csv
pooled,extreme_os,ALL,3,2,logistic_regression,600,150,187,success,0.6534901730323271,validation split balanced accuracy,0.013522526001906954,0.004234677999193082,0.5187165775401069,0.476890756302521,0.625,0.6302521008403361,0.3235294117647059,0.4796712802768166,0.6214794329435208,0.8854908130784742,0.2759647929278509,/home/prime/Documents/g3/tab-r1/paper/tables/source_data/full_fold_models/pooled/extreme_os/ALL/repeat_03_fold_02/logistic_regression/test_predictions.csv
pooled,extreme_os,ALL,3,2,random_forest,600,150,187,success,0.7666666666666667,validation split balanced accuracy,0.36658657299994957,0.07384797700069612,0.6631016042780749,0.6848739495798319,0.6956521739130435,0.6050420168067226,0.7647058823529411,0.7608749382105784,0.8295249290771887,0.5397258481184322,0.17722282406475665,/home/prime/Documents/g3/tab-r1/paper/tables/source_data/full_fold_models/pooled/extreme_os/ALL/repeat_03_fold_02/random_forest/test_predictions.csv
pooled,extreme_os,ALL,3,2,catboost,600,150,187,success,0.8103633997567502,validation split balanced accuracy,1.8285525899991626,0.006752099998266203,0.6844919786096256,0.6985294117647058,0.7230046948356808,0.6470588235294118,0.75,0.7746539792387543,0.816172323878491,0.5349407765587282,0.17259431222622584,/home/prime/Documents/g3/tab-r1/paper/tables/source_data/full_fold_models/pooled/extreme_os/ALL/repeat_03_fold_02/catboost/test_predictions.csv
pooled,extreme_os,ALL,3,2,xgboost,600,150,187,success,0.545138955116272,validation split balanced accuracy,0.21449389199915458,0.007795681998686632,0.7486631016042781,0.7111344537815125,0.8112449799196787,0.8487394957983193,0.5735294117647058,0.72256549678695,0.7703713361913519,0.7482672146502369,0.20874763635972587,/home/prime/Documents/g3/tab-r1/paper/tables/source_data/full_fold_models/pooled/extreme_os/ALL/repeat_03_fold_02/xgboost/test_predictions.csv
pooled,extreme_os,ALL,3,2,lightgbm,600,150,187,success,0.40286172191425135,validation split balanced accuracy,0.1428211639977235,0.0071903369971551,0.7433155080213903,0.6974789915966386,0.8110236220472441,0.865546218487395,0.5294117647058824,0.7002595155709342,0.7623983852019913,1.0212547489621744,0.22716662182853362,/home/prime/Documents/g3/tab-r1/paper/tables/source_data/full_fold_models/pooled/extreme_os/ALL/repeat_03_fold_02/lightgbm/test_predictions.csv
pooled,extreme_os,ALL,3,3,logistic_regression,600,150,187,success,0.7009068828100804,validation split balanced accuracy,0.01524284799961606,0.004176406997430604,0.5187165775401069,0.509639303482587,0.5909090909090909,0.5416666666666666,0.47761194029850745,0.48656716417910445,0.637351293997174,0.8269680025367696,0.27680794407530007,/home/prime/Documents/g3/tab-r1/paper/tables/source_data/full_fold_models/pooled/extreme_os/ALL/repeat_03_fold_03/logistic_regression/test_predictions.csv
pooled,extreme_os,ALL,3,3,random_forest,600,150,187,success,0.33,validation split balanced accuracy,0.37650584599759895,0.07339843999943696,0.8074866310160428,0.7445273631840796,0.8656716417910447,0.9666666666666667,0.5223880597014925,0.8236318407960199,0.8651264417602414,0.46237647703465234,0.144813562716917,/home/prime/Documents/g3/tab-r1/paper/tables/source_data/full_fold_models/pooled/extreme_os/ALL/repeat_03_fold_03/random_forest/test_predictions.csv
pooled,extreme_os,ALL,3,3,catboost,600,150,187,success,0.6988313986061625,validation split balanced accuracy,2.132865056999435,0.006729638000251725,0.7914438502673797,0.7649875621890547,0.8408163265306122,0.8583333333333333,0.6716417910447762,0.8093283582089551,0.8582592204916809,0.4867391401693765,0.152518431124934,/home/prime/Documents/g3/tab-r1/paper/tables/source_data/full_fold_models/pooled/extreme_os/ALL/repeat_03_fold_03/catboost/test_predictions.csv
pooled,extreme_os,ALL,3,3,xgboost,600,150,187,success,0.39950358867645264,validation split balanced accuracy,0.28047669399893493,0.006866079002065817,0.7967914438502673,0.7526741293532337,0.8515625,0.9083333333333333,0.5970149253731343,0.8424129353233831,0.8941457474501393,0.530123914253053,0.15559271838191088,/home/prime/Documents/g3/tab-r1/paper/tables/source_data/full_fold_models/pooled/extreme_os/ALL/repeat_03_fold_03/xgboost/test_predictions.csv
pooled,extreme_os,ALL,3,3,lightgbm,600,150,187,success,0.4649044347971509,validation split balanced accuracy,0.17335722699863254,0.007720428002357949,0.7914438502673797,0.7419154228855721,0.8494208494208494,0.9166666666666666,0.5671641791044776,0.8480099502487561,0.8854931539542693,0.6351845929296783,0.16058962390052584,/home/prime/Documents/g3/tab-r1/paper/tables/source_data/full_fold_models/pooled/extreme_os/ALL/repeat_03_fold_03/lightgbm/test_predictions.csv
pooled,extreme_os,ALL,3,4,logistic_regression,600,150,187,success,0.6893247562836002,validation split balanced accuracy,0.015370081000583014,0.005044703000748996,0.5294117647058824,0.5351469890943574,0.56,0.5045045045045045,0.5657894736842105,0.5652560455192035,0.653440837530564,0.7434783876205756,0.2593608920261969,/home/prime/Documents/g3/tab-r1/paper/tables/source_data/full_fold_models/pooled/extreme_os/ALL/repeat_03_fold_04/logistic_regression/test_predictions.csv
pooled,extreme_os,ALL,3,4,random_forest,600,150,187,success,0.6833333333333333,validation split balanced accuracy,0.38380198500090046,0.07391114699930768,0.6844919786096256,0.6678520625889047,0.7400881057268722,0.7567567567567568,0.5789473684210527,0.7389758179231862,0.7722788241479954,0.665400800870762,0.1986559061735108,/home/prime/Documents/g3/tab-r1/paper/tables/source_data/full_fold_models/pooled/extreme_os/ALL/repeat_03_fold_04/random_forest/test_predictions.csv
pooled,extreme_os,ALL,3,4,catboost,600,150,187,success,0.734011600250758,validation split balanced accuracy,2.7249077840024256,0.006652159998338902,0.7219251336898396,0.709755808440019,0.7678571428571429,0.7747747747747747,0.6447368421052632,0.7185277382645803,0.73528537260155,0.6301039376717981,0.20437609545175828,/home/prime/Documents/g3/tab-r1/paper/tables/source_data/full_fold_models/pooled/extreme_os/ALL/repeat_03_fold_04/catboost/test_predictions.csv
pooled,extreme_os,ALL,3,4,xgboost,600,150,187,success,0.745631754398346,validation split balanced accuracy,0.34318496100240736,0.007514395001635421,0.7379679144385026,0.7191204362256993,0.7878787878787878,0.8198198198198198,0.618421052631579,0.7130749170222855,0.746717228169522,0.8036940797165177,0.21402269480025243,/home/prime/Documents/g3/tab-r1/paper/tables/source_data/full_fold_models/pooled/extreme_os/ALL/repeat_03_fold_04/xgboost/test_predictions.csv
pooled,extreme_os,ALL,3,4,lightgbm,600,150,187,success,0.8859424708286728,validation split balanced accuracy,0.17568466699958663,0.007295647999853827,0.7112299465240641,0.6986723565670934,0.7589285714285714,0.7657657657657657,0.631578947368421,0.726588430535799,0.7556562779093193,1.0492652715936575,0.2310020452323799,/home/prime/Documents/g3/tab-r1/paper/tables/source_data/full_fold_models/pooled/extreme_os/ALL/repeat_03_fold_04/lightgbm/test_predictions.csv
pooled,extreme_os,ALL,4,0,logistic_regression,599,150,188,success,0.539814865218278,validation split balanced accuracy,0.012672836001001997,0.004266279000148643,0.5957446808510638,0.5250869349230005,0.7099236641221374,0.7622950819672131,0.2878787878787879,0.5504222553402881,0.6926299414505274,0.711346310573752,0.24768001290015274,/home/prime/Documents/g3/tab-r1/paper/tables/source_data/full_fold_models/pooled/extreme_os/ALL/repeat_04_fold_00/logistic_regression/test_predictions.csv
pooled,extreme_os,ALL,4,0,random_forest,599,150,188,success,0.6566666666666666,validation split balanced accuracy,0.37905183299881173,0.07530649899854325,0.7819148936170213,0.755464480874317,0.8340080971659919,0.8442622950819673,0.6666666666666666,0.8125310481867859,0.8814229748896183,0.486456830932148,0.15730119751878538,/home/prime/Documents/g3/tab-r1/paper/tables/source_data/full_fold_models/pooled/extreme_os/ALL/repeat_04_fold_00/random_forest/test_predictions.csv
pooled,extreme_os,ALL,4,0,catboost,599,150,188,success,0.7620896325001004,validation split balanced accuracy,2.476308389999758,0.006870006000099238,0.7127659574468085,0.7195727769498261,0.7589285714285714,0.6967213114754098,0.7424242424242424,0.7971932439145554,0.8300296095373846,0.49744845403557447,0.158513623629585,/home/prime/Documents/g3/tab-r1/paper/tables/source_data/full_fold_models/pooled/extreme_os/ALL/repeat_04_fold_00/catboost/test_predictions.csv
pooled,extreme_os,ALL,4,0,xgboost,599,150,188,success,0.7043442726135254,validation split balanced accuracy,0.3361064470009296,0.007296769999811659,0.7659574468085106,0.739692001987084,0.8211382113821138,0.8278688524590164,0.6515151515151515,0.7522354694485843,0.7884345488577409,0.6317537828446697,0.18087138154660587,/home/prime/Documents/g3/tab-r1/paper/tables/source_data/full_fold_models/pooled/extreme_os/ALL/repeat_04_fold_00/xgboost/test_predictions.csv
pooled,extreme_os,ALL,4,0,lightgbm,599,150,188,success,0.9406303891397769,validation split balanced accuracy,0.17347306800002116,0.00787832899732166,0.6276595744680851,0.650521609538003,0.6666666666666666,0.5737704918032787,0.7272727272727273,0.7421758569299552,0.7866327748373403,0.79514889588881,0.1905908092959734,/home/prime/Documents/g3/tab-r1/paper/tables/source_data/full_fold_models/pooled/extreme_os/ALL/repeat_04_fold_00/lightgbm/test_predictions.csv
pooled,extreme_os,ALL,4,1,logistic_regression,600,150,187,success,0.864190224957609,validation split balanced accuracy,0.017392329002177576,0.004383802999655018,0.37967914438502676,0.5185402029664324,0.2054794520547945,0.11904761904761904,0.9180327868852459,0.570647931303669,0.727426179420758,0.8238898720263536,0.24635327395536594,/home/prime/Documents/g3/tab-r1/paper/tables/source_data/full_fold_models/pooled/extreme_os/ALL/repeat_04_fold_01/logistic_regression/test_predictions.csv
pooled,extreme_os,ALL,4,1,random_forest,600,150,187,success,0.7333333333333333,validation split balanced accuracy,0.38294149300054414,0.0742096970025159,0.6898395721925134,0.6979573250065054,0.7456140350877193,0.6746031746031746,0.7213114754098361,0.7877959927140253,0.8532823694844336,0.5514466152611404,0.15588776022635303,/home/prime/Documents/g3/tab-r1/paper/tables/source_data/full_fold_models/pooled/extreme_os/ALL/repeat_04_fold_01/random_forest/test_predictions.csv
pooled,extreme_os,ALL,4,1,catboost,600,150,187,success,0.7366803920367262,validation split balanced accuracy,2.446445682002377,0.006778962000680622,0.7433155080213903,0.7164975279729378,0.8064516129032258,0.7936507936507936,0.639344262295082,0.7988550611501432,0.8665494861295963,0.48582783862752055,0.15410827948116448,/home/prime/Documents/g3/tab-r1/paper/tables/source_data/full_fold_models/pooled/extreme_os/ALL/repeat_04_fold_01/catboost/test_predictions.csv
pooled,extreme_os,ALL,4,1,xgboost,600,150,187,success,0.6187227368354797,validation split balanced accuracy,0.3045863379993534,0.006741901001078077,0.7914438502673797,0.7437548790007806,0.8505747126436781,0.8809523809523809,0.6065573770491803,0.8015873015873015,0.8657968280070438,0.5523375889162259,0.16045290780852117,/home/prime/Documents/g3/tab-r1/paper/tables/source_data/full_fold_models/pooled/extreme_os/ALL/repeat_04_fold_01/xgboost/test_predictions.csv
pooled,extreme_os,ALL,4,1,lightgbm,600,150,187,success,0.650828280110837,validation split balanced accuracy,0.17993523599943728,0.007728754000709159,0.7914438502673797,0.7352979443143377,0.8528301886792453,0.8968253968253969,0.5737704918032787,0.7953421805880823,0.8507194643017,0.7538584666344709,0.17851211355497112,/home/prime/Documents/g3/tab-r1/paper/tables/source_data/full_fold_models/pooled/extreme_os/ALL/repeat_04_fold_01/lightgbm/test_predictions.csv
pooled,extreme_os,ALL,4,2,logistic_regression,600,150,187,success,0.8725764586947101,validation split balanced accuracy,0.014046485997823766,0.004233375999319833,0.3689839572192513,0.5053353658536586,0.1323529411764706,0.07317073170731707,0.9375,0.5052083333333334,0.6667788406938797,0.8187943318474967,0.25436280880192347,/home/prime/Documents/g3/tab-r1/paper/tables/source_data/full_fold_models/pooled/extreme_os/ALL/repeat_04_fold_02/logistic_regression/test_predictions.csv
pooled,extreme_os,ALL,4,2,random_forest,600,150,187,success,0.7430429292929293,validation split balanced accuracy,0.37499766899782117,0.07510896299936576,0.6951871657754011,0.7045858739837398,0.7443946188340808,0.6747967479674797,0.734375,0.7671493902439025,0.8528187340231808,0.5391711162845952,0.17485948080811203,/home/prime/Documents/g3/tab-r1/paper/tables/source_data/full_fold_models/pooled/extreme_os/ALL/repeat_04_fold_02/random_forest/test_predictions.csv
pooled,extreme_os,ALL,4,2,catboost,600,150,187,success,0.7372329986225081,validation split balanced accuracy,1.5392860179999843,0.00675628799945116,0.7647058823529411,0.7574314024390244,0.8135593220338984,0.7804878048780488,0.734375,0.7959857723577236,0.8747688178168462,0.5101188070826738,0.1652698760455187,/home/prime/Documents/g3/tab-r1/paper/tables/source_data/full_fold_models/pooled/extreme_os/ALL/repeat_04_fold_02/catboost/test_predictions.csv
pooled,extreme_os,ALL,4,2,xgboost,600,150,187,success,0.6478279829025269,validation split balanced accuracy,0.20521246600037557,0.0069815979986742605,0.7486631016042781,0.715256605691057,0.8112449799196787,0.8211382113821138,0.609375,0.7729928861788619,0.845874506865092,0.6613455888636274,0.1921082838789083,/home/prime/Documents/g3/tab-r1/paper/tables/source_data/full_fold_models/pooled/extreme_os/ALL/repeat_04_fold_02/xgboost/test_predictions.csv
pooled,extreme_os,ALL,4,2,lightgbm,600,150,187,success,0.5449554239462021,validation split balanced accuracy,0.1403787849994842,0.0067004219999944326,0.7647058823529411,0.7162093495934959,0.8294573643410853,0.8699186991869918,0.5625,0.7740091463414634,0.8456486295677397,0.835648709050008,0.19912403318863592,/home/prime/Documents/g3/tab-r1/paper/tables/source_data/full_fold_models/pooled/extreme_os/ALL/repeat_04_fold_02/lightgbm/test_predictions.csv
pooled,extreme_os,ALL,4,3,logistic_regression,599,150,188,success,0.5410914671698239,validation split balanced accuracy,0.013738126999669475,0.004148943997279275,0.574468085106383,0.49753220175755386,0.7037037037037037,0.811965811965812,0.18309859154929578,0.5015047550258818,0.6252905461072694,0.8146988901871436,0.27777795808109423,/home/prime/Documents/g3/tab-r1/paper/tables/source_data/full_fold_models/pooled/extreme_os/ALL/repeat_04_fold_03/logistic_regression/test_predictions.csv
pooled,extreme_os,ALL,4,3,random_forest,599,150,188,success,0.5066666666666667,validation split balanced accuracy,0.37698363800154766,0.07392631599941524,0.7446808510638298,0.7062718189478754,0.808,0.8632478632478633,0.5492957746478874,0.7522571325388229,0.8200531468740893,0.5626090472593256,0.1883184562236187,/home/prime/Documents/g3/tab-r1/paper/tables/source_data/full_fold_models/pooled/extreme_os/ALL/repeat_04_fold_03/random_forest/test_predictions.csv
pooled,extreme_os,ALL,4,3,catboost,599,150,188,success,0.6819592368564078,validation split balanced accuracy,2.202097137000237,0.006784072000300512,0.7340425531914894,0.7171060551342241,0.7863247863247863,0.7863247863247863,0.647887323943662,0.7706753340556158,0.8309797944838458,0.5620063611440446,0.18751398824407864,/home/prime/Documents/g3/tab-r1/paper/tables/source_data/full_fold_models/pooled/extreme_os/ALL/repeat_04_fold_03/catboost/test_predictions.csv
pooled,extreme_os,ALL,4,3,xgboost,599,150,188,success,0.39816778898239136,validation split balanced accuracy,0.2750107680003566,0.007066350000968669,0.7393617021276596,0.6992295654267485,0.8047808764940239,0.8632478632478633,0.5352112676056338,0.7738052245094499,0.8435129964180359,0.6687116220806859,0.20486892574353976,/home/prime/Documents/g3/tab-r1/paper/tables/source_data/full_fold_models/pooled/extreme_os/ALL/repeat_04_fold_03/xgboost/test_predictions.csv
pooled,extreme_os,ALL,4,3,lightgbm,599,150,188,success,0.5918237775211566,validation split balanced accuracy,0.1719516749981267,0.007348017999902368,0.7340425531914894,0.6977248104008668,0.7983870967741935,0.8461538461538461,0.5492957746478874,0.7697122908390513,0.8391332559057757,0.814975456631378,0.218316133237195,/home/prime/Documents/g3/tab-r1/paper/tables/source_data/full_fold_models/pooled/extreme_os/ALL/repeat_04_fold_03/lightgbm/test_predictions.csv
pooled,extreme_os,ALL,4,4,logistic_regression,600,150,187,success,0.7682746508398524,validation split balanced accuracy,0.015223762002278818,0.005032269000366796,0.49732620320855614,0.5621890547263682,0.45977011494252873,0.3333333333333333,0.7910447761194029,0.5807835820895523,0.7125545194200886,0.7203922360371997,0.24659120960186215,/home/prime/Documents/g3/tab-r1/paper/tables/source_data/full_fold_models/pooled/extreme_os/ALL/repeat_04_fold_04/logistic_regression/test_predictions.csv
pooled,extreme_os,ALL,4,4,random_forest,600,150,187,success,0.6980791930807411,validation split balanced accuracy,0.37718646400026046,0.07600898899909225,0.732620320855615,0.7224502487562189,0.7844827586206896,0.7583333333333333,0.6865671641791045,0.7740671641791044,0.8192480471090899,0.5995653119917863,0.17128402541673265,/home/prime/Documents/g3/tab-r1/paper/tables/source_data/full_fold_models/pooled/extreme_os/ALL/repeat_04_fold_04/random_forest/test_predictions.csv
pooled,extreme_os,ALL,4,4,catboost,600,150,187,success,0.6016873394896066,validation split balanced accuracy,2.0105636270018294,0.006749424999725306,0.7914438502673797,0.7550995024875622,0.8446215139442231,0.8833333333333333,0.6268656716417911,0.784639303482587,0.8288269250107377,0.5143465903083465,0.1635812347944995,/home/prime/Documents/g3/tab-r1/paper/tables/source_data/full_fold_models/pooled/extreme_os/ALL/repeat_04_fold_04/catboost/test_predictions.csv
pooled,extreme_os,ALL,4,4,xgboost,600,150,187,success,0.49284520745277405,validation split balanced accuracy,0.24378606200116337,0.006417672000679886,0.7700534759358288,0.728544776119403,0.8300395256916996,0.875,0.582089552238806,0.7812810945273632,0.8453138518941352,0.657259710556915,0.187521024260007,/home/prime/Documents/g3/tab-r1/paper/tables/source_data/full_fold_models/pooled/extreme_os/ALL/repeat_04_fold_04/xgboost/test_predictions.csv
pooled,extreme_os,ALL,4,4,lightgbm,600,150,187,success,0.3461112209753181,validation split balanced accuracy,0.16356507699674694,0.0079587120017095,0.7700534759358288,0.721952736318408,0.8326848249027238,0.8916666666666667,0.5522388059701493,0.766728855721393,0.830615674720523,0.8967408795901759,0.2044164386307755,/home/prime/Documents/g3/tab-r1/paper/tables/source_data/full_fold_models/pooled/extreme_os/ALL/repeat_04_fold_04/lightgbm/test_predictions.csv
